/*--------------------------------*- C++ -*----------------------------------*\
| =========                 |                                                 |
| \\      /  F ield         | OpenFOAM: The Open Source CFD Toolbox           |
|  \\    /   O peration     | Version:  2606                                  |
|   \\  /    A nd           | Website:  www.openfoam.com                      |
|    \\/     M anipulation  |                                                 |
\*---------------------------------------------------------------------------*/
FoamFile
{
    version     2.0;
    format      ascii;
    arch        "LSB;label=32;scalar=64";
    note        "nPoints:32724  nCells:24000  nFaces:80540  nInternalFaces:63460";
    class       labelList;
    location    "constant/polyMesh";
    object      neighbour;
}
// * * * * * * * * * * * * * * * * * * * * * * * * * * * * * * * * * * * * * //


63460
(
1
80
4000
2
81
4001
3
82
4002
4
83
4003
5
84
4004
6
85
4005
7
86
4006
8
87
4007
9
88
4008
10
89
4009
11
90
4010
12
91
4011
13
92
4012
14
93
4013
15
94
4014
16
95
4015
17
96
4016
18
97
4017
19
98
4018
20
99
4019
21
100
4020
22
101
4021
23
102
4022
24
103
4023
25
104
4024
26
105
4025
27
106
4026
28
107
4027
29
108
4028
30
109
4029
31
110
4030
32
111
4031
33
112
4032
34
113
4033
35
114
4034
36
115
4035
37
116
4036
38
117
4037
39
118
4038
40
119
4039
41
120
4040
42
121
4041
43
122
4042
44
123
4043
45
124
4044
46
125
4045
47
126
4046
48
127
4047
49
128
4048
50
129
4049
51
130
4050
52
131
4051
53
132
4052
54
133
4053
55
134
4054
56
135
4055
57
136
4056
58
137
4057
59
138
4058
60
139
4059
61
140
4060
62
141
4061
63
142
4062
64
143
4063
65
144
4064
66
145
4065
67
146
4066
68
147
4067
69
148
4068
70
149
4069
71
150
4070
72
151
4071
73
152
4072
74
153
4073
75
154
4074
76
155
4075
77
156
4076
78
157
4077
79
158
4078
159
4079
81
160
4080
82
161
4081
83
162
4082
84
163
4083
85
164
4084
86
165
4085
87
166
4086
88
167
4087
89
168
4088
90
169
4089
91
170
4090
92
171
4091
93
172
4092
94
173
4093
95
174
4094
96
175
4095
97
176
4096
98
177
4097
99
178
4098
100
179
4099
101
180
4100
102
181
4101
103
182
4102
104
183
4103
105
184
4104
106
185
4105
107
186
4106
108
187
4107
109
188
4108
110
189
4109
111
190
4110
112
191
4111
113
192
4112
114
193
4113
115
194
4114
116
195
4115
117
196
4116
118
197
4117
119
198
4118
120
199
4119
121
200
4120
122
201
4121
123
202
4122
124
203
4123
125
204
4124
126
205
4125
127
206
4126
128
207
4127
129
208
4128
130
209
4129
131
210
4130
132
211
4131
133
212
4132
134
213
4133
135
214
4134
136
215
4135
137
216
4136
138
217
4137
139
218
4138
140
219
4139
141
220
4140
142
221
4141
143
222
4142
144
223
4143
145
224
4144
146
225
4145
147
226
4146
148
227
4147
149
228
4148
150
229
4149
151
230
4150
152
231
4151
153
232
4152
154
233
4153
155
234
4154
156
235
4155
157
236
4156
158
237
4157
159
238
4158
239
4159
161
240
4160
162
241
4161
163
242
4162
164
243
4163
165
244
4164
166
245
4165
167
246
4166
168
247
4167
169
248
4168
170
249
4169
171
250
4170
172
251
4171
173
252
4172
174
253
4173
175
254
4174
176
255
4175
177
256
4176
178
257
4177
179
258
4178
180
259
4179
181
260
4180
182
261
4181
183
262
4182
184
263
4183
185
264
4184
186
265
4185
187
266
4186
188
267
4187
189
268
4188
190
269
4189
191
270
4190
192
271
4191
193
272
4192
194
273
4193
195
274
4194
196
275
4195
197
276
4196
198
277
4197
199
278
4198
200
279
4199
201
280
4200
202
281
4201
203
282
4202
204
283
4203
205
284
4204
206
285
4205
207
286
4206
208
287
4207
209
288
4208
210
289
4209
211
290
4210
212
291
4211
213
292
4212
214
293
4213
215
294
4214
216
295
4215
217
296
4216
218
297
4217
219
298
4218
220
299
4219
221
300
4220
222
301
4221
223
302
4222
224
303
4223
225
304
4224
226
305
4225
227
306
4226
228
307
4227
229
308
4228
230
309
4229
231
310
4230
232
311
4231
233
312
4232
234
313
4233
235
314
4234
236
315
4235
237
316
4236
238
317
4237
239
318
4238
319
4239
241
320
4240
242
321
4241
243
322
4242
244
323
4243
245
324
4244
246
325
4245
247
326
4246
248
327
4247
249
328
4248
250
329
4249
251
330
4250
252
331
4251
253
332
4252
254
333
4253
255
334
4254
256
335
4255
257
336
4256
258
337
4257
259
338
4258
260
339
4259
261
340
4260
262
341
4261
263
342
4262
264
343
4263
265
344
4264
266
345
4265
267
346
4266
268
347
4267
269
348
4268
270
349
4269
271
350
4270
272
351
4271
273
352
4272
274
353
4273
275
354
4274
276
355
4275
277
356
4276
278
357
4277
279
358
4278
280
359
4279
281
360
4280
282
361
4281
283
362
4282
284
363
4283
285
364
4284
286
365
4285
287
366
4286
288
367
4287
289
368
4288
290
369
4289
291
370
4290
292
371
4291
293
372
4292
294
373
4293
295
374
4294
296
375
4295
297
376
4296
298
377
4297
299
378
4298
300
379
4299
301
380
4300
302
381
4301
303
382
4302
304
383
4303
305
384
4304
306
385
4305
307
386
4306
308
387
4307
309
388
4308
310
389
4309
311
390
4310
312
391
4311
313
392
4312
314
393
4313
315
394
4314
316
395
4315
317
396
4316
318
397
4317
319
398
4318
399
4319
321
400
4320
322
401
4321
323
402
4322
324
403
4323
325
404
4324
326
405
4325
327
406
4326
328
407
4327
329
408
4328
330
409
4329
331
410
4330
332
411
4331
333
412
4332
334
413
4333
335
414
4334
336
415
4335
337
416
4336
338
417
4337
339
418
4338
340
419
4339
341
420
4340
342
421
4341
343
422
4342
344
423
4343
345
424
4344
346
425
4345
347
426
4346
348
427
4347
349
428
4348
350
429
4349
351
430
4350
352
431
4351
353
432
4352
354
433
4353
355
434
4354
356
435
4355
357
436
4356
358
437
4357
359
438
4358
360
439
4359
361
440
4360
362
441
4361
363
442
4362
364
443
4363
365
444
4364
366
445
4365
367
446
4366
368
447
4367
369
448
4368
370
449
4369
371
450
4370
372
451
4371
373
452
4372
374
453
4373
375
454
4374
376
455
4375
377
456
4376
378
457
4377
379
458
4378
380
459
4379
381
460
4380
382
461
4381
383
462
4382
384
463
4383
385
464
4384
386
465
4385
387
466
4386
388
467
4387
389
468
4388
390
469
4389
391
470
4390
392
471
4391
393
472
4392
394
473
4393
395
474
4394
396
475
4395
397
476
4396
398
477
4397
399
478
4398
479
4399
401
480
4400
402
481
4401
403
482
4402
404
483
4403
405
484
4404
406
485
4405
407
486
4406
408
487
4407
409
488
4408
410
489
4409
411
490
4410
412
491
4411
413
492
4412
414
493
4413
415
494
4414
416
495
4415
417
496
4416
418
497
4417
419
498
4418
420
499
4419
421
500
4420
422
501
4421
423
502
4422
424
503
4423
425
504
4424
426
505
4425
427
506
4426
428
507
4427
429
508
4428
430
509
4429
431
510
4430
432
511
4431
433
512
4432
434
513
4433
435
514
4434
436
515
4435
437
516
4436
438
517
4437
439
518
4438
440
519
4439
441
520
4440
442
521
4441
443
522
4442
444
523
4443
445
524
4444
446
525
4445
447
526
4446
448
527
4447
449
528
4448
450
529
4449
451
530
4450
452
531
4451
453
532
4452
454
533
4453
455
534
4454
456
535
4455
457
536
4456
458
537
4457
459
538
4458
460
539
4459
461
540
4460
462
541
4461
463
542
4462
464
543
4463
465
544
4464
466
545
4465
467
546
4466
468
547
4467
469
548
4468
470
549
4469
471
550
4470
472
551
4471
473
552
4472
474
553
4473
475
554
4474
476
555
4475
477
556
4476
478
557
4477
479
558
4478
559
4479
481
560
4480
482
561
4481
483
562
4482
484
563
4483
485
564
4484
486
565
4485
487
566
4486
488
567
4487
489
568
4488
490
569
4489
491
570
4490
492
571
4491
493
572
4492
494
573
4493
495
574
4494
496
575
4495
497
576
4496
498
577
4497
499
578
4498
500
579
4499
501
580
4500
502
581
4501
503
582
4502
504
583
4503
505
584
4504
506
585
4505
507
586
4506
508
587
4507
509
588
4508
510
589
4509
511
590
4510
512
591
4511
513
592
4512
514
593
4513
515
594
4514
516
595
4515
517
596
4516
518
597
4517
519
598
4518
520
599
4519
521
600
4520
522
601
4521
523
602
4522
524
603
4523
525
604
4524
526
605
4525
527
606
4526
528
607
4527
529
608
4528
530
609
4529
531
610
4530
532
611
4531
533
612
4532
534
613
4533
535
614
4534
536
615
4535
537
616
4536
538
617
4537
539
618
4538
540
619
4539
541
620
4540
542
621
4541
543
622
4542
544
623
4543
545
624
4544
546
625
4545
547
626
4546
548
627
4547
549
628
4548
550
629
4549
551
630
4550
552
631
4551
553
632
4552
554
633
4553
555
634
4554
556
635
4555
557
636
4556
558
637
4557
559
638
4558
639
4559
561
640
4560
562
641
4561
563
642
4562
564
643
4563
565
644
4564
566
645
4565
567
646
4566
568
647
4567
569
648
4568
570
649
4569
571
650
4570
572
651
4571
573
652
4572
574
653
4573
575
654
4574
576
655
4575
577
656
4576
578
657
4577
579
658
4578
580
659
4579
581
660
4580
582
661
4581
583
662
4582
584
663
4583
585
664
4584
586
665
4585
587
666
4586
588
667
4587
589
668
4588
590
669
4589
591
670
4590
592
671
4591
593
672
4592
594
673
4593
595
674
4594
596
675
4595
597
676
4596
598
677
4597
599
678
4598
600
679
4599
601
680
4600
602
681
4601
603
682
4602
604
683
4603
605
684
4604
606
685
4605
607
686
4606
608
687
4607
609
688
4608
610
689
4609
611
690
4610
612
691
4611
613
692
4612
614
693
4613
615
694
4614
616
695
4615
617
696
4616
618
697
4617
619
698
4618
620
699
4619
621
700
4620
622
701
4621
623
702
4622
624
703
4623
625
704
4624
626
705
4625
627
706
4626
628
707
4627
629
708
4628
630
709
4629
631
710
4630
632
711
4631
633
712
4632
634
713
4633
635
714
4634
636
715
4635
637
716
4636
638
717
4637
639
718
4638
719
4639
641
720
4640
642
721
4641
643
722
4642
644
723
4643
645
724
4644
646
725
4645
647
726
4646
648
727
4647
649
728
4648
650
729
4649
651
730
4650
652
731
4651
653
732
4652
654
733
4653
655
734
4654
656
735
4655
657
736
4656
658
737
4657
659
738
4658
660
739
4659
661
740
4660
662
741
4661
663
742
4662
664
743
4663
665
744
4664
666
745
4665
667
746
4666
668
747
4667
669
748
4668
670
749
4669
671
750
4670
672
751
4671
673
752
4672
674
753
4673
675
754
4674
676
755
4675
677
756
4676
678
757
4677
679
758
4678
680
759
4679
681
760
4680
682
761
4681
683
762
4682
684
763
4683
685
764
4684
686
765
4685
687
766
4686
688
767
4687
689
768
4688
690
769
4689
691
770
4690
692
771
4691
693
772
4692
694
773
4693
695
774
4694
696
775
4695
697
776
4696
698
777
4697
699
778
4698
700
779
4699
701
780
4700
702
781
4701
703
782
4702
704
783
4703
705
784
4704
706
785
4705
707
786
4706
708
787
4707
709
788
4708
710
789
4709
711
790
4710
712
791
4711
713
792
4712
714
793
4713
715
794
4714
716
795
4715
717
796
4716
718
797
4717
719
798
4718
799
4719
721
800
4720
722
801
4721
723
802
4722
724
803
4723
725
804
4724
726
805
4725
727
806
4726
728
807
4727
729
808
4728
730
809
4729
731
810
4730
732
811
4731
733
812
4732
734
813
4733
735
814
4734
736
815
4735
737
816
4736
738
817
4737
739
818
4738
740
819
4739
741
820
4740
742
821
4741
743
822
4742
744
823
4743
745
824
4744
746
825
4745
747
826
4746
748
827
4747
749
828
4748
750
829
4749
751
830
4750
752
831
4751
753
832
4752
754
833
4753
755
834
4754
756
835
4755
757
836
4756
758
837
4757
759
838
4758
760
839
4759
761
840
4760
762
841
4761
763
842
4762
764
843
4763
765
844
4764
766
845
4765
767
846
4766
768
847
4767
769
848
4768
770
849
4769
771
850
4770
772
851
4771
773
852
4772
774
853
4773
775
854
4774
776
855
4775
777
856
4776
778
857
4777
779
858
4778
780
859
4779
781
860
4780
782
861
4781
783
862
4782
784
863
4783
785
864
4784
786
865
4785
787
866
4786
788
867
4787
789
868
4788
790
869
4789
791
870
4790
792
871
4791
793
872
4792
794
873
4793
795
874
4794
796
875
4795
797
876
4796
798
877
4797
799
878
4798
879
4799
801
880
4800
802
881
4801
803
882
4802
804
883
4803
805
884
4804
806
885
4805
807
886
4806
808
887
4807
809
888
4808
810
889
4809
811
890
4810
812
891
4811
813
892
4812
814
893
4813
815
894
4814
816
895
4815
817
896
4816
818
897
4817
819
898
4818
820
899
4819
821
900
4820
822
901
4821
823
902
4822
824
903
4823
825
904
4824
826
905
4825
827
906
4826
828
907
4827
829
908
4828
830
909
4829
831
910
4830
832
911
4831
833
912
4832
834
913
4833
835
914
4834
836
915
4835
837
916
4836
838
917
4837
839
918
4838
840
919
4839
841
920
4840
842
921
4841
843
922
4842
844
923
4843
845
924
4844
846
925
4845
847
926
4846
848
927
4847
849
928
4848
850
929
4849
851
930
4850
852
931
4851
853
932
4852
854
933
4853
855
934
4854
856
935
4855
857
936
4856
858
937
4857
859
938
4858
860
939
4859
861
940
4860
862
941
4861
863
942
4862
864
943
4863
865
944
4864
866
945
4865
867
946
4866
868
947
4867
869
948
4868
870
949
4869
871
950
4870
872
951
4871
873
952
4872
874
953
4873
875
954
4874
876
955
4875
877
956
4876
878
957
4877
879
958
4878
959
4879
881
960
4880
882
961
4881
883
962
4882
884
963
4883
885
964
4884
886
965
4885
887
966
4886
888
967
4887
889
968
4888
890
969
4889
891
970
4890
892
971
4891
893
972
4892
894
973
4893
895
974
4894
896
975
4895
897
976
4896
898
977
4897
899
978
4898
900
979
4899
901
980
4900
902
981
4901
903
982
4902
904
983
4903
905
984
4904
906
985
4905
907
986
4906
908
987
4907
909
988
4908
910
989
4909
911
990
4910
912
991
4911
913
992
4912
914
993
4913
915
994
4914
916
995
4915
917
996
4916
918
997
4917
919
998
4918
920
999
4919
921
1000
4920
922
1001
4921
923
1002
4922
924
1003
4923
925
1004
4924
926
1005
4925
927
1006
4926
928
1007
4927
929
1008
4928
930
1009
4929
931
1010
4930
932
1011
4931
933
1012
4932
934
1013
4933
935
1014
4934
936
1015
4935
937
1016
4936
938
1017
4937
939
1018
4938
940
1019
4939
941
1020
4940
942
1021
4941
943
1022
4942
944
1023
4943
945
1024
4944
946
1025
4945
947
1026
4946
948
1027
4947
949
1028
4948
950
1029
4949
951
1030
4950
952
1031
4951
953
1032
4952
954
1033
4953
955
1034
4954
956
1035
4955
957
1036
4956
958
1037
4957
959
1038
4958
1039
4959
961
1040
4960
962
1041
4961
963
1042
4962
964
1043
4963
965
1044
4964
966
1045
4965
967
1046
4966
968
1047
4967
969
1048
4968
970
1049
4969
971
1050
4970
972
1051
4971
973
1052
4972
974
1053
4973
975
1054
4974
976
1055
4975
977
1056
4976
978
1057
4977
979
1058
4978
980
1059
4979
981
1060
4980
982
1061
4981
983
1062
4982
984
1063
4983
985
1064
4984
986
1065
4985
987
1066
4986
988
1067
4987
989
1068
4988
990
1069
4989
991
1070
4990
992
1071
4991
993
1072
4992
994
1073
4993
995
1074
4994
996
1075
4995
997
1076
4996
998
1077
4997
999
1078
4998
1000
1079
4999
1001
1080
5000
1002
1081
5001
1003
1082
5002
1004
1083
5003
1005
1084
5004
1006
1085
5005
1007
1086
5006
1008
1087
5007
1009
1088
5008
1010
1089
5009
1011
1090
5010
1012
1091
5011
1013
1092
5012
1014
1093
5013
1015
1094
5014
1016
1095
5015
1017
1096
5016
1018
1097
5017
1019
1098
5018
1020
1099
5019
1021
1100
5020
1022
1101
5021
1023
1102
5022
1024
1103
5023
1025
1104
5024
1026
1105
5025
1027
1106
5026
1028
1107
5027
1029
1108
5028
1030
1109
5029
1031
1110
5030
1032
1111
5031
1033
1112
5032
1034
1113
5033
1035
1114
5034
1036
1115
5035
1037
1116
5036
1038
1117
5037
1039
1118
5038
1119
5039
1041
1120
5040
1042
1121
5041
1043
1122
5042
1044
1123
5043
1045
1124
5044
1046
1125
5045
1047
1126
5046
1048
1127
5047
1049
1128
5048
1050
1129
5049
1051
1130
5050
1052
1131
5051
1053
1132
5052
1054
1133
5053
1055
1134
5054
1056
1135
5055
1057
1136
5056
1058
1137
5057
1059
1138
5058
1060
1139
5059
1061
1140
5060
1062
1141
5061
1063
1142
5062
1064
1143
5063
1065
1144
5064
1066
1145
5065
1067
1146
5066
1068
1147
5067
1069
1148
5068
1070
1149
5069
1071
1150
5070
1072
1151
5071
1073
1152
5072
1074
1153
5073
1075
1154
5074
1076
1155
5075
1077
1156
5076
1078
1157
5077
1079
1158
5078
1080
1159
5079
1081
1160
5080
1082
1161
5081
1083
1162
5082
1084
1163
5083
1085
1164
5084
1086
1165
5085
1087
1166
5086
1088
1167
5087
1089
1168
5088
1090
1169
5089
1091
1170
5090
1092
1171
5091
1093
1172
5092
1094
1173
5093
1095
1174
5094
1096
1175
5095
1097
1176
5096
1098
1177
5097
1099
1178
5098
1100
1179
5099
1101
1180
5100
1102
1181
5101
1103
1182
5102
1104
1183
5103
1105
1184
5104
1106
1185
5105
1107
1186
5106
1108
1187
5107
1109
1188
5108
1110
1189
5109
1111
1190
5110
1112
1191
5111
1113
1192
5112
1114
1193
5113
1115
1194
5114
1116
1195
5115
1117
1196
5116
1118
1197
5117
1119
1198
5118
1199
5119
1121
1200
5120
1122
1201
5121
1123
1202
5122
1124
1203
5123
1125
1204
5124
1126
1205
5125
1127
1206
5126
1128
1207
5127
1129
1208
5128
1130
1209
5129
1131
1210
5130
1132
1211
5131
1133
1212
5132
1134
1213
5133
1135
1214
5134
1136
1215
5135
1137
1216
5136
1138
1217
5137
1139
1218
5138
1140
1219
5139
1141
1220
5140
1142
1221
5141
1143
1222
5142
1144
1223
5143
1145
1224
5144
1146
1225
5145
1147
1226
5146
1148
1227
5147
1149
1228
5148
1150
1229
5149
1151
1230
5150
1152
1231
5151
1153
1232
5152
1154
1233
5153
1155
1234
5154
1156
1235
5155
1157
1236
5156
1158
1237
5157
1159
1238
5158
1160
1239
5159
1161
1240
5160
1162
1241
5161
1163
1242
5162
1164
1243
5163
1165
1244
5164
1166
1245
5165
1167
1246
5166
1168
1247
5167
1169
1248
5168
1170
1249
5169
1171
1250
5170
1172
1251
5171
1173
1252
5172
1174
1253
5173
1175
1254
5174
1176
1255
5175
1177
1256
5176
1178
1257
5177
1179
1258
5178
1180
1259
5179
1181
1260
5180
1182
1261
5181
1183
1262
5182
1184
1263
5183
1185
1264
5184
1186
1265
5185
1187
1266
5186
1188
1267
5187
1189
1268
5188
1190
1269
5189
1191
1270
5190
1192
1271
5191
1193
1272
5192
1194
1273
5193
1195
1274
5194
1196
1275
5195
1197
1276
5196
1198
1277
5197
1199
1278
5198
1279
5199
1201
1280
5200
1202
1281
5201
1203
1282
5202
1204
1283
5203
1205
1284
5204
1206
1285
5205
1207
1286
5206
1208
1287
5207
1209
1288
5208
1210
1289
5209
1211
1290
5210
1212
1291
5211
1213
1292
5212
1214
1293
5213
1215
1294
5214
1216
1295
5215
1217
1296
5216
1218
1297
5217
1219
1298
5218
1220
1299
5219
1221
1300
5220
1222
1301
5221
1223
1302
5222
1224
1303
5223
1225
1304
5224
1226
1305
5225
1227
1306
5226
1228
1307
5227
1229
1308
5228
1230
1309
5229
1231
1310
5230
1232
1311
5231
1233
1312
5232
1234
1313
5233
1235
1314
5234
1236
1315
5235
1237
1316
5236
1238
1317
5237
1239
1318
5238
1240
1319
5239
1241
1320
5240
1242
1321
5241
1243
1322
5242
1244
1323
5243
1245
1324
5244
1246
1325
5245
1247
1326
5246
1248
1327
5247
1249
1328
5248
1250
1329
5249
1251
1330
5250
1252
1331
5251
1253
1332
5252
1254
1333
5253
1255
1334
5254
1256
1335
5255
1257
1336
5256
1258
1337
5257
1259
1338
5258
1260
1339
5259
1261
1340
5260
1262
1341
5261
1263
1342
5262
1264
1343
5263
1265
1344
5264
1266
1345
5265
1267
1346
5266
1268
1347
5267
1269
1348
5268
1270
1349
5269
1271
1350
5270
1272
1351
5271
1273
1352
5272
1274
1353
5273
1275
1354
5274
1276
1355
5275
1277
1356
5276
1278
1357
5277
1279
1358
5278
1359
5279
1281
1360
5280
1282
1361
5281
1283
1362
5282
1284
1363
5283
1285
1364
5284
1286
1365
5285
1287
1366
5286
1288
1367
5287
1289
1368
5288
1290
1369
5289
1291
1370
5290
1292
1371
5291
1293
1372
5292
1294
1373
5293
1295
1374
5294
1296
1375
5295
1297
1376
5296
1298
1377
5297
1299
1378
5298
1300
1379
5299
1301
1380
5300
1302
1381
5301
1303
1382
5302
1304
1383
5303
1305
1384
5304
1306
1385
5305
1307
1386
5306
1308
1387
5307
1309
1388
5308
1310
1389
5309
1311
1390
5310
1312
1391
5311
1313
1392
5312
1314
1393
5313
1315
1394
5314
1316
1395
5315
1317
1396
5316
1318
1397
5317
1319
1398
5318
1320
1399
5319
1321
1400
5320
1322
1401
5321
1323
1402
5322
1324
1403
5323
1325
1404
5324
1326
1405
5325
1327
1406
5326
1328
1407
5327
1329
1408
5328
1330
1409
5329
1331
1410
5330
1332
1411
5331
1333
1412
5332
1334
1413
5333
1335
1414
5334
1336
1415
5335
1337
1416
5336
1338
1417
5337
1339
1418
5338
1340
1419
5339
1341
1420
5340
1342
1421
5341
1343
1422
5342
1344
1423
5343
1345
1424
5344
1346
1425
5345
1347
1426
5346
1348
1427
5347
1349
1428
5348
1350
1429
5349
1351
1430
5350
1352
1431
5351
1353
1432
5352
1354
1433
5353
1355
1434
5354
1356
1435
5355
1357
1436
5356
1358
1437
5357
1359
1438
5358
1439
5359
1361
1440
5360
1362
1441
5361
1363
1442
5362
1364
1443
5363
1365
1444
5364
1366
1445
5365
1367
1446
5366
1368
1447
5367
1369
1448
5368
1370
1449
5369
1371
1450
5370
1372
1451
5371
1373
1452
5372
1374
1453
5373
1375
1454
5374
1376
1455
5375
1377
1456
5376
1378
1457
5377
1379
1458
5378
1380
1459
5379
1381
1460
5380
1382
1461
5381
1383
1462
5382
1384
1463
5383
1385
1464
5384
1386
1465
5385
1387
1466
5386
1388
1467
5387
1389
1468
5388
1390
1469
5389
1391
1470
5390
1392
1471
5391
1393
1472
5392
1394
1473
5393
1395
1474
5394
1396
1475
5395
1397
1476
5396
1398
1477
5397
1399
1478
5398
1400
1479
5399
1401
1480
5400
1402
1481
5401
1403
1482
5402
1404
1483
5403
1405
1484
5404
1406
1485
5405
1407
1486
5406
1408
1487
5407
1409
1488
5408
1410
1489
5409
1411
1490
5410
1412
1491
5411
1413
1492
5412
1414
1493
5413
1415
1494
5414
1416
1495
5415
1417
1496
5416
1418
1497
5417
1419
1498
5418
1420
1499
5419
1421
1500
5420
1422
1501
5421
1423
1502
5422
1424
1503
5423
1425
1504
5424
1426
1505
5425
1427
1506
5426
1428
1507
5427
1429
1508
5428
1430
1509
5429
1431
1510
5430
1432
1511
5431
1433
1512
5432
1434
1513
5433
1435
1514
5434
1436
1515
5435
1437
1516
5436
1438
1517
5437
1439
1518
5438
1519
5439
1441
1520
5440
1442
1521
5441
1443
1522
5442
1444
1523
5443
1445
1524
5444
1446
1525
5445
1447
1526
5446
1448
1527
5447
1449
1528
5448
1450
1529
5449
1451
1530
5450
1452
1531
5451
1453
1532
5452
1454
1533
5453
1455
1534
5454
1456
1535
5455
1457
1536
5456
1458
1537
5457
1459
1538
5458
1460
1539
5459
1461
1540
5460
1462
1541
5461
1463
1542
5462
1464
1543
5463
1465
1544
5464
1466
1545
5465
1467
1546
5466
1468
1547
5467
1469
1548
5468
1470
1549
5469
1471
1550
5470
1472
1551
5471
1473
1552
5472
1474
1553
5473
1475
1554
5474
1476
1555
5475
1477
1556
5476
1478
1557
5477
1479
1558
5478
1480
1559
5479
1481
1560
5480
1482
1561
5481
1483
1562
5482
1484
1563
5483
1485
1564
5484
1486
1565
5485
1487
1566
5486
1488
1567
5487
1489
1568
5488
1490
1569
5489
1491
1570
5490
1492
1571
5491
1493
1572
5492
1494
1573
5493
1495
1574
5494
1496
1575
5495
1497
1576
5496
1498
1577
5497
1499
1578
5498
1500
1579
5499
1501
1580
5500
1502
1581
5501
1503
1582
5502
1504
1583
5503
1505
1584
5504
1506
1585
5505
1507
1586
5506
1508
1587
5507
1509
1588
5508
1510
1589
5509
1511
1590
5510
1512
1591
5511
1513
1592
5512
1514
1593
5513
1515
1594
5514
1516
1595
5515
1517
1596
5516
1518
1597
5517
1519
1598
5518
1599
5519
1521
1600
5520
1522
1601
5521
1523
1602
5522
1524
1603
5523
1525
1604
5524
1526
1605
5525
1527
1606
5526
1528
1607
5527
1529
1608
5528
1530
1609
5529
1531
1610
5530
1532
1611
5531
1533
1612
5532
1534
1613
5533
1535
1614
5534
1536
1615
5535
1537
1616
5536
1538
1617
5537
1539
1618
5538
1540
1619
5539
1541
1620
5540
1542
1621
5541
1543
1622
5542
1544
1623
5543
1545
1624
5544
1546
1625
5545
1547
1626
5546
1548
1627
5547
1549
1628
5548
1550
1629
5549
1551
1630
5550
1552
1631
5551
1553
1632
5552
1554
1633
5553
1555
1634
5554
1556
1635
5555
1557
1636
5556
1558
1637
5557
1559
1638
5558
1560
1639
5559
1561
1640
5560
1562
1641
5561
1563
1642
5562
1564
1643
5563
1565
1644
5564
1566
1645
5565
1567
1646
5566
1568
1647
5567
1569
1648
5568
1570
1649
5569
1571
1650
5570
1572
1651
5571
1573
1652
5572
1574
1653
5573
1575
1654
5574
1576
1655
5575
1577
1656
5576
1578
1657
5577
1579
1658
5578
1580
1659
5579
1581
1660
5580
1582
1661
5581
1583
1662
5582
1584
1663
5583
1585
1664
5584
1586
1665
5585
1587
1666
5586
1588
1667
5587
1589
1668
5588
1590
1669
5589
1591
1670
5590
1592
1671
5591
1593
1672
5592
1594
1673
5593
1595
1674
5594
1596
1675
5595
1597
1676
5596
1598
1677
5597
1599
1678
5598
1679
5599
1601
1680
5600
1602
1681
5601
1603
1682
5602
1604
1683
5603
1605
1684
5604
1606
1685
5605
1607
1686
5606
1608
1687
5607
1609
1688
5608
1610
1689
5609
1611
1690
5610
1612
1691
5611
1613
1692
5612
1614
1693
5613
1615
1694
5614
1616
1695
5615
1617
1696
5616
1618
1697
5617
1619
1698
5618
1620
1699
5619
1621
1700
5620
1622
1701
5621
1623
1702
5622
1624
1703
5623
1625
1704
5624
1626
1705
5625
1627
1706
5626
1628
1707
5627
1629
1708
5628
1630
1709
5629
1631
1710
5630
1632
1711
5631
1633
1712
5632
1634
1713
5633
1635
1714
5634
1636
1715
5635
1637
1716
5636
1638
1717
5637
1639
1718
5638
1640
1719
5639
1641
1720
5640
1642
1721
5641
1643
1722
5642
1644
1723
5643
1645
1724
5644
1646
1725
5645
1647
1726
5646
1648
1727
5647
1649
1728
5648
1650
1729
5649
1651
1730
5650
1652
1731
5651
1653
1732
5652
1654
1733
5653
1655
1734
5654
1656
1735
5655
1657
1736
5656
1658
1737
5657
1659
1738
5658
1660
1739
5659
1661
1740
5660
1662
1741
5661
1663
1742
5662
1664
1743
5663
1665
1744
5664
1666
1745
5665
1667
1746
5666
1668
1747
5667
1669
1748
5668
1670
1749
5669
1671
1750
5670
1672
1751
5671
1673
1752
5672
1674
1753
5673
1675
1754
5674
1676
1755
5675
1677
1756
5676
1678
1757
5677
1679
1758
5678
1759
5679
1681
1760
5680
1682
1761
5681
1683
1762
5682
1684
1763
5683
1685
1764
5684
1686
1765
5685
1687
1766
5686
1688
1767
5687
1689
1768
5688
1690
1769
5689
1691
1770
5690
1692
1771
5691
1693
1772
5692
1694
1773
5693
1695
1774
5694
1696
1775
5695
1697
1776
5696
1698
1777
5697
1699
1778
5698
1700
1779
5699
1701
1780
5700
1702
1781
5701
1703
1782
5702
1704
1783
5703
1705
1784
5704
1706
1785
5705
1707
1786
5706
1708
1787
5707
1709
1788
5708
1710
1789
5709
1711
1790
5710
1712
1791
5711
1713
1792
5712
1714
1793
5713
1715
1794
5714
1716
1795
5715
1717
1796
5716
1718
1797
5717
1719
1798
5718
1720
1799
5719
1721
1800
5720
1722
1801
5721
1723
1802
5722
1724
1803
5723
1725
1804
5724
1726
1805
5725
1727
1806
5726
1728
1807
5727
1729
1808
5728
1730
1809
5729
1731
1810
5730
1732
1811
5731
1733
1812
5732
1734
1813
5733
1735
1814
5734
1736
1815
5735
1737
1816
5736
1738
1817
5737
1739
1818
5738
1740
1819
5739
1741
1820
5740
1742
1821
5741
1743
1822
5742
1744
1823
5743
1745
1824
5744
1746
1825
5745
1747
1826
5746
1748
1827
5747
1749
1828
5748
1750
1829
5749
1751
1830
5750
1752
1831
5751
1753
1832
5752
1754
1833
5753
1755
1834
5754
1756
1835
5755
1757
1836
5756
1758
1837
5757
1759
1838
5758
1839
5759
1761
1840
5760
1762
1841
5761
1763
1842
5762
1764
1843
5763
1765
1844
5764
1766
1845
5765
1767
1846
5766
1768
1847
5767
1769
1848
5768
1770
1849
5769
1771
1850
5770
1772
1851
5771
1773
1852
5772
1774
1853
5773
1775
1854
5774
1776
1855
5775
1777
1856
5776
1778
1857
5777
1779
1858
5778
1780
1859
5779
1781
1860
5780
1782
1861
5781
1783
1862
5782
1784
1863
5783
1785
1864
5784
1786
1865
5785
1787
1866
5786
1788
1867
5787
1789
1868
5788
1790
1869
5789
1791
1870
5790
1792
1871
5791
1793
1872
5792
1794
1873
5793
1795
1874
5794
1796
1875
5795
1797
1876
5796
1798
1877
5797
1799
1878
5798
1800
1879
5799
1801
1880
5800
1802
1881
5801
1803
1882
5802
1804
1883
5803
1805
1884
5804
1806
1885
5805
1807
1886
5806
1808
1887
5807
1809
1888
5808
1810
1889
5809
1811
1890
5810
1812
1891
5811
1813
1892
5812
1814
1893
5813
1815
1894
5814
1816
1895
5815
1817
1896
5816
1818
1897
5817
1819
1898
5818
1820
1899
5819
1821
1900
5820
1822
1901
5821
1823
1902
5822
1824
1903
5823
1825
1904
5824
1826
1905
5825
1827
1906
5826
1828
1907
5827
1829
1908
5828
1830
1909
5829
1831
1910
5830
1832
1911
5831
1833
1912
5832
1834
1913
5833
1835
1914
5834
1836
1915
5835
1837
1916
5836
1838
1917
5837
1839
1918
5838
1919
5839
1841
1920
5840
1842
1921
5841
1843
1922
5842
1844
1923
5843
1845
1924
5844
1846
1925
5845
1847
1926
5846
1848
1927
5847
1849
1928
5848
1850
1929
5849
1851
1930
5850
1852
1931
5851
1853
1932
5852
1854
1933
5853
1855
1934
5854
1856
1935
5855
1857
1936
5856
1858
1937
5857
1859
1938
5858
1860
1939
5859
1861
1940
5860
1862
1941
5861
1863
1942
5862
1864
1943
5863
1865
1944
5864
1866
1945
5865
1867
1946
5866
1868
1947
5867
1869
1948
5868
1870
1949
5869
1871
1950
5870
1872
1951
5871
1873
1952
5872
1874
1953
5873
1875
1954
5874
1876
1955
5875
1877
1956
5876
1878
1957
5877
1879
1958
5878
1880
1959
5879
1881
1960
5880
1882
1961
5881
1883
1962
5882
1884
1963
5883
1885
1964
5884
1886
1965
5885
1887
1966
5886
1888
1967
5887
1889
1968
5888
1890
1969
5889
1891
1970
5890
1892
1971
5891
1893
1972
5892
1894
1973
5893
1895
1974
5894
1896
1975
5895
1897
1976
5896
1898
1977
5897
1899
1978
5898
1900
1979
5899
1901
1980
5900
1902
1981
5901
1903
1982
5902
1904
1983
5903
1905
1984
5904
1906
1985
5905
1907
1986
5906
1908
1987
5907
1909
1988
5908
1910
1989
5909
1911
1990
5910
1912
1991
5911
1913
1992
5912
1914
1993
5913
1915
1994
5914
1916
1995
5915
1917
1996
5916
1918
1997
5917
1919
1998
5918
1999
5919
1921
2000
5920
1922
2001
5921
1923
2002
5922
1924
2003
5923
1925
2004
5924
1926
2005
5925
1927
2006
5926
1928
2007
5927
1929
2008
5928
1930
2009
5929
1931
2010
5930
1932
2011
5931
1933
2012
5932
1934
2013
5933
1935
2014
5934
1936
2015
5935
1937
2016
5936
1938
2017
5937
1939
2018
5938
1940
2019
5939
1941
2020
5940
1942
2021
5941
1943
2022
5942
1944
2023
5943
1945
2024
5944
1946
2025
5945
1947
2026
5946
1948
2027
5947
1949
2028
5948
1950
2029
5949
1951
2030
5950
1952
2031
5951
1953
2032
5952
1954
2033
5953
1955
2034
5954
1956
2035
5955
1957
2036
5956
1958
2037
5957
1959
2038
5958
1960
2039
5959
1961
2040
5960
1962
2041
5961
1963
2042
5962
1964
2043
5963
1965
2044
5964
1966
2045
5965
1967
2046
5966
1968
2047
5967
1969
2048
5968
1970
2049
5969
1971
2050
5970
1972
2051
5971
1973
2052
5972
1974
2053
5973
1975
2054
5974
1976
2055
5975
1977
2056
5976
1978
2057
5977
1979
2058
5978
1980
2059
5979
1981
2060
5980
1982
2061
5981
1983
2062
5982
1984
2063
5983
1985
2064
5984
1986
2065
5985
1987
2066
5986
1988
2067
5987
1989
2068
5988
1990
2069
5989
1991
2070
5990
1992
2071
5991
1993
2072
5992
1994
2073
5993
1995
2074
5994
1996
2075
5995
1997
2076
5996
1998
2077
5997
1999
2078
5998
2079
5999
2001
2080
6000
2002
2081
6001
2003
2082
6002
2004
2083
6003
2005
2084
6004
2006
2085
6005
2007
2086
6006
2008
2087
6007
2009
2088
6008
2010
2089
6009
2011
2090
6010
2012
2091
6011
2013
2092
6012
2014
2093
6013
2015
2094
6014
2016
2095
6015
2017
2096
6016
2018
2097
6017
2019
2098
6018
2020
2099
6019
2021
2100
6020
2022
2101
6021
2023
2102
6022
2024
2103
6023
2025
2104
6024
2026
2105
6025
2027
2106
6026
2028
2107
6027
2029
2108
6028
2030
2109
6029
2031
2110
6030
2032
2111
6031
2033
2112
6032
2034
2113
6033
2035
2114
6034
2036
2115
6035
2037
2116
6036
2038
2117
6037
2039
2118
6038
2040
2119
6039
2041
2120
6040
2042
2121
6041
2043
2122
6042
2044
2123
6043
2045
2124
6044
2046
2125
6045
2047
2126
6046
2048
2127
6047
2049
2128
6048
2050
2129
6049
2051
2130
6050
2052
2131
6051
2053
2132
6052
2054
2133
6053
2055
2134
6054
2056
2135
6055
2057
2136
6056
2058
2137
6057
2059
2138
6058
2060
2139
6059
2061
2140
6060
2062
2141
6061
2063
2142
6062
2064
2143
6063
2065
2144
6064
2066
2145
6065
2067
2146
6066
2068
2147
6067
2069
2148
6068
2070
2149
6069
2071
2150
6070
2072
2151
6071
2073
2152
6072
2074
2153
6073
2075
2154
6074
2076
2155
6075
2077
2156
6076
2078
2157
6077
2079
2158
6078
2159
6079
2081
2160
6080
2082
2161
6081
2083
2162
6082
2084
2163
6083
2085
2164
6084
2086
2165
6085
2087
2166
6086
2088
2167
6087
2089
2168
6088
2090
2169
6089
2091
2170
6090
2092
2171
6091
2093
2172
6092
2094
2173
6093
2095
2174
6094
2096
2175
6095
2097
2176
6096
2098
2177
6097
2099
2178
6098
2100
2179
6099
2101
2180
6100
2102
2181
6101
2103
2182
6102
2104
2183
6103
2105
2184
6104
2106
2185
6105
2107
2186
6106
2108
2187
6107
2109
2188
6108
2110
2189
6109
2111
2190
6110
2112
2191
6111
2113
2192
6112
2114
2193
6113
2115
2194
6114
2116
2195
6115
2117
2196
6116
2118
2197
6117
2119
2198
6118
2120
2199
6119
2121
2200
6120
2122
2201
6121
2123
2202
6122
2124
2203
6123
2125
2204
6124
2126
2205
6125
2127
2206
6126
2128
2207
6127
2129
2208
6128
2130
2209
6129
2131
2210
6130
2132
2211
6131
2133
2212
6132
2134
2213
6133
2135
2214
6134
2136
2215
6135
2137
2216
6136
2138
2217
6137
2139
2218
6138
2140
2219
6139
2141
2220
6140
2142
2221
6141
2143
2222
6142
2144
2223
6143
2145
2224
6144
2146
2225
6145
2147
2226
6146
2148
2227
6147
2149
2228
6148
2150
2229
6149
2151
2230
6150
2152
2231
6151
2153
2232
6152
2154
2233
6153
2155
2234
6154
2156
2235
6155
2157
2236
6156
2158
2237
6157
2159
2238
6158
2239
6159
2161
2240
6160
2162
2241
6161
2163
2242
6162
2164
2243
6163
2165
2244
6164
2166
2245
6165
2167
2246
6166
2168
2247
6167
2169
2248
6168
2170
2249
6169
2171
2250
6170
2172
2251
6171
2173
2252
6172
2174
2253
6173
2175
2254
6174
2176
2255
6175
2177
2256
6176
2178
2257
6177
2179
2258
6178
2180
2259
6179
2181
2260
6180
2182
2261
6181
2183
2262
6182
2184
2263
6183
2185
2264
6184
2186
2265
6185
2187
2266
6186
2188
2267
6187
2189
2268
6188
2190
2269
6189
2191
2270
6190
2192
2271
6191
2193
2272
6192
2194
2273
6193
2195
2274
6194
2196
2275
6195
2197
2276
6196
2198
2277
6197
2199
2278
6198
2200
2279
6199
2201
2280
6200
2202
2281
6201
2203
2282
6202
2204
2283
6203
2205
2284
6204
2206
2285
6205
2207
2286
6206
2208
2287
6207
2209
2288
6208
2210
2289
6209
2211
2290
6210
2212
2291
6211
2213
2292
6212
2214
2293
6213
2215
2294
6214
2216
2295
6215
2217
2296
6216
2218
2297
6217
2219
2298
6218
2220
2299
6219
2221
2300
6220
2222
2301
6221
2223
2302
6222
2224
2303
6223
2225
2304
6224
2226
2305
6225
2227
2306
6226
2228
2307
6227
2229
2308
6228
2230
2309
6229
2231
2310
6230
2232
2311
6231
2233
2312
6232
2234
2313
6233
2235
2314
6234
2236
2315
6235
2237
2316
6236
2238
2317
6237
2239
2318
6238
2319
6239
2241
2320
6240
2242
2321
6241
2243
2322
6242
2244
2323
6243
2245
2324
6244
2246
2325
6245
2247
2326
6246
2248
2327
6247
2249
2328
6248
2250
2329
6249
2251
2330
6250
2252
2331
6251
2253
2332
6252
2254
2333
6253
2255
2334
6254
2256
2335
6255
2257
2336
6256
2258
2337
6257
2259
2338
6258
2260
2339
6259
2261
2340
6260
2262
2341
6261
2263
2342
6262
2264
2343
6263
2265
2344
6264
2266
2345
6265
2267
2346
6266
2268
2347
6267
2269
2348
6268
2270
2349
6269
2271
2350
6270
2272
2351
6271
2273
2352
6272
2274
2353
6273
2275
2354
6274
2276
2355
6275
2277
2356
6276
2278
2357
6277
2279
2358
6278
2280
2359
6279
2281
2360
6280
2282
2361
6281
2283
2362
6282
2284
2363
6283
2285
2364
6284
2286
2365
6285
2287
2366
6286
2288
2367
6287
2289
2368
6288
2290
2369
6289
2291
2370
6290
2292
2371
6291
2293
2372
6292
2294
2373
6293
2295
2374
6294
2296
2375
6295
2297
2376
6296
2298
2377
6297
2299
2378
6298
2300
2379
6299
2301
2380
6300
2302
2381
6301
2303
2382
6302
2304
2383
6303
2305
2384
6304
2306
2385
6305
2307
2386
6306
2308
2387
6307
2309
2388
6308
2310
2389
6309
2311
2390
6310
2312
2391
6311
2313
2392
6312
2314
2393
6313
2315
2394
6314
2316
2395
6315
2317
2396
6316
2318
2397
6317
2319
2398
6318
2399
6319
2321
2400
6320
2322
2401
6321
2323
2402
6322
2324
2403
6323
2325
2404
6324
2326
2405
6325
2327
2406
6326
2328
2407
6327
2329
2408
6328
2330
2409
6329
2331
2410
6330
2332
2411
6331
2333
2412
6332
2334
2413
6333
2335
2414
6334
2336
2415
6335
2337
2416
6336
2338
2417
6337
2339
2418
6338
2340
2419
6339
2341
2420
6340
2342
2421
6341
2343
2422
6342
2344
2423
6343
2345
2424
6344
2346
2425
6345
2347
2426
6346
2348
2427
6347
2349
2428
6348
2350
2429
6349
2351
2430
6350
2352
2431
6351
2353
2432
6352
2354
2433
6353
2355
2434
6354
2356
2435
6355
2357
2436
6356
2358
2437
6357
2359
2438
6358
2360
2439
6359
2361
2440
6360
2362
2441
6361
2363
2442
6362
2364
2443
6363
2365
2444
6364
2366
2445
6365
2367
2446
6366
2368
2447
6367
2369
2448
6368
2370
2449
6369
2371
2450
6370
2372
2451
6371
2373
2452
6372
2374
2453
6373
2375
2454
6374
2376
2455
6375
2377
2456
6376
2378
2457
6377
2379
2458
6378
2380
2459
6379
2381
2460
6380
2382
2461
6381
2383
2462
6382
2384
2463
6383
2385
2464
6384
2386
2465
6385
2387
2466
6386
2388
2467
6387
2389
2468
6388
2390
2469
6389
2391
2470
6390
2392
2471
6391
2393
2472
6392
2394
2473
6393
2395
2474
6394
2396
2475
6395
2397
2476
6396
2398
2477
6397
2399
2478
6398
2479
6399
2401
2480
6400
2402
2481
6401
2403
2482
6402
2404
2483
6403
2405
2484
6404
2406
2485
6405
2407
2486
6406
2408
2487
6407
2409
2488
6408
2410
2489
6409
2411
2490
6410
2412
2491
6411
2413
2492
6412
2414
2493
6413
2415
2494
6414
2416
2495
6415
2417
2496
6416
2418
2497
6417
2419
2498
6418
2420
2499
6419
2421
2500
6420
2422
2501
6421
2423
2502
6422
2424
2503
6423
2425
2504
6424
2426
2505
6425
2427
2506
6426
2428
2507
6427
2429
2508
6428
2430
2509
6429
2431
2510
6430
2432
2511
6431
2433
2512
6432
2434
2513
6433
2435
2514
6434
2436
2515
6435
2437
2516
6436
2438
2517
6437
2439
2518
6438
2440
2519
6439
2441
2520
6440
2442
2521
6441
2443
2522
6442
2444
2523
6443
2445
2524
6444
2446
2525
6445
2447
2526
6446
2448
2527
6447
2449
2528
6448
2450
2529
6449
2451
2530
6450
2452
2531
6451
2453
2532
6452
2454
2533
6453
2455
2534
6454
2456
2535
6455
2457
2536
6456
2458
2537
6457
2459
2538
6458
2460
2539
6459
2461
2540
6460
2462
2541
6461
2463
2542
6462
2464
2543
6463
2465
2544
6464
2466
2545
6465
2467
2546
6466
2468
2547
6467
2469
2548
6468
2470
2549
6469
2471
2550
6470
2472
2551
6471
2473
2552
6472
2474
2553
6473
2475
2554
6474
2476
2555
6475
2477
2556
6476
2478
2557
6477
2479
2558
6478
2559
6479
2481
2560
6480
2482
2561
6481
2483
2562
6482
2484
2563
6483
2485
2564
6484
2486
2565
6485
2487
2566
6486
2488
2567
6487
2489
2568
6488
2490
2569
6489
2491
2570
6490
2492
2571
6491
2493
2572
6492
2494
2573
6493
2495
2574
6494
2496
2575
6495
2497
2576
6496
2498
2577
6497
2499
2578
6498
2500
2579
6499
2501
2580
6500
2502
2581
6501
2503
2582
6502
2504
2583
6503
2505
2584
6504
2506
2585
6505
2507
2586
6506
2508
2587
6507
2509
2588
6508
2510
2589
6509
2511
2590
6510
2512
2591
6511
2513
2592
6512
2514
2593
6513
2515
2594
6514
2516
2595
6515
2517
2596
6516
2518
2597
6517
2519
2598
6518
2520
2599
6519
2521
2600
6520
2522
2601
6521
2523
2602
6522
2524
2603
6523
2525
2604
6524
2526
2605
6525
2527
2606
6526
2528
2607
6527
2529
2608
6528
2530
2609
6529
2531
2610
6530
2532
2611
6531
2533
2612
6532
2534
2613
6533
2535
2614
6534
2536
2615
6535
2537
2616
6536
2538
2617
6537
2539
2618
6538
2540
2619
6539
2541
2620
6540
2542
2621
6541
2543
2622
6542
2544
2623
6543
2545
2624
6544
2546
2625
6545
2547
2626
6546
2548
2627
6547
2549
2628
6548
2550
2629
6549
2551
2630
6550
2552
2631
6551
2553
2632
6552
2554
2633
6553
2555
2634
6554
2556
2635
6555
2557
2636
6556
2558
2637
6557
2559
2638
6558
2639
6559
2561
2640
6560
2562
2641
6561
2563
2642
6562
2564
2643
6563
2565
2644
6564
2566
2645
6565
2567
2646
6566
2568
2647
6567
2569
2648
6568
2570
2649
6569
2571
2650
6570
2572
2651
6571
2573
2652
6572
2574
2653
6573
2575
2654
6574
2576
2655
6575
2577
2656
6576
2578
2657
6577
2579
2658
6578
2580
2659
6579
2581
2660
6580
2582
2661
6581
2583
2662
6582
2584
2663
6583
2585
2664
6584
2586
2665
6585
2587
2666
6586
2588
2667
6587
2589
2668
6588
2590
2669
6589
2591
2670
6590
2592
2671
6591
2593
2672
6592
2594
2673
6593
2595
2674
6594
2596
2675
6595
2597
2676
6596
2598
2677
6597
2599
2678
6598
2600
2679
6599
2601
2680
6600
2602
2681
6601
2603
2682
6602
2604
2683
6603
2605
2684
6604
2606
2685
6605
2607
2686
6606
2608
2687
6607
2609
2688
6608
2610
2689
6609
2611
2690
6610
2612
2691
6611
2613
2692
6612
2614
2693
6613
2615
2694
6614
2616
2695
6615
2617
2696
6616
2618
2697
6617
2619
2698
6618
2620
2699
6619
2621
2700
6620
2622
2701
6621
2623
2702
6622
2624
2703
6623
2625
2704
6624
2626
2705
6625
2627
2706
6626
2628
2707
6627
2629
2708
6628
2630
2709
6629
2631
2710
6630
2632
2711
6631
2633
2712
6632
2634
2713
6633
2635
2714
6634
2636
2715
6635
2637
2716
6636
2638
2717
6637
2639
2718
6638
2719
6639
2641
2720
6640
2642
2721
6641
2643
2722
6642
2644
2723
6643
2645
2724
6644
2646
2725
6645
2647
2726
6646
2648
2727
6647
2649
2728
6648
2650
2729
6649
2651
2730
6650
2652
2731
6651
2653
2732
6652
2654
2733
6653
2655
2734
6654
2656
2735
6655
2657
2736
6656
2658
2737
6657
2659
2738
6658
2660
2739
6659
2661
2740
6660
2662
2741
6661
2663
2742
6662
2664
2743
6663
2665
2744
6664
2666
2745
6665
2667
2746
6666
2668
2747
6667
2669
2748
6668
2670
2749
6669
2671
2750
6670
2672
2751
6671
2673
2752
6672
2674
2753
6673
2675
2754
6674
2676
2755
6675
2677
2756
6676
2678
2757
6677
2679
2758
6678
2680
2759
6679
2681
2760
6680
2682
2761
6681
2683
2762
6682
2684
2763
6683
2685
2764
6684
2686
2765
6685
2687
2766
6686
2688
2767
6687
2689
2768
6688
2690
2769
6689
2691
2770
6690
2692
2771
6691
2693
2772
6692
2694
2773
6693
2695
2774
6694
2696
2775
6695
2697
2776
6696
2698
2777
6697
2699
2778
6698
2700
2779
6699
2701
2780
6700
2702
2781
6701
2703
2782
6702
2704
2783
6703
2705
2784
6704
2706
2785
6705
2707
2786
6706
2708
2787
6707
2709
2788
6708
2710
2789
6709
2711
2790
6710
2712
2791
6711
2713
2792
6712
2714
2793
6713
2715
2794
6714
2716
2795
6715
2717
2796
6716
2718
2797
6717
2719
2798
6718
2799
6719
2721
2800
6720
2722
2801
6721
2723
2802
6722
2724
2803
6723
2725
2804
6724
2726
2805
6725
2727
2806
6726
2728
2807
6727
2729
2808
6728
2730
2809
6729
2731
2810
6730
2732
2811
6731
2733
2812
6732
2734
2813
6733
2735
2814
6734
2736
2815
6735
2737
2816
6736
2738
2817
6737
2739
2818
6738
2740
2819
6739
2741
2820
6740
2742
2821
6741
2743
2822
6742
2744
2823
6743
2745
2824
6744
2746
2825
6745
2747
2826
6746
2748
2827
6747
2749
2828
6748
2750
2829
6749
2751
2830
6750
2752
2831
6751
2753
2832
6752
2754
2833
6753
2755
2834
6754
2756
2835
6755
2757
2836
6756
2758
2837
6757
2759
2838
6758
2760
2839
6759
2761
2840
6760
2762
2841
6761
2763
2842
6762
2764
2843
6763
2765
2844
6764
2766
2845
6765
2767
2846
6766
2768
2847
6767
2769
2848
6768
2770
2849
6769
2771
2850
6770
2772
2851
6771
2773
2852
6772
2774
2853
6773
2775
2854
6774
2776
2855
6775
2777
2856
6776
2778
2857
6777
2779
2858
6778
2780
2859
6779
2781
2860
6780
2782
2861
6781
2783
2862
6782
2784
2863
6783
2785
2864
6784
2786
2865
6785
2787
2866
6786
2788
2867
6787
2789
2868
6788
2790
2869
6789
2791
2870
6790
2792
2871
6791
2793
2872
6792
2794
2873
6793
2795
2874
6794
2796
2875
6795
2797
2876
6796
2798
2877
6797
2799
2878
6798
2879
6799
2801
2880
6800
2802
2881
6801
2803
2882
6802
2804
2883
6803
2805
2884
6804
2806
2885
6805
2807
2886
6806
2808
2887
6807
2809
2888
6808
2810
2889
6809
2811
2890
6810
2812
2891
6811
2813
2892
6812
2814
2893
6813
2815
2894
6814
2816
2895
6815
2817
2896
6816
2818
2897
6817
2819
2898
6818
2820
2899
6819
2821
2900
6820
2822
2901
6821
2823
2902
6822
2824
2903
6823
2825
2904
6824
2826
2905
6825
2827
2906
6826
2828
2907
6827
2829
2908
6828
2830
2909
6829
2831
2910
6830
2832
2911
6831
2833
2912
6832
2834
2913
6833
2835
2914
6834
2836
2915
6835
2837
2916
6836
2838
2917
6837
2839
2918
6838
2840
2919
6839
2841
2920
6840
2842
2921
6841
2843
2922
6842
2844
2923
6843
2845
2924
6844
2846
2925
6845
2847
2926
6846
2848
2927
6847
2849
2928
6848
2850
2929
6849
2851
2930
6850
2852
2931
6851
2853
2932
6852
2854
2933
6853
2855
2934
6854
2856
2935
6855
2857
2936
6856
2858
2937
6857
2859
2938
6858
2860
2939
6859
2861
2940
6860
2862
2941
6861
2863
2942
6862
2864
2943
6863
2865
2944
6864
2866
2945
6865
2867
2946
6866
2868
2947
6867
2869
2948
6868
2870
2949
6869
2871
2950
6870
2872
2951
6871
2873
2952
6872
2874
2953
6873
2875
2954
6874
2876
2955
6875
2877
2956
6876
2878
2957
6877
2879
2958
6878
2959
6879
2881
2960
6880
2882
2961
6881
2883
2962
6882
2884
2963
6883
2885
2964
6884
2886
2965
6885
2887
2966
6886
2888
2967
6887
2889
2968
6888
2890
2969
6889
2891
2970
6890
2892
2971
6891
2893
2972
6892
2894
2973
6893
2895
2974
6894
2896
2975
6895
2897
2976
6896
2898
2977
6897
2899
2978
6898
2900
2979
6899
2901
2980
6900
2902
2981
6901
2903
2982
6902
2904
2983
6903
2905
2984
6904
2906
2985
6905
2907
2986
6906
2908
2987
6907
2909
2988
6908
2910
2989
6909
2911
2990
6910
2912
2991
6911
2913
2992
6912
2914
2993
6913
2915
2994
6914
2916
2995
6915
2917
2996
6916
2918
2997
6917
2919
2998
6918
2920
2999
6919
2921
3000
6920
2922
3001
6921
2923
3002
6922
2924
3003
6923
2925
3004
6924
2926
3005
6925
2927
3006
6926
2928
3007
6927
2929
3008
6928
2930
3009
6929
2931
3010
6930
2932
3011
6931
2933
3012
6932
2934
3013
6933
2935
3014
6934
2936
3015
6935
2937
3016
6936
2938
3017
6937
2939
3018
6938
2940
3019
6939
2941
3020
6940
2942
3021
6941
2943
3022
6942
2944
3023
6943
2945
3024
6944
2946
3025
6945
2947
3026
6946
2948
3027
6947
2949
3028
6948
2950
3029
6949
2951
3030
6950
2952
3031
6951
2953
3032
6952
2954
3033
6953
2955
3034
6954
2956
3035
6955
2957
3036
6956
2958
3037
6957
2959
3038
6958
3039
6959
2961
3040
6960
2962
3041
6961
2963
3042
6962
2964
3043
6963
2965
3044
6964
2966
3045
6965
2967
3046
6966
2968
3047
6967
2969
3048
6968
2970
3049
6969
2971
3050
6970
2972
3051
6971
2973
3052
6972
2974
3053
6973
2975
3054
6974
2976
3055
6975
2977
3056
6976
2978
3057
6977
2979
3058
6978
2980
3059
6979
2981
3060
6980
2982
3061
6981
2983
3062
6982
2984
3063
6983
2985
3064
6984
2986
3065
6985
2987
3066
6986
2988
3067
6987
2989
3068
6988
2990
3069
6989
2991
3070
6990
2992
3071
6991
2993
3072
6992
2994
3073
6993
2995
3074
6994
2996
3075
6995
2997
3076
6996
2998
3077
6997
2999
3078
6998
3000
3079
6999
3001
3080
7000
3002
3081
7001
3003
3082
7002
3004
3083
7003
3005
3084
7004
3006
3085
7005
3007
3086
7006
3008
3087
7007
3009
3088
7008
3010
3089
7009
3011
3090
7010
3012
3091
7011
3013
3092
7012
3014
3093
7013
3015
3094
7014
3016
3095
7015
3017
3096
7016
3018
3097
7017
3019
3098
7018
3020
3099
7019
3021
3100
7020
3022
3101
7021
3023
3102
7022
3024
3103
7023
3025
3104
7024
3026
3105
7025
3027
3106
7026
3028
3107
7027
3029
3108
7028
3030
3109
7029
3031
3110
7030
3032
3111
7031
3033
3112
7032
3034
3113
7033
3035
3114
7034
3036
3115
7035
3037
3116
7036
3038
3117
7037
3039
3118
7038
3119
7039
3041
3120
7040
3042
3121
7041
3043
3122
7042
3044
3123
7043
3045
3124
7044
3046
3125
7045
3047
3126
7046
3048
3127
7047
3049
3128
7048
3050
3129
7049
3051
3130
7050
3052
3131
7051
3053
3132
7052
3054
3133
7053
3055
3134
7054
3056
3135
7055
3057
3136
7056
3058
3137
7057
3059
3138
7058
3060
3139
7059
3061
3140
7060
3062
3141
7061
3063
3142
7062
3064
3143
7063
3065
3144
7064
3066
3145
7065
3067
3146
7066
3068
3147
7067
3069
3148
7068
3070
3149
7069
3071
3150
7070
3072
3151
7071
3073
3152
7072
3074
3153
7073
3075
3154
7074
3076
3155
7075
3077
3156
7076
3078
3157
7077
3079
3158
7078
3080
3159
7079
3081
3160
7080
3082
3161
7081
3083
3162
7082
3084
3163
7083
3085
3164
7084
3086
3165
7085
3087
3166
7086
3088
3167
7087
3089
3168
7088
3090
3169
7089
3091
3170
7090
3092
3171
7091
3093
3172
7092
3094
3173
7093
3095
3174
7094
3096
3175
7095
3097
3176
7096
3098
3177
7097
3099
3178
7098
3100
3179
7099
3101
3180
7100
3102
3181
7101
3103
3182
7102
3104
3183
7103
3105
3184
7104
3106
3185
7105
3107
3186
7106
3108
3187
7107
3109
3188
7108
3110
3189
7109
3111
3190
7110
3112
3191
7111
3113
3192
7112
3114
3193
7113
3115
3194
7114
3116
3195
7115
3117
3196
7116
3118
3197
7117
3119
3198
7118
3199
7119
3121
3200
7120
3122
3201
7121
3123
3202
7122
3124
3203
7123
3125
3204
7124
3126
3205
7125
3127
3206
7126
3128
3207
7127
3129
3208
7128
3130
3209
7129
3131
3210
7130
3132
3211
7131
3133
3212
7132
3134
3213
7133
3135
3214
7134
3136
3215
7135
3137
3216
7136
3138
3217
7137
3139
3218
7138
3140
3219
7139
3141
3220
7140
3142
3221
7141
3143
3222
7142
3144
3223
7143
3145
3224
7144
3146
3225
7145
3147
3226
7146
3148
3227
7147
3149
3228
7148
3150
3229
7149
3151
3230
7150
3152
3231
7151
3153
3232
7152
3154
3233
7153
3155
3234
7154
3156
3235
7155
3157
3236
7156
3158
3237
7157
3159
3238
7158
3160
3239
7159
3161
3240
7160
3162
3241
7161
3163
3242
7162
3164
3243
7163
3165
3244
7164
3166
3245
7165
3167
3246
7166
3168
3247
7167
3169
3248
7168
3170
3249
7169
3171
3250
7170
3172
3251
7171
3173
3252
7172
3174
3253
7173
3175
3254
7174
3176
3255
7175
3177
3256
7176
3178
3257
7177
3179
3258
7178
3180
3259
7179
3181
3260
7180
3182
3261
7181
3183
3262
7182
3184
3263
7183
3185
3264
7184
3186
3265
7185
3187
3266
7186
3188
3267
7187
3189
3268
7188
3190
3269
7189
3191
3270
7190
3192
3271
7191
3193
3272
7192
3194
3273
7193
3195
3274
7194
3196
3275
7195
3197
3276
7196
3198
3277
7197
3199
3278
7198
3279
7199
3201
3280
7200
3202
3281
7201
3203
3282
7202
3204
3283
7203
3205
3284
7204
3206
3285
7205
3207
3286
7206
3208
3287
7207
3209
3288
7208
3210
3289
7209
3211
3290
7210
3212
3291
7211
3213
3292
7212
3214
3293
7213
3215
3294
7214
3216
3295
7215
3217
3296
7216
3218
3297
7217
3219
3298
7218
3220
3299
7219
3221
3300
7220
3222
3301
7221
3223
3302
7222
3224
3303
7223
3225
3304
7224
3226
3305
7225
3227
3306
7226
3228
3307
7227
3229
3308
7228
3230
3309
7229
3231
3310
7230
3232
3311
7231
3233
3312
7232
3234
3313
7233
3235
3314
7234
3236
3315
7235
3237
3316
7236
3238
3317
7237
3239
3318
7238
3240
3319
7239
3241
3320
7240
3242
3321
7241
3243
3322
7242
3244
3323
7243
3245
3324
7244
3246
3325
7245
3247
3326
7246
3248
3327
7247
3249
3328
7248
3250
3329
7249
3251
3330
7250
3252
3331
7251
3253
3332
7252
3254
3333
7253
3255
3334
7254
3256
3335
7255
3257
3336
7256
3258
3337
7257
3259
3338
7258
3260
3339
7259
3261
3340
7260
3262
3341
7261
3263
3342
7262
3264
3343
7263
3265
3344
7264
3266
3345
7265
3267
3346
7266
3268
3347
7267
3269
3348
7268
3270
3349
7269
3271
3350
7270
3272
3351
7271
3273
3352
7272
3274
3353
7273
3275
3354
7274
3276
3355
7275
3277
3356
7276
3278
3357
7277
3279
3358
7278
3359
7279
3281
3360
7280
3282
3361
7281
3283
3362
7282
3284
3363
7283
3285
3364
7284
3286
3365
7285
3287
3366
7286
3288
3367
7287
3289
3368
7288
3290
3369
7289
3291
3370
7290
3292
3371
7291
3293
3372
7292
3294
3373
7293
3295
3374
7294
3296
3375
7295
3297
3376
7296
3298
3377
7297
3299
3378
7298
3300
3379
7299
3301
3380
7300
3302
3381
7301
3303
3382
7302
3304
3383
7303
3305
3384
7304
3306
3385
7305
3307
3386
7306
3308
3387
7307
3309
3388
7308
3310
3389
7309
3311
3390
7310
3312
3391
7311
3313
3392
7312
3314
3393
7313
3315
3394
7314
3316
3395
7315
3317
3396
7316
3318
3397
7317
3319
3398
7318
3320
3399
7319
3321
3400
7320
3322
3401
7321
3323
3402
7322
3324
3403
7323
3325
3404
7324
3326
3405
7325
3327
3406
7326
3328
3407
7327
3329
3408
7328
3330
3409
7329
3331
3410
7330
3332
3411
7331
3333
3412
7332
3334
3413
7333
3335
3414
7334
3336
3415
7335
3337
3416
7336
3338
3417
7337
3339
3418
7338
3340
3419
7339
3341
3420
7340
3342
3421
7341
3343
3422
7342
3344
3423
7343
3345
3424
7344
3346
3425
7345
3347
3426
7346
3348
3427
7347
3349
3428
7348
3350
3429
7349
3351
3430
7350
3352
3431
7351
3353
3432
7352
3354
3433
7353
3355
3434
7354
3356
3435
7355
3357
3436
7356
3358
3437
7357
3359
3438
7358
3439
7359
3361
3440
7360
3362
3441
7361
3363
3442
7362
3364
3443
7363
3365
3444
7364
3366
3445
7365
3367
3446
7366
3368
3447
7367
3369
3448
7368
3370
3449
7369
3371
3450
7370
3372
3451
7371
3373
3452
7372
3374
3453
7373
3375
3454
7374
3376
3455
7375
3377
3456
7376
3378
3457
7377
3379
3458
7378
3380
3459
7379
3381
3460
7380
3382
3461
7381
3383
3462
7382
3384
3463
7383
3385
3464
7384
3386
3465
7385
3387
3466
7386
3388
3467
7387
3389
3468
7388
3390
3469
7389
3391
3470
7390
3392
3471
7391
3393
3472
7392
3394
3473
7393
3395
3474
7394
3396
3475
7395
3397
3476
7396
3398
3477
7397
3399
3478
7398
3400
3479
7399
3401
3480
7400
3402
3481
7401
3403
3482
7402
3404
3483
7403
3405
3484
7404
3406
3485
7405
3407
3486
7406
3408
3487
7407
3409
3488
7408
3410
3489
7409
3411
3490
7410
3412
3491
7411
3413
3492
7412
3414
3493
7413
3415
3494
7414
3416
3495
7415
3417
3496
7416
3418
3497
7417
3419
3498
7418
3420
3499
7419
3421
3500
7420
3422
3501
7421
3423
3502
7422
3424
3503
7423
3425
3504
7424
3426
3505
7425
3427
3506
7426
3428
3507
7427
3429
3508
7428
3430
3509
7429
3431
3510
7430
3432
3511
7431
3433
3512
7432
3434
3513
7433
3435
3514
7434
3436
3515
7435
3437
3516
7436
3438
3517
7437
3439
3518
7438
3519
7439
3441
3520
7440
3442
3521
7441
3443
3522
7442
3444
3523
7443
3445
3524
7444
3446
3525
7445
3447
3526
7446
3448
3527
7447
3449
3528
7448
3450
3529
7449
3451
3530
7450
3452
3531
7451
3453
3532
7452
3454
3533
7453
3455
3534
7454
3456
3535
7455
3457
3536
7456
3458
3537
7457
3459
3538
7458
3460
3539
7459
3461
3540
7460
3462
3541
7461
3463
3542
7462
3464
3543
7463
3465
3544
7464
3466
3545
7465
3467
3546
7466
3468
3547
7467
3469
3548
7468
3470
3549
7469
3471
3550
7470
3472
3551
7471
3473
3552
7472
3474
3553
7473
3475
3554
7474
3476
3555
7475
3477
3556
7476
3478
3557
7477
3479
3558
7478
3480
3559
7479
3481
3560
7480
3482
3561
7481
3483
3562
7482
3484
3563
7483
3485
3564
7484
3486
3565
7485
3487
3566
7486
3488
3567
7487
3489
3568
7488
3490
3569
7489
3491
3570
7490
3492
3571
7491
3493
3572
7492
3494
3573
7493
3495
3574
7494
3496
3575
7495
3497
3576
7496
3498
3577
7497
3499
3578
7498
3500
3579
7499
3501
3580
7500
3502
3581
7501
3503
3582
7502
3504
3583
7503
3505
3584
7504
3506
3585
7505
3507
3586
7506
3508
3587
7507
3509
3588
7508
3510
3589
7509
3511
3590
7510
3512
3591
7511
3513
3592
7512
3514
3593
7513
3515
3594
7514
3516
3595
7515
3517
3596
7516
3518
3597
7517
3519
3598
7518
3599
7519
3521
3600
7520
3522
3601
7521
3523
3602
7522
3524
3603
7523
3525
3604
7524
3526
3605
7525
3527
3606
7526
3528
3607
7527
3529
3608
7528
3530
3609
7529
3531
3610
7530
3532
3611
7531
3533
3612
7532
3534
3613
7533
3535
3614
7534
3536
3615
7535
3537
3616
7536
3538
3617
7537
3539
3618
7538
3540
3619
7539
3541
3620
7540
3542
3621
7541
3543
3622
7542
3544
3623
7543
3545
3624
7544
3546
3625
7545
3547
3626
7546
3548
3627
7547
3549
3628
7548
3550
3629
7549
3551
3630
7550
3552
3631
7551
3553
3632
7552
3554
3633
7553
3555
3634
7554
3556
3635
7555
3557
3636
7556
3558
3637
7557
3559
3638
7558
3560
3639
7559
3561
3640
7560
3562
3641
7561
3563
3642
7562
3564
3643
7563
3565
3644
7564
3566
3645
7565
3567
3646
7566
3568
3647
7567
3569
3648
7568
3570
3649
7569
3571
3650
7570
3572
3651
7571
3573
3652
7572
3574
3653
7573
3575
3654
7574
3576
3655
7575
3577
3656
7576
3578
3657
7577
3579
3658
7578
3580
3659
7579
3581
3660
7580
3582
3661
7581
3583
3662
7582
3584
3663
7583
3585
3664
7584
3586
3665
7585
3587
3666
7586
3588
3667
7587
3589
3668
7588
3590
3669
7589
3591
3670
7590
3592
3671
7591
3593
3672
7592
3594
3673
7593
3595
3674
7594
3596
3675
7595
3597
3676
7596
3598
3677
7597
3599
3678
7598
3679
7599
3601
3680
7600
3602
3681
7601
3603
3682
7602
3604
3683
7603
3605
3684
7604
3606
3685
7605
3607
3686
7606
3608
3687
7607
3609
3688
7608
3610
3689
7609
3611
3690
7610
3612
3691
7611
3613
3692
7612
3614
3693
7613
3615
3694
7614
3616
3695
7615
3617
3696
7616
3618
3697
7617
3619
3698
7618
3620
3699
7619
3621
3700
7620
3622
3701
7621
3623
3702
7622
3624
3703
7623
3625
3704
7624
3626
3705
7625
3627
3706
7626
3628
3707
7627
3629
3708
7628
3630
3709
7629
3631
3710
7630
3632
3711
7631
3633
3712
7632
3634
3713
7633
3635
3714
7634
3636
3715
7635
3637
3716
7636
3638
3717
7637
3639
3718
7638
3640
3719
7639
3641
3720
7640
3642
3721
7641
3643
3722
7642
3644
3723
7643
3645
3724
7644
3646
3725
7645
3647
3726
7646
3648
3727
7647
3649
3728
7648
3650
3729
7649
3651
3730
7650
3652
3731
7651
3653
3732
7652
3654
3733
7653
3655
3734
7654
3656
3735
7655
3657
3736
7656
3658
3737
7657
3659
3738
7658
3660
3739
7659
3661
3740
7660
3662
3741
7661
3663
3742
7662
3664
3743
7663
3665
3744
7664
3666
3745
7665
3667
3746
7666
3668
3747
7667
3669
3748
7668
3670
3749
7669
3671
3750
7670
3672
3751
7671
3673
3752
7672
3674
3753
7673
3675
3754
7674
3676
3755
7675
3677
3756
7676
3678
3757
7677
3679
3758
7678
3759
7679
3681
3760
7680
3682
3761
7681
3683
3762
7682
3684
3763
7683
3685
3764
7684
3686
3765
7685
3687
3766
7686
3688
3767
7687
3689
3768
7688
3690
3769
7689
3691
3770
7690
3692
3771
7691
3693
3772
7692
3694
3773
7693
3695
3774
7694
3696
3775
7695
3697
3776
7696
3698
3777
7697
3699
3778
7698
3700
3779
7699
3701
3780
7700
3702
3781
7701
3703
3782
7702
3704
3783
7703
3705
3784
7704
3706
3785
7705
3707
3786
7706
3708
3787
7707
3709
3788
7708
3710
3789
7709
3711
3790
7710
3712
3791
7711
3713
3792
7712
3714
3793
7713
3715
3794
7714
3716
3795
7715
3717
3796
7716
3718
3797
7717
3719
3798
7718
3720
3799
7719
3721
3800
7720
3722
3801
7721
3723
3802
7722
3724
3803
7723
3725
3804
7724
3726
3805
7725
3727
3806
7726
3728
3807
7727
3729
3808
7728
3730
3809
7729
3731
3810
7730
3732
3811
7731
3733
3812
7732
3734
3813
7733
3735
3814
7734
3736
3815
7735
3737
3816
7736
3738
3817
7737
3739
3818
7738
3740
3819
7739
3741
3820
7740
3742
3821
7741
3743
3822
7742
3744
3823
7743
3745
3824
7744
3746
3825
7745
3747
3826
7746
3748
3827
7747
3749
3828
7748
3750
3829
7749
3751
3830
7750
3752
3831
7751
3753
3832
7752
3754
3833
7753
3755
3834
7754
3756
3835
7755
3757
3836
7756
3758
3837
7757
3759
3838
7758
3839
7759
3761
3840
7760
3762
3841
7761
3763
3842
7762
3764
3843
7763
3765
3844
7764
3766
3845
7765
3767
3846
7766
3768
3847
7767
3769
3848
7768
3770
3849
7769
3771
3850
7770
3772
3851
7771
3773
3852
7772
3774
3853
7773
3775
3854
7774
3776
3855
7775
3777
3856
7776
3778
3857
7777
3779
3858
7778
3780
3859
7779
3781
3860
7780
3782
3861
7781
3783
3862
7782
3784
3863
7783
3785
3864
7784
3786
3865
7785
3787
3866
7786
3788
3867
7787
3789
3868
7788
3790
3869
7789
3791
3870
7790
3792
3871
7791
3793
3872
7792
3794
3873
7793
3795
3874
7794
3796
3875
7795
3797
3876
7796
3798
3877
7797
3799
3878
7798
3800
3879
7799
3801
3880
7800
3802
3881
7801
3803
3882
7802
3804
3883
7803
3805
3884
7804
3806
3885
7805
3807
3886
7806
3808
3887
7807
3809
3888
7808
3810
3889
7809
3811
3890
7810
3812
3891
7811
3813
3892
7812
3814
3893
7813
3815
3894
7814
3816
3895
7815
3817
3896
7816
3818
3897
7817
3819
3898
7818
3820
3899
7819
3821
3900
7820
3822
3901
7821
3823
3902
7822
3824
3903
7823
3825
3904
7824
3826
3905
7825
3827
3906
7826
3828
3907
7827
3829
3908
7828
3830
3909
7829
3831
3910
7830
3832
3911
7831
3833
3912
7832
3834
3913
7833
3835
3914
7834
3836
3915
7835
3837
3916
7836
3838
3917
7837
3839
3918
7838
3919
7839
3841
3920
7840
3842
3921
7841
3843
3922
7842
3844
3923
7843
3845
3924
7844
3846
3925
7845
3847
3926
7846
3848
3927
7847
3849
3928
7848
3850
3929
7849
3851
3930
7850
3852
3931
7851
3853
3932
7852
3854
3933
7853
3855
3934
7854
3856
3935
7855
3857
3936
7856
3858
3937
7857
3859
3938
7858
3860
3939
7859
3861
3940
7860
3862
3941
7861
3863
3942
7862
3864
3943
7863
3865
3944
7864
3866
3945
7865
3867
3946
7866
3868
3947
7867
3869
3948
7868
3870
3949
7869
3871
3950
7870
3872
3951
7871
3873
3952
7872
3874
3953
7873
3875
3954
7874
3876
3955
7875
3877
3956
7876
3878
3957
7877
3879
3958
7878
3880
3959
7879
3881
3960
7880
3882
3961
7881
3883
3962
7882
3884
3963
7883
3885
3964
7884
3886
3965
7885
3887
3966
7886
3888
3967
7887
3889
3968
7888
3890
3969
7889
3891
3970
7890
3892
3971
7891
3893
3972
7892
3894
3973
7893
3895
3974
7894
3896
3975
7895
3897
3976
7896
3898
3977
7897
3899
3978
7898
3900
3979
7899
3901
3980
7900
3902
3981
7901
3903
3982
7902
3904
3983
7903
3905
3984
7904
3906
3985
7905
3907
3986
7906
3908
3987
7907
3909
3988
7908
3910
3989
7909
3911
3990
7910
3912
3991
7911
3913
3992
7912
3914
3993
7913
3915
3994
7914
3916
3995
7915
3917
3996
7916
3918
3997
7917
3919
3998
7918
3999
7919
3921
7920
12000
3922
7921
12001
3923
7922
12002
3924
7923
12003
3925
7924
12004
3926
7925
12005
3927
7926
12006
3928
7927
12007
3929
7928
12008
3930
7929
12009
3931
7930
12010
3932
7931
12011
3933
7932
12012
3934
7933
12013
3935
7934
12014
3936
7935
12015
3937
7936
12016
3938
7937
12017
3939
7938
12018
3940
7939
12019
3941
7940
12020
3942
7941
12021
3943
7942
12022
3944
7943
12023
3945
7944
12024
3946
7945
12025
3947
7946
12026
3948
7947
12027
3949
7948
12028
3950
7949
12029
3951
7950
12030
3952
7951
12031
3953
7952
12032
3954
7953
12033
3955
7954
12034
3956
7955
12035
3957
7956
12036
3958
7957
12037
3959
7958
12038
3960
7959
12039
3961
7960
12040
3962
7961
12041
3963
7962
12042
3964
7963
12043
3965
7964
12044
3966
7965
12045
3967
7966
12046
3968
7967
12047
3969
7968
12048
3970
7969
12049
3971
7970
12050
3972
7971
12051
3973
7972
12052
3974
7973
12053
3975
7974
12054
3976
7975
12055
3977
7976
12056
3978
7977
12057
3979
7978
12058
3980
7979
12059
3981
7980
12060
3982
7981
12061
3983
7982
12062
3984
7983
12063
3985
7984
12064
3986
7985
12065
3987
7986
12066
3988
7987
12067
3989
7988
12068
3990
7989
12069
3991
7990
12070
3992
7991
12071
3993
7992
12072
3994
7993
12073
3995
7994
12074
3996
7995
12075
3997
7996
12076
3998
7997
12077
3999
7998
12078
7999
12079
4001
4080
8000
4002
4081
8001
4003
4082
8002
4004
4083
8003
4005
4084
8004
4006
4085
8005
4007
4086
8006
4008
4087
8007
4009
4088
8008
4010
4089
8009
4011
4090
8010
4012
4091
8011
4013
4092
8012
4014
4093
8013
4015
4094
8014
4016
4095
8015
4017
4096
8016
4018
4097
8017
4019
4098
8018
4020
4099
8019
4021
4100
8020
4022
4101
8021
4023
4102
8022
4024
4103
8023
4025
4104
8024
4026
4105
8025
4027
4106
8026
4028
4107
8027
4029
4108
8028
4030
4109
8029
4031
4110
8030
4032
4111
8031
4033
4112
8032
4034
4113
8033
4035
4114
8034
4036
4115
8035
4037
4116
8036
4038
4117
8037
4039
4118
8038
4040
4119
8039
4041
4120
8040
4042
4121
8041
4043
4122
8042
4044
4123
8043
4045
4124
8044
4046
4125
8045
4047
4126
8046
4048
4127
8047
4049
4128
8048
4050
4129
8049
4051
4130
8050
4052
4131
8051
4053
4132
8052
4054
4133
8053
4055
4134
8054
4056
4135
8055
4057
4136
8056
4058
4137
8057
4059
4138
8058
4060
4139
8059
4061
4140
8060
4062
4141
8061
4063
4142
8062
4064
4143
8063
4065
4144
8064
4066
4145
8065
4067
4146
8066
4068
4147
8067
4069
4148
8068
4070
4149
8069
4071
4150
8070
4072
4151
8071
4073
4152
8072
4074
4153
8073
4075
4154
8074
4076
4155
8075
4077
4156
8076
4078
4157
8077
4079
4158
8078
4159
8079
4081
4160
8080
4082
4161
8081
4083
4162
8082
4084
4163
8083
4085
4164
8084
4086
4165
8085
4087
4166
8086
4088
4167
8087
4089
4168
8088
4090
4169
8089
4091
4170
8090
4092
4171
8091
4093
4172
8092
4094
4173
8093
4095
4174
8094
4096
4175
8095
4097
4176
8096
4098
4177
8097
4099
4178
8098
4100
4179
8099
4101
4180
8100
4102
4181
8101
4103
4182
8102
4104
4183
8103
4105
4184
8104
4106
4185
8105
4107
4186
8106
4108
4187
8107
4109
4188
8108
4110
4189
8109
4111
4190
8110
4112
4191
8111
4113
4192
8112
4114
4193
8113
4115
4194
8114
4116
4195
8115
4117
4196
8116
4118
4197
8117
4119
4198
8118
4120
4199
8119
4121
4200
8120
4122
4201
8121
4123
4202
8122
4124
4203
8123
4125
4204
8124
4126
4205
8125
4127
4206
8126
4128
4207
8127
4129
4208
8128
4130
4209
8129
4131
4210
8130
4132
4211
8131
4133
4212
8132
4134
4213
8133
4135
4214
8134
4136
4215
8135
4137
4216
8136
4138
4217
8137
4139
4218
8138
4140
4219
8139
4141
4220
8140
4142
4221
8141
4143
4222
8142
4144
4223
8143
4145
4224
8144
4146
4225
8145
4147
4226
8146
4148
4227
8147
4149
4228
8148
4150
4229
8149
4151
4230
8150
4152
4231
8151
4153
4232
8152
4154
4233
8153
4155
4234
8154
4156
4235
8155
4157
4236
8156
4158
4237
8157
4159
4238
8158
4239
8159
4161
4240
8160
4162
4241
8161
4163
4242
8162
4164
4243
8163
4165
4244
8164
4166
4245
8165
4167
4246
8166
4168
4247
8167
4169
4248
8168
4170
4249
8169
4171
4250
8170
4172
4251
8171
4173
4252
8172
4174
4253
8173
4175
4254
8174
4176
4255
8175
4177
4256
8176
4178
4257
8177
4179
4258
8178
4180
4259
8179
4181
4260
8180
4182
4261
8181
4183
4262
8182
4184
4263
8183
4185
4264
8184
4186
4265
8185
4187
4266
8186
4188
4267
8187
4189
4268
8188
4190
4269
8189
4191
4270
8190
4192
4271
8191
4193
4272
8192
4194
4273
8193
4195
4274
8194
4196
4275
8195
4197
4276
8196
4198
4277
8197
4199
4278
8198
4200
4279
8199
4201
4280
8200
4202
4281
8201
4203
4282
8202
4204
4283
8203
4205
4284
8204
4206
4285
8205
4207
4286
8206
4208
4287
8207
4209
4288
8208
4210
4289
8209
4211
4290
8210
4212
4291
8211
4213
4292
8212
4214
4293
8213
4215
4294
8214
4216
4295
8215
4217
4296
8216
4218
4297
8217
4219
4298
8218
4220
4299
8219
4221
4300
8220
4222
4301
8221
4223
4302
8222
4224
4303
8223
4225
4304
8224
4226
4305
8225
4227
4306
8226
4228
4307
8227
4229
4308
8228
4230
4309
8229
4231
4310
8230
4232
4311
8231
4233
4312
8232
4234
4313
8233
4235
4314
8234
4236
4315
8235
4237
4316
8236
4238
4317
8237
4239
4318
8238
4319
8239
4241
4320
8240
4242
4321
8241
4243
4322
8242
4244
4323
8243
4245
4324
8244
4246
4325
8245
4247
4326
8246
4248
4327
8247
4249
4328
8248
4250
4329
8249
4251
4330
8250
4252
4331
8251
4253
4332
8252
4254
4333
8253
4255
4334
8254
4256
4335
8255
4257
4336
8256
4258
4337
8257
4259
4338
8258
4260
4339
8259
4261
4340
8260
4262
4341
8261
4263
4342
8262
4264
4343
8263
4265
4344
8264
4266
4345
8265
4267
4346
8266
4268
4347
8267
4269
4348
8268
4270
4349
8269
4271
4350
8270
4272
4351
8271
4273
4352
8272
4274
4353
8273
4275
4354
8274
4276
4355
8275
4277
4356
8276
4278
4357
8277
4279
4358
8278
4280
4359
8279
4281
4360
8280
4282
4361
8281
4283
4362
8282
4284
4363
8283
4285
4364
8284
4286
4365
8285
4287
4366
8286
4288
4367
8287
4289
4368
8288
4290
4369
8289
4291
4370
8290
4292
4371
8291
4293
4372
8292
4294
4373
8293
4295
4374
8294
4296
4375
8295
4297
4376
8296
4298
4377
8297
4299
4378
8298
4300
4379
8299
4301
4380
8300
4302
4381
8301
4303
4382
8302
4304
4383
8303
4305
4384
8304
4306
4385
8305
4307
4386
8306
4308
4387
8307
4309
4388
8308
4310
4389
8309
4311
4390
8310
4312
4391
8311
4313
4392
8312
4314
4393
8313
4315
4394
8314
4316
4395
8315
4317
4396
8316
4318
4397
8317
4319
4398
8318
4399
8319
4321
4400
8320
4322
4401
8321
4323
4402
8322
4324
4403
8323
4325
4404
8324
4326
4405
8325
4327
4406
8326
4328
4407
8327
4329
4408
8328
4330
4409
8329
4331
4410
8330
4332
4411
8331
4333
4412
8332
4334
4413
8333
4335
4414
8334
4336
4415
8335
4337
4416
8336
4338
4417
8337
4339
4418
8338
4340
4419
8339
4341
4420
8340
4342
4421
8341
4343
4422
8342
4344
4423
8343
4345
4424
8344
4346
4425
8345
4347
4426
8346
4348
4427
8347
4349
4428
8348
4350
4429
8349
4351
4430
8350
4352
4431
8351
4353
4432
8352
4354
4433
8353
4355
4434
8354
4356
4435
8355
4357
4436
8356
4358
4437
8357
4359
4438
8358
4360
4439
8359
4361
4440
8360
4362
4441
8361
4363
4442
8362
4364
4443
8363
4365
4444
8364
4366
4445
8365
4367
4446
8366
4368
4447
8367
4369
4448
8368
4370
4449
8369
4371
4450
8370
4372
4451
8371
4373
4452
8372
4374
4453
8373
4375
4454
8374
4376
4455
8375
4377
4456
8376
4378
4457
8377
4379
4458
8378
4380
4459
8379
4381
4460
8380
4382
4461
8381
4383
4462
8382
4384
4463
8383
4385
4464
8384
4386
4465
8385
4387
4466
8386
4388
4467
8387
4389
4468
8388
4390
4469
8389
4391
4470
8390
4392
4471
8391
4393
4472
8392
4394
4473
8393
4395
4474
8394
4396
4475
8395
4397
4476
8396
4398
4477
8397
4399
4478
8398
4479
8399
4401
4480
8400
4402
4481
8401
4403
4482
8402
4404
4483
8403
4405
4484
8404
4406
4485
8405
4407
4486
8406
4408
4487
8407
4409
4488
8408
4410
4489
8409
4411
4490
8410
4412
4491
8411
4413
4492
8412
4414
4493
8413
4415
4494
8414
4416
4495
8415
4417
4496
8416
4418
4497
8417
4419
4498
8418
4420
4499
8419
4421
4500
8420
4422
4501
8421
4423
4502
8422
4424
4503
8423
4425
4504
8424
4426
4505
8425
4427
4506
8426
4428
4507
8427
4429
4508
8428
4430
4509
8429
4431
4510
8430
4432
4511
8431
4433
4512
8432
4434
4513
8433
4435
4514
8434
4436
4515
8435
4437
4516
8436
4438
4517
8437
4439
4518
8438
4440
4519
8439
4441
4520
8440
4442
4521
8441
4443
4522
8442
4444
4523
8443
4445
4524
8444
4446
4525
8445
4447
4526
8446
4448
4527
8447
4449
4528
8448
4450
4529
8449
4451
4530
8450
4452
4531
8451
4453
4532
8452
4454
4533
8453
4455
4534
8454
4456
4535
8455
4457
4536
8456
4458
4537
8457
4459
4538
8458
4460
4539
8459
4461
4540
8460
4462
4541
8461
4463
4542
8462
4464
4543
8463
4465
4544
8464
4466
4545
8465
4467
4546
8466
4468
4547
8467
4469
4548
8468
4470
4549
8469
4471
4550
8470
4472
4551
8471
4473
4552
8472
4474
4553
8473
4475
4554
8474
4476
4555
8475
4477
4556
8476
4478
4557
8477
4479
4558
8478
4559
8479
4481
4560
8480
4482
4561
8481
4483
4562
8482
4484
4563
8483
4485
4564
8484
4486
4565
8485
4487
4566
8486
4488
4567
8487
4489
4568
8488
4490
4569
8489
4491
4570
8490
4492
4571
8491
4493
4572
8492
4494
4573
8493
4495
4574
8494
4496
4575
8495
4497
4576
8496
4498
4577
8497
4499
4578
8498
4500
4579
8499
4501
4580
8500
4502
4581
8501
4503
4582
8502
4504
4583
8503
4505
4584
8504
4506
4585
8505
4507
4586
8506
4508
4587
8507
4509
4588
8508
4510
4589
8509
4511
4590
8510
4512
4591
8511
4513
4592
8512
4514
4593
8513
4515
4594
8514
4516
4595
8515
4517
4596
8516
4518
4597
8517
4519
4598
8518
4520
4599
8519
4521
4600
8520
4522
4601
8521
4523
4602
8522
4524
4603
8523
4525
4604
8524
4526
4605
8525
4527
4606
8526
4528
4607
8527
4529
4608
8528
4530
4609
8529
4531
4610
8530
4532
4611
8531
4533
4612
8532
4534
4613
8533
4535
4614
8534
4536
4615
8535
4537
4616
8536
4538
4617
8537
4539
4618
8538
4540
4619
8539
4541
4620
8540
4542
4621
8541
4543
4622
8542
4544
4623
8543
4545
4624
8544
4546
4625
8545
4547
4626
8546
4548
4627
8547
4549
4628
8548
4550
4629
8549
4551
4630
8550
4552
4631
8551
4553
4632
8552
4554
4633
8553
4555
4634
8554
4556
4635
8555
4557
4636
8556
4558
4637
8557
4559
4638
8558
4639
8559
4561
4640
8560
4562
4641
8561
4563
4642
8562
4564
4643
8563
4565
4644
8564
4566
4645
8565
4567
4646
8566
4568
4647
8567
4569
4648
8568
4570
4649
8569
4571
4650
8570
4572
4651
8571
4573
4652
8572
4574
4653
8573
4575
4654
8574
4576
4655
8575
4577
4656
8576
4578
4657
8577
4579
4658
8578
4580
4659
8579
4581
4660
8580
4582
4661
8581
4583
4662
8582
4584
4663
8583
4585
4664
8584
4586
4665
8585
4587
4666
8586
4588
4667
8587
4589
4668
8588
4590
4669
8589
4591
4670
8590
4592
4671
8591
4593
4672
8592
4594
4673
8593
4595
4674
8594
4596
4675
8595
4597
4676
8596
4598
4677
8597
4599
4678
8598
4600
4679
8599
4601
4680
8600
4602
4681
8601
4603
4682
8602
4604
4683
8603
4605
4684
8604
4606
4685
8605
4607
4686
8606
4608
4687
8607
4609
4688
8608
4610
4689
8609
4611
4690
8610
4612
4691
8611
4613
4692
8612
4614
4693
8613
4615
4694
8614
4616
4695
8615
4617
4696
8616
4618
4697
8617
4619
4698
8618
4620
4699
8619
4621
4700
8620
4622
4701
8621
4623
4702
8622
4624
4703
8623
4625
4704
8624
4626
4705
8625
4627
4706
8626
4628
4707
8627
4629
4708
8628
4630
4709
8629
4631
4710
8630
4632
4711
8631
4633
4712
8632
4634
4713
8633
4635
4714
8634
4636
4715
8635
4637
4716
8636
4638
4717
8637
4639
4718
8638
4719
8639
4641
4720
8640
4642
4721
8641
4643
4722
8642
4644
4723
8643
4645
4724
8644
4646
4725
8645
4647
4726
8646
4648
4727
8647
4649
4728
8648
4650
4729
8649
4651
4730
8650
4652
4731
8651
4653
4732
8652
4654
4733
8653
4655
4734
8654
4656
4735
8655
4657
4736
8656
4658
4737
8657
4659
4738
8658
4660
4739
8659
4661
4740
8660
4662
4741
8661
4663
4742
8662
4664
4743
8663
4665
4744
8664
4666
4745
8665
4667
4746
8666
4668
4747
8667
4669
4748
8668
4670
4749
8669
4671
4750
8670
4672
4751
8671
4673
4752
8672
4674
4753
8673
4675
4754
8674
4676
4755
8675
4677
4756
8676
4678
4757
8677
4679
4758
8678
4680
4759
8679
4681
4760
8680
4682
4761
8681
4683
4762
8682
4684
4763
8683
4685
4764
8684
4686
4765
8685
4687
4766
8686
4688
4767
8687
4689
4768
8688
4690
4769
8689
4691
4770
8690
4692
4771
8691
4693
4772
8692
4694
4773
8693
4695
4774
8694
4696
4775
8695
4697
4776
8696
4698
4777
8697
4699
4778
8698
4700
4779
8699
4701
4780
8700
4702
4781
8701
4703
4782
8702
4704
4783
8703
4705
4784
8704
4706
4785
8705
4707
4786
8706
4708
4787
8707
4709
4788
8708
4710
4789
8709
4711
4790
8710
4712
4791
8711
4713
4792
8712
4714
4793
8713
4715
4794
8714
4716
4795
8715
4717
4796
8716
4718
4797
8717
4719
4798
8718
4799
8719
4721
4800
8720
4722
4801
8721
4723
4802
8722
4724
4803
8723
4725
4804
8724
4726
4805
8725
4727
4806
8726
4728
4807
8727
4729
4808
8728
4730
4809
8729
4731
4810
8730
4732
4811
8731
4733
4812
8732
4734
4813
8733
4735
4814
8734
4736
4815
8735
4737
4816
8736
4738
4817
8737
4739
4818
8738
4740
4819
8739
4741
4820
8740
4742
4821
8741
4743
4822
8742
4744
4823
8743
4745
4824
8744
4746
4825
8745
4747
4826
8746
4748
4827
8747
4749
4828
8748
4750
4829
8749
4751
4830
8750
4752
4831
8751
4753
4832
8752
4754
4833
8753
4755
4834
8754
4756
4835
8755
4757
4836
8756
4758
4837
8757
4759
4838
8758
4760
4839
8759
4761
4840
8760
4762
4841
8761
4763
4842
8762
4764
4843
8763
4765
4844
8764
4766
4845
8765
4767
4846
8766
4768
4847
8767
4769
4848
8768
4770
4849
8769
4771
4850
8770
4772
4851
8771
4773
4852
8772
4774
4853
8773
4775
4854
8774
4776
4855
8775
4777
4856
8776
4778
4857
8777
4779
4858
8778
4780
4859
8779
4781
4860
8780
4782
4861
8781
4783
4862
8782
4784
4863
8783
4785
4864
8784
4786
4865
8785
4787
4866
8786
4788
4867
8787
4789
4868
8788
4790
4869
8789
4791
4870
8790
4792
4871
8791
4793
4872
8792
4794
4873
8793
4795
4874
8794
4796
4875
8795
4797
4876
8796
4798
4877
8797
4799
4878
8798
4879
8799
4801
4880
8800
4802
4881
8801
4803
4882
8802
4804
4883
8803
4805
4884
8804
4806
4885
8805
4807
4886
8806
4808
4887
8807
4809
4888
8808
4810
4889
8809
4811
4890
8810
4812
4891
8811
4813
4892
8812
4814
4893
8813
4815
4894
8814
4816
4895
8815
4817
4896
8816
4818
4897
8817
4819
4898
8818
4820
4899
8819
4821
4900
8820
4822
4901
8821
4823
4902
8822
4824
4903
8823
4825
4904
8824
4826
4905
8825
4827
4906
8826
4828
4907
8827
4829
4908
8828
4830
4909
8829
4831
4910
8830
4832
4911
8831
4833
4912
8832
4834
4913
8833
4835
4914
8834
4836
4915
8835
4837
4916
8836
4838
4917
8837
4839
4918
8838
4840
4919
8839
4841
4920
8840
4842
4921
8841
4843
4922
8842
4844
4923
8843
4845
4924
8844
4846
4925
8845
4847
4926
8846
4848
4927
8847
4849
4928
8848
4850
4929
8849
4851
4930
8850
4852
4931
8851
4853
4932
8852
4854
4933
8853
4855
4934
8854
4856
4935
8855
4857
4936
8856
4858
4937
8857
4859
4938
8858
4860
4939
8859
4861
4940
8860
4862
4941
8861
4863
4942
8862
4864
4943
8863
4865
4944
8864
4866
4945
8865
4867
4946
8866
4868
4947
8867
4869
4948
8868
4870
4949
8869
4871
4950
8870
4872
4951
8871
4873
4952
8872
4874
4953
8873
4875
4954
8874
4876
4955
8875
4877
4956
8876
4878
4957
8877
4879
4958
8878
4959
8879
4881
4960
8880
4882
4961
8881
4883
4962
8882
4884
4963
8883
4885
4964
8884
4886
4965
8885
4887
4966
8886
4888
4967
8887
4889
4968
8888
4890
4969
8889
4891
4970
8890
4892
4971
8891
4893
4972
8892
4894
4973
8893
4895
4974
8894
4896
4975
8895
4897
4976
8896
4898
4977
8897
4899
4978
8898
4900
4979
8899
4901
4980
8900
4902
4981
8901
4903
4982
8902
4904
4983
8903
4905
4984
8904
4906
4985
8905
4907
4986
8906
4908
4987
8907
4909
4988
8908
4910
4989
8909
4911
4990
8910
4912
4991
8911
4913
4992
8912
4914
4993
8913
4915
4994
8914
4916
4995
8915
4917
4996
8916
4918
4997
8917
4919
4998
8918
4920
4999
8919
4921
5000
8920
4922
5001
8921
4923
5002
8922
4924
5003
8923
4925
5004
8924
4926
5005
8925
4927
5006
8926
4928
5007
8927
4929
5008
8928
4930
5009
8929
4931
5010
8930
4932
5011
8931
4933
5012
8932
4934
5013
8933
4935
5014
8934
4936
5015
8935
4937
5016
8936
4938
5017
8937
4939
5018
8938
4940
5019
8939
4941
5020
8940
4942
5021
8941
4943
5022
8942
4944
5023
8943
4945
5024
8944
4946
5025
8945
4947
5026
8946
4948
5027
8947
4949
5028
8948
4950
5029
8949
4951
5030
8950
4952
5031
8951
4953
5032
8952
4954
5033
8953
4955
5034
8954
4956
5035
8955
4957
5036
8956
4958
5037
8957
4959
5038
8958
5039
8959
4961
5040
8960
4962
5041
8961
4963
5042
8962
4964
5043
8963
4965
5044
8964
4966
5045
8965
4967
5046
8966
4968
5047
8967
4969
5048
8968
4970
5049
8969
4971
5050
8970
4972
5051
8971
4973
5052
8972
4974
5053
8973
4975
5054
8974
4976
5055
8975
4977
5056
8976
4978
5057
8977
4979
5058
8978
4980
5059
8979
4981
5060
8980
4982
5061
8981
4983
5062
8982
4984
5063
8983
4985
5064
8984
4986
5065
8985
4987
5066
8986
4988
5067
8987
4989
5068
8988
4990
5069
8989
4991
5070
8990
4992
5071
8991
4993
5072
8992
4994
5073
8993
4995
5074
8994
4996
5075
8995
4997
5076
8996
4998
5077
8997
4999
5078
8998
5000
5079
8999
5001
5080
9000
5002
5081
9001
5003
5082
9002
5004
5083
9003
5005
5084
9004
5006
5085
9005
5007
5086
9006
5008
5087
9007
5009
5088
9008
5010
5089
9009
5011
5090
9010
5012
5091
9011
5013
5092
9012
5014
5093
9013
5015
5094
9014
5016
5095
9015
5017
5096
9016
5018
5097
9017
5019
5098
9018
5020
5099
9019
5021
5100
9020
5022
5101
9021
5023
5102
9022
5024
5103
9023
5025
5104
9024
5026
5105
9025
5027
5106
9026
5028
5107
9027
5029
5108
9028
5030
5109
9029
5031
5110
9030
5032
5111
9031
5033
5112
9032
5034
5113
9033
5035
5114
9034
5036
5115
9035
5037
5116
9036
5038
5117
9037
5039
5118
9038
5119
9039
5041
5120
9040
5042
5121
9041
5043
5122
9042
5044
5123
9043
5045
5124
9044
5046
5125
9045
5047
5126
9046
5048
5127
9047
5049
5128
9048
5050
5129
9049
5051
5130
9050
5052
5131
9051
5053
5132
9052
5054
5133
9053
5055
5134
9054
5056
5135
9055
5057
5136
9056
5058
5137
9057
5059
5138
9058
5060
5139
9059
5061
5140
9060
5062
5141
9061
5063
5142
9062
5064
5143
9063
5065
5144
9064
5066
5145
9065
5067
5146
9066
5068
5147
9067
5069
5148
9068
5070
5149
9069
5071
5150
9070
5072
5151
9071
5073
5152
9072
5074
5153
9073
5075
5154
9074
5076
5155
9075
5077
5156
9076
5078
5157
9077
5079
5158
9078
5080
5159
9079
5081
5160
9080
5082
5161
9081
5083
5162
9082
5084
5163
9083
5085
5164
9084
5086
5165
9085
5087
5166
9086
5088
5167
9087
5089
5168
9088
5090
5169
9089
5091
5170
9090
5092
5171
9091
5093
5172
9092
5094
5173
9093
5095
5174
9094
5096
5175
9095
5097
5176
9096
5098
5177
9097
5099
5178
9098
5100
5179
9099
5101
5180
9100
5102
5181
9101
5103
5182
9102
5104
5183
9103
5105
5184
9104
5106
5185
9105
5107
5186
9106
5108
5187
9107
5109
5188
9108
5110
5189
9109
5111
5190
9110
5112
5191
9111
5113
5192
9112
5114
5193
9113
5115
5194
9114
5116
5195
9115
5117
5196
9116
5118
5197
9117
5119
5198
9118
5199
9119
5121
5200
9120
5122
5201
9121
5123
5202
9122
5124
5203
9123
5125
5204
9124
5126
5205
9125
5127
5206
9126
5128
5207
9127
5129
5208
9128
5130
5209
9129
5131
5210
9130
5132
5211
9131
5133
5212
9132
5134
5213
9133
5135
5214
9134
5136
5215
9135
5137
5216
9136
5138
5217
9137
5139
5218
9138
5140
5219
9139
5141
5220
9140
5142
5221
9141
5143
5222
9142
5144
5223
9143
5145
5224
9144
5146
5225
9145
5147
5226
9146
5148
5227
9147
5149
5228
9148
5150
5229
9149
5151
5230
9150
5152
5231
9151
5153
5232
9152
5154
5233
9153
5155
5234
9154
5156
5235
9155
5157
5236
9156
5158
5237
9157
5159
5238
9158
5160
5239
9159
5161
5240
9160
5162
5241
9161
5163
5242
9162
5164
5243
9163
5165
5244
9164
5166
5245
9165
5167
5246
9166
5168
5247
9167
5169
5248
9168
5170
5249
9169
5171
5250
9170
5172
5251
9171
5173
5252
9172
5174
5253
9173
5175
5254
9174
5176
5255
9175
5177
5256
9176
5178
5257
9177
5179
5258
9178
5180
5259
9179
5181
5260
9180
5182
5261
9181
5183
5262
9182
5184
5263
9183
5185
5264
9184
5186
5265
9185
5187
5266
9186
5188
5267
9187
5189
5268
9188
5190
5269
9189
5191
5270
9190
5192
5271
9191
5193
5272
9192
5194
5273
9193
5195
5274
9194
5196
5275
9195
5197
5276
9196
5198
5277
9197
5199
5278
9198
5279
9199
5201
5280
9200
5202
5281
9201
5203
5282
9202
5204
5283
9203
5205
5284
9204
5206
5285
9205
5207
5286
9206
5208
5287
9207
5209
5288
9208
5210
5289
9209
5211
5290
9210
5212
5291
9211
5213
5292
9212
5214
5293
9213
5215
5294
9214
5216
5295
9215
5217
5296
9216
5218
5297
9217
5219
5298
9218
5220
5299
9219
5221
5300
9220
5222
5301
9221
5223
5302
9222
5224
5303
9223
5225
5304
9224
5226
5305
9225
5227
5306
9226
5228
5307
9227
5229
5308
9228
5230
5309
9229
5231
5310
9230
5232
5311
9231
5233
5312
9232
5234
5313
9233
5235
5314
9234
5236
5315
9235
5237
5316
9236
5238
5317
9237
5239
5318
9238
5240
5319
9239
5241
5320
9240
5242
5321
9241
5243
5322
9242
5244
5323
9243
5245
5324
9244
5246
5325
9245
5247
5326
9246
5248
5327
9247
5249
5328
9248
5250
5329
9249
5251
5330
9250
5252
5331
9251
5253
5332
9252
5254
5333
9253
5255
5334
9254
5256
5335
9255
5257
5336
9256
5258
5337
9257
5259
5338
9258
5260
5339
9259
5261
5340
9260
5262
5341
9261
5263
5342
9262
5264
5343
9263
5265
5344
9264
5266
5345
9265
5267
5346
9266
5268
5347
9267
5269
5348
9268
5270
5349
9269
5271
5350
9270
5272
5351
9271
5273
5352
9272
5274
5353
9273
5275
5354
9274
5276
5355
9275
5277
5356
9276
5278
5357
9277
5279
5358
9278
5359
9279
5281
5360
9280
5282
5361
9281
5283
5362
9282
5284
5363
9283
5285
5364
9284
5286
5365
9285
5287
5366
9286
5288
5367
9287
5289
5368
9288
5290
5369
9289
5291
5370
9290
5292
5371
9291
5293
5372
9292
5294
5373
9293
5295
5374
9294
5296
5375
9295
5297
5376
9296
5298
5377
9297
5299
5378
9298
5300
5379
9299
5301
5380
9300
5302
5381
9301
5303
5382
9302
5304
5383
9303
5305
5384
9304
5306
5385
9305
5307
5386
9306
5308
5387
9307
5309
5388
9308
5310
5389
9309
5311
5390
9310
5312
5391
9311
5313
5392
9312
5314
5393
9313
5315
5394
9314
5316
5395
9315
5317
5396
9316
5318
5397
9317
5319
5398
9318
5320
5399
9319
5321
5400
9320
5322
5401
9321
5323
5402
9322
5324
5403
9323
5325
5404
9324
5326
5405
9325
5327
5406
9326
5328
5407
9327
5329
5408
9328
5330
5409
9329
5331
5410
9330
5332
5411
9331
5333
5412
9332
5334
5413
9333
5335
5414
9334
5336
5415
9335
5337
5416
9336
5338
5417
9337
5339
5418
9338
5340
5419
9339
5341
5420
9340
5342
5421
9341
5343
5422
9342
5344
5423
9343
5345
5424
9344
5346
5425
9345
5347
5426
9346
5348
5427
9347
5349
5428
9348
5350
5429
9349
5351
5430
9350
5352
5431
9351
5353
5432
9352
5354
5433
9353
5355
5434
9354
5356
5435
9355
5357
5436
9356
5358
5437
9357
5359
5438
9358
5439
9359
5361
5440
9360
5362
5441
9361
5363
5442
9362
5364
5443
9363
5365
5444
9364
5366
5445
9365
5367
5446
9366
5368
5447
9367
5369
5448
9368
5370
5449
9369
5371
5450
9370
5372
5451
9371
5373
5452
9372
5374
5453
9373
5375
5454
9374
5376
5455
9375
5377
5456
9376
5378
5457
9377
5379
5458
9378
5380
5459
9379
5381
5460
9380
5382
5461
9381
5383
5462
9382
5384
5463
9383
5385
5464
9384
5386
5465
9385
5387
5466
9386
5388
5467
9387
5389
5468
9388
5390
5469
9389
5391
5470
9390
5392
5471
9391
5393
5472
9392
5394
5473
9393
5395
5474
9394
5396
5475
9395
5397
5476
9396
5398
5477
9397
5399
5478
9398
5400
5479
9399
5401
5480
9400
5402
5481
9401
5403
5482
9402
5404
5483
9403
5405
5484
9404
5406
5485
9405
5407
5486
9406
5408
5487
9407
5409
5488
9408
5410
5489
9409
5411
5490
9410
5412
5491
9411
5413
5492
9412
5414
5493
9413
5415
5494
9414
5416
5495
9415
5417
5496
9416
5418
5497
9417
5419
5498
9418
5420
5499
9419
5421
5500
9420
5422
5501
9421
5423
5502
9422
5424
5503
9423
5425
5504
9424
5426
5505
9425
5427
5506
9426
5428
5507
9427
5429
5508
9428
5430
5509
9429
5431
5510
9430
5432
5511
9431
5433
5512
9432
5434
5513
9433
5435
5514
9434
5436
5515
9435
5437
5516
9436
5438
5517
9437
5439
5518
9438
5519
9439
5441
5520
9440
5442
5521
9441
5443
5522
9442
5444
5523
9443
5445
5524
9444
5446
5525
9445
5447
5526
9446
5448
5527
9447
5449
5528
9448
5450
5529
9449
5451
5530
9450
5452
5531
9451
5453
5532
9452
5454
5533
9453
5455
5534
9454
5456
5535
9455
5457
5536
9456
5458
5537
9457
5459
5538
9458
5460
5539
9459
5461
5540
9460
5462
5541
9461
5463
5542
9462
5464
5543
9463
5465
5544
9464
5466
5545
9465
5467
5546
9466
5468
5547
9467
5469
5548
9468
5470
5549
9469
5471
5550
9470
5472
5551
9471
5473
5552
9472
5474
5553
9473
5475
5554
9474
5476
5555
9475
5477
5556
9476
5478
5557
9477
5479
5558
9478
5480
5559
9479
5481
5560
9480
5482
5561
9481
5483
5562
9482
5484
5563
9483
5485
5564
9484
5486
5565
9485
5487
5566
9486
5488
5567
9487
5489
5568
9488
5490
5569
9489
5491
5570
9490
5492
5571
9491
5493
5572
9492
5494
5573
9493
5495
5574
9494
5496
5575
9495
5497
5576
9496
5498
5577
9497
5499
5578
9498
5500
5579
9499
5501
5580
9500
5502
5581
9501
5503
5582
9502
5504
5583
9503
5505
5584
9504
5506
5585
9505
5507
5586
9506
5508
5587
9507
5509
5588
9508
5510
5589
9509
5511
5590
9510
5512
5591
9511
5513
5592
9512
5514
5593
9513
5515
5594
9514
5516
5595
9515
5517
5596
9516
5518
5597
9517
5519
5598
9518
5599
9519
5521
5600
9520
5522
5601
9521
5523
5602
9522
5524
5603
9523
5525
5604
9524
5526
5605
9525
5527
5606
9526
5528
5607
9527
5529
5608
9528
5530
5609
9529
5531
5610
9530
5532
5611
9531
5533
5612
9532
5534
5613
9533
5535
5614
9534
5536
5615
9535
5537
5616
9536
5538
5617
9537
5539
5618
9538
5540
5619
9539
5541
5620
9540
5542
5621
9541
5543
5622
9542
5544
5623
9543
5545
5624
9544
5546
5625
9545
5547
5626
9546
5548
5627
9547
5549
5628
9548
5550
5629
9549
5551
5630
9550
5552
5631
9551
5553
5632
9552
5554
5633
9553
5555
5634
9554
5556
5635
9555
5557
5636
9556
5558
5637
9557
5559
5638
9558
5560
5639
9559
5561
5640
9560
5562
5641
9561
5563
5642
9562
5564
5643
9563
5565
5644
9564
5566
5645
9565
5567
5646
9566
5568
5647
9567
5569
5648
9568
5570
5649
9569
5571
5650
9570
5572
5651
9571
5573
5652
9572
5574
5653
9573
5575
5654
9574
5576
5655
9575
5577
5656
9576
5578
5657
9577
5579
5658
9578
5580
5659
9579
5581
5660
9580
5582
5661
9581
5583
5662
9582
5584
5663
9583
5585
5664
9584
5586
5665
9585
5587
5666
9586
5588
5667
9587
5589
5668
9588
5590
5669
9589
5591
5670
9590
5592
5671
9591
5593
5672
9592
5594
5673
9593
5595
5674
9594
5596
5675
9595
5597
5676
9596
5598
5677
9597
5599
5678
9598
5679
9599
5601
5680
9600
5602
5681
9601
5603
5682
9602
5604
5683
9603
5605
5684
9604
5606
5685
9605
5607
5686
9606
5608
5687
9607
5609
5688
9608
5610
5689
9609
5611
5690
9610
5612
5691
9611
5613
5692
9612
5614
5693
9613
5615
5694
9614
5616
5695
9615
5617
5696
9616
5618
5697
9617
5619
5698
9618
5620
5699
9619
5621
5700
9620
5622
5701
9621
5623
5702
9622
5624
5703
9623
5625
5704
9624
5626
5705
9625
5627
5706
9626
5628
5707
9627
5629
5708
9628
5630
5709
9629
5631
5710
9630
5632
5711
9631
5633
5712
9632
5634
5713
9633
5635
5714
9634
5636
5715
9635
5637
5716
9636
5638
5717
9637
5639
5718
9638
5640
5719
9639
5641
5720
9640
5642
5721
9641
5643
5722
9642
5644
5723
9643
5645
5724
9644
5646
5725
9645
5647
5726
9646
5648
5727
9647
5649
5728
9648
5650
5729
9649
5651
5730
9650
5652
5731
9651
5653
5732
9652
5654
5733
9653
5655
5734
9654
5656
5735
9655
5657
5736
9656
5658
5737
9657
5659
5738
9658
5660
5739
9659
5661
5740
9660
5662
5741
9661
5663
5742
9662
5664
5743
9663
5665
5744
9664
5666
5745
9665
5667
5746
9666
5668
5747
9667
5669
5748
9668
5670
5749
9669
5671
5750
9670
5672
5751
9671
5673
5752
9672
5674
5753
9673
5675
5754
9674
5676
5755
9675
5677
5756
9676
5678
5757
9677
5679
5758
9678
5759
9679
5681
5760
9680
5682
5761
9681
5683
5762
9682
5684
5763
9683
5685
5764
9684
5686
5765
9685
5687
5766
9686
5688
5767
9687
5689
5768
9688
5690
5769
9689
5691
5770
9690
5692
5771
9691
5693
5772
9692
5694
5773
9693
5695
5774
9694
5696
5775
9695
5697
5776
9696
5698
5777
9697
5699
5778
9698
5700
5779
9699
5701
5780
9700
5702
5781
9701
5703
5782
9702
5704
5783
9703
5705
5784
9704
5706
5785
9705
5707
5786
9706
5708
5787
9707
5709
5788
9708
5710
5789
9709
5711
5790
9710
5712
5791
9711
5713
5792
9712
5714
5793
9713
5715
5794
9714
5716
5795
9715
5717
5796
9716
5718
5797
9717
5719
5798
9718
5720
5799
9719
5721
5800
9720
5722
5801
9721
5723
5802
9722
5724
5803
9723
5725
5804
9724
5726
5805
9725
5727
5806
9726
5728
5807
9727
5729
5808
9728
5730
5809
9729
5731
5810
9730
5732
5811
9731
5733
5812
9732
5734
5813
9733
5735
5814
9734
5736
5815
9735
5737
5816
9736
5738
5817
9737
5739
5818
9738
5740
5819
9739
5741
5820
9740
5742
5821
9741
5743
5822
9742
5744
5823
9743
5745
5824
9744
5746
5825
9745
5747
5826
9746
5748
5827
9747
5749
5828
9748
5750
5829
9749
5751
5830
9750
5752
5831
9751
5753
5832
9752
5754
5833
9753
5755
5834
9754
5756
5835
9755
5757
5836
9756
5758
5837
9757
5759
5838
9758
5839
9759
5761
5840
9760
5762
5841
9761
5763
5842
9762
5764
5843
9763
5765
5844
9764
5766
5845
9765
5767
5846
9766
5768
5847
9767
5769
5848
9768
5770
5849
9769
5771
5850
9770
5772
5851
9771
5773
5852
9772
5774
5853
9773
5775
5854
9774
5776
5855
9775
5777
5856
9776
5778
5857
9777
5779
5858
9778
5780
5859
9779
5781
5860
9780
5782
5861
9781
5783
5862
9782
5784
5863
9783
5785
5864
9784
5786
5865
9785
5787
5866
9786
5788
5867
9787
5789
5868
9788
5790
5869
9789
5791
5870
9790
5792
5871
9791
5793
5872
9792
5794
5873
9793
5795
5874
9794
5796
5875
9795
5797
5876
9796
5798
5877
9797
5799
5878
9798
5800
5879
9799
5801
5880
9800
5802
5881
9801
5803
5882
9802
5804
5883
9803
5805
5884
9804
5806
5885
9805
5807
5886
9806
5808
5887
9807
5809
5888
9808
5810
5889
9809
5811
5890
9810
5812
5891
9811
5813
5892
9812
5814
5893
9813
5815
5894
9814
5816
5895
9815
5817
5896
9816
5818
5897
9817
5819
5898
9818
5820
5899
9819
5821
5900
9820
5822
5901
9821
5823
5902
9822
5824
5903
9823
5825
5904
9824
5826
5905
9825
5827
5906
9826
5828
5907
9827
5829
5908
9828
5830
5909
9829
5831
5910
9830
5832
5911
9831
5833
5912
9832
5834
5913
9833
5835
5914
9834
5836
5915
9835
5837
5916
9836
5838
5917
9837
5839
5918
9838
5919
9839
5841
5920
9840
5842
5921
9841
5843
5922
9842
5844
5923
9843
5845
5924
9844
5846
5925
9845
5847
5926
9846
5848
5927
9847
5849
5928
9848
5850
5929
9849
5851
5930
9850
5852
5931
9851
5853
5932
9852
5854
5933
9853
5855
5934
9854
5856
5935
9855
5857
5936
9856
5858
5937
9857
5859
5938
9858
5860
5939
9859
5861
5940
9860
5862
5941
9861
5863
5942
9862
5864
5943
9863
5865
5944
9864
5866
5945
9865
5867
5946
9866
5868
5947
9867
5869
5948
9868
5870
5949
9869
5871
5950
9870
5872
5951
9871
5873
5952
9872
5874
5953
9873
5875
5954
9874
5876
5955
9875
5877
5956
9876
5878
5957
9877
5879
5958
9878
5880
5959
9879
5881
5960
9880
5882
5961
9881
5883
5962
9882
5884
5963
9883
5885
5964
9884
5886
5965
9885
5887
5966
9886
5888
5967
9887
5889
5968
9888
5890
5969
9889
5891
5970
9890
5892
5971
9891
5893
5972
9892
5894
5973
9893
5895
5974
9894
5896
5975
9895
5897
5976
9896
5898
5977
9897
5899
5978
9898
5900
5979
9899
5901
5980
9900
5902
5981
9901
5903
5982
9902
5904
5983
9903
5905
5984
9904
5906
5985
9905
5907
5986
9906
5908
5987
9907
5909
5988
9908
5910
5989
9909
5911
5990
9910
5912
5991
9911
5913
5992
9912
5914
5993
9913
5915
5994
9914
5916
5995
9915
5917
5996
9916
5918
5997
9917
5919
5998
9918
5999
9919
5921
6000
9920
5922
6001
9921
5923
6002
9922
5924
6003
9923
5925
6004
9924
5926
6005
9925
5927
6006
9926
5928
6007
9927
5929
6008
9928
5930
6009
9929
5931
6010
9930
5932
6011
9931
5933
6012
9932
5934
6013
9933
5935
6014
9934
5936
6015
9935
5937
6016
9936
5938
6017
9937
5939
6018
9938
5940
6019
9939
5941
6020
9940
5942
6021
9941
5943
6022
9942
5944
6023
9943
5945
6024
9944
5946
6025
9945
5947
6026
9946
5948
6027
9947
5949
6028
9948
5950
6029
9949
5951
6030
9950
5952
6031
9951
5953
6032
9952
5954
6033
9953
5955
6034
9954
5956
6035
9955
5957
6036
9956
5958
6037
9957
5959
6038
9958
5960
6039
9959
5961
6040
9960
5962
6041
9961
5963
6042
9962
5964
6043
9963
5965
6044
9964
5966
6045
9965
5967
6046
9966
5968
6047
9967
5969
6048
9968
5970
6049
9969
5971
6050
9970
5972
6051
9971
5973
6052
9972
5974
6053
9973
5975
6054
9974
5976
6055
9975
5977
6056
9976
5978
6057
9977
5979
6058
9978
5980
6059
9979
5981
6060
9980
5982
6061
9981
5983
6062
9982
5984
6063
9983
5985
6064
9984
5986
6065
9985
5987
6066
9986
5988
6067
9987
5989
6068
9988
5990
6069
9989
5991
6070
9990
5992
6071
9991
5993
6072
9992
5994
6073
9993
5995
6074
9994
5996
6075
9995
5997
6076
9996
5998
6077
9997
5999
6078
9998
6079
9999
6001
6080
10000
6002
6081
10001
6003
6082
10002
6004
6083
10003
6005
6084
10004
6006
6085
10005
6007
6086
10006
6008
6087
10007
6009
6088
10008
6010
6089
10009
6011
6090
10010
6012
6091
10011
6013
6092
10012
6014
6093
10013
6015
6094
10014
6016
6095
10015
6017
6096
10016
6018
6097
10017
6019
6098
10018
6020
6099
10019
6021
6100
10020
6022
6101
10021
6023
6102
10022
6024
6103
10023
6025
6104
10024
6026
6105
10025
6027
6106
10026
6028
6107
10027
6029
6108
10028
6030
6109
10029
6031
6110
10030
6032
6111
10031
6033
6112
10032
6034
6113
10033
6035
6114
10034
6036
6115
10035
6037
6116
10036
6038
6117
10037
6039
6118
10038
6040
6119
10039
6041
6120
10040
6042
6121
10041
6043
6122
10042
6044
6123
10043
6045
6124
10044
6046
6125
10045
6047
6126
10046
6048
6127
10047
6049
6128
10048
6050
6129
10049
6051
6130
10050
6052
6131
10051
6053
6132
10052
6054
6133
10053
6055
6134
10054
6056
6135
10055
6057
6136
10056
6058
6137
10057
6059
6138
10058
6060
6139
10059
6061
6140
10060
6062
6141
10061
6063
6142
10062
6064
6143
10063
6065
6144
10064
6066
6145
10065
6067
6146
10066
6068
6147
10067
6069
6148
10068
6070
6149
10069
6071
6150
10070
6072
6151
10071
6073
6152
10072
6074
6153
10073
6075
6154
10074
6076
6155
10075
6077
6156
10076
6078
6157
10077
6079
6158
10078
6159
10079
6081
6160
10080
6082
6161
10081
6083
6162
10082
6084
6163
10083
6085
6164
10084
6086
6165
10085
6087
6166
10086
6088
6167
10087
6089
6168
10088
6090
6169
10089
6091
6170
10090
6092
6171
10091
6093
6172
10092
6094
6173
10093
6095
6174
10094
6096
6175
10095
6097
6176
10096
6098
6177
10097
6099
6178
10098
6100
6179
10099
6101
6180
10100
6102
6181
10101
6103
6182
10102
6104
6183
10103
6105
6184
10104
6106
6185
10105
6107
6186
10106
6108
6187
10107
6109
6188
10108
6110
6189
10109
6111
6190
10110
6112
6191
10111
6113
6192
10112
6114
6193
10113
6115
6194
10114
6116
6195
10115
6117
6196
10116
6118
6197
10117
6119
6198
10118
6120
6199
10119
6121
6200
10120
6122
6201
10121
6123
6202
10122
6124
6203
10123
6125
6204
10124
6126
6205
10125
6127
6206
10126
6128
6207
10127
6129
6208
10128
6130
6209
10129
6131
6210
10130
6132
6211
10131
6133
6212
10132
6134
6213
10133
6135
6214
10134
6136
6215
10135
6137
6216
10136
6138
6217
10137
6139
6218
10138
6140
6219
10139
6141
6220
10140
6142
6221
10141
6143
6222
10142
6144
6223
10143
6145
6224
10144
6146
6225
10145
6147
6226
10146
6148
6227
10147
6149
6228
10148
6150
6229
10149
6151
6230
10150
6152
6231
10151
6153
6232
10152
6154
6233
10153
6155
6234
10154
6156
6235
10155
6157
6236
10156
6158
6237
10157
6159
6238
10158
6239
10159
6161
6240
10160
6162
6241
10161
6163
6242
10162
6164
6243
10163
6165
6244
10164
6166
6245
10165
6167
6246
10166
6168
6247
10167
6169
6248
10168
6170
6249
10169
6171
6250
10170
6172
6251
10171
6173
6252
10172
6174
6253
10173
6175
6254
10174
6176
6255
10175
6177
6256
10176
6178
6257
10177
6179
6258
10178
6180
6259
10179
6181
6260
10180
6182
6261
10181
6183
6262
10182
6184
6263
10183
6185
6264
10184
6186
6265
10185
6187
6266
10186
6188
6267
10187
6189
6268
10188
6190
6269
10189
6191
6270
10190
6192
6271
10191
6193
6272
10192
6194
6273
10193
6195
6274
10194
6196
6275
10195
6197
6276
10196
6198
6277
10197
6199
6278
10198
6200
6279
10199
6201
6280
10200
6202
6281
10201
6203
6282
10202
6204
6283
10203
6205
6284
10204
6206
6285
10205
6207
6286
10206
6208
6287
10207
6209
6288
10208
6210
6289
10209
6211
6290
10210
6212
6291
10211
6213
6292
10212
6214
6293
10213
6215
6294
10214
6216
6295
10215
6217
6296
10216
6218
6297
10217
6219
6298
10218
6220
6299
10219
6221
6300
10220
6222
6301
10221
6223
6302
10222
6224
6303
10223
6225
6304
10224
6226
6305
10225
6227
6306
10226
6228
6307
10227
6229
6308
10228
6230
6309
10229
6231
6310
10230
6232
6311
10231
6233
6312
10232
6234
6313
10233
6235
6314
10234
6236
6315
10235
6237
6316
10236
6238
6317
10237
6239
6318
10238
6319
10239
6241
6320
10240
6242
6321
10241
6243
6322
10242
6244
6323
10243
6245
6324
10244
6246
6325
10245
6247
6326
10246
6248
6327
10247
6249
6328
10248
6250
6329
10249
6251
6330
10250
6252
6331
10251
6253
6332
10252
6254
6333
10253
6255
6334
10254
6256
6335
10255
6257
6336
10256
6258
6337
10257
6259
6338
10258
6260
6339
10259
6261
6340
10260
6262
6341
10261
6263
6342
10262
6264
6343
10263
6265
6344
10264
6266
6345
10265
6267
6346
10266
6268
6347
10267
6269
6348
10268
6270
6349
10269
6271
6350
10270
6272
6351
10271
6273
6352
10272
6274
6353
10273
6275
6354
10274
6276
6355
10275
6277
6356
10276
6278
6357
10277
6279
6358
10278
6280
6359
10279
6281
6360
10280
6282
6361
10281
6283
6362
10282
6284
6363
10283
6285
6364
10284
6286
6365
10285
6287
6366
10286
6288
6367
10287
6289
6368
10288
6290
6369
10289
6291
6370
10290
6292
6371
10291
6293
6372
10292
6294
6373
10293
6295
6374
10294
6296
6375
10295
6297
6376
10296
6298
6377
10297
6299
6378
10298
6300
6379
10299
6301
6380
10300
6302
6381
10301
6303
6382
10302
6304
6383
10303
6305
6384
10304
6306
6385
10305
6307
6386
10306
6308
6387
10307
6309
6388
10308
6310
6389
10309
6311
6390
10310
6312
6391
10311
6313
6392
10312
6314
6393
10313
6315
6394
10314
6316
6395
10315
6317
6396
10316
6318
6397
10317
6319
6398
10318
6399
10319
6321
6400
10320
6322
6401
10321
6323
6402
10322
6324
6403
10323
6325
6404
10324
6326
6405
10325
6327
6406
10326
6328
6407
10327
6329
6408
10328
6330
6409
10329
6331
6410
10330
6332
6411
10331
6333
6412
10332
6334
6413
10333
6335
6414
10334
6336
6415
10335
6337
6416
10336
6338
6417
10337
6339
6418
10338
6340
6419
10339
6341
6420
10340
6342
6421
10341
6343
6422
10342
6344
6423
10343
6345
6424
10344
6346
6425
10345
6347
6426
10346
6348
6427
10347
6349
6428
10348
6350
6429
10349
6351
6430
10350
6352
6431
10351
6353
6432
10352
6354
6433
10353
6355
6434
10354
6356
6435
10355
6357
6436
10356
6358
6437
10357
6359
6438
10358
6360
6439
10359
6361
6440
10360
6362
6441
10361
6363
6442
10362
6364
6443
10363
6365
6444
10364
6366
6445
10365
6367
6446
10366
6368
6447
10367
6369
6448
10368
6370
6449
10369
6371
6450
10370
6372
6451
10371
6373
6452
10372
6374
6453
10373
6375
6454
10374
6376
6455
10375
6377
6456
10376
6378
6457
10377
6379
6458
10378
6380
6459
10379
6381
6460
10380
6382
6461
10381
6383
6462
10382
6384
6463
10383
6385
6464
10384
6386
6465
10385
6387
6466
10386
6388
6467
10387
6389
6468
10388
6390
6469
10389
6391
6470
10390
6392
6471
10391
6393
6472
10392
6394
6473
10393
6395
6474
10394
6396
6475
10395
6397
6476
10396
6398
6477
10397
6399
6478
10398
6479
10399
6401
6480
10400
6402
6481
10401
6403
6482
10402
6404
6483
10403
6405
6484
10404
6406
6485
10405
6407
6486
10406
6408
6487
10407
6409
6488
10408
6410
6489
10409
6411
6490
10410
6412
6491
10411
6413
6492
10412
6414
6493
10413
6415
6494
10414
6416
6495
10415
6417
6496
10416
6418
6497
10417
6419
6498
10418
6420
6499
10419
6421
6500
10420
6422
6501
10421
6423
6502
10422
6424
6503
10423
6425
6504
10424
6426
6505
10425
6427
6506
10426
6428
6507
10427
6429
6508
10428
6430
6509
10429
6431
6510
10430
6432
6511
10431
6433
6512
10432
6434
6513
10433
6435
6514
10434
6436
6515
10435
6437
6516
10436
6438
6517
10437
6439
6518
10438
6440
6519
10439
6441
6520
10440
6442
6521
10441
6443
6522
10442
6444
6523
10443
6445
6524
10444
6446
6525
10445
6447
6526
10446
6448
6527
10447
6449
6528
10448
6450
6529
10449
6451
6530
10450
6452
6531
10451
6453
6532
10452
6454
6533
10453
6455
6534
10454
6456
6535
10455
6457
6536
10456
6458
6537
10457
6459
6538
10458
6460
6539
10459
6461
6540
10460
6462
6541
10461
6463
6542
10462
6464
6543
10463
6465
6544
10464
6466
6545
10465
6467
6546
10466
6468
6547
10467
6469
6548
10468
6470
6549
10469
6471
6550
10470
6472
6551
10471
6473
6552
10472
6474
6553
10473
6475
6554
10474
6476
6555
10475
6477
6556
10476
6478
6557
10477
6479
6558
10478
6559
10479
6481
6560
10480
6482
6561
10481
6483
6562
10482
6484
6563
10483
6485
6564
10484
6486
6565
10485
6487
6566
10486
6488
6567
10487
6489
6568
10488
6490
6569
10489
6491
6570
10490
6492
6571
10491
6493
6572
10492
6494
6573
10493
6495
6574
10494
6496
6575
10495
6497
6576
10496
6498
6577
10497
6499
6578
10498
6500
6579
10499
6501
6580
10500
6502
6581
10501
6503
6582
10502
6504
6583
10503
6505
6584
10504
6506
6585
10505
6507
6586
10506
6508
6587
10507
6509
6588
10508
6510
6589
10509
6511
6590
10510
6512
6591
10511
6513
6592
10512
6514
6593
10513
6515
6594
10514
6516
6595
10515
6517
6596
10516
6518
6597
10517
6519
6598
10518
6520
6599
10519
6521
6600
10520
6522
6601
10521
6523
6602
10522
6524
6603
10523
6525
6604
10524
6526
6605
10525
6527
6606
10526
6528
6607
10527
6529
6608
10528
6530
6609
10529
6531
6610
10530
6532
6611
10531
6533
6612
10532
6534
6613
10533
6535
6614
10534
6536
6615
10535
6537
6616
10536
6538
6617
10537
6539
6618
10538
6540
6619
10539
6541
6620
10540
6542
6621
10541
6543
6622
10542
6544
6623
10543
6545
6624
10544
6546
6625
10545
6547
6626
10546
6548
6627
10547
6549
6628
10548
6550
6629
10549
6551
6630
10550
6552
6631
10551
6553
6632
10552
6554
6633
10553
6555
6634
10554
6556
6635
10555
6557
6636
10556
6558
6637
10557
6559
6638
10558
6639
10559
6561
6640
10560
6562
6641
10561
6563
6642
10562
6564
6643
10563
6565
6644
10564
6566
6645
10565
6567
6646
10566
6568
6647
10567
6569
6648
10568
6570
6649
10569
6571
6650
10570
6572
6651
10571
6573
6652
10572
6574
6653
10573
6575
6654
10574
6576
6655
10575
6577
6656
10576
6578
6657
10577
6579
6658
10578
6580
6659
10579
6581
6660
10580
6582
6661
10581
6583
6662
10582
6584
6663
10583
6585
6664
10584
6586
6665
10585
6587
6666
10586
6588
6667
10587
6589
6668
10588
6590
6669
10589
6591
6670
10590
6592
6671
10591
6593
6672
10592
6594
6673
10593
6595
6674
10594
6596
6675
10595
6597
6676
10596
6598
6677
10597
6599
6678
10598
6600
6679
10599
6601
6680
10600
6602
6681
10601
6603
6682
10602
6604
6683
10603
6605
6684
10604
6606
6685
10605
6607
6686
10606
6608
6687
10607
6609
6688
10608
6610
6689
10609
6611
6690
10610
6612
6691
10611
6613
6692
10612
6614
6693
10613
6615
6694
10614
6616
6695
10615
6617
6696
10616
6618
6697
10617
6619
6698
10618
6620
6699
10619
6621
6700
10620
6622
6701
10621
6623
6702
10622
6624
6703
10623
6625
6704
10624
6626
6705
10625
6627
6706
10626
6628
6707
10627
6629
6708
10628
6630
6709
10629
6631
6710
10630
6632
6711
10631
6633
6712
10632
6634
6713
10633
6635
6714
10634
6636
6715
10635
6637
6716
10636
6638
6717
10637
6639
6718
10638
6719
10639
6641
6720
10640
6642
6721
10641
6643
6722
10642
6644
6723
10643
6645
6724
10644
6646
6725
10645
6647
6726
10646
6648
6727
10647
6649
6728
10648
6650
6729
10649
6651
6730
10650
6652
6731
10651
6653
6732
10652
6654
6733
10653
6655
6734
10654
6656
6735
10655
6657
6736
10656
6658
6737
10657
6659
6738
10658
6660
6739
10659
6661
6740
10660
6662
6741
10661
6663
6742
10662
6664
6743
10663
6665
6744
10664
6666
6745
10665
6667
6746
10666
6668
6747
10667
6669
6748
10668
6670
6749
10669
6671
6750
10670
6672
6751
10671
6673
6752
10672
6674
6753
10673
6675
6754
10674
6676
6755
10675
6677
6756
10676
6678
6757
10677
6679
6758
10678
6680
6759
10679
6681
6760
10680
6682
6761
10681
6683
6762
10682
6684
6763
10683
6685
6764
10684
6686
6765
10685
6687
6766
10686
6688
6767
10687
6689
6768
10688
6690
6769
10689
6691
6770
10690
6692
6771
10691
6693
6772
10692
6694
6773
10693
6695
6774
10694
6696
6775
10695
6697
6776
10696
6698
6777
10697
6699
6778
10698
6700
6779
10699
6701
6780
10700
6702
6781
10701
6703
6782
10702
6704
6783
10703
6705
6784
10704
6706
6785
10705
6707
6786
10706
6708
6787
10707
6709
6788
10708
6710
6789
10709
6711
6790
10710
6712
6791
10711
6713
6792
10712
6714
6793
10713
6715
6794
10714
6716
6795
10715
6717
6796
10716
6718
6797
10717
6719
6798
10718
6799
10719
6721
6800
10720
6722
6801
10721
6723
6802
10722
6724
6803
10723
6725
6804
10724
6726
6805
10725
6727
6806
10726
6728
6807
10727
6729
6808
10728
6730
6809
10729
6731
6810
10730
6732
6811
10731
6733
6812
10732
6734
6813
10733
6735
6814
10734
6736
6815
10735
6737
6816
10736
6738
6817
10737
6739
6818
10738
6740
6819
10739
6741
6820
10740
6742
6821
10741
6743
6822
10742
6744
6823
10743
6745
6824
10744
6746
6825
10745
6747
6826
10746
6748
6827
10747
6749
6828
10748
6750
6829
10749
6751
6830
10750
6752
6831
10751
6753
6832
10752
6754
6833
10753
6755
6834
10754
6756
6835
10755
6757
6836
10756
6758
6837
10757
6759
6838
10758
6760
6839
10759
6761
6840
10760
6762
6841
10761
6763
6842
10762
6764
6843
10763
6765
6844
10764
6766
6845
10765
6767
6846
10766
6768
6847
10767
6769
6848
10768
6770
6849
10769
6771
6850
10770
6772
6851
10771
6773
6852
10772
6774
6853
10773
6775
6854
10774
6776
6855
10775
6777
6856
10776
6778
6857
10777
6779
6858
10778
6780
6859
10779
6781
6860
10780
6782
6861
10781
6783
6862
10782
6784
6863
10783
6785
6864
10784
6786
6865
10785
6787
6866
10786
6788
6867
10787
6789
6868
10788
6790
6869
10789
6791
6870
10790
6792
6871
10791
6793
6872
10792
6794
6873
10793
6795
6874
10794
6796
6875
10795
6797
6876
10796
6798
6877
10797
6799
6878
10798
6879
10799
6801
6880
10800
6802
6881
10801
6803
6882
10802
6804
6883
10803
6805
6884
10804
6806
6885
10805
6807
6886
10806
6808
6887
10807
6809
6888
10808
6810
6889
10809
6811
6890
10810
6812
6891
10811
6813
6892
10812
6814
6893
10813
6815
6894
10814
6816
6895
10815
6817
6896
10816
6818
6897
10817
6819
6898
10818
6820
6899
10819
6821
6900
10820
6822
6901
10821
6823
6902
10822
6824
6903
10823
6825
6904
10824
6826
6905
10825
6827
6906
10826
6828
6907
10827
6829
6908
10828
6830
6909
10829
6831
6910
10830
6832
6911
10831
6833
6912
10832
6834
6913
10833
6835
6914
10834
6836
6915
10835
6837
6916
10836
6838
6917
10837
6839
6918
10838
6840
6919
10839
6841
6920
10840
6842
6921
10841
6843
6922
10842
6844
6923
10843
6845
6924
10844
6846
6925
10845
6847
6926
10846
6848
6927
10847
6849
6928
10848
6850
6929
10849
6851
6930
10850
6852
6931
10851
6853
6932
10852
6854
6933
10853
6855
6934
10854
6856
6935
10855
6857
6936
10856
6858
6937
10857
6859
6938
10858
6860
6939
10859
6861
6940
10860
6862
6941
10861
6863
6942
10862
6864
6943
10863
6865
6944
10864
6866
6945
10865
6867
6946
10866
6868
6947
10867
6869
6948
10868
6870
6949
10869
6871
6950
10870
6872
6951
10871
6873
6952
10872
6874
6953
10873
6875
6954
10874
6876
6955
10875
6877
6956
10876
6878
6957
10877
6879
6958
10878
6959
10879
6881
6960
10880
6882
6961
10881
6883
6962
10882
6884
6963
10883
6885
6964
10884
6886
6965
10885
6887
6966
10886
6888
6967
10887
6889
6968
10888
6890
6969
10889
6891
6970
10890
6892
6971
10891
6893
6972
10892
6894
6973
10893
6895
6974
10894
6896
6975
10895
6897
6976
10896
6898
6977
10897
6899
6978
10898
6900
6979
10899
6901
6980
10900
6902
6981
10901
6903
6982
10902
6904
6983
10903
6905
6984
10904
6906
6985
10905
6907
6986
10906
6908
6987
10907
6909
6988
10908
6910
6989
10909
6911
6990
10910
6912
6991
10911
6913
6992
10912
6914
6993
10913
6915
6994
10914
6916
6995
10915
6917
6996
10916
6918
6997
10917
6919
6998
10918
6920
6999
10919
6921
7000
10920
6922
7001
10921
6923
7002
10922
6924
7003
10923
6925
7004
10924
6926
7005
10925
6927
7006
10926
6928
7007
10927
6929
7008
10928
6930
7009
10929
6931
7010
10930
6932
7011
10931
6933
7012
10932
6934
7013
10933
6935
7014
10934
6936
7015
10935
6937
7016
10936
6938
7017
10937
6939
7018
10938
6940
7019
10939
6941
7020
10940
6942
7021
10941
6943
7022
10942
6944
7023
10943
6945
7024
10944
6946
7025
10945
6947
7026
10946
6948
7027
10947
6949
7028
10948
6950
7029
10949
6951
7030
10950
6952
7031
10951
6953
7032
10952
6954
7033
10953
6955
7034
10954
6956
7035
10955
6957
7036
10956
6958
7037
10957
6959
7038
10958
7039
10959
6961
7040
10960
6962
7041
10961
6963
7042
10962
6964
7043
10963
6965
7044
10964
6966
7045
10965
6967
7046
10966
6968
7047
10967
6969
7048
10968
6970
7049
10969
6971
7050
10970
6972
7051
10971
6973
7052
10972
6974
7053
10973
6975
7054
10974
6976
7055
10975
6977
7056
10976
6978
7057
10977
6979
7058
10978
6980
7059
10979
6981
7060
10980
6982
7061
10981
6983
7062
10982
6984
7063
10983
6985
7064
10984
6986
7065
10985
6987
7066
10986
6988
7067
10987
6989
7068
10988
6990
7069
10989
6991
7070
10990
6992
7071
10991
6993
7072
10992
6994
7073
10993
6995
7074
10994
6996
7075
10995
6997
7076
10996
6998
7077
10997
6999
7078
10998
7000
7079
10999
7001
7080
11000
7002
7081
11001
7003
7082
11002
7004
7083
11003
7005
7084
11004
7006
7085
11005
7007
7086
11006
7008
7087
11007
7009
7088
11008
7010
7089
11009
7011
7090
11010
7012
7091
11011
7013
7092
11012
7014
7093
11013
7015
7094
11014
7016
7095
11015
7017
7096
11016
7018
7097
11017
7019
7098
11018
7020
7099
11019
7021
7100
11020
7022
7101
11021
7023
7102
11022
7024
7103
11023
7025
7104
11024
7026
7105
11025
7027
7106
11026
7028
7107
11027
7029
7108
11028
7030
7109
11029
7031
7110
11030
7032
7111
11031
7033
7112
11032
7034
7113
11033
7035
7114
11034
7036
7115
11035
7037
7116
11036
7038
7117
11037
7039
7118
11038
7119
11039
7041
7120
11040
7042
7121
11041
7043
7122
11042
7044
7123
11043
7045
7124
11044
7046
7125
11045
7047
7126
11046
7048
7127
11047
7049
7128
11048
7050
7129
11049
7051
7130
11050
7052
7131
11051
7053
7132
11052
7054
7133
11053
7055
7134
11054
7056
7135
11055
7057
7136
11056
7058
7137
11057
7059
7138
11058
7060
7139
11059
7061
7140
11060
7062
7141
11061
7063
7142
11062
7064
7143
11063
7065
7144
11064
7066
7145
11065
7067
7146
11066
7068
7147
11067
7069
7148
11068
7070
7149
11069
7071
7150
11070
7072
7151
11071
7073
7152
11072
7074
7153
11073
7075
7154
11074
7076
7155
11075
7077
7156
11076
7078
7157
11077
7079
7158
11078
7080
7159
11079
7081
7160
11080
7082
7161
11081
7083
7162
11082
7084
7163
11083
7085
7164
11084
7086
7165
11085
7087
7166
11086
7088
7167
11087
7089
7168
11088
7090
7169
11089
7091
7170
11090
7092
7171
11091
7093
7172
11092
7094
7173
11093
7095
7174
11094
7096
7175
11095
7097
7176
11096
7098
7177
11097
7099
7178
11098
7100
7179
11099
7101
7180
11100
7102
7181
11101
7103
7182
11102
7104
7183
11103
7105
7184
11104
7106
7185
11105
7107
7186
11106
7108
7187
11107
7109
7188
11108
7110
7189
11109
7111
7190
11110
7112
7191
11111
7113
7192
11112
7114
7193
11113
7115
7194
11114
7116
7195
11115
7117
7196
11116
7118
7197
11117
7119
7198
11118
7199
11119
7121
7200
11120
7122
7201
11121
7123
7202
11122
7124
7203
11123
7125
7204
11124
7126
7205
11125
7127
7206
11126
7128
7207
11127
7129
7208
11128
7130
7209
11129
7131
7210
11130
7132
7211
11131
7133
7212
11132
7134
7213
11133
7135
7214
11134
7136
7215
11135
7137
7216
11136
7138
7217
11137
7139
7218
11138
7140
7219
11139
7141
7220
11140
7142
7221
11141
7143
7222
11142
7144
7223
11143
7145
7224
11144
7146
7225
11145
7147
7226
11146
7148
7227
11147
7149
7228
11148
7150
7229
11149
7151
7230
11150
7152
7231
11151
7153
7232
11152
7154
7233
11153
7155
7234
11154
7156
7235
11155
7157
7236
11156
7158
7237
11157
7159
7238
11158
7160
7239
11159
7161
7240
11160
7162
7241
11161
7163
7242
11162
7164
7243
11163
7165
7244
11164
7166
7245
11165
7167
7246
11166
7168
7247
11167
7169
7248
11168
7170
7249
11169
7171
7250
11170
7172
7251
11171
7173
7252
11172
7174
7253
11173
7175
7254
11174
7176
7255
11175
7177
7256
11176
7178
7257
11177
7179
7258
11178
7180
7259
11179
7181
7260
11180
7182
7261
11181
7183
7262
11182
7184
7263
11183
7185
7264
11184
7186
7265
11185
7187
7266
11186
7188
7267
11187
7189
7268
11188
7190
7269
11189
7191
7270
11190
7192
7271
11191
7193
7272
11192
7194
7273
11193
7195
7274
11194
7196
7275
11195
7197
7276
11196
7198
7277
11197
7199
7278
11198
7279
11199
7201
7280
11200
7202
7281
11201
7203
7282
11202
7204
7283
11203
7205
7284
11204
7206
7285
11205
7207
7286
11206
7208
7287
11207
7209
7288
11208
7210
7289
11209
7211
7290
11210
7212
7291
11211
7213
7292
11212
7214
7293
11213
7215
7294
11214
7216
7295
11215
7217
7296
11216
7218
7297
11217
7219
7298
11218
7220
7299
11219
7221
7300
11220
7222
7301
11221
7223
7302
11222
7224
7303
11223
7225
7304
11224
7226
7305
11225
7227
7306
11226
7228
7307
11227
7229
7308
11228
7230
7309
11229
7231
7310
11230
7232
7311
11231
7233
7312
11232
7234
7313
11233
7235
7314
11234
7236
7315
11235
7237
7316
11236
7238
7317
11237
7239
7318
11238
7240
7319
11239
7241
7320
11240
7242
7321
11241
7243
7322
11242
7244
7323
11243
7245
7324
11244
7246
7325
11245
7247
7326
11246
7248
7327
11247
7249
7328
11248
7250
7329
11249
7251
7330
11250
7252
7331
11251
7253
7332
11252
7254
7333
11253
7255
7334
11254
7256
7335
11255
7257
7336
11256
7258
7337
11257
7259
7338
11258
7260
7339
11259
7261
7340
11260
7262
7341
11261
7263
7342
11262
7264
7343
11263
7265
7344
11264
7266
7345
11265
7267
7346
11266
7268
7347
11267
7269
7348
11268
7270
7349
11269
7271
7350
11270
7272
7351
11271
7273
7352
11272
7274
7353
11273
7275
7354
11274
7276
7355
11275
7277
7356
11276
7278
7357
11277
7279
7358
11278
7359
11279
7281
7360
11280
7282
7361
11281
7283
7362
11282
7284
7363
11283
7285
7364
11284
7286
7365
11285
7287
7366
11286
7288
7367
11287
7289
7368
11288
7290
7369
11289
7291
7370
11290
7292
7371
11291
7293
7372
11292
7294
7373
11293
7295
7374
11294
7296
7375
11295
7297
7376
11296
7298
7377
11297
7299
7378
11298
7300
7379
11299
7301
7380
11300
7302
7381
11301
7303
7382
11302
7304
7383
11303
7305
7384
11304
7306
7385
11305
7307
7386
11306
7308
7387
11307
7309
7388
11308
7310
7389
11309
7311
7390
11310
7312
7391
11311
7313
7392
11312
7314
7393
11313
7315
7394
11314
7316
7395
11315
7317
7396
11316
7318
7397
11317
7319
7398
11318
7320
7399
11319
7321
7400
11320
7322
7401
11321
7323
7402
11322
7324
7403
11323
7325
7404
11324
7326
7405
11325
7327
7406
11326
7328
7407
11327
7329
7408
11328
7330
7409
11329
7331
7410
11330
7332
7411
11331
7333
7412
11332
7334
7413
11333
7335
7414
11334
7336
7415
11335
7337
7416
11336
7338
7417
11337
7339
7418
11338
7340
7419
11339
7341
7420
11340
7342
7421
11341
7343
7422
11342
7344
7423
11343
7345
7424
11344
7346
7425
11345
7347
7426
11346
7348
7427
11347
7349
7428
11348
7350
7429
11349
7351
7430
11350
7352
7431
11351
7353
7432
11352
7354
7433
11353
7355
7434
11354
7356
7435
11355
7357
7436
11356
7358
7437
11357
7359
7438
11358
7439
11359
7361
7440
11360
7362
7441
11361
7363
7442
11362
7364
7443
11363
7365
7444
11364
7366
7445
11365
7367
7446
11366
7368
7447
11367
7369
7448
11368
7370
7449
11369
7371
7450
11370
7372
7451
11371
7373
7452
11372
7374
7453
11373
7375
7454
11374
7376
7455
11375
7377
7456
11376
7378
7457
11377
7379
7458
11378
7380
7459
11379
7381
7460
11380
7382
7461
11381
7383
7462
11382
7384
7463
11383
7385
7464
11384
7386
7465
11385
7387
7466
11386
7388
7467
11387
7389
7468
11388
7390
7469
11389
7391
7470
11390
7392
7471
11391
7393
7472
11392
7394
7473
11393
7395
7474
11394
7396
7475
11395
7397
7476
11396
7398
7477
11397
7399
7478
11398
7400
7479
11399
7401
7480
11400
7402
7481
11401
7403
7482
11402
7404
7483
11403
7405
7484
11404
7406
7485
11405
7407
7486
11406
7408
7487
11407
7409
7488
11408
7410
7489
11409
7411
7490
11410
7412
7491
11411
7413
7492
11412
7414
7493
11413
7415
7494
11414
7416
7495
11415
7417
7496
11416
7418
7497
11417
7419
7498
11418
7420
7499
11419
7421
7500
11420
7422
7501
11421
7423
7502
11422
7424
7503
11423
7425
7504
11424
7426
7505
11425
7427
7506
11426
7428
7507
11427
7429
7508
11428
7430
7509
11429
7431
7510
11430
7432
7511
11431
7433
7512
11432
7434
7513
11433
7435
7514
11434
7436
7515
11435
7437
7516
11436
7438
7517
11437
7439
7518
11438
7519
11439
7441
7520
11440
7442
7521
11441
7443
7522
11442
7444
7523
11443
7445
7524
11444
7446
7525
11445
7447
7526
11446
7448
7527
11447
7449
7528
11448
7450
7529
11449
7451
7530
11450
7452
7531
11451
7453
7532
11452
7454
7533
11453
7455
7534
11454
7456
7535
11455
7457
7536
11456
7458
7537
11457
7459
7538
11458
7460
7539
11459
7461
7540
11460
7462
7541
11461
7463
7542
11462
7464
7543
11463
7465
7544
11464
7466
7545
11465
7467
7546
11466
7468
7547
11467
7469
7548
11468
7470
7549
11469
7471
7550
11470
7472
7551
11471
7473
7552
11472
7474
7553
11473
7475
7554
11474
7476
7555
11475
7477
7556
11476
7478
7557
11477
7479
7558
11478
7480
7559
11479
7481
7560
11480
7482
7561
11481
7483
7562
11482
7484
7563
11483
7485
7564
11484
7486
7565
11485
7487
7566
11486
7488
7567
11487
7489
7568
11488
7490
7569
11489
7491
7570
11490
7492
7571
11491
7493
7572
11492
7494
7573
11493
7495
7574
11494
7496
7575
11495
7497
7576
11496
7498
7577
11497
7499
7578
11498
7500
7579
11499
7501
7580
11500
7502
7581
11501
7503
7582
11502
7504
7583
11503
7505
7584
11504
7506
7585
11505
7507
7586
11506
7508
7587
11507
7509
7588
11508
7510
7589
11509
7511
7590
11510
7512
7591
11511
7513
7592
11512
7514
7593
11513
7515
7594
11514
7516
7595
11515
7517
7596
11516
7518
7597
11517
7519
7598
11518
7599
11519
7521
7600
11520
7522
7601
11521
7523
7602
11522
7524
7603
11523
7525
7604
11524
7526
7605
11525
7527
7606
11526
7528
7607
11527
7529
7608
11528
7530
7609
11529
7531
7610
11530
7532
7611
11531
7533
7612
11532
7534
7613
11533
7535
7614
11534
7536
7615
11535
7537
7616
11536
7538
7617
11537
7539
7618
11538
7540
7619
11539
7541
7620
11540
7542
7621
11541
7543
7622
11542
7544
7623
11543
7545
7624
11544
7546
7625
11545
7547
7626
11546
7548
7627
11547
7549
7628
11548
7550
7629
11549
7551
7630
11550
7552
7631
11551
7553
7632
11552
7554
7633
11553
7555
7634
11554
7556
7635
11555
7557
7636
11556
7558
7637
11557
7559
7638
11558
7560
7639
11559
7561
7640
11560
7562
7641
11561
7563
7642
11562
7564
7643
11563
7565
7644
11564
7566
7645
11565
7567
7646
11566
7568
7647
11567
7569
7648
11568
7570
7649
11569
7571
7650
11570
7572
7651
11571
7573
7652
11572
7574
7653
11573
7575
7654
11574
7576
7655
11575
7577
7656
11576
7578
7657
11577
7579
7658
11578
7580
7659
11579
7581
7660
11580
7582
7661
11581
7583
7662
11582
7584
7663
11583
7585
7664
11584
7586
7665
11585
7587
7666
11586
7588
7667
11587
7589
7668
11588
7590
7669
11589
7591
7670
11590
7592
7671
11591
7593
7672
11592
7594
7673
11593
7595
7674
11594
7596
7675
11595
7597
7676
11596
7598
7677
11597
7599
7678
11598
7679
11599
7601
7680
11600
7602
7681
11601
7603
7682
11602
7604
7683
11603
7605
7684
11604
7606
7685
11605
7607
7686
11606
7608
7687
11607
7609
7688
11608
7610
7689
11609
7611
7690
11610
7612
7691
11611
7613
7692
11612
7614
7693
11613
7615
7694
11614
7616
7695
11615
7617
7696
11616
7618
7697
11617
7619
7698
11618
7620
7699
11619
7621
7700
11620
7622
7701
11621
7623
7702
11622
7624
7703
11623
7625
7704
11624
7626
7705
11625
7627
7706
11626
7628
7707
11627
7629
7708
11628
7630
7709
11629
7631
7710
11630
7632
7711
11631
7633
7712
11632
7634
7713
11633
7635
7714
11634
7636
7715
11635
7637
7716
11636
7638
7717
11637
7639
7718
11638
7640
7719
11639
7641
7720
11640
7642
7721
11641
7643
7722
11642
7644
7723
11643
7645
7724
11644
7646
7725
11645
7647
7726
11646
7648
7727
11647
7649
7728
11648
7650
7729
11649
7651
7730
11650
7652
7731
11651
7653
7732
11652
7654
7733
11653
7655
7734
11654
7656
7735
11655
7657
7736
11656
7658
7737
11657
7659
7738
11658
7660
7739
11659
7661
7740
11660
7662
7741
11661
7663
7742
11662
7664
7743
11663
7665
7744
11664
7666
7745
11665
7667
7746
11666
7668
7747
11667
7669
7748
11668
7670
7749
11669
7671
7750
11670
7672
7751
11671
7673
7752
11672
7674
7753
11673
7675
7754
11674
7676
7755
11675
7677
7756
11676
7678
7757
11677
7679
7758
11678
7759
11679
7681
7760
11680
7682
7761
11681
7683
7762
11682
7684
7763
11683
7685
7764
11684
7686
7765
11685
7687
7766
11686
7688
7767
11687
7689
7768
11688
7690
7769
11689
7691
7770
11690
7692
7771
11691
7693
7772
11692
7694
7773
11693
7695
7774
11694
7696
7775
11695
7697
7776
11696
7698
7777
11697
7699
7778
11698
7700
7779
11699
7701
7780
11700
7702
7781
11701
7703
7782
11702
7704
7783
11703
7705
7784
11704
7706
7785
11705
7707
7786
11706
7708
7787
11707
7709
7788
11708
7710
7789
11709
7711
7790
11710
7712
7791
11711
7713
7792
11712
7714
7793
11713
7715
7794
11714
7716
7795
11715
7717
7796
11716
7718
7797
11717
7719
7798
11718
7720
7799
11719
7721
7800
11720
7722
7801
11721
7723
7802
11722
7724
7803
11723
7725
7804
11724
7726
7805
11725
7727
7806
11726
7728
7807
11727
7729
7808
11728
7730
7809
11729
7731
7810
11730
7732
7811
11731
7733
7812
11732
7734
7813
11733
7735
7814
11734
7736
7815
11735
7737
7816
11736
7738
7817
11737
7739
7818
11738
7740
7819
11739
7741
7820
11740
7742
7821
11741
7743
7822
11742
7744
7823
11743
7745
7824
11744
7746
7825
11745
7747
7826
11746
7748
7827
11747
7749
7828
11748
7750
7829
11749
7751
7830
11750
7752
7831
11751
7753
7832
11752
7754
7833
11753
7755
7834
11754
7756
7835
11755
7757
7836
11756
7758
7837
11757
7759
7838
11758
7839
11759
7761
7840
11760
7762
7841
11761
7763
7842
11762
7764
7843
11763
7765
7844
11764
7766
7845
11765
7767
7846
11766
7768
7847
11767
7769
7848
11768
7770
7849
11769
7771
7850
11770
7772
7851
11771
7773
7852
11772
7774
7853
11773
7775
7854
11774
7776
7855
11775
7777
7856
11776
7778
7857
11777
7779
7858
11778
7780
7859
11779
7781
7860
11780
7782
7861
11781
7783
7862
11782
7784
7863
11783
7785
7864
11784
7786
7865
11785
7787
7866
11786
7788
7867
11787
7789
7868
11788
7790
7869
11789
7791
7870
11790
7792
7871
11791
7793
7872
11792
7794
7873
11793
7795
7874
11794
7796
7875
11795
7797
7876
11796
7798
7877
11797
7799
7878
11798
7800
7879
11799
7801
7880
11800
7802
7881
11801
7803
7882
11802
7804
7883
11803
7805
7884
11804
7806
7885
11805
7807
7886
11806
7808
7887
11807
7809
7888
11808
7810
7889
11809
7811
7890
11810
7812
7891
11811
7813
7892
11812
7814
7893
11813
7815
7894
11814
7816
7895
11815
7817
7896
11816
7818
7897
11817
7819
7898
11818
7820
7899
11819
7821
7900
11820
7822
7901
11821
7823
7902
11822
7824
7903
11823
7825
7904
11824
7826
7905
11825
7827
7906
11826
7828
7907
11827
7829
7908
11828
7830
7909
11829
7831
7910
11830
7832
7911
11831
7833
7912
11832
7834
7913
11833
7835
7914
11834
7836
7915
11835
7837
7916
11836
7838
7917
11837
7839
7918
11838
7919
11839
7841
7920
11840
7842
7921
11841
7843
7922
11842
7844
7923
11843
7845
7924
11844
7846
7925
11845
7847
7926
11846
7848
7927
11847
7849
7928
11848
7850
7929
11849
7851
7930
11850
7852
7931
11851
7853
7932
11852
7854
7933
11853
7855
7934
11854
7856
7935
11855
7857
7936
11856
7858
7937
11857
7859
7938
11858
7860
7939
11859
7861
7940
11860
7862
7941
11861
7863
7942
11862
7864
7943
11863
7865
7944
11864
7866
7945
11865
7867
7946
11866
7868
7947
11867
7869
7948
11868
7870
7949
11869
7871
7950
11870
7872
7951
11871
7873
7952
11872
7874
7953
11873
7875
7954
11874
7876
7955
11875
7877
7956
11876
7878
7957
11877
7879
7958
11878
7880
7959
11879
7881
7960
11880
7882
7961
11881
7883
7962
11882
7884
7963
11883
7885
7964
11884
7886
7965
11885
7887
7966
11886
7888
7967
11887
7889
7968
11888
7890
7969
11889
7891
7970
11890
7892
7971
11891
7893
7972
11892
7894
7973
11893
7895
7974
11894
7896
7975
11895
7897
7976
11896
7898
7977
11897
7899
7978
11898
7900
7979
11899
7901
7980
11900
7902
7981
11901
7903
7982
11902
7904
7983
11903
7905
7984
11904
7906
7985
11905
7907
7986
11906
7908
7987
11907
7909
7988
11908
7910
7989
11909
7911
7990
11910
7912
7991
11911
7913
7992
11912
7914
7993
11913
7915
7994
11914
7916
7995
11915
7917
7996
11916
7918
7997
11917
7919
7998
11918
7999
11919
7921
11920
16000
7922
11921
16001
7923
11922
16002
7924
11923
16003
7925
11924
16004
7926
11925
16005
7927
11926
16006
7928
11927
16007
7929
11928
16008
7930
11929
16009
7931
11930
16010
7932
11931
16011
7933
11932
16012
7934
11933
16013
7935
11934
16014
7936
11935
16015
7937
11936
16016
7938
11937
16017
7939
11938
16018
7940
11939
16019
7941
11940
16020
7942
11941
16021
7943
11942
16022
7944
11943
16023
7945
11944
16024
7946
11945
16025
7947
11946
16026
7948
11947
16027
7949
11948
16028
7950
11949
16029
7951
11950
16030
7952
11951
16031
7953
11952
16032
7954
11953
16033
7955
11954
16034
7956
11955
16035
7957
11956
16036
7958
11957
16037
7959
11958
16038
7960
11959
16039
7961
11960
16040
7962
11961
16041
7963
11962
16042
7964
11963
16043
7965
11964
16044
7966
11965
16045
7967
11966
16046
7968
11967
16047
7969
11968
16048
7970
11969
16049
7971
11970
16050
7972
11971
16051
7973
11972
16052
7974
11973
16053
7975
11974
16054
7976
11975
16055
7977
11976
16056
7978
11977
16057
7979
11978
16058
7980
11979
16059
7981
11980
16060
7982
11981
16061
7983
11982
16062
7984
11983
16063
7985
11984
16064
7986
11985
16065
7987
11986
16066
7988
11987
16067
7989
11988
16068
7990
11989
16069
7991
11990
16070
7992
11991
16071
7993
11992
16072
7994
11993
16073
7995
11994
16074
7996
11995
16075
7997
11996
16076
7998
11997
16077
7999
11998
16078
11999
16079
8001
8080
8002
8081
8003
8082
8004
8083
8005
8084
8006
8085
8007
8086
8008
8087
8009
8088
8010
8089
8011
8090
8012
8091
8013
8092
8014
8093
8015
8094
8016
8095
8017
8096
8018
8097
8019
8098
8020
8099
8021
8100
8022
8101
8023
8102
8024
8103
8025
8104
8026
8105
8027
8106
8028
8107
8029
8108
8030
8109
8031
8110
8032
8111
8033
8112
8034
8113
8035
8114
8036
8115
8037
8116
8038
8117
8039
8118
8040
8119
8041
8120
8042
8121
8043
8122
8044
8123
8045
8124
8046
8125
8047
8126
8048
8127
8049
8128
8050
8129
8051
8130
8052
8131
8053
8132
8054
8133
8055
8134
8056
8135
8057
8136
8058
8137
8059
8138
8060
8139
8061
8140
8062
8141
8063
8142
8064
8143
8065
8144
8066
8145
8067
8146
8068
8147
8069
8148
8070
8149
8071
8150
8072
8151
8073
8152
8074
8153
8075
8154
8076
8155
8077
8156
8078
8157
8079
8158
8159
8081
8160
8082
8161
8083
8162
8084
8163
8085
8164
8086
8165
8087
8166
8088
8167
8089
8168
8090
8169
8091
8170
8092
8171
8093
8172
8094
8173
8095
8174
8096
8175
8097
8176
8098
8177
8099
8178
8100
8179
8101
8180
8102
8181
8103
8182
8104
8183
8105
8184
8106
8185
8107
8186
8108
8187
8109
8188
8110
8189
8111
8190
8112
8191
8113
8192
8114
8193
8115
8194
8116
8195
8117
8196
8118
8197
8119
8198
8120
8199
8121
8200
8122
8201
8123
8202
8124
8203
8125
8204
8126
8205
8127
8206
8128
8207
8129
8208
8130
8209
8131
8210
8132
8211
8133
8212
8134
8213
8135
8214
8136
8215
8137
8216
8138
8217
8139
8218
8140
8219
8141
8220
8142
8221
8143
8222
8144
8223
8145
8224
8146
8225
8147
8226
8148
8227
8149
8228
8150
8229
8151
8230
8152
8231
8153
8232
8154
8233
8155
8234
8156
8235
8157
8236
8158
8237
8159
8238
8239
8161
8240
8162
8241
8163
8242
8164
8243
8165
8244
8166
8245
8167
8246
8168
8247
8169
8248
8170
8249
8171
8250
8172
8251
8173
8252
8174
8253
8175
8254
8176
8255
8177
8256
8178
8257
8179
8258
8180
8259
8181
8260
8182
8261
8183
8262
8184
8263
8185
8264
8186
8265
8187
8266
8188
8267
8189
8268
8190
8269
8191
8270
8192
8271
8193
8272
8194
8273
8195
8274
8196
8275
8197
8276
8198
8277
8199
8278
8200
8279
8201
8280
8202
8281
8203
8282
8204
8283
8205
8284
8206
8285
8207
8286
8208
8287
8209
8288
8210
8289
8211
8290
8212
8291
8213
8292
8214
8293
8215
8294
8216
8295
8217
8296
8218
8297
8219
8298
8220
8299
8221
8300
8222
8301
8223
8302
8224
8303
8225
8304
8226
8305
8227
8306
8228
8307
8229
8308
8230
8309
8231
8310
8232
8311
8233
8312
8234
8313
8235
8314
8236
8315
8237
8316
8238
8317
8239
8318
8319
8241
8320
8242
8321
8243
8322
8244
8323
8245
8324
8246
8325
8247
8326
8248
8327
8249
8328
8250
8329
8251
8330
8252
8331
8253
8332
8254
8333
8255
8334
8256
8335
8257
8336
8258
8337
8259
8338
8260
8339
8261
8340
8262
8341
8263
8342
8264
8343
8265
8344
8266
8345
8267
8346
8268
8347
8269
8348
8270
8349
8271
8350
8272
8351
8273
8352
8274
8353
8275
8354
8276
8355
8277
8356
8278
8357
8279
8358
8280
8359
8281
8360
8282
8361
8283
8362
8284
8363
8285
8364
8286
8365
8287
8366
8288
8367
8289
8368
8290
8369
8291
8370
8292
8371
8293
8372
8294
8373
8295
8374
8296
8375
8297
8376
8298
8377
8299
8378
8300
8379
8301
8380
8302
8381
8303
8382
8304
8383
8305
8384
8306
8385
8307
8386
8308
8387
8309
8388
8310
8389
8311
8390
8312
8391
8313
8392
8314
8393
8315
8394
8316
8395
8317
8396
8318
8397
8319
8398
8399
8321
8400
8322
8401
8323
8402
8324
8403
8325
8404
8326
8405
8327
8406
8328
8407
8329
8408
8330
8409
8331
8410
8332
8411
8333
8412
8334
8413
8335
8414
8336
8415
8337
8416
8338
8417
8339
8418
8340
8419
8341
8420
8342
8421
8343
8422
8344
8423
8345
8424
8346
8425
8347
8426
8348
8427
8349
8428
8350
8429
8351
8430
8352
8431
8353
8432
8354
8433
8355
8434
8356
8435
8357
8436
8358
8437
8359
8438
8360
8439
8361
8440
8362
8441
8363
8442
8364
8443
8365
8444
8366
8445
8367
8446
8368
8447
8369
8448
8370
8449
8371
8450
8372
8451
8373
8452
8374
8453
8375
8454
8376
8455
8377
8456
8378
8457
8379
8458
8380
8459
8381
8460
8382
8461
8383
8462
8384
8463
8385
8464
8386
8465
8387
8466
8388
8467
8389
8468
8390
8469
8391
8470
8392
8471
8393
8472
8394
8473
8395
8474
8396
8475
8397
8476
8398
8477
8399
8478
8479
8401
8480
8402
8481
8403
8482
8404
8483
8405
8484
8406
8485
8407
8486
8408
8487
8409
8488
8410
8489
8411
8490
8412
8491
8413
8492
8414
8493
8415
8494
8416
8495
8417
8496
8418
8497
8419
8498
8420
8499
8421
8500
8422
8501
8423
8502
8424
8503
8425
8504
8426
8505
8427
8506
8428
8507
8429
8508
8430
8509
8431
8510
8432
8511
8433
8512
8434
8513
8435
8514
8436
8515
8437
8516
8438
8517
8439
8518
8440
8519
8441
8520
8442
8521
8443
8522
8444
8523
8445
8524
8446
8525
8447
8526
8448
8527
8449
8528
8450
8529
8451
8530
8452
8531
8453
8532
8454
8533
8455
8534
8456
8535
8457
8536
8458
8537
8459
8538
8460
8539
8461
8540
8462
8541
8463
8542
8464
8543
8465
8544
8466
8545
8467
8546
8468
8547
8469
8548
8470
8549
8471
8550
8472
8551
8473
8552
8474
8553
8475
8554
8476
8555
8477
8556
8478
8557
8479
8558
8559
8481
8560
8482
8561
8483
8562
8484
8563
8485
8564
8486
8565
8487
8566
8488
8567
8489
8568
8490
8569
8491
8570
8492
8571
8493
8572
8494
8573
8495
8574
8496
8575
8497
8576
8498
8577
8499
8578
8500
8579
8501
8580
8502
8581
8503
8582
8504
8583
8505
8584
8506
8585
8507
8586
8508
8587
8509
8588
8510
8589
8511
8590
8512
8591
8513
8592
8514
8593
8515
8594
8516
8595
8517
8596
8518
8597
8519
8598
8520
8599
8521
8600
8522
8601
8523
8602
8524
8603
8525
8604
8526
8605
8527
8606
8528
8607
8529
8608
8530
8609
8531
8610
8532
8611
8533
8612
8534
8613
8535
8614
8536
8615
8537
8616
8538
8617
8539
8618
8540
8619
8541
8620
8542
8621
8543
8622
8544
8623
8545
8624
8546
8625
8547
8626
8548
8627
8549
8628
8550
8629
8551
8630
8552
8631
8553
8632
8554
8633
8555
8634
8556
8635
8557
8636
8558
8637
8559
8638
8639
8561
8640
8562
8641
8563
8642
8564
8643
8565
8644
8566
8645
8567
8646
8568
8647
8569
8648
8570
8649
8571
8650
8572
8651
8573
8652
8574
8653
8575
8654
8576
8655
8577
8656
8578
8657
8579
8658
8580
8659
8581
8660
8582
8661
8583
8662
8584
8663
8585
8664
8586
8665
8587
8666
8588
8667
8589
8668
8590
8669
8591
8670
8592
8671
8593
8672
8594
8673
8595
8674
8596
8675
8597
8676
8598
8677
8599
8678
8600
8679
8601
8680
8602
8681
8603
8682
8604
8683
8605
8684
8606
8685
8607
8686
8608
8687
8609
8688
8610
8689
8611
8690
8612
8691
8613
8692
8614
8693
8615
8694
8616
8695
8617
8696
8618
8697
8619
8698
8620
8699
8621
8700
8622
8701
8623
8702
8624
8703
8625
8704
8626
8705
8627
8706
8628
8707
8629
8708
8630
8709
8631
8710
8632
8711
8633
8712
8634
8713
8635
8714
8636
8715
8637
8716
8638
8717
8639
8718
8719
8641
8720
8642
8721
8643
8722
8644
8723
8645
8724
8646
8725
8647
8726
8648
8727
8649
8728
8650
8729
8651
8730
8652
8731
8653
8732
8654
8733
8655
8734
8656
8735
8657
8736
8658
8737
8659
8738
8660
8739
8661
8740
8662
8741
8663
8742
8664
8743
8665
8744
8666
8745
8667
8746
8668
8747
8669
8748
8670
8749
8671
8750
8672
8751
8673
8752
8674
8753
8675
8754
8676
8755
8677
8756
8678
8757
8679
8758
8680
8759
8681
8760
8682
8761
8683
8762
8684
8763
8685
8764
8686
8765
8687
8766
8688
8767
8689
8768
8690
8769
8691
8770
8692
8771
8693
8772
8694
8773
8695
8774
8696
8775
8697
8776
8698
8777
8699
8778
8700
8779
8701
8780
8702
8781
8703
8782
8704
8783
8705
8784
8706
8785
8707
8786
8708
8787
8709
8788
8710
8789
8711
8790
8712
8791
8713
8792
8714
8793
8715
8794
8716
8795
8717
8796
8718
8797
8719
8798
8799
8721
8800
8722
8801
8723
8802
8724
8803
8725
8804
8726
8805
8727
8806
8728
8807
8729
8808
8730
8809
8731
8810
8732
8811
8733
8812
8734
8813
8735
8814
8736
8815
8737
8816
8738
8817
8739
8818
8740
8819
8741
8820
8742
8821
8743
8822
8744
8823
8745
8824
8746
8825
8747
8826
8748
8827
8749
8828
8750
8829
8751
8830
8752
8831
8753
8832
8754
8833
8755
8834
8756
8835
8757
8836
8758
8837
8759
8838
8760
8839
8761
8840
8762
8841
8763
8842
8764
8843
8765
8844
8766
8845
8767
8846
8768
8847
8769
8848
8770
8849
8771
8850
8772
8851
8773
8852
8774
8853
8775
8854
8776
8855
8777
8856
8778
8857
8779
8858
8780
8859
8781
8860
8782
8861
8783
8862
8784
8863
8785
8864
8786
8865
8787
8866
8788
8867
8789
8868
8790
8869
8791
8870
8792
8871
8793
8872
8794
8873
8795
8874
8796
8875
8797
8876
8798
8877
8799
8878
8879
8801
8880
8802
8881
8803
8882
8804
8883
8805
8884
8806
8885
8807
8886
8808
8887
8809
8888
8810
8889
8811
8890
8812
8891
8813
8892
8814
8893
8815
8894
8816
8895
8817
8896
8818
8897
8819
8898
8820
8899
8821
8900
8822
8901
8823
8902
8824
8903
8825
8904
8826
8905
8827
8906
8828
8907
8829
8908
8830
8909
8831
8910
8832
8911
8833
8912
8834
8913
8835
8914
8836
8915
8837
8916
8838
8917
8839
8918
8840
8919
8841
8920
8842
8921
8843
8922
8844
8923
8845
8924
8846
8925
8847
8926
8848
8927
8849
8928
8850
8929
8851
8930
8852
8931
8853
8932
8854
8933
8855
8934
8856
8935
8857
8936
8858
8937
8859
8938
8860
8939
8861
8940
8862
8941
8863
8942
8864
8943
8865
8944
8866
8945
8867
8946
8868
8947
8869
8948
8870
8949
8871
8950
8872
8951
8873
8952
8874
8953
8875
8954
8876
8955
8877
8956
8878
8957
8879
8958
8959
8881
8960
8882
8961
8883
8962
8884
8963
8885
8964
8886
8965
8887
8966
8888
8967
8889
8968
8890
8969
8891
8970
8892
8971
8893
8972
8894
8973
8895
8974
8896
8975
8897
8976
8898
8977
8899
8978
8900
8979
8901
8980
8902
8981
8903
8982
8904
8983
8905
8984
8906
8985
8907
8986
8908
8987
8909
8988
8910
8989
8911
8990
8912
8991
8913
8992
8914
8993
8915
8994
8916
8995
8917
8996
8918
8997
8919
8998
8920
8999
8921
9000
8922
9001
8923
9002
8924
9003
8925
9004
8926
9005
8927
9006
8928
9007
8929
9008
8930
9009
8931
9010
8932
9011
8933
9012
8934
9013
8935
9014
8936
9015
8937
9016
8938
9017
8939
9018
8940
9019
8941
9020
8942
9021
8943
9022
8944
9023
8945
9024
8946
9025
8947
9026
8948
9027
8949
9028
8950
9029
8951
9030
8952
9031
8953
9032
8954
9033
8955
9034
8956
9035
8957
9036
8958
9037
8959
9038
9039
8961
9040
8962
9041
8963
9042
8964
9043
8965
9044
8966
9045
8967
9046
8968
9047
8969
9048
8970
9049
8971
9050
8972
9051
8973
9052
8974
9053
8975
9054
8976
9055
8977
9056
8978
9057
8979
9058
8980
9059
8981
9060
8982
9061
8983
9062
8984
9063
8985
9064
8986
9065
8987
9066
8988
9067
8989
9068
8990
9069
8991
9070
8992
9071
8993
9072
8994
9073
8995
9074
8996
9075
8997
9076
8998
9077
8999
9078
9000
9079
9001
9080
9002
9081
9003
9082
9004
9083
9005
9084
9006
9085
9007
9086
9008
9087
9009
9088
9010
9089
9011
9090
9012
9091
9013
9092
9014
9093
9015
9094
9016
9095
9017
9096
9018
9097
9019
9098
9020
9099
9021
9100
9022
9101
9023
9102
9024
9103
9025
9104
9026
9105
9027
9106
9028
9107
9029
9108
9030
9109
9031
9110
9032
9111
9033
9112
9034
9113
9035
9114
9036
9115
9037
9116
9038
9117
9039
9118
9119
9041
9120
9042
9121
9043
9122
9044
9123
9045
9124
9046
9125
9047
9126
9048
9127
9049
9128
9050
9129
9051
9130
9052
9131
9053
9132
9054
9133
9055
9134
9056
9135
9057
9136
9058
9137
9059
9138
9060
9139
9061
9140
9062
9141
9063
9142
9064
9143
9065
9144
9066
9145
9067
9146
9068
9147
9069
9148
9070
9149
9071
9150
9072
9151
9073
9152
9074
9153
9075
9154
9076
9155
9077
9156
9078
9157
9079
9158
9080
9159
9081
9160
9082
9161
9083
9162
9084
9163
9085
9164
9086
9165
9087
9166
9088
9167
9089
9168
9090
9169
9091
9170
9092
9171
9093
9172
9094
9173
9095
9174
9096
9175
9097
9176
9098
9177
9099
9178
9100
9179
9101
9180
9102
9181
9103
9182
9104
9183
9105
9184
9106
9185
9107
9186
9108
9187
9109
9188
9110
9189
9111
9190
9112
9191
9113
9192
9114
9193
9115
9194
9116
9195
9117
9196
9118
9197
9119
9198
9199
9121
9200
9122
9201
9123
9202
9124
9203
9125
9204
9126
9205
9127
9206
9128
9207
9129
9208
9130
9209
9131
9210
9132
9211
9133
9212
9134
9213
9135
9214
9136
9215
9137
9216
9138
9217
9139
9218
9140
9219
9141
9220
9142
9221
9143
9222
9144
9223
9145
9224
9146
9225
9147
9226
9148
9227
9149
9228
9150
9229
9151
9230
9152
9231
9153
9232
9154
9233
9155
9234
9156
9235
9157
9236
9158
9237
9159
9238
9160
9239
9161
9240
9162
9241
9163
9242
9164
9243
9165
9244
9166
9245
9167
9246
9168
9247
9169
9248
9170
9249
9171
9250
9172
9251
9173
9252
9174
9253
9175
9254
9176
9255
9177
9256
9178
9257
9179
9258
9180
9259
9181
9260
9182
9261
9183
9262
9184
9263
9185
9264
9186
9265
9187
9266
9188
9267
9189
9268
9190
9269
9191
9270
9192
9271
9193
9272
9194
9273
9195
9274
9196
9275
9197
9276
9198
9277
9199
9278
9279
9201
9280
9202
9281
9203
9282
9204
9283
9205
9284
9206
9285
9207
9286
9208
9287
9209
9288
9210
9289
9211
9290
9212
9291
9213
9292
9214
9293
9215
9294
9216
9295
9217
9296
9218
9297
9219
9298
9220
9299
9221
9300
9222
9301
9223
9302
9224
9303
9225
9304
9226
9305
9227
9306
9228
9307
9229
9308
9230
9309
9231
9310
9232
9311
9233
9312
9234
9313
9235
9314
9236
9315
9237
9316
9238
9317
9239
9318
9240
9319
9241
9320
9242
9321
9243
9322
9244
9323
9245
9324
9246
9325
9247
9326
9248
9327
9249
9328
9250
9329
9251
9330
9252
9331
9253
9332
9254
9333
9255
9334
9256
9335
9257
9336
9258
9337
9259
9338
9260
9339
9261
9340
9262
9341
9263
9342
9264
9343
9265
9344
9266
9345
9267
9346
9268
9347
9269
9348
9270
9349
9271
9350
9272
9351
9273
9352
9274
9353
9275
9354
9276
9355
9277
9356
9278
9357
9279
9358
9359
9281
9360
9282
9361
9283
9362
9284
9363
9285
9364
9286
9365
9287
9366
9288
9367
9289
9368
9290
9369
9291
9370
9292
9371
9293
9372
9294
9373
9295
9374
9296
9375
9297
9376
9298
9377
9299
9378
9300
9379
9301
9380
9302
9381
9303
9382
9304
9383
9305
9384
9306
9385
9307
9386
9308
9387
9309
9388
9310
9389
9311
9390
9312
9391
9313
9392
9314
9393
9315
9394
9316
9395
9317
9396
9318
9397
9319
9398
9320
9399
9321
9400
9322
9401
9323
9402
9324
9403
9325
9404
9326
9405
9327
9406
9328
9407
9329
9408
9330
9409
9331
9410
9332
9411
9333
9412
9334
9413
9335
9414
9336
9415
9337
9416
9338
9417
9339
9418
9340
9419
9341
9420
9342
9421
9343
9422
9344
9423
9345
9424
9346
9425
9347
9426
9348
9427
9349
9428
9350
9429
9351
9430
9352
9431
9353
9432
9354
9433
9355
9434
9356
9435
9357
9436
9358
9437
9359
9438
9439
9361
9440
9362
9441
9363
9442
9364
9443
9365
9444
9366
9445
9367
9446
9368
9447
9369
9448
9370
9449
9371
9450
9372
9451
9373
9452
9374
9453
9375
9454
9376
9455
9377
9456
9378
9457
9379
9458
9380
9459
9381
9460
9382
9461
9383
9462
9384
9463
9385
9464
9386
9465
9387
9466
9388
9467
9389
9468
9390
9469
9391
9470
9392
9471
9393
9472
9394
9473
9395
9474
9396
9475
9397
9476
9398
9477
9399
9478
9400
9479
9401
9480
9402
9481
9403
9482
9404
9483
9405
9484
9406
9485
9407
9486
9408
9487
9409
9488
9410
9489
9411
9490
9412
9491
9413
9492
9414
9493
9415
9494
9416
9495
9417
9496
9418
9497
9419
9498
9420
9499
9421
9500
9422
9501
9423
9502
9424
9503
9425
9504
9426
9505
9427
9506
9428
9507
9429
9508
9430
9509
9431
9510
9432
9511
9433
9512
9434
9513
9435
9514
9436
9515
9437
9516
9438
9517
9439
9518
9519
9441
9520
9442
9521
9443
9522
9444
9523
9445
9524
9446
9525
9447
9526
9448
9527
9449
9528
9450
9529
9451
9530
9452
9531
9453
9532
9454
9533
9455
9534
9456
9535
9457
9536
9458
9537
9459
9538
9460
9539
9461
9540
9462
9541
9463
9542
9464
9543
9465
9544
9466
9545
9467
9546
9468
9547
9469
9548
9470
9549
9471
9550
9472
9551
9473
9552
9474
9553
9475
9554
9476
9555
9477
9556
9478
9557
9479
9558
9480
9559
9481
9560
9482
9561
9483
9562
9484
9563
9485
9564
9486
9565
9487
9566
9488
9567
9489
9568
9490
9569
9491
9570
9492
9571
9493
9572
9494
9573
9495
9574
9496
9575
9497
9576
9498
9577
9499
9578
9500
9579
9501
9580
9502
9581
9503
9582
9504
9583
9505
9584
9506
9585
9507
9586
9508
9587
9509
9588
9510
9589
9511
9590
9512
9591
9513
9592
9514
9593
9515
9594
9516
9595
9517
9596
9518
9597
9519
9598
9599
9521
9600
9522
9601
9523
9602
9524
9603
9525
9604
9526
9605
9527
9606
9528
9607
9529
9608
9530
9609
9531
9610
9532
9611
9533
9612
9534
9613
9535
9614
9536
9615
9537
9616
9538
9617
9539
9618
9540
9619
9541
9620
9542
9621
9543
9622
9544
9623
9545
9624
9546
9625
9547
9626
9548
9627
9549
9628
9550
9629
9551
9630
9552
9631
9553
9632
9554
9633
9555
9634
9556
9635
9557
9636
9558
9637
9559
9638
9560
9639
9561
9640
9562
9641
9563
9642
9564
9643
9565
9644
9566
9645
9567
9646
9568
9647
9569
9648
9570
9649
9571
9650
9572
9651
9573
9652
9574
9653
9575
9654
9576
9655
9577
9656
9578
9657
9579
9658
9580
9659
9581
9660
9582
9661
9583
9662
9584
9663
9585
9664
9586
9665
9587
9666
9588
9667
9589
9668
9590
9669
9591
9670
9592
9671
9593
9672
9594
9673
9595
9674
9596
9675
9597
9676
9598
9677
9599
9678
9679
9601
9680
9602
9681
9603
9682
9604
9683
9605
9684
9606
9685
9607
9686
9608
9687
9609
9688
9610
9689
9611
9690
9612
9691
9613
9692
9614
9693
9615
9694
9616
9695
9617
9696
9618
9697
9619
9698
9620
9699
9621
9700
9622
9701
9623
9702
9624
9703
9625
9704
9626
9705
9627
9706
9628
9707
9629
9708
9630
9709
9631
9710
9632
9711
9633
9712
9634
9713
9635
9714
9636
9715
9637
9716
9638
9717
9639
9718
9640
9719
9641
9720
9642
9721
9643
9722
9644
9723
9645
9724
9646
9725
9647
9726
9648
9727
9649
9728
9650
9729
9651
9730
9652
9731
9653
9732
9654
9733
9655
9734
9656
9735
9657
9736
9658
9737
9659
9738
9660
9739
9661
9740
9662
9741
9663
9742
9664
9743
9665
9744
9666
9745
9667
9746
9668
9747
9669
9748
9670
9749
9671
9750
9672
9751
9673
9752
9674
9753
9675
9754
9676
9755
9677
9756
9678
9757
9679
9758
9759
9681
9760
9682
9761
9683
9762
9684
9763
9685
9764
9686
9765
9687
9766
9688
9767
9689
9768
9690
9769
9691
9770
9692
9771
9693
9772
9694
9773
9695
9774
9696
9775
9697
9776
9698
9777
9699
9778
9700
9779
9701
9780
9702
9781
9703
9782
9704
9783
9705
9784
9706
9785
9707
9786
9708
9787
9709
9788
9710
9789
9711
9790
9712
9791
9713
9792
9714
9793
9715
9794
9716
9795
9717
9796
9718
9797
9719
9798
9720
9799
9721
9800
9722
9801
9723
9802
9724
9803
9725
9804
9726
9805
9727
9806
9728
9807
9729
9808
9730
9809
9731
9810
9732
9811
9733
9812
9734
9813
9735
9814
9736
9815
9737
9816
9738
9817
9739
9818
9740
9819
9741
9820
9742
9821
9743
9822
9744
9823
9745
9824
9746
9825
9747
9826
9748
9827
9749
9828
9750
9829
9751
9830
9752
9831
9753
9832
9754
9833
9755
9834
9756
9835
9757
9836
9758
9837
9759
9838
9839
9761
9840
9762
9841
9763
9842
9764
9843
9765
9844
9766
9845
9767
9846
9768
9847
9769
9848
9770
9849
9771
9850
9772
9851
9773
9852
9774
9853
9775
9854
9776
9855
9777
9856
9778
9857
9779
9858
9780
9859
9781
9860
9782
9861
9783
9862
9784
9863
9785
9864
9786
9865
9787
9866
9788
9867
9789
9868
9790
9869
9791
9870
9792
9871
9793
9872
9794
9873
9795
9874
9796
9875
9797
9876
9798
9877
9799
9878
9800
9879
9801
9880
9802
9881
9803
9882
9804
9883
9805
9884
9806
9885
9807
9886
9808
9887
9809
9888
9810
9889
9811
9890
9812
9891
9813
9892
9814
9893
9815
9894
9816
9895
9817
9896
9818
9897
9819
9898
9820
9899
9821
9900
9822
9901
9823
9902
9824
9903
9825
9904
9826
9905
9827
9906
9828
9907
9829
9908
9830
9909
9831
9910
9832
9911
9833
9912
9834
9913
9835
9914
9836
9915
9837
9916
9838
9917
9839
9918
9919
9841
9920
9842
9921
9843
9922
9844
9923
9845
9924
9846
9925
9847
9926
9848
9927
9849
9928
9850
9929
9851
9930
9852
9931
9853
9932
9854
9933
9855
9934
9856
9935
9857
9936
9858
9937
9859
9938
9860
9939
9861
9940
9862
9941
9863
9942
9864
9943
9865
9944
9866
9945
9867
9946
9868
9947
9869
9948
9870
9949
9871
9950
9872
9951
9873
9952
9874
9953
9875
9954
9876
9955
9877
9956
9878
9957
9879
9958
9880
9959
9881
9960
9882
9961
9883
9962
9884
9963
9885
9964
9886
9965
9887
9966
9888
9967
9889
9968
9890
9969
9891
9970
9892
9971
9893
9972
9894
9973
9895
9974
9896
9975
9897
9976
9898
9977
9899
9978
9900
9979
9901
9980
9902
9981
9903
9982
9904
9983
9905
9984
9906
9985
9907
9986
9908
9987
9909
9988
9910
9989
9911
9990
9912
9991
9913
9992
9914
9993
9915
9994
9916
9995
9917
9996
9918
9997
9919
9998
9999
9921
10000
9922
10001
9923
10002
9924
10003
9925
10004
9926
10005
9927
10006
9928
10007
9929
10008
9930
10009
9931
10010
9932
10011
9933
10012
9934
10013
9935
10014
9936
10015
9937
10016
9938
10017
9939
10018
9940
10019
9941
10020
9942
10021
9943
10022
9944
10023
9945
10024
9946
10025
9947
10026
9948
10027
9949
10028
9950
10029
9951
10030
9952
10031
9953
10032
9954
10033
9955
10034
9956
10035
9957
10036
9958
10037
9959
10038
9960
10039
9961
10040
9962
10041
9963
10042
9964
10043
9965
10044
9966
10045
9967
10046
9968
10047
9969
10048
9970
10049
9971
10050
9972
10051
9973
10052
9974
10053
9975
10054
9976
10055
9977
10056
9978
10057
9979
10058
9980
10059
9981
10060
9982
10061
9983
10062
9984
10063
9985
10064
9986
10065
9987
10066
9988
10067
9989
10068
9990
10069
9991
10070
9992
10071
9993
10072
9994
10073
9995
10074
9996
10075
9997
10076
9998
10077
9999
10078
10079
10001
10080
10002
10081
10003
10082
10004
10083
10005
10084
10006
10085
10007
10086
10008
10087
10009
10088
10010
10089
10011
10090
10012
10091
10013
10092
10014
10093
10015
10094
10016
10095
10017
10096
10018
10097
10019
10098
10020
10099
10021
10100
10022
10101
10023
10102
10024
10103
10025
10104
10026
10105
10027
10106
10028
10107
10029
10108
10030
10109
10031
10110
10032
10111
10033
10112
10034
10113
10035
10114
10036
10115
10037
10116
10038
10117
10039
10118
10040
10119
10041
10120
10042
10121
10043
10122
10044
10123
10045
10124
10046
10125
10047
10126
10048
10127
10049
10128
10050
10129
10051
10130
10052
10131
10053
10132
10054
10133
10055
10134
10056
10135
10057
10136
10058
10137
10059
10138
10060
10139
10061
10140
10062
10141
10063
10142
10064
10143
10065
10144
10066
10145
10067
10146
10068
10147
10069
10148
10070
10149
10071
10150
10072
10151
10073
10152
10074
10153
10075
10154
10076
10155
10077
10156
10078
10157
10079
10158
10159
10081
10160
10082
10161
10083
10162
10084
10163
10085
10164
10086
10165
10087
10166
10088
10167
10089
10168
10090
10169
10091
10170
10092
10171
10093
10172
10094
10173
10095
10174
10096
10175
10097
10176
10098
10177
10099
10178
10100
10179
10101
10180
10102
10181
10103
10182
10104
10183
10105
10184
10106
10185
10107
10186
10108
10187
10109
10188
10110
10189
10111
10190
10112
10191
10113
10192
10114
10193
10115
10194
10116
10195
10117
10196
10118
10197
10119
10198
10120
10199
10121
10200
10122
10201
10123
10202
10124
10203
10125
10204
10126
10205
10127
10206
10128
10207
10129
10208
10130
10209
10131
10210
10132
10211
10133
10212
10134
10213
10135
10214
10136
10215
10137
10216
10138
10217
10139
10218
10140
10219
10141
10220
10142
10221
10143
10222
10144
10223
10145
10224
10146
10225
10147
10226
10148
10227
10149
10228
10150
10229
10151
10230
10152
10231
10153
10232
10154
10233
10155
10234
10156
10235
10157
10236
10158
10237
10159
10238
10239
10161
10240
10162
10241
10163
10242
10164
10243
10165
10244
10166
10245
10167
10246
10168
10247
10169
10248
10170
10249
10171
10250
10172
10251
10173
10252
10174
10253
10175
10254
10176
10255
10177
10256
10178
10257
10179
10258
10180
10259
10181
10260
10182
10261
10183
10262
10184
10263
10185
10264
10186
10265
10187
10266
10188
10267
10189
10268
10190
10269
10191
10270
10192
10271
10193
10272
10194
10273
10195
10274
10196
10275
10197
10276
10198
10277
10199
10278
10200
10279
10201
10280
10202
10281
10203
10282
10204
10283
10205
10284
10206
10285
10207
10286
10208
10287
10209
10288
10210
10289
10211
10290
10212
10291
10213
10292
10214
10293
10215
10294
10216
10295
10217
10296
10218
10297
10219
10298
10220
10299
10221
10300
10222
10301
10223
10302
10224
10303
10225
10304
10226
10305
10227
10306
10228
10307
10229
10308
10230
10309
10231
10310
10232
10311
10233
10312
10234
10313
10235
10314
10236
10315
10237
10316
10238
10317
10239
10318
10319
10241
10320
10242
10321
10243
10322
10244
10323
10245
10324
10246
10325
10247
10326
10248
10327
10249
10328
10250
10329
10251
10330
10252
10331
10253
10332
10254
10333
10255
10334
10256
10335
10257
10336
10258
10337
10259
10338
10260
10339
10261
10340
10262
10341
10263
10342
10264
10343
10265
10344
10266
10345
10267
10346
10268
10347
10269
10348
10270
10349
10271
10350
10272
10351
10273
10352
10274
10353
10275
10354
10276
10355
10277
10356
10278
10357
10279
10358
10280
10359
10281
10360
10282
10361
10283
10362
10284
10363
10285
10364
10286
10365
10287
10366
10288
10367
10289
10368
10290
10369
10291
10370
10292
10371
10293
10372
10294
10373
10295
10374
10296
10375
10297
10376
10298
10377
10299
10378
10300
10379
10301
10380
10302
10381
10303
10382
10304
10383
10305
10384
10306
10385
10307
10386
10308
10387
10309
10388
10310
10389
10311
10390
10312
10391
10313
10392
10314
10393
10315
10394
10316
10395
10317
10396
10318
10397
10319
10398
10399
10321
10400
10322
10401
10323
10402
10324
10403
10325
10404
10326
10405
10327
10406
10328
10407
10329
10408
10330
10409
10331
10410
10332
10411
10333
10412
10334
10413
10335
10414
10336
10415
10337
10416
10338
10417
10339
10418
10340
10419
10341
10420
10342
10421
10343
10422
10344
10423
10345
10424
10346
10425
10347
10426
10348
10427
10349
10428
10350
10429
10351
10430
10352
10431
10353
10432
10354
10433
10355
10434
10356
10435
10357
10436
10358
10437
10359
10438
10360
10439
10361
10440
10362
10441
10363
10442
10364
10443
10365
10444
10366
10445
10367
10446
10368
10447
10369
10448
10370
10449
10371
10450
10372
10451
10373
10452
10374
10453
10375
10454
10376
10455
10377
10456
10378
10457
10379
10458
10380
10459
10381
10460
10382
10461
10383
10462
10384
10463
10385
10464
10386
10465
10387
10466
10388
10467
10389
10468
10390
10469
10391
10470
10392
10471
10393
10472
10394
10473
10395
10474
10396
10475
10397
10476
10398
10477
10399
10478
10479
10401
10480
10402
10481
10403
10482
10404
10483
10405
10484
10406
10485
10407
10486
10408
10487
10409
10488
10410
10489
10411
10490
10412
10491
10413
10492
10414
10493
10415
10494
10416
10495
10417
10496
10418
10497
10419
10498
10420
10499
10421
10500
10422
10501
10423
10502
10424
10503
10425
10504
10426
10505
10427
10506
10428
10507
10429
10508
10430
10509
10431
10510
10432
10511
10433
10512
10434
10513
10435
10514
10436
10515
10437
10516
10438
10517
10439
10518
10440
10519
10441
10520
10442
10521
10443
10522
10444
10523
10445
10524
10446
10525
10447
10526
10448
10527
10449
10528
10450
10529
10451
10530
10452
10531
10453
10532
10454
10533
10455
10534
10456
10535
10457
10536
10458
10537
10459
10538
10460
10539
10461
10540
10462
10541
10463
10542
10464
10543
10465
10544
10466
10545
10467
10546
10468
10547
10469
10548
10470
10549
10471
10550
10472
10551
10473
10552
10474
10553
10475
10554
10476
10555
10477
10556
10478
10557
10479
10558
10559
10481
10560
10482
10561
10483
10562
10484
10563
10485
10564
10486
10565
10487
10566
10488
10567
10489
10568
10490
10569
10491
10570
10492
10571
10493
10572
10494
10573
10495
10574
10496
10575
10497
10576
10498
10577
10499
10578
10500
10579
10501
10580
10502
10581
10503
10582
10504
10583
10505
10584
10506
10585
10507
10586
10508
10587
10509
10588
10510
10589
10511
10590
10512
10591
10513
10592
10514
10593
10515
10594
10516
10595
10517
10596
10518
10597
10519
10598
10520
10599
10521
10600
10522
10601
10523
10602
10524
10603
10525
10604
10526
10605
10527
10606
10528
10607
10529
10608
10530
10609
10531
10610
10532
10611
10533
10612
10534
10613
10535
10614
10536
10615
10537
10616
10538
10617
10539
10618
10540
10619
10541
10620
10542
10621
10543
10622
10544
10623
10545
10624
10546
10625
10547
10626
10548
10627
10549
10628
10550
10629
10551
10630
10552
10631
10553
10632
10554
10633
10555
10634
10556
10635
10557
10636
10558
10637
10559
10638
10639
10561
10640
10562
10641
10563
10642
10564
10643
10565
10644
10566
10645
10567
10646
10568
10647
10569
10648
10570
10649
10571
10650
10572
10651
10573
10652
10574
10653
10575
10654
10576
10655
10577
10656
10578
10657
10579
10658
10580
10659
10581
10660
10582
10661
10583
10662
10584
10663
10585
10664
10586
10665
10587
10666
10588
10667
10589
10668
10590
10669
10591
10670
10592
10671
10593
10672
10594
10673
10595
10674
10596
10675
10597
10676
10598
10677
10599
10678
10600
10679
10601
10680
10602
10681
10603
10682
10604
10683
10605
10684
10606
10685
10607
10686
10608
10687
10609
10688
10610
10689
10611
10690
10612
10691
10613
10692
10614
10693
10615
10694
10616
10695
10617
10696
10618
10697
10619
10698
10620
10699
10621
10700
10622
10701
10623
10702
10624
10703
10625
10704
10626
10705
10627
10706
10628
10707
10629
10708
10630
10709
10631
10710
10632
10711
10633
10712
10634
10713
10635
10714
10636
10715
10637
10716
10638
10717
10639
10718
10719
10641
10720
10642
10721
10643
10722
10644
10723
10645
10724
10646
10725
10647
10726
10648
10727
10649
10728
10650
10729
10651
10730
10652
10731
10653
10732
10654
10733
10655
10734
10656
10735
10657
10736
10658
10737
10659
10738
10660
10739
10661
10740
10662
10741
10663
10742
10664
10743
10665
10744
10666
10745
10667
10746
10668
10747
10669
10748
10670
10749
10671
10750
10672
10751
10673
10752
10674
10753
10675
10754
10676
10755
10677
10756
10678
10757
10679
10758
10680
10759
10681
10760
10682
10761
10683
10762
10684
10763
10685
10764
10686
10765
10687
10766
10688
10767
10689
10768
10690
10769
10691
10770
10692
10771
10693
10772
10694
10773
10695
10774
10696
10775
10697
10776
10698
10777
10699
10778
10700
10779
10701
10780
10702
10781
10703
10782
10704
10783
10705
10784
10706
10785
10707
10786
10708
10787
10709
10788
10710
10789
10711
10790
10712
10791
10713
10792
10714
10793
10715
10794
10716
10795
10717
10796
10718
10797
10719
10798
10799
10721
10800
10722
10801
10723
10802
10724
10803
10725
10804
10726
10805
10727
10806
10728
10807
10729
10808
10730
10809
10731
10810
10732
10811
10733
10812
10734
10813
10735
10814
10736
10815
10737
10816
10738
10817
10739
10818
10740
10819
10741
10820
10742
10821
10743
10822
10744
10823
10745
10824
10746
10825
10747
10826
10748
10827
10749
10828
10750
10829
10751
10830
10752
10831
10753
10832
10754
10833
10755
10834
10756
10835
10757
10836
10758
10837
10759
10838
10760
10839
10761
10840
10762
10841
10763
10842
10764
10843
10765
10844
10766
10845
10767
10846
10768
10847
10769
10848
10770
10849
10771
10850
10772
10851
10773
10852
10774
10853
10775
10854
10776
10855
10777
10856
10778
10857
10779
10858
10780
10859
10781
10860
10782
10861
10783
10862
10784
10863
10785
10864
10786
10865
10787
10866
10788
10867
10789
10868
10790
10869
10791
10870
10792
10871
10793
10872
10794
10873
10795
10874
10796
10875
10797
10876
10798
10877
10799
10878
10879
10801
10880
10802
10881
10803
10882
10804
10883
10805
10884
10806
10885
10807
10886
10808
10887
10809
10888
10810
10889
10811
10890
10812
10891
10813
10892
10814
10893
10815
10894
10816
10895
10817
10896
10818
10897
10819
10898
10820
10899
10821
10900
10822
10901
10823
10902
10824
10903
10825
10904
10826
10905
10827
10906
10828
10907
10829
10908
10830
10909
10831
10910
10832
10911
10833
10912
10834
10913
10835
10914
10836
10915
10837
10916
10838
10917
10839
10918
10840
10919
10841
10920
10842
10921
10843
10922
10844
10923
10845
10924
10846
10925
10847
10926
10848
10927
10849
10928
10850
10929
10851
10930
10852
10931
10853
10932
10854
10933
10855
10934
10856
10935
10857
10936
10858
10937
10859
10938
10860
10939
10861
10940
10862
10941
10863
10942
10864
10943
10865
10944
10866
10945
10867
10946
10868
10947
10869
10948
10870
10949
10871
10950
10872
10951
10873
10952
10874
10953
10875
10954
10876
10955
10877
10956
10878
10957
10879
10958
10959
10881
10960
10882
10961
10883
10962
10884
10963
10885
10964
10886
10965
10887
10966
10888
10967
10889
10968
10890
10969
10891
10970
10892
10971
10893
10972
10894
10973
10895
10974
10896
10975
10897
10976
10898
10977
10899
10978
10900
10979
10901
10980
10902
10981
10903
10982
10904
10983
10905
10984
10906
10985
10907
10986
10908
10987
10909
10988
10910
10989
10911
10990
10912
10991
10913
10992
10914
10993
10915
10994
10916
10995
10917
10996
10918
10997
10919
10998
10920
10999
10921
11000
10922
11001
10923
11002
10924
11003
10925
11004
10926
11005
10927
11006
10928
11007
10929
11008
10930
11009
10931
11010
10932
11011
10933
11012
10934
11013
10935
11014
10936
11015
10937
11016
10938
11017
10939
11018
10940
11019
10941
11020
10942
11021
10943
11022
10944
11023
10945
11024
10946
11025
10947
11026
10948
11027
10949
11028
10950
11029
10951
11030
10952
11031
10953
11032
10954
11033
10955
11034
10956
11035
10957
11036
10958
11037
10959
11038
11039
10961
11040
10962
11041
10963
11042
10964
11043
10965
11044
10966
11045
10967
11046
10968
11047
10969
11048
10970
11049
10971
11050
10972
11051
10973
11052
10974
11053
10975
11054
10976
11055
10977
11056
10978
11057
10979
11058
10980
11059
10981
11060
10982
11061
10983
11062
10984
11063
10985
11064
10986
11065
10987
11066
10988
11067
10989
11068
10990
11069
10991
11070
10992
11071
10993
11072
10994
11073
10995
11074
10996
11075
10997
11076
10998
11077
10999
11078
11000
11079
11001
11080
11002
11081
11003
11082
11004
11083
11005
11084
11006
11085
11007
11086
11008
11087
11009
11088
11010
11089
11011
11090
11012
11091
11013
11092
11014
11093
11015
11094
11016
11095
11017
11096
11018
11097
11019
11098
11020
11099
11021
11100
11022
11101
11023
11102
11024
11103
11025
11104
11026
11105
11027
11106
11028
11107
11029
11108
11030
11109
11031
11110
11032
11111
11033
11112
11034
11113
11035
11114
11036
11115
11037
11116
11038
11117
11039
11118
11119
11041
11120
11042
11121
11043
11122
11044
11123
11045
11124
11046
11125
11047
11126
11048
11127
11049
11128
11050
11129
11051
11130
11052
11131
11053
11132
11054
11133
11055
11134
11056
11135
11057
11136
11058
11137
11059
11138
11060
11139
11061
11140
11062
11141
11063
11142
11064
11143
11065
11144
11066
11145
11067
11146
11068
11147
11069
11148
11070
11149
11071
11150
11072
11151
11073
11152
11074
11153
11075
11154
11076
11155
11077
11156
11078
11157
11079
11158
11080
11159
11081
11160
11082
11161
11083
11162
11084
11163
11085
11164
11086
11165
11087
11166
11088
11167
11089
11168
11090
11169
11091
11170
11092
11171
11093
11172
11094
11173
11095
11174
11096
11175
11097
11176
11098
11177
11099
11178
11100
11179
11101
11180
11102
11181
11103
11182
11104
11183
11105
11184
11106
11185
11107
11186
11108
11187
11109
11188
11110
11189
11111
11190
11112
11191
11113
11192
11114
11193
11115
11194
11116
11195
11117
11196
11118
11197
11119
11198
11199
11121
11200
11122
11201
11123
11202
11124
11203
11125
11204
11126
11205
11127
11206
11128
11207
11129
11208
11130
11209
11131
11210
11132
11211
11133
11212
11134
11213
11135
11214
11136
11215
11137
11216
11138
11217
11139
11218
11140
11219
11141
11220
11142
11221
11143
11222
11144
11223
11145
11224
11146
11225
11147
11226
11148
11227
11149
11228
11150
11229
11151
11230
11152
11231
11153
11232
11154
11233
11155
11234
11156
11235
11157
11236
11158
11237
11159
11238
11160
11239
11161
11240
11162
11241
11163
11242
11164
11243
11165
11244
11166
11245
11167
11246
11168
11247
11169
11248
11170
11249
11171
11250
11172
11251
11173
11252
11174
11253
11175
11254
11176
11255
11177
11256
11178
11257
11179
11258
11180
11259
11181
11260
11182
11261
11183
11262
11184
11263
11185
11264
11186
11265
11187
11266
11188
11267
11189
11268
11190
11269
11191
11270
11192
11271
11193
11272
11194
11273
11195
11274
11196
11275
11197
11276
11198
11277
11199
11278
11279
11201
11280
11202
11281
11203
11282
11204
11283
11205
11284
11206
11285
11207
11286
11208
11287
11209
11288
11210
11289
11211
11290
11212
11291
11213
11292
11214
11293
11215
11294
11216
11295
11217
11296
11218
11297
11219
11298
11220
11299
11221
11300
11222
11301
11223
11302
11224
11303
11225
11304
11226
11305
11227
11306
11228
11307
11229
11308
11230
11309
11231
11310
11232
11311
11233
11312
11234
11313
11235
11314
11236
11315
11237
11316
11238
11317
11239
11318
11240
11319
11241
11320
11242
11321
11243
11322
11244
11323
11245
11324
11246
11325
11247
11326
11248
11327
11249
11328
11250
11329
11251
11330
11252
11331
11253
11332
11254
11333
11255
11334
11256
11335
11257
11336
11258
11337
11259
11338
11260
11339
11261
11340
11262
11341
11263
11342
11264
11343
11265
11344
11266
11345
11267
11346
11268
11347
11269
11348
11270
11349
11271
11350
11272
11351
11273
11352
11274
11353
11275
11354
11276
11355
11277
11356
11278
11357
11279
11358
11359
11281
11360
11282
11361
11283
11362
11284
11363
11285
11364
11286
11365
11287
11366
11288
11367
11289
11368
11290
11369
11291
11370
11292
11371
11293
11372
11294
11373
11295
11374
11296
11375
11297
11376
11298
11377
11299
11378
11300
11379
11301
11380
11302
11381
11303
11382
11304
11383
11305
11384
11306
11385
11307
11386
11308
11387
11309
11388
11310
11389
11311
11390
11312
11391
11313
11392
11314
11393
11315
11394
11316
11395
11317
11396
11318
11397
11319
11398
11320
11399
11321
11400
11322
11401
11323
11402
11324
11403
11325
11404
11326
11405
11327
11406
11328
11407
11329
11408
11330
11409
11331
11410
11332
11411
11333
11412
11334
11413
11335
11414
11336
11415
11337
11416
11338
11417
11339
11418
11340
11419
11341
11420
11342
11421
11343
11422
11344
11423
11345
11424
11346
11425
11347
11426
11348
11427
11349
11428
11350
11429
11351
11430
11352
11431
11353
11432
11354
11433
11355
11434
11356
11435
11357
11436
11358
11437
11359
11438
11439
11361
11440
11362
11441
11363
11442
11364
11443
11365
11444
11366
11445
11367
11446
11368
11447
11369
11448
11370
11449
11371
11450
11372
11451
11373
11452
11374
11453
11375
11454
11376
11455
11377
11456
11378
11457
11379
11458
11380
11459
11381
11460
11382
11461
11383
11462
11384
11463
11385
11464
11386
11465
11387
11466
11388
11467
11389
11468
11390
11469
11391
11470
11392
11471
11393
11472
11394
11473
11395
11474
11396
11475
11397
11476
11398
11477
11399
11478
11400
11479
11401
11480
11402
11481
11403
11482
11404
11483
11405
11484
11406
11485
11407
11486
11408
11487
11409
11488
11410
11489
11411
11490
11412
11491
11413
11492
11414
11493
11415
11494
11416
11495
11417
11496
11418
11497
11419
11498
11420
11499
11421
11500
11422
11501
11423
11502
11424
11503
11425
11504
11426
11505
11427
11506
11428
11507
11429
11508
11430
11509
11431
11510
11432
11511
11433
11512
11434
11513
11435
11514
11436
11515
11437
11516
11438
11517
11439
11518
11519
11441
11520
11442
11521
11443
11522
11444
11523
11445
11524
11446
11525
11447
11526
11448
11527
11449
11528
11450
11529
11451
11530
11452
11531
11453
11532
11454
11533
11455
11534
11456
11535
11457
11536
11458
11537
11459
11538
11460
11539
11461
11540
11462
11541
11463
11542
11464
11543
11465
11544
11466
11545
11467
11546
11468
11547
11469
11548
11470
11549
11471
11550
11472
11551
11473
11552
11474
11553
11475
11554
11476
11555
11477
11556
11478
11557
11479
11558
11480
11559
11481
11560
11482
11561
11483
11562
11484
11563
11485
11564
11486
11565
11487
11566
11488
11567
11489
11568
11490
11569
11491
11570
11492
11571
11493
11572
11494
11573
11495
11574
11496
11575
11497
11576
11498
11577
11499
11578
11500
11579
11501
11580
11502
11581
11503
11582
11504
11583
11505
11584
11506
11585
11507
11586
11508
11587
11509
11588
11510
11589
11511
11590
11512
11591
11513
11592
11514
11593
11515
11594
11516
11595
11517
11596
11518
11597
11519
11598
11599
11521
11600
11522
11601
11523
11602
11524
11603
11525
11604
11526
11605
11527
11606
11528
11607
11529
11608
11530
11609
11531
11610
11532
11611
11533
11612
11534
11613
11535
11614
11536
11615
11537
11616
11538
11617
11539
11618
11540
11619
11541
11620
11542
11621
11543
11622
11544
11623
11545
11624
11546
11625
11547
11626
11548
11627
11549
11628
11550
11629
11551
11630
11552
11631
11553
11632
11554
11633
11555
11634
11556
11635
11557
11636
11558
11637
11559
11638
11560
11639
11561
11640
11562
11641
11563
11642
11564
11643
11565
11644
11566
11645
11567
11646
11568
11647
11569
11648
11570
11649
11571
11650
11572
11651
11573
11652
11574
11653
11575
11654
11576
11655
11577
11656
11578
11657
11579
11658
11580
11659
11581
11660
11582
11661
11583
11662
11584
11663
11585
11664
11586
11665
11587
11666
11588
11667
11589
11668
11590
11669
11591
11670
11592
11671
11593
11672
11594
11673
11595
11674
11596
11675
11597
11676
11598
11677
11599
11678
11679
11601
11680
11602
11681
11603
11682
11604
11683
11605
11684
11606
11685
11607
11686
11608
11687
11609
11688
11610
11689
11611
11690
11612
11691
11613
11692
11614
11693
11615
11694
11616
11695
11617
11696
11618
11697
11619
11698
11620
11699
11621
11700
11622
11701
11623
11702
11624
11703
11625
11704
11626
11705
11627
11706
11628
11707
11629
11708
11630
11709
11631
11710
11632
11711
11633
11712
11634
11713
11635
11714
11636
11715
11637
11716
11638
11717
11639
11718
11640
11719
11641
11720
11642
11721
11643
11722
11644
11723
11645
11724
11646
11725
11647
11726
11648
11727
11649
11728
11650
11729
11651
11730
11652
11731
11653
11732
11654
11733
11655
11734
11656
11735
11657
11736
11658
11737
11659
11738
11660
11739
11661
11740
11662
11741
11663
11742
11664
11743
11665
11744
11666
11745
11667
11746
11668
11747
11669
11748
11670
11749
11671
11750
11672
11751
11673
11752
11674
11753
11675
11754
11676
11755
11677
11756
11678
11757
11679
11758
11759
11681
11760
11682
11761
11683
11762
11684
11763
11685
11764
11686
11765
11687
11766
11688
11767
11689
11768
11690
11769
11691
11770
11692
11771
11693
11772
11694
11773
11695
11774
11696
11775
11697
11776
11698
11777
11699
11778
11700
11779
11701
11780
11702
11781
11703
11782
11704
11783
11705
11784
11706
11785
11707
11786
11708
11787
11709
11788
11710
11789
11711
11790
11712
11791
11713
11792
11714
11793
11715
11794
11716
11795
11717
11796
11718
11797
11719
11798
11720
11799
11721
11800
11722
11801
11723
11802
11724
11803
11725
11804
11726
11805
11727
11806
11728
11807
11729
11808
11730
11809
11731
11810
11732
11811
11733
11812
11734
11813
11735
11814
11736
11815
11737
11816
11738
11817
11739
11818
11740
11819
11741
11820
11742
11821
11743
11822
11744
11823
11745
11824
11746
11825
11747
11826
11748
11827
11749
11828
11750
11829
11751
11830
11752
11831
11753
11832
11754
11833
11755
11834
11756
11835
11757
11836
11758
11837
11759
11838
11839
11761
11840
11762
11841
11763
11842
11764
11843
11765
11844
11766
11845
11767
11846
11768
11847
11769
11848
11770
11849
11771
11850
11772
11851
11773
11852
11774
11853
11775
11854
11776
11855
11777
11856
11778
11857
11779
11858
11780
11859
11781
11860
11782
11861
11783
11862
11784
11863
11785
11864
11786
11865
11787
11866
11788
11867
11789
11868
11790
11869
11791
11870
11792
11871
11793
11872
11794
11873
11795
11874
11796
11875
11797
11876
11798
11877
11799
11878
11800
11879
11801
11880
11802
11881
11803
11882
11804
11883
11805
11884
11806
11885
11807
11886
11808
11887
11809
11888
11810
11889
11811
11890
11812
11891
11813
11892
11814
11893
11815
11894
11816
11895
11817
11896
11818
11897
11819
11898
11820
11899
11821
11900
11822
11901
11823
11902
11824
11903
11825
11904
11826
11905
11827
11906
11828
11907
11829
11908
11830
11909
11831
11910
11832
11911
11833
11912
11834
11913
11835
11914
11836
11915
11837
11916
11838
11917
11839
11918
11919
11841
11920
11842
11921
11843
11922
11844
11923
11845
11924
11846
11925
11847
11926
11848
11927
11849
11928
11850
11929
11851
11930
11852
11931
11853
11932
11854
11933
11855
11934
11856
11935
11857
11936
11858
11937
11859
11938
11860
11939
11861
11940
11862
11941
11863
11942
11864
11943
11865
11944
11866
11945
11867
11946
11868
11947
11869
11948
11870
11949
11871
11950
11872
11951
11873
11952
11874
11953
11875
11954
11876
11955
11877
11956
11878
11957
11879
11958
11880
11959
11881
11960
11882
11961
11883
11962
11884
11963
11885
11964
11886
11965
11887
11966
11888
11967
11889
11968
11890
11969
11891
11970
11892
11971
11893
11972
11894
11973
11895
11974
11896
11975
11897
11976
11898
11977
11899
11978
11900
11979
11901
11980
11902
11981
11903
11982
11904
11983
11905
11984
11906
11985
11907
11986
11908
11987
11909
11988
11910
11989
11911
11990
11912
11991
11913
11992
11914
11993
11915
11994
11916
11995
11917
11996
11918
11997
11919
11998
11999
11921
20000
11922
20001
11923
20002
11924
20003
11925
20004
11926
20005
11927
20006
11928
20007
11929
20008
11930
20009
11931
20010
11932
20011
11933
20012
11934
20013
11935
20014
11936
20015
11937
20016
11938
20017
11939
20018
11940
20019
11941
20020
11942
20021
11943
20022
11944
20023
11945
20024
11946
20025
11947
20026
11948
20027
11949
20028
11950
20029
11951
20030
11952
20031
11953
20032
11954
20033
11955
20034
11956
20035
11957
20036
11958
20037
11959
20038
11960
20039
11961
20040
11962
20041
11963
20042
11964
20043
11965
20044
11966
20045
11967
20046
11968
20047
11969
20048
11970
20049
11971
20050
11972
20051
11973
20052
11974
20053
11975
20054
11976
20055
11977
20056
11978
20057
11979
20058
11980
20059
11981
20060
11982
20061
11983
20062
11984
20063
11985
20064
11986
20065
11987
20066
11988
20067
11989
20068
11990
20069
11991
20070
11992
20071
11993
20072
11994
20073
11995
20074
11996
20075
11997
20076
11998
20077
11999
20078
20079
12001
12080
16000
12002
12081
16001
12003
12082
16002
12004
12083
16003
12005
12084
16004
12006
12085
16005
12007
12086
16006
12008
12087
16007
12009
12088
16008
12010
12089
16009
12011
12090
16010
12012
12091
16011
12013
12092
16012
12014
12093
16013
12015
12094
16014
12016
12095
16015
12017
12096
16016
12018
12097
16017
12019
12098
16018
12020
12099
16019
12021
12100
16020
12022
12101
16021
12023
12102
16022
12024
12103
16023
12025
12104
16024
12026
12105
16025
12027
12106
16026
12028
12107
16027
12029
12108
16028
12030
12109
16029
12031
12110
16030
12032
12111
16031
12033
12112
16032
12034
12113
16033
12035
12114
16034
12036
12115
16035
12037
12116
16036
12038
12117
16037
12039
12118
16038
12040
12119
16039
12041
12120
16040
12042
12121
16041
12043
12122
16042
12044
12123
16043
12045
12124
16044
12046
12125
16045
12047
12126
16046
12048
12127
16047
12049
12128
16048
12050
12129
16049
12051
12130
16050
12052
12131
16051
12053
12132
16052
12054
12133
16053
12055
12134
16054
12056
12135
16055
12057
12136
16056
12058
12137
16057
12059
12138
16058
12060
12139
16059
12061
12140
16060
12062
12141
16061
12063
12142
16062
12064
12143
16063
12065
12144
16064
12066
12145
16065
12067
12146
16066
12068
12147
16067
12069
12148
16068
12070
12149
16069
12071
12150
16070
12072
12151
16071
12073
12152
16072
12074
12153
16073
12075
12154
16074
12076
12155
16075
12077
12156
16076
12078
12157
16077
12079
12158
16078
12159
16079
12081
12160
16080
12082
12161
16081
12083
12162
16082
12084
12163
16083
12085
12164
16084
12086
12165
16085
12087
12166
16086
12088
12167
16087
12089
12168
16088
12090
12169
16089
12091
12170
16090
12092
12171
16091
12093
12172
16092
12094
12173
16093
12095
12174
16094
12096
12175
16095
12097
12176
16096
12098
12177
16097
12099
12178
16098
12100
12179
16099
12101
12180
16100
12102
12181
16101
12103
12182
16102
12104
12183
16103
12105
12184
16104
12106
12185
16105
12107
12186
16106
12108
12187
16107
12109
12188
16108
12110
12189
16109
12111
12190
16110
12112
12191
16111
12113
12192
16112
12114
12193
16113
12115
12194
16114
12116
12195
16115
12117
12196
16116
12118
12197
16117
12119
12198
16118
12120
12199
16119
12121
12200
16120
12122
12201
16121
12123
12202
16122
12124
12203
16123
12125
12204
16124
12126
12205
16125
12127
12206
16126
12128
12207
16127
12129
12208
16128
12130
12209
16129
12131
12210
16130
12132
12211
16131
12133
12212
16132
12134
12213
16133
12135
12214
16134
12136
12215
16135
12137
12216
16136
12138
12217
16137
12139
12218
16138
12140
12219
16139
12141
12220
16140
12142
12221
16141
12143
12222
16142
12144
12223
16143
12145
12224
16144
12146
12225
16145
12147
12226
16146
12148
12227
16147
12149
12228
16148
12150
12229
16149
12151
12230
16150
12152
12231
16151
12153
12232
16152
12154
12233
16153
12155
12234
16154
12156
12235
16155
12157
12236
16156
12158
12237
16157
12159
12238
16158
12239
16159
12161
12240
16160
12162
12241
16161
12163
12242
16162
12164
12243
16163
12165
12244
16164
12166
12245
16165
12167
12246
16166
12168
12247
16167
12169
12248
16168
12170
12249
16169
12171
12250
16170
12172
12251
16171
12173
12252
16172
12174
12253
16173
12175
12254
16174
12176
12255
16175
12177
12256
16176
12178
12257
16177
12179
12258
16178
12180
12259
16179
12181
12260
16180
12182
12261
16181
12183
12262
16182
12184
12263
16183
12185
12264
16184
12186
12265
16185
12187
12266
16186
12188
12267
16187
12189
12268
16188
12190
12269
16189
12191
12270
16190
12192
12271
16191
12193
12272
16192
12194
12273
16193
12195
12274
16194
12196
12275
16195
12197
12276
16196
12198
12277
16197
12199
12278
16198
12200
12279
16199
12201
12280
16200
12202
12281
16201
12203
12282
16202
12204
12283
16203
12205
12284
16204
12206
12285
16205
12207
12286
16206
12208
12287
16207
12209
12288
16208
12210
12289
16209
12211
12290
16210
12212
12291
16211
12213
12292
16212
12214
12293
16213
12215
12294
16214
12216
12295
16215
12217
12296
16216
12218
12297
16217
12219
12298
16218
12220
12299
16219
12221
12300
16220
12222
12301
16221
12223
12302
16222
12224
12303
16223
12225
12304
16224
12226
12305
16225
12227
12306
16226
12228
12307
16227
12229
12308
16228
12230
12309
16229
12231
12310
16230
12232
12311
16231
12233
12312
16232
12234
12313
16233
12235
12314
16234
12236
12315
16235
12237
12316
16236
12238
12317
16237
12239
12318
16238
12319
16239
12241
12320
16240
12242
12321
16241
12243
12322
16242
12244
12323
16243
12245
12324
16244
12246
12325
16245
12247
12326
16246
12248
12327
16247
12249
12328
16248
12250
12329
16249
12251
12330
16250
12252
12331
16251
12253
12332
16252
12254
12333
16253
12255
12334
16254
12256
12335
16255
12257
12336
16256
12258
12337
16257
12259
12338
16258
12260
12339
16259
12261
12340
16260
12262
12341
16261
12263
12342
16262
12264
12343
16263
12265
12344
16264
12266
12345
16265
12267
12346
16266
12268
12347
16267
12269
12348
16268
12270
12349
16269
12271
12350
16270
12272
12351
16271
12273
12352
16272
12274
12353
16273
12275
12354
16274
12276
12355
16275
12277
12356
16276
12278
12357
16277
12279
12358
16278
12280
12359
16279
12281
12360
16280
12282
12361
16281
12283
12362
16282
12284
12363
16283
12285
12364
16284
12286
12365
16285
12287
12366
16286
12288
12367
16287
12289
12368
16288
12290
12369
16289
12291
12370
16290
12292
12371
16291
12293
12372
16292
12294
12373
16293
12295
12374
16294
12296
12375
16295
12297
12376
16296
12298
12377
16297
12299
12378
16298
12300
12379
16299
12301
12380
16300
12302
12381
16301
12303
12382
16302
12304
12383
16303
12305
12384
16304
12306
12385
16305
12307
12386
16306
12308
12387
16307
12309
12388
16308
12310
12389
16309
12311
12390
16310
12312
12391
16311
12313
12392
16312
12314
12393
16313
12315
12394
16314
12316
12395
16315
12317
12396
16316
12318
12397
16317
12319
12398
16318
12399
16319
12321
12400
16320
12322
12401
16321
12323
12402
16322
12324
12403
16323
12325
12404
16324
12326
12405
16325
12327
12406
16326
12328
12407
16327
12329
12408
16328
12330
12409
16329
12331
12410
16330
12332
12411
16331
12333
12412
16332
12334
12413
16333
12335
12414
16334
12336
12415
16335
12337
12416
16336
12338
12417
16337
12339
12418
16338
12340
12419
16339
12341
12420
16340
12342
12421
16341
12343
12422
16342
12344
12423
16343
12345
12424
16344
12346
12425
16345
12347
12426
16346
12348
12427
16347
12349
12428
16348
12350
12429
16349
12351
12430
16350
12352
12431
16351
12353
12432
16352
12354
12433
16353
12355
12434
16354
12356
12435
16355
12357
12436
16356
12358
12437
16357
12359
12438
16358
12360
12439
16359
12361
12440
16360
12362
12441
16361
12363
12442
16362
12364
12443
16363
12365
12444
16364
12366
12445
16365
12367
12446
16366
12368
12447
16367
12369
12448
16368
12370
12449
16369
12371
12450
16370
12372
12451
16371
12373
12452
16372
12374
12453
16373
12375
12454
16374
12376
12455
16375
12377
12456
16376
12378
12457
16377
12379
12458
16378
12380
12459
16379
12381
12460
16380
12382
12461
16381
12383
12462
16382
12384
12463
16383
12385
12464
16384
12386
12465
16385
12387
12466
16386
12388
12467
16387
12389
12468
16388
12390
12469
16389
12391
12470
16390
12392
12471
16391
12393
12472
16392
12394
12473
16393
12395
12474
16394
12396
12475
16395
12397
12476
16396
12398
12477
16397
12399
12478
16398
12479
16399
12401
12480
16400
12402
12481
16401
12403
12482
16402
12404
12483
16403
12405
12484
16404
12406
12485
16405
12407
12486
16406
12408
12487
16407
12409
12488
16408
12410
12489
16409
12411
12490
16410
12412
12491
16411
12413
12492
16412
12414
12493
16413
12415
12494
16414
12416
12495
16415
12417
12496
16416
12418
12497
16417
12419
12498
16418
12420
12499
16419
12421
12500
16420
12422
12501
16421
12423
12502
16422
12424
12503
16423
12425
12504
16424
12426
12505
16425
12427
12506
16426
12428
12507
16427
12429
12508
16428
12430
12509
16429
12431
12510
16430
12432
12511
16431
12433
12512
16432
12434
12513
16433
12435
12514
16434
12436
12515
16435
12437
12516
16436
12438
12517
16437
12439
12518
16438
12440
12519
16439
12441
12520
16440
12442
12521
16441
12443
12522
16442
12444
12523
16443
12445
12524
16444
12446
12525
16445
12447
12526
16446
12448
12527
16447
12449
12528
16448
12450
12529
16449
12451
12530
16450
12452
12531
16451
12453
12532
16452
12454
12533
16453
12455
12534
16454
12456
12535
16455
12457
12536
16456
12458
12537
16457
12459
12538
16458
12460
12539
16459
12461
12540
16460
12462
12541
16461
12463
12542
16462
12464
12543
16463
12465
12544
16464
12466
12545
16465
12467
12546
16466
12468
12547
16467
12469
12548
16468
12470
12549
16469
12471
12550
16470
12472
12551
16471
12473
12552
16472
12474
12553
16473
12475
12554
16474
12476
12555
16475
12477
12556
16476
12478
12557
16477
12479
12558
16478
12559
16479
12481
12560
16480
12482
12561
16481
12483
12562
16482
12484
12563
16483
12485
12564
16484
12486
12565
16485
12487
12566
16486
12488
12567
16487
12489
12568
16488
12490
12569
16489
12491
12570
16490
12492
12571
16491
12493
12572
16492
12494
12573
16493
12495
12574
16494
12496
12575
16495
12497
12576
16496
12498
12577
16497
12499
12578
16498
12500
12579
16499
12501
12580
16500
12502
12581
16501
12503
12582
16502
12504
12583
16503
12505
12584
16504
12506
12585
16505
12507
12586
16506
12508
12587
16507
12509
12588
16508
12510
12589
16509
12511
12590
16510
12512
12591
16511
12513
12592
16512
12514
12593
16513
12515
12594
16514
12516
12595
16515
12517
12596
16516
12518
12597
16517
12519
12598
16518
12520
12599
16519
12521
12600
16520
12522
12601
16521
12523
12602
16522
12524
12603
16523
12525
12604
16524
12526
12605
16525
12527
12606
16526
12528
12607
16527
12529
12608
16528
12530
12609
16529
12531
12610
16530
12532
12611
16531
12533
12612
16532
12534
12613
16533
12535
12614
16534
12536
12615
16535
12537
12616
16536
12538
12617
16537
12539
12618
16538
12540
12619
16539
12541
12620
16540
12542
12621
16541
12543
12622
16542
12544
12623
16543
12545
12624
16544
12546
12625
16545
12547
12626
16546
12548
12627
16547
12549
12628
16548
12550
12629
16549
12551
12630
16550
12552
12631
16551
12553
12632
16552
12554
12633
16553
12555
12634
16554
12556
12635
16555
12557
12636
16556
12558
12637
16557
12559
12638
16558
12639
16559
12561
12640
16560
12562
12641
16561
12563
12642
16562
12564
12643
16563
12565
12644
16564
12566
12645
16565
12567
12646
16566
12568
12647
16567
12569
12648
16568
12570
12649
16569
12571
12650
16570
12572
12651
16571
12573
12652
16572
12574
12653
16573
12575
12654
16574
12576
12655
16575
12577
12656
16576
12578
12657
16577
12579
12658
16578
12580
12659
16579
12581
12660
16580
12582
12661
16581
12583
12662
16582
12584
12663
16583
12585
12664
16584
12586
12665
16585
12587
12666
16586
12588
12667
16587
12589
12668
16588
12590
12669
16589
12591
12670
16590
12592
12671
16591
12593
12672
16592
12594
12673
16593
12595
12674
16594
12596
12675
16595
12597
12676
16596
12598
12677
16597
12599
12678
16598
12600
12679
16599
12601
12680
16600
12602
12681
16601
12603
12682
16602
12604
12683
16603
12605
12684
16604
12606
12685
16605
12607
12686
16606
12608
12687
16607
12609
12688
16608
12610
12689
16609
12611
12690
16610
12612
12691
16611
12613
12692
16612
12614
12693
16613
12615
12694
16614
12616
12695
16615
12617
12696
16616
12618
12697
16617
12619
12698
16618
12620
12699
16619
12621
12700
16620
12622
12701
16621
12623
12702
16622
12624
12703
16623
12625
12704
16624
12626
12705
16625
12627
12706
16626
12628
12707
16627
12629
12708
16628
12630
12709
16629
12631
12710
16630
12632
12711
16631
12633
12712
16632
12634
12713
16633
12635
12714
16634
12636
12715
16635
12637
12716
16636
12638
12717
16637
12639
12718
16638
12719
16639
12641
12720
16640
12642
12721
16641
12643
12722
16642
12644
12723
16643
12645
12724
16644
12646
12725
16645
12647
12726
16646
12648
12727
16647
12649
12728
16648
12650
12729
16649
12651
12730
16650
12652
12731
16651
12653
12732
16652
12654
12733
16653
12655
12734
16654
12656
12735
16655
12657
12736
16656
12658
12737
16657
12659
12738
16658
12660
12739
16659
12661
12740
16660
12662
12741
16661
12663
12742
16662
12664
12743
16663
12665
12744
16664
12666
12745
16665
12667
12746
16666
12668
12747
16667
12669
12748
16668
12670
12749
16669
12671
12750
16670
12672
12751
16671
12673
12752
16672
12674
12753
16673
12675
12754
16674
12676
12755
16675
12677
12756
16676
12678
12757
16677
12679
12758
16678
12680
12759
16679
12681
12760
16680
12682
12761
16681
12683
12762
16682
12684
12763
16683
12685
12764
16684
12686
12765
16685
12687
12766
16686
12688
12767
16687
12689
12768
16688
12690
12769
16689
12691
12770
16690
12692
12771
16691
12693
12772
16692
12694
12773
16693
12695
12774
16694
12696
12775
16695
12697
12776
16696
12698
12777
16697
12699
12778
16698
12700
12779
16699
12701
12780
16700
12702
12781
16701
12703
12782
16702
12704
12783
16703
12705
12784
16704
12706
12785
16705
12707
12786
16706
12708
12787
16707
12709
12788
16708
12710
12789
16709
12711
12790
16710
12712
12791
16711
12713
12792
16712
12714
12793
16713
12715
12794
16714
12716
12795
16715
12717
12796
16716
12718
12797
16717
12719
12798
16718
12799
16719
12721
12800
16720
12722
12801
16721
12723
12802
16722
12724
12803
16723
12725
12804
16724
12726
12805
16725
12727
12806
16726
12728
12807
16727
12729
12808
16728
12730
12809
16729
12731
12810
16730
12732
12811
16731
12733
12812
16732
12734
12813
16733
12735
12814
16734
12736
12815
16735
12737
12816
16736
12738
12817
16737
12739
12818
16738
12740
12819
16739
12741
12820
16740
12742
12821
16741
12743
12822
16742
12744
12823
16743
12745
12824
16744
12746
12825
16745
12747
12826
16746
12748
12827
16747
12749
12828
16748
12750
12829
16749
12751
12830
16750
12752
12831
16751
12753
12832
16752
12754
12833
16753
12755
12834
16754
12756
12835
16755
12757
12836
16756
12758
12837
16757
12759
12838
16758
12760
12839
16759
12761
12840
16760
12762
12841
16761
12763
12842
16762
12764
12843
16763
12765
12844
16764
12766
12845
16765
12767
12846
16766
12768
12847
16767
12769
12848
16768
12770
12849
16769
12771
12850
16770
12772
12851
16771
12773
12852
16772
12774
12853
16773
12775
12854
16774
12776
12855
16775
12777
12856
16776
12778
12857
16777
12779
12858
16778
12780
12859
16779
12781
12860
16780
12782
12861
16781
12783
12862
16782
12784
12863
16783
12785
12864
16784
12786
12865
16785
12787
12866
16786
12788
12867
16787
12789
12868
16788
12790
12869
16789
12791
12870
16790
12792
12871
16791
12793
12872
16792
12794
12873
16793
12795
12874
16794
12796
12875
16795
12797
12876
16796
12798
12877
16797
12799
12878
16798
12879
16799
12801
12880
16800
12802
12881
16801
12803
12882
16802
12804
12883
16803
12805
12884
16804
12806
12885
16805
12807
12886
16806
12808
12887
16807
12809
12888
16808
12810
12889
16809
12811
12890
16810
12812
12891
16811
12813
12892
16812
12814
12893
16813
12815
12894
16814
12816
12895
16815
12817
12896
16816
12818
12897
16817
12819
12898
16818
12820
12899
16819
12821
12900
16820
12822
12901
16821
12823
12902
16822
12824
12903
16823
12825
12904
16824
12826
12905
16825
12827
12906
16826
12828
12907
16827
12829
12908
16828
12830
12909
16829
12831
12910
16830
12832
12911
16831
12833
12912
16832
12834
12913
16833
12835
12914
16834
12836
12915
16835
12837
12916
16836
12838
12917
16837
12839
12918
16838
12840
12919
16839
12841
12920
16840
12842
12921
16841
12843
12922
16842
12844
12923
16843
12845
12924
16844
12846
12925
16845
12847
12926
16846
12848
12927
16847
12849
12928
16848
12850
12929
16849
12851
12930
16850
12852
12931
16851
12853
12932
16852
12854
12933
16853
12855
12934
16854
12856
12935
16855
12857
12936
16856
12858
12937
16857
12859
12938
16858
12860
12939
16859
12861
12940
16860
12862
12941
16861
12863
12942
16862
12864
12943
16863
12865
12944
16864
12866
12945
16865
12867
12946
16866
12868
12947
16867
12869
12948
16868
12870
12949
16869
12871
12950
16870
12872
12951
16871
12873
12952
16872
12874
12953
16873
12875
12954
16874
12876
12955
16875
12877
12956
16876
12878
12957
16877
12879
12958
16878
12959
16879
12881
12960
16880
12882
12961
16881
12883
12962
16882
12884
12963
16883
12885
12964
16884
12886
12965
16885
12887
12966
16886
12888
12967
16887
12889
12968
16888
12890
12969
16889
12891
12970
16890
12892
12971
16891
12893
12972
16892
12894
12973
16893
12895
12974
16894
12896
12975
16895
12897
12976
16896
12898
12977
16897
12899
12978
16898
12900
12979
16899
12901
12980
16900
12902
12981
16901
12903
12982
16902
12904
12983
16903
12905
12984
16904
12906
12985
16905
12907
12986
16906
12908
12987
16907
12909
12988
16908
12910
12989
16909
12911
12990
16910
12912
12991
16911
12913
12992
16912
12914
12993
16913
12915
12994
16914
12916
12995
16915
12917
12996
16916
12918
12997
16917
12919
12998
16918
12920
12999
16919
12921
13000
16920
12922
13001
16921
12923
13002
16922
12924
13003
16923
12925
13004
16924
12926
13005
16925
12927
13006
16926
12928
13007
16927
12929
13008
16928
12930
13009
16929
12931
13010
16930
12932
13011
16931
12933
13012
16932
12934
13013
16933
12935
13014
16934
12936
13015
16935
12937
13016
16936
12938
13017
16937
12939
13018
16938
12940
13019
16939
12941
13020
16940
12942
13021
16941
12943
13022
16942
12944
13023
16943
12945
13024
16944
12946
13025
16945
12947
13026
16946
12948
13027
16947
12949
13028
16948
12950
13029
16949
12951
13030
16950
12952
13031
16951
12953
13032
16952
12954
13033
16953
12955
13034
16954
12956
13035
16955
12957
13036
16956
12958
13037
16957
12959
13038
16958
13039
16959
12961
13040
16960
12962
13041
16961
12963
13042
16962
12964
13043
16963
12965
13044
16964
12966
13045
16965
12967
13046
16966
12968
13047
16967
12969
13048
16968
12970
13049
16969
12971
13050
16970
12972
13051
16971
12973
13052
16972
12974
13053
16973
12975
13054
16974
12976
13055
16975
12977
13056
16976
12978
13057
16977
12979
13058
16978
12980
13059
16979
12981
13060
16980
12982
13061
16981
12983
13062
16982
12984
13063
16983
12985
13064
16984
12986
13065
16985
12987
13066
16986
12988
13067
16987
12989
13068
16988
12990
13069
16989
12991
13070
16990
12992
13071
16991
12993
13072
16992
12994
13073
16993
12995
13074
16994
12996
13075
16995
12997
13076
16996
12998
13077
16997
12999
13078
16998
13000
13079
16999
13001
13080
17000
13002
13081
17001
13003
13082
17002
13004
13083
17003
13005
13084
17004
13006
13085
17005
13007
13086
17006
13008
13087
17007
13009
13088
17008
13010
13089
17009
13011
13090
17010
13012
13091
17011
13013
13092
17012
13014
13093
17013
13015
13094
17014
13016
13095
17015
13017
13096
17016
13018
13097
17017
13019
13098
17018
13020
13099
17019
13021
13100
17020
13022
13101
17021
13023
13102
17022
13024
13103
17023
13025
13104
17024
13026
13105
17025
13027
13106
17026
13028
13107
17027
13029
13108
17028
13030
13109
17029
13031
13110
17030
13032
13111
17031
13033
13112
17032
13034
13113
17033
13035
13114
17034
13036
13115
17035
13037
13116
17036
13038
13117
17037
13039
13118
17038
13119
17039
13041
13120
17040
13042
13121
17041
13043
13122
17042
13044
13123
17043
13045
13124
17044
13046
13125
17045
13047
13126
17046
13048
13127
17047
13049
13128
17048
13050
13129
17049
13051
13130
17050
13052
13131
17051
13053
13132
17052
13054
13133
17053
13055
13134
17054
13056
13135
17055
13057
13136
17056
13058
13137
17057
13059
13138
17058
13060
13139
17059
13061
13140
17060
13062
13141
17061
13063
13142
17062
13064
13143
17063
13065
13144
17064
13066
13145
17065
13067
13146
17066
13068
13147
17067
13069
13148
17068
13070
13149
17069
13071
13150
17070
13072
13151
17071
13073
13152
17072
13074
13153
17073
13075
13154
17074
13076
13155
17075
13077
13156
17076
13078
13157
17077
13079
13158
17078
13080
13159
17079
13081
13160
17080
13082
13161
17081
13083
13162
17082
13084
13163
17083
13085
13164
17084
13086
13165
17085
13087
13166
17086
13088
13167
17087
13089
13168
17088
13090
13169
17089
13091
13170
17090
13092
13171
17091
13093
13172
17092
13094
13173
17093
13095
13174
17094
13096
13175
17095
13097
13176
17096
13098
13177
17097
13099
13178
17098
13100
13179
17099
13101
13180
17100
13102
13181
17101
13103
13182
17102
13104
13183
17103
13105
13184
17104
13106
13185
17105
13107
13186
17106
13108
13187
17107
13109
13188
17108
13110
13189
17109
13111
13190
17110
13112
13191
17111
13113
13192
17112
13114
13193
17113
13115
13194
17114
13116
13195
17115
13117
13196
17116
13118
13197
17117
13119
13198
17118
13199
17119
13121
13200
17120
13122
13201
17121
13123
13202
17122
13124
13203
17123
13125
13204
17124
13126
13205
17125
13127
13206
17126
13128
13207
17127
13129
13208
17128
13130
13209
17129
13131
13210
17130
13132
13211
17131
13133
13212
17132
13134
13213
17133
13135
13214
17134
13136
13215
17135
13137
13216
17136
13138
13217
17137
13139
13218
17138
13140
13219
17139
13141
13220
17140
13142
13221
17141
13143
13222
17142
13144
13223
17143
13145
13224
17144
13146
13225
17145
13147
13226
17146
13148
13227
17147
13149
13228
17148
13150
13229
17149
13151
13230
17150
13152
13231
17151
13153
13232
17152
13154
13233
17153
13155
13234
17154
13156
13235
17155
13157
13236
17156
13158
13237
17157
13159
13238
17158
13160
13239
17159
13161
13240
17160
13162
13241
17161
13163
13242
17162
13164
13243
17163
13165
13244
17164
13166
13245
17165
13167
13246
17166
13168
13247
17167
13169
13248
17168
13170
13249
17169
13171
13250
17170
13172
13251
17171
13173
13252
17172
13174
13253
17173
13175
13254
17174
13176
13255
17175
13177
13256
17176
13178
13257
17177
13179
13258
17178
13180
13259
17179
13181
13260
17180
13182
13261
17181
13183
13262
17182
13184
13263
17183
13185
13264
17184
13186
13265
17185
13187
13266
17186
13188
13267
17187
13189
13268
17188
13190
13269
17189
13191
13270
17190
13192
13271
17191
13193
13272
17192
13194
13273
17193
13195
13274
17194
13196
13275
17195
13197
13276
17196
13198
13277
17197
13199
13278
17198
13279
17199
13201
13280
17200
13202
13281
17201
13203
13282
17202
13204
13283
17203
13205
13284
17204
13206
13285
17205
13207
13286
17206
13208
13287
17207
13209
13288
17208
13210
13289
17209
13211
13290
17210
13212
13291
17211
13213
13292
17212
13214
13293
17213
13215
13294
17214
13216
13295
17215
13217
13296
17216
13218
13297
17217
13219
13298
17218
13220
13299
17219
13221
13300
17220
13222
13301
17221
13223
13302
17222
13224
13303
17223
13225
13304
17224
13226
13305
17225
13227
13306
17226
13228
13307
17227
13229
13308
17228
13230
13309
17229
13231
13310
17230
13232
13311
17231
13233
13312
17232
13234
13313
17233
13235
13314
17234
13236
13315
17235
13237
13316
17236
13238
13317
17237
13239
13318
17238
13240
13319
17239
13241
13320
17240
13242
13321
17241
13243
13322
17242
13244
13323
17243
13245
13324
17244
13246
13325
17245
13247
13326
17246
13248
13327
17247
13249
13328
17248
13250
13329
17249
13251
13330
17250
13252
13331
17251
13253
13332
17252
13254
13333
17253
13255
13334
17254
13256
13335
17255
13257
13336
17256
13258
13337
17257
13259
13338
17258
13260
13339
17259
13261
13340
17260
13262
13341
17261
13263
13342
17262
13264
13343
17263
13265
13344
17264
13266
13345
17265
13267
13346
17266
13268
13347
17267
13269
13348
17268
13270
13349
17269
13271
13350
17270
13272
13351
17271
13273
13352
17272
13274
13353
17273
13275
13354
17274
13276
13355
17275
13277
13356
17276
13278
13357
17277
13279
13358
17278
13359
17279
13281
13360
17280
13282
13361
17281
13283
13362
17282
13284
13363
17283
13285
13364
17284
13286
13365
17285
13287
13366
17286
13288
13367
17287
13289
13368
17288
13290
13369
17289
13291
13370
17290
13292
13371
17291
13293
13372
17292
13294
13373
17293
13295
13374
17294
13296
13375
17295
13297
13376
17296
13298
13377
17297
13299
13378
17298
13300
13379
17299
13301
13380
17300
13302
13381
17301
13303
13382
17302
13304
13383
17303
13305
13384
17304
13306
13385
17305
13307
13386
17306
13308
13387
17307
13309
13388
17308
13310
13389
17309
13311
13390
17310
13312
13391
17311
13313
13392
17312
13314
13393
17313
13315
13394
17314
13316
13395
17315
13317
13396
17316
13318
13397
17317
13319
13398
17318
13320
13399
17319
13321
13400
17320
13322
13401
17321
13323
13402
17322
13324
13403
17323
13325
13404
17324
13326
13405
17325
13327
13406
17326
13328
13407
17327
13329
13408
17328
13330
13409
17329
13331
13410
17330
13332
13411
17331
13333
13412
17332
13334
13413
17333
13335
13414
17334
13336
13415
17335
13337
13416
17336
13338
13417
17337
13339
13418
17338
13340
13419
17339
13341
13420
17340
13342
13421
17341
13343
13422
17342
13344
13423
17343
13345
13424
17344
13346
13425
17345
13347
13426
17346
13348
13427
17347
13349
13428
17348
13350
13429
17349
13351
13430
17350
13352
13431
17351
13353
13432
17352
13354
13433
17353
13355
13434
17354
13356
13435
17355
13357
13436
17356
13358
13437
17357
13359
13438
17358
13439
17359
13361
13440
17360
13362
13441
17361
13363
13442
17362
13364
13443
17363
13365
13444
17364
13366
13445
17365
13367
13446
17366
13368
13447
17367
13369
13448
17368
13370
13449
17369
13371
13450
17370
13372
13451
17371
13373
13452
17372
13374
13453
17373
13375
13454
17374
13376
13455
17375
13377
13456
17376
13378
13457
17377
13379
13458
17378
13380
13459
17379
13381
13460
17380
13382
13461
17381
13383
13462
17382
13384
13463
17383
13385
13464
17384
13386
13465
17385
13387
13466
17386
13388
13467
17387
13389
13468
17388
13390
13469
17389
13391
13470
17390
13392
13471
17391
13393
13472
17392
13394
13473
17393
13395
13474
17394
13396
13475
17395
13397
13476
17396
13398
13477
17397
13399
13478
17398
13400
13479
17399
13401
13480
17400
13402
13481
17401
13403
13482
17402
13404
13483
17403
13405
13484
17404
13406
13485
17405
13407
13486
17406
13408
13487
17407
13409
13488
17408
13410
13489
17409
13411
13490
17410
13412
13491
17411
13413
13492
17412
13414
13493
17413
13415
13494
17414
13416
13495
17415
13417
13496
17416
13418
13497
17417
13419
13498
17418
13420
13499
17419
13421
13500
17420
13422
13501
17421
13423
13502
17422
13424
13503
17423
13425
13504
17424
13426
13505
17425
13427
13506
17426
13428
13507
17427
13429
13508
17428
13430
13509
17429
13431
13510
17430
13432
13511
17431
13433
13512
17432
13434
13513
17433
13435
13514
17434
13436
13515
17435
13437
13516
17436
13438
13517
17437
13439
13518
17438
13519
17439
13441
13520
17440
13442
13521
17441
13443
13522
17442
13444
13523
17443
13445
13524
17444
13446
13525
17445
13447
13526
17446
13448
13527
17447
13449
13528
17448
13450
13529
17449
13451
13530
17450
13452
13531
17451
13453
13532
17452
13454
13533
17453
13455
13534
17454
13456
13535
17455
13457
13536
17456
13458
13537
17457
13459
13538
17458
13460
13539
17459
13461
13540
17460
13462
13541
17461
13463
13542
17462
13464
13543
17463
13465
13544
17464
13466
13545
17465
13467
13546
17466
13468
13547
17467
13469
13548
17468
13470
13549
17469
13471
13550
17470
13472
13551
17471
13473
13552
17472
13474
13553
17473
13475
13554
17474
13476
13555
17475
13477
13556
17476
13478
13557
17477
13479
13558
17478
13480
13559
17479
13481
13560
17480
13482
13561
17481
13483
13562
17482
13484
13563
17483
13485
13564
17484
13486
13565
17485
13487
13566
17486
13488
13567
17487
13489
13568
17488
13490
13569
17489
13491
13570
17490
13492
13571
17491
13493
13572
17492
13494
13573
17493
13495
13574
17494
13496
13575
17495
13497
13576
17496
13498
13577
17497
13499
13578
17498
13500
13579
17499
13501
13580
17500
13502
13581
17501
13503
13582
17502
13504
13583
17503
13505
13584
17504
13506
13585
17505
13507
13586
17506
13508
13587
17507
13509
13588
17508
13510
13589
17509
13511
13590
17510
13512
13591
17511
13513
13592
17512
13514
13593
17513
13515
13594
17514
13516
13595
17515
13517
13596
17516
13518
13597
17517
13519
13598
17518
13599
17519
13521
13600
17520
13522
13601
17521
13523
13602
17522
13524
13603
17523
13525
13604
17524
13526
13605
17525
13527
13606
17526
13528
13607
17527
13529
13608
17528
13530
13609
17529
13531
13610
17530
13532
13611
17531
13533
13612
17532
13534
13613
17533
13535
13614
17534
13536
13615
17535
13537
13616
17536
13538
13617
17537
13539
13618
17538
13540
13619
17539
13541
13620
17540
13542
13621
17541
13543
13622
17542
13544
13623
17543
13545
13624
17544
13546
13625
17545
13547
13626
17546
13548
13627
17547
13549
13628
17548
13550
13629
17549
13551
13630
17550
13552
13631
17551
13553
13632
17552
13554
13633
17553
13555
13634
17554
13556
13635
17555
13557
13636
17556
13558
13637
17557
13559
13638
17558
13560
13639
17559
13561
13640
17560
13562
13641
17561
13563
13642
17562
13564
13643
17563
13565
13644
17564
13566
13645
17565
13567
13646
17566
13568
13647
17567
13569
13648
17568
13570
13649
17569
13571
13650
17570
13572
13651
17571
13573
13652
17572
13574
13653
17573
13575
13654
17574
13576
13655
17575
13577
13656
17576
13578
13657
17577
13579
13658
17578
13580
13659
17579
13581
13660
17580
13582
13661
17581
13583
13662
17582
13584
13663
17583
13585
13664
17584
13586
13665
17585
13587
13666
17586
13588
13667
17587
13589
13668
17588
13590
13669
17589
13591
13670
17590
13592
13671
17591
13593
13672
17592
13594
13673
17593
13595
13674
17594
13596
13675
17595
13597
13676
17596
13598
13677
17597
13599
13678
17598
13679
17599
13601
13680
17600
13602
13681
17601
13603
13682
17602
13604
13683
17603
13605
13684
17604
13606
13685
17605
13607
13686
17606
13608
13687
17607
13609
13688
17608
13610
13689
17609
13611
13690
17610
13612
13691
17611
13613
13692
17612
13614
13693
17613
13615
13694
17614
13616
13695
17615
13617
13696
17616
13618
13697
17617
13619
13698
17618
13620
13699
17619
13621
13700
17620
13622
13701
17621
13623
13702
17622
13624
13703
17623
13625
13704
17624
13626
13705
17625
13627
13706
17626
13628
13707
17627
13629
13708
17628
13630
13709
17629
13631
13710
17630
13632
13711
17631
13633
13712
17632
13634
13713
17633
13635
13714
17634
13636
13715
17635
13637
13716
17636
13638
13717
17637
13639
13718
17638
13640
13719
17639
13641
13720
17640
13642
13721
17641
13643
13722
17642
13644
13723
17643
13645
13724
17644
13646
13725
17645
13647
13726
17646
13648
13727
17647
13649
13728
17648
13650
13729
17649
13651
13730
17650
13652
13731
17651
13653
13732
17652
13654
13733
17653
13655
13734
17654
13656
13735
17655
13657
13736
17656
13658
13737
17657
13659
13738
17658
13660
13739
17659
13661
13740
17660
13662
13741
17661
13663
13742
17662
13664
13743
17663
13665
13744
17664
13666
13745
17665
13667
13746
17666
13668
13747
17667
13669
13748
17668
13670
13749
17669
13671
13750
17670
13672
13751
17671
13673
13752
17672
13674
13753
17673
13675
13754
17674
13676
13755
17675
13677
13756
17676
13678
13757
17677
13679
13758
17678
13759
17679
13681
13760
17680
13682
13761
17681
13683
13762
17682
13684
13763
17683
13685
13764
17684
13686
13765
17685
13687
13766
17686
13688
13767
17687
13689
13768
17688
13690
13769
17689
13691
13770
17690
13692
13771
17691
13693
13772
17692
13694
13773
17693
13695
13774
17694
13696
13775
17695
13697
13776
17696
13698
13777
17697
13699
13778
17698
13700
13779
17699
13701
13780
17700
13702
13781
17701
13703
13782
17702
13704
13783
17703
13705
13784
17704
13706
13785
17705
13707
13786
17706
13708
13787
17707
13709
13788
17708
13710
13789
17709
13711
13790
17710
13712
13791
17711
13713
13792
17712
13714
13793
17713
13715
13794
17714
13716
13795
17715
13717
13796
17716
13718
13797
17717
13719
13798
17718
13720
13799
17719
13721
13800
17720
13722
13801
17721
13723
13802
17722
13724
13803
17723
13725
13804
17724
13726
13805
17725
13727
13806
17726
13728
13807
17727
13729
13808
17728
13730
13809
17729
13731
13810
17730
13732
13811
17731
13733
13812
17732
13734
13813
17733
13735
13814
17734
13736
13815
17735
13737
13816
17736
13738
13817
17737
13739
13818
17738
13740
13819
17739
13741
13820
17740
13742
13821
17741
13743
13822
17742
13744
13823
17743
13745
13824
17744
13746
13825
17745
13747
13826
17746
13748
13827
17747
13749
13828
17748
13750
13829
17749
13751
13830
17750
13752
13831
17751
13753
13832
17752
13754
13833
17753
13755
13834
17754
13756
13835
17755
13757
13836
17756
13758
13837
17757
13759
13838
17758
13839
17759
13761
13840
17760
13762
13841
17761
13763
13842
17762
13764
13843
17763
13765
13844
17764
13766
13845
17765
13767
13846
17766
13768
13847
17767
13769
13848
17768
13770
13849
17769
13771
13850
17770
13772
13851
17771
13773
13852
17772
13774
13853
17773
13775
13854
17774
13776
13855
17775
13777
13856
17776
13778
13857
17777
13779
13858
17778
13780
13859
17779
13781
13860
17780
13782
13861
17781
13783
13862
17782
13784
13863
17783
13785
13864
17784
13786
13865
17785
13787
13866
17786
13788
13867
17787
13789
13868
17788
13790
13869
17789
13791
13870
17790
13792
13871
17791
13793
13872
17792
13794
13873
17793
13795
13874
17794
13796
13875
17795
13797
13876
17796
13798
13877
17797
13799
13878
17798
13800
13879
17799
13801
13880
17800
13802
13881
17801
13803
13882
17802
13804
13883
17803
13805
13884
17804
13806
13885
17805
13807
13886
17806
13808
13887
17807
13809
13888
17808
13810
13889
17809
13811
13890
17810
13812
13891
17811
13813
13892
17812
13814
13893
17813
13815
13894
17814
13816
13895
17815
13817
13896
17816
13818
13897
17817
13819
13898
17818
13820
13899
17819
13821
13900
17820
13822
13901
17821
13823
13902
17822
13824
13903
17823
13825
13904
17824
13826
13905
17825
13827
13906
17826
13828
13907
17827
13829
13908
17828
13830
13909
17829
13831
13910
17830
13832
13911
17831
13833
13912
17832
13834
13913
17833
13835
13914
17834
13836
13915
17835
13837
13916
17836
13838
13917
17837
13839
13918
17838
13919
17839
13841
13920
17840
13842
13921
17841
13843
13922
17842
13844
13923
17843
13845
13924
17844
13846
13925
17845
13847
13926
17846
13848
13927
17847
13849
13928
17848
13850
13929
17849
13851
13930
17850
13852
13931
17851
13853
13932
17852
13854
13933
17853
13855
13934
17854
13856
13935
17855
13857
13936
17856
13858
13937
17857
13859
13938
17858
13860
13939
17859
13861
13940
17860
13862
13941
17861
13863
13942
17862
13864
13943
17863
13865
13944
17864
13866
13945
17865
13867
13946
17866
13868
13947
17867
13869
13948
17868
13870
13949
17869
13871
13950
17870
13872
13951
17871
13873
13952
17872
13874
13953
17873
13875
13954
17874
13876
13955
17875
13877
13956
17876
13878
13957
17877
13879
13958
17878
13880
13959
17879
13881
13960
17880
13882
13961
17881
13883
13962
17882
13884
13963
17883
13885
13964
17884
13886
13965
17885
13887
13966
17886
13888
13967
17887
13889
13968
17888
13890
13969
17889
13891
13970
17890
13892
13971
17891
13893
13972
17892
13894
13973
17893
13895
13974
17894
13896
13975
17895
13897
13976
17896
13898
13977
17897
13899
13978
17898
13900
13979
17899
13901
13980
17900
13902
13981
17901
13903
13982
17902
13904
13983
17903
13905
13984
17904
13906
13985
17905
13907
13986
17906
13908
13987
17907
13909
13988
17908
13910
13989
17909
13911
13990
17910
13912
13991
17911
13913
13992
17912
13914
13993
17913
13915
13994
17914
13916
13995
17915
13917
13996
17916
13918
13997
17917
13919
13998
17918
13999
17919
13921
14000
17920
13922
14001
17921
13923
14002
17922
13924
14003
17923
13925
14004
17924
13926
14005
17925
13927
14006
17926
13928
14007
17927
13929
14008
17928
13930
14009
17929
13931
14010
17930
13932
14011
17931
13933
14012
17932
13934
14013
17933
13935
14014
17934
13936
14015
17935
13937
14016
17936
13938
14017
17937
13939
14018
17938
13940
14019
17939
13941
14020
17940
13942
14021
17941
13943
14022
17942
13944
14023
17943
13945
14024
17944
13946
14025
17945
13947
14026
17946
13948
14027
17947
13949
14028
17948
13950
14029
17949
13951
14030
17950
13952
14031
17951
13953
14032
17952
13954
14033
17953
13955
14034
17954
13956
14035
17955
13957
14036
17956
13958
14037
17957
13959
14038
17958
13960
14039
17959
13961
14040
17960
13962
14041
17961
13963
14042
17962
13964
14043
17963
13965
14044
17964
13966
14045
17965
13967
14046
17966
13968
14047
17967
13969
14048
17968
13970
14049
17969
13971
14050
17970
13972
14051
17971
13973
14052
17972
13974
14053
17973
13975
14054
17974
13976
14055
17975
13977
14056
17976
13978
14057
17977
13979
14058
17978
13980
14059
17979
13981
14060
17980
13982
14061
17981
13983
14062
17982
13984
14063
17983
13985
14064
17984
13986
14065
17985
13987
14066
17986
13988
14067
17987
13989
14068
17988
13990
14069
17989
13991
14070
17990
13992
14071
17991
13993
14072
17992
13994
14073
17993
13995
14074
17994
13996
14075
17995
13997
14076
17996
13998
14077
17997
13999
14078
17998
14079
17999
14001
14080
18000
14002
14081
18001
14003
14082
18002
14004
14083
18003
14005
14084
18004
14006
14085
18005
14007
14086
18006
14008
14087
18007
14009
14088
18008
14010
14089
18009
14011
14090
18010
14012
14091
18011
14013
14092
18012
14014
14093
18013
14015
14094
18014
14016
14095
18015
14017
14096
18016
14018
14097
18017
14019
14098
18018
14020
14099
18019
14021
14100
18020
14022
14101
18021
14023
14102
18022
14024
14103
18023
14025
14104
18024
14026
14105
18025
14027
14106
18026
14028
14107
18027
14029
14108
18028
14030
14109
18029
14031
14110
18030
14032
14111
18031
14033
14112
18032
14034
14113
18033
14035
14114
18034
14036
14115
18035
14037
14116
18036
14038
14117
18037
14039
14118
18038
14040
14119
18039
14041
14120
18040
14042
14121
18041
14043
14122
18042
14044
14123
18043
14045
14124
18044
14046
14125
18045
14047
14126
18046
14048
14127
18047
14049
14128
18048
14050
14129
18049
14051
14130
18050
14052
14131
18051
14053
14132
18052
14054
14133
18053
14055
14134
18054
14056
14135
18055
14057
14136
18056
14058
14137
18057
14059
14138
18058
14060
14139
18059
14061
14140
18060
14062
14141
18061
14063
14142
18062
14064
14143
18063
14065
14144
18064
14066
14145
18065
14067
14146
18066
14068
14147
18067
14069
14148
18068
14070
14149
18069
14071
14150
18070
14072
14151
18071
14073
14152
18072
14074
14153
18073
14075
14154
18074
14076
14155
18075
14077
14156
18076
14078
14157
18077
14079
14158
18078
14159
18079
14081
14160
18080
14082
14161
18081
14083
14162
18082
14084
14163
18083
14085
14164
18084
14086
14165
18085
14087
14166
18086
14088
14167
18087
14089
14168
18088
14090
14169
18089
14091
14170
18090
14092
14171
18091
14093
14172
18092
14094
14173
18093
14095
14174
18094
14096
14175
18095
14097
14176
18096
14098
14177
18097
14099
14178
18098
14100
14179
18099
14101
14180
18100
14102
14181
18101
14103
14182
18102
14104
14183
18103
14105
14184
18104
14106
14185
18105
14107
14186
18106
14108
14187
18107
14109
14188
18108
14110
14189
18109
14111
14190
18110
14112
14191
18111
14113
14192
18112
14114
14193
18113
14115
14194
18114
14116
14195
18115
14117
14196
18116
14118
14197
18117
14119
14198
18118
14120
14199
18119
14121
14200
18120
14122
14201
18121
14123
14202
18122
14124
14203
18123
14125
14204
18124
14126
14205
18125
14127
14206
18126
14128
14207
18127
14129
14208
18128
14130
14209
18129
14131
14210
18130
14132
14211
18131
14133
14212
18132
14134
14213
18133
14135
14214
18134
14136
14215
18135
14137
14216
18136
14138
14217
18137
14139
14218
18138
14140
14219
18139
14141
14220
18140
14142
14221
18141
14143
14222
18142
14144
14223
18143
14145
14224
18144
14146
14225
18145
14147
14226
18146
14148
14227
18147
14149
14228
18148
14150
14229
18149
14151
14230
18150
14152
14231
18151
14153
14232
18152
14154
14233
18153
14155
14234
18154
14156
14235
18155
14157
14236
18156
14158
14237
18157
14159
14238
18158
14239
18159
14161
14240
18160
14162
14241
18161
14163
14242
18162
14164
14243
18163
14165
14244
18164
14166
14245
18165
14167
14246
18166
14168
14247
18167
14169
14248
18168
14170
14249
18169
14171
14250
18170
14172
14251
18171
14173
14252
18172
14174
14253
18173
14175
14254
18174
14176
14255
18175
14177
14256
18176
14178
14257
18177
14179
14258
18178
14180
14259
18179
14181
14260
18180
14182
14261
18181
14183
14262
18182
14184
14263
18183
14185
14264
18184
14186
14265
18185
14187
14266
18186
14188
14267
18187
14189
14268
18188
14190
14269
18189
14191
14270
18190
14192
14271
18191
14193
14272
18192
14194
14273
18193
14195
14274
18194
14196
14275
18195
14197
14276
18196
14198
14277
18197
14199
14278
18198
14200
14279
18199
14201
14280
18200
14202
14281
18201
14203
14282
18202
14204
14283
18203
14205
14284
18204
14206
14285
18205
14207
14286
18206
14208
14287
18207
14209
14288
18208
14210
14289
18209
14211
14290
18210
14212
14291
18211
14213
14292
18212
14214
14293
18213
14215
14294
18214
14216
14295
18215
14217
14296
18216
14218
14297
18217
14219
14298
18218
14220
14299
18219
14221
14300
18220
14222
14301
18221
14223
14302
18222
14224
14303
18223
14225
14304
18224
14226
14305
18225
14227
14306
18226
14228
14307
18227
14229
14308
18228
14230
14309
18229
14231
14310
18230
14232
14311
18231
14233
14312
18232
14234
14313
18233
14235
14314
18234
14236
14315
18235
14237
14316
18236
14238
14317
18237
14239
14318
18238
14319
18239
14241
14320
18240
14242
14321
18241
14243
14322
18242
14244
14323
18243
14245
14324
18244
14246
14325
18245
14247
14326
18246
14248
14327
18247
14249
14328
18248
14250
14329
18249
14251
14330
18250
14252
14331
18251
14253
14332
18252
14254
14333
18253
14255
14334
18254
14256
14335
18255
14257
14336
18256
14258
14337
18257
14259
14338
18258
14260
14339
18259
14261
14340
18260
14262
14341
18261
14263
14342
18262
14264
14343
18263
14265
14344
18264
14266
14345
18265
14267
14346
18266
14268
14347
18267
14269
14348
18268
14270
14349
18269
14271
14350
18270
14272
14351
18271
14273
14352
18272
14274
14353
18273
14275
14354
18274
14276
14355
18275
14277
14356
18276
14278
14357
18277
14279
14358
18278
14280
14359
18279
14281
14360
18280
14282
14361
18281
14283
14362
18282
14284
14363
18283
14285
14364
18284
14286
14365
18285
14287
14366
18286
14288
14367
18287
14289
14368
18288
14290
14369
18289
14291
14370
18290
14292
14371
18291
14293
14372
18292
14294
14373
18293
14295
14374
18294
14296
14375
18295
14297
14376
18296
14298
14377
18297
14299
14378
18298
14300
14379
18299
14301
14380
18300
14302
14381
18301
14303
14382
18302
14304
14383
18303
14305
14384
18304
14306
14385
18305
14307
14386
18306
14308
14387
18307
14309
14388
18308
14310
14389
18309
14311
14390
18310
14312
14391
18311
14313
14392
18312
14314
14393
18313
14315
14394
18314
14316
14395
18315
14317
14396
18316
14318
14397
18317
14319
14398
18318
14399
18319
14321
14400
18320
14322
14401
18321
14323
14402
18322
14324
14403
18323
14325
14404
18324
14326
14405
18325
14327
14406
18326
14328
14407
18327
14329
14408
18328
14330
14409
18329
14331
14410
18330
14332
14411
18331
14333
14412
18332
14334
14413
18333
14335
14414
18334
14336
14415
18335
14337
14416
18336
14338
14417
18337
14339
14418
18338
14340
14419
18339
14341
14420
18340
14342
14421
18341
14343
14422
18342
14344
14423
18343
14345
14424
18344
14346
14425
18345
14347
14426
18346
14348
14427
18347
14349
14428
18348
14350
14429
18349
14351
14430
18350
14352
14431
18351
14353
14432
18352
14354
14433
18353
14355
14434
18354
14356
14435
18355
14357
14436
18356
14358
14437
18357
14359
14438
18358
14360
14439
18359
14361
14440
18360
14362
14441
18361
14363
14442
18362
14364
14443
18363
14365
14444
18364
14366
14445
18365
14367
14446
18366
14368
14447
18367
14369
14448
18368
14370
14449
18369
14371
14450
18370
14372
14451
18371
14373
14452
18372
14374
14453
18373
14375
14454
18374
14376
14455
18375
14377
14456
18376
14378
14457
18377
14379
14458
18378
14380
14459
18379
14381
14460
18380
14382
14461
18381
14383
14462
18382
14384
14463
18383
14385
14464
18384
14386
14465
18385
14387
14466
18386
14388
14467
18387
14389
14468
18388
14390
14469
18389
14391
14470
18390
14392
14471
18391
14393
14472
18392
14394
14473
18393
14395
14474
18394
14396
14475
18395
14397
14476
18396
14398
14477
18397
14399
14478
18398
14479
18399
14401
14480
18400
14402
14481
18401
14403
14482
18402
14404
14483
18403
14405
14484
18404
14406
14485
18405
14407
14486
18406
14408
14487
18407
14409
14488
18408
14410
14489
18409
14411
14490
18410
14412
14491
18411
14413
14492
18412
14414
14493
18413
14415
14494
18414
14416
14495
18415
14417
14496
18416
14418
14497
18417
14419
14498
18418
14420
14499
18419
14421
14500
18420
14422
14501
18421
14423
14502
18422
14424
14503
18423
14425
14504
18424
14426
14505
18425
14427
14506
18426
14428
14507
18427
14429
14508
18428
14430
14509
18429
14431
14510
18430
14432
14511
18431
14433
14512
18432
14434
14513
18433
14435
14514
18434
14436
14515
18435
14437
14516
18436
14438
14517
18437
14439
14518
18438
14440
14519
18439
14441
14520
18440
14442
14521
18441
14443
14522
18442
14444
14523
18443
14445
14524
18444
14446
14525
18445
14447
14526
18446
14448
14527
18447
14449
14528
18448
14450
14529
18449
14451
14530
18450
14452
14531
18451
14453
14532
18452
14454
14533
18453
14455
14534
18454
14456
14535
18455
14457
14536
18456
14458
14537
18457
14459
14538
18458
14460
14539
18459
14461
14540
18460
14462
14541
18461
14463
14542
18462
14464
14543
18463
14465
14544
18464
14466
14545
18465
14467
14546
18466
14468
14547
18467
14469
14548
18468
14470
14549
18469
14471
14550
18470
14472
14551
18471
14473
14552
18472
14474
14553
18473
14475
14554
18474
14476
14555
18475
14477
14556
18476
14478
14557
18477
14479
14558
18478
14559
18479
14481
14560
18480
14482
14561
18481
14483
14562
18482
14484
14563
18483
14485
14564
18484
14486
14565
18485
14487
14566
18486
14488
14567
18487
14489
14568
18488
14490
14569
18489
14491
14570
18490
14492
14571
18491
14493
14572
18492
14494
14573
18493
14495
14574
18494
14496
14575
18495
14497
14576
18496
14498
14577
18497
14499
14578
18498
14500
14579
18499
14501
14580
18500
14502
14581
18501
14503
14582
18502
14504
14583
18503
14505
14584
18504
14506
14585
18505
14507
14586
18506
14508
14587
18507
14509
14588
18508
14510
14589
18509
14511
14590
18510
14512
14591
18511
14513
14592
18512
14514
14593
18513
14515
14594
18514
14516
14595
18515
14517
14596
18516
14518
14597
18517
14519
14598
18518
14520
14599
18519
14521
14600
18520
14522
14601
18521
14523
14602
18522
14524
14603
18523
14525
14604
18524
14526
14605
18525
14527
14606
18526
14528
14607
18527
14529
14608
18528
14530
14609
18529
14531
14610
18530
14532
14611
18531
14533
14612
18532
14534
14613
18533
14535
14614
18534
14536
14615
18535
14537
14616
18536
14538
14617
18537
14539
14618
18538
14540
14619
18539
14541
14620
18540
14542
14621
18541
14543
14622
18542
14544
14623
18543
14545
14624
18544
14546
14625
18545
14547
14626
18546
14548
14627
18547
14549
14628
18548
14550
14629
18549
14551
14630
18550
14552
14631
18551
14553
14632
18552
14554
14633
18553
14555
14634
18554
14556
14635
18555
14557
14636
18556
14558
14637
18557
14559
14638
18558
14639
18559
14561
14640
18560
14562
14641
18561
14563
14642
18562
14564
14643
18563
14565
14644
18564
14566
14645
18565
14567
14646
18566
14568
14647
18567
14569
14648
18568
14570
14649
18569
14571
14650
18570
14572
14651
18571
14573
14652
18572
14574
14653
18573
14575
14654
18574
14576
14655
18575
14577
14656
18576
14578
14657
18577
14579
14658
18578
14580
14659
18579
14581
14660
18580
14582
14661
18581
14583
14662
18582
14584
14663
18583
14585
14664
18584
14586
14665
18585
14587
14666
18586
14588
14667
18587
14589
14668
18588
14590
14669
18589
14591
14670
18590
14592
14671
18591
14593
14672
18592
14594
14673
18593
14595
14674
18594
14596
14675
18595
14597
14676
18596
14598
14677
18597
14599
14678
18598
14600
14679
18599
14601
14680
18600
14602
14681
18601
14603
14682
18602
14604
14683
18603
14605
14684
18604
14606
14685
18605
14607
14686
18606
14608
14687
18607
14609
14688
18608
14610
14689
18609
14611
14690
18610
14612
14691
18611
14613
14692
18612
14614
14693
18613
14615
14694
18614
14616
14695
18615
14617
14696
18616
14618
14697
18617
14619
14698
18618
14620
14699
18619
14621
14700
18620
14622
14701
18621
14623
14702
18622
14624
14703
18623
14625
14704
18624
14626
14705
18625
14627
14706
18626
14628
14707
18627
14629
14708
18628
14630
14709
18629
14631
14710
18630
14632
14711
18631
14633
14712
18632
14634
14713
18633
14635
14714
18634
14636
14715
18635
14637
14716
18636
14638
14717
18637
14639
14718
18638
14719
18639
14641
14720
18640
14642
14721
18641
14643
14722
18642
14644
14723
18643
14645
14724
18644
14646
14725
18645
14647
14726
18646
14648
14727
18647
14649
14728
18648
14650
14729
18649
14651
14730
18650
14652
14731
18651
14653
14732
18652
14654
14733
18653
14655
14734
18654
14656
14735
18655
14657
14736
18656
14658
14737
18657
14659
14738
18658
14660
14739
18659
14661
14740
18660
14662
14741
18661
14663
14742
18662
14664
14743
18663
14665
14744
18664
14666
14745
18665
14667
14746
18666
14668
14747
18667
14669
14748
18668
14670
14749
18669
14671
14750
18670
14672
14751
18671
14673
14752
18672
14674
14753
18673
14675
14754
18674
14676
14755
18675
14677
14756
18676
14678
14757
18677
14679
14758
18678
14680
14759
18679
14681
14760
18680
14682
14761
18681
14683
14762
18682
14684
14763
18683
14685
14764
18684
14686
14765
18685
14687
14766
18686
14688
14767
18687
14689
14768
18688
14690
14769
18689
14691
14770
18690
14692
14771
18691
14693
14772
18692
14694
14773
18693
14695
14774
18694
14696
14775
18695
14697
14776
18696
14698
14777
18697
14699
14778
18698
14700
14779
18699
14701
14780
18700
14702
14781
18701
14703
14782
18702
14704
14783
18703
14705
14784
18704
14706
14785
18705
14707
14786
18706
14708
14787
18707
14709
14788
18708
14710
14789
18709
14711
14790
18710
14712
14791
18711
14713
14792
18712
14714
14793
18713
14715
14794
18714
14716
14795
18715
14717
14796
18716
14718
14797
18717
14719
14798
18718
14799
18719
14721
14800
18720
14722
14801
18721
14723
14802
18722
14724
14803
18723
14725
14804
18724
14726
14805
18725
14727
14806
18726
14728
14807
18727
14729
14808
18728
14730
14809
18729
14731
14810
18730
14732
14811
18731
14733
14812
18732
14734
14813
18733
14735
14814
18734
14736
14815
18735
14737
14816
18736
14738
14817
18737
14739
14818
18738
14740
14819
18739
14741
14820
18740
14742
14821
18741
14743
14822
18742
14744
14823
18743
14745
14824
18744
14746
14825
18745
14747
14826
18746
14748
14827
18747
14749
14828
18748
14750
14829
18749
14751
14830
18750
14752
14831
18751
14753
14832
18752
14754
14833
18753
14755
14834
18754
14756
14835
18755
14757
14836
18756
14758
14837
18757
14759
14838
18758
14760
14839
18759
14761
14840
18760
14762
14841
18761
14763
14842
18762
14764
14843
18763
14765
14844
18764
14766
14845
18765
14767
14846
18766
14768
14847
18767
14769
14848
18768
14770
14849
18769
14771
14850
18770
14772
14851
18771
14773
14852
18772
14774
14853
18773
14775
14854
18774
14776
14855
18775
14777
14856
18776
14778
14857
18777
14779
14858
18778
14780
14859
18779
14781
14860
18780
14782
14861
18781
14783
14862
18782
14784
14863
18783
14785
14864
18784
14786
14865
18785
14787
14866
18786
14788
14867
18787
14789
14868
18788
14790
14869
18789
14791
14870
18790
14792
14871
18791
14793
14872
18792
14794
14873
18793
14795
14874
18794
14796
14875
18795
14797
14876
18796
14798
14877
18797
14799
14878
18798
14879
18799
14801
14880
18800
14802
14881
18801
14803
14882
18802
14804
14883
18803
14805
14884
18804
14806
14885
18805
14807
14886
18806
14808
14887
18807
14809
14888
18808
14810
14889
18809
14811
14890
18810
14812
14891
18811
14813
14892
18812
14814
14893
18813
14815
14894
18814
14816
14895
18815
14817
14896
18816
14818
14897
18817
14819
14898
18818
14820
14899
18819
14821
14900
18820
14822
14901
18821
14823
14902
18822
14824
14903
18823
14825
14904
18824
14826
14905
18825
14827
14906
18826
14828
14907
18827
14829
14908
18828
14830
14909
18829
14831
14910
18830
14832
14911
18831
14833
14912
18832
14834
14913
18833
14835
14914
18834
14836
14915
18835
14837
14916
18836
14838
14917
18837
14839
14918
18838
14840
14919
18839
14841
14920
18840
14842
14921
18841
14843
14922
18842
14844
14923
18843
14845
14924
18844
14846
14925
18845
14847
14926
18846
14848
14927
18847
14849
14928
18848
14850
14929
18849
14851
14930
18850
14852
14931
18851
14853
14932
18852
14854
14933
18853
14855
14934
18854
14856
14935
18855
14857
14936
18856
14858
14937
18857
14859
14938
18858
14860
14939
18859
14861
14940
18860
14862
14941
18861
14863
14942
18862
14864
14943
18863
14865
14944
18864
14866
14945
18865
14867
14946
18866
14868
14947
18867
14869
14948
18868
14870
14949
18869
14871
14950
18870
14872
14951
18871
14873
14952
18872
14874
14953
18873
14875
14954
18874
14876
14955
18875
14877
14956
18876
14878
14957
18877
14879
14958
18878
14959
18879
14881
14960
18880
14882
14961
18881
14883
14962
18882
14884
14963
18883
14885
14964
18884
14886
14965
18885
14887
14966
18886
14888
14967
18887
14889
14968
18888
14890
14969
18889
14891
14970
18890
14892
14971
18891
14893
14972
18892
14894
14973
18893
14895
14974
18894
14896
14975
18895
14897
14976
18896
14898
14977
18897
14899
14978
18898
14900
14979
18899
14901
14980
18900
14902
14981
18901
14903
14982
18902
14904
14983
18903
14905
14984
18904
14906
14985
18905
14907
14986
18906
14908
14987
18907
14909
14988
18908
14910
14989
18909
14911
14990
18910
14912
14991
18911
14913
14992
18912
14914
14993
18913
14915
14994
18914
14916
14995
18915
14917
14996
18916
14918
14997
18917
14919
14998
18918
14920
14999
18919
14921
15000
18920
14922
15001
18921
14923
15002
18922
14924
15003
18923
14925
15004
18924
14926
15005
18925
14927
15006
18926
14928
15007
18927
14929
15008
18928
14930
15009
18929
14931
15010
18930
14932
15011
18931
14933
15012
18932
14934
15013
18933
14935
15014
18934
14936
15015
18935
14937
15016
18936
14938
15017
18937
14939
15018
18938
14940
15019
18939
14941
15020
18940
14942
15021
18941
14943
15022
18942
14944
15023
18943
14945
15024
18944
14946
15025
18945
14947
15026
18946
14948
15027
18947
14949
15028
18948
14950
15029
18949
14951
15030
18950
14952
15031
18951
14953
15032
18952
14954
15033
18953
14955
15034
18954
14956
15035
18955
14957
15036
18956
14958
15037
18957
14959
15038
18958
15039
18959
14961
15040
18960
14962
15041
18961
14963
15042
18962
14964
15043
18963
14965
15044
18964
14966
15045
18965
14967
15046
18966
14968
15047
18967
14969
15048
18968
14970
15049
18969
14971
15050
18970
14972
15051
18971
14973
15052
18972
14974
15053
18973
14975
15054
18974
14976
15055
18975
14977
15056
18976
14978
15057
18977
14979
15058
18978
14980
15059
18979
14981
15060
18980
14982
15061
18981
14983
15062
18982
14984
15063
18983
14985
15064
18984
14986
15065
18985
14987
15066
18986
14988
15067
18987
14989
15068
18988
14990
15069
18989
14991
15070
18990
14992
15071
18991
14993
15072
18992
14994
15073
18993
14995
15074
18994
14996
15075
18995
14997
15076
18996
14998
15077
18997
14999
15078
18998
15000
15079
18999
15001
15080
19000
15002
15081
19001
15003
15082
19002
15004
15083
19003
15005
15084
19004
15006
15085
19005
15007
15086
19006
15008
15087
19007
15009
15088
19008
15010
15089
19009
15011
15090
19010
15012
15091
19011
15013
15092
19012
15014
15093
19013
15015
15094
19014
15016
15095
19015
15017
15096
19016
15018
15097
19017
15019
15098
19018
15020
15099
19019
15021
15100
19020
15022
15101
19021
15023
15102
19022
15024
15103
19023
15025
15104
19024
15026
15105
19025
15027
15106
19026
15028
15107
19027
15029
15108
19028
15030
15109
19029
15031
15110
19030
15032
15111
19031
15033
15112
19032
15034
15113
19033
15035
15114
19034
15036
15115
19035
15037
15116
19036
15038
15117
19037
15039
15118
19038
15119
19039
15041
15120
19040
15042
15121
19041
15043
15122
19042
15044
15123
19043
15045
15124
19044
15046
15125
19045
15047
15126
19046
15048
15127
19047
15049
15128
19048
15050
15129
19049
15051
15130
19050
15052
15131
19051
15053
15132
19052
15054
15133
19053
15055
15134
19054
15056
15135
19055
15057
15136
19056
15058
15137
19057
15059
15138
19058
15060
15139
19059
15061
15140
19060
15062
15141
19061
15063
15142
19062
15064
15143
19063
15065
15144
19064
15066
15145
19065
15067
15146
19066
15068
15147
19067
15069
15148
19068
15070
15149
19069
15071
15150
19070
15072
15151
19071
15073
15152
19072
15074
15153
19073
15075
15154
19074
15076
15155
19075
15077
15156
19076
15078
15157
19077
15079
15158
19078
15080
15159
19079
15081
15160
19080
15082
15161
19081
15083
15162
19082
15084
15163
19083
15085
15164
19084
15086
15165
19085
15087
15166
19086
15088
15167
19087
15089
15168
19088
15090
15169
19089
15091
15170
19090
15092
15171
19091
15093
15172
19092
15094
15173
19093
15095
15174
19094
15096
15175
19095
15097
15176
19096
15098
15177
19097
15099
15178
19098
15100
15179
19099
15101
15180
19100
15102
15181
19101
15103
15182
19102
15104
15183
19103
15105
15184
19104
15106
15185
19105
15107
15186
19106
15108
15187
19107
15109
15188
19108
15110
15189
19109
15111
15190
19110
15112
15191
19111
15113
15192
19112
15114
15193
19113
15115
15194
19114
15116
15195
19115
15117
15196
19116
15118
15197
19117
15119
15198
19118
15199
19119
15121
15200
19120
15122
15201
19121
15123
15202
19122
15124
15203
19123
15125
15204
19124
15126
15205
19125
15127
15206
19126
15128
15207
19127
15129
15208
19128
15130
15209
19129
15131
15210
19130
15132
15211
19131
15133
15212
19132
15134
15213
19133
15135
15214
19134
15136
15215
19135
15137
15216
19136
15138
15217
19137
15139
15218
19138
15140
15219
19139
15141
15220
19140
15142
15221
19141
15143
15222
19142
15144
15223
19143
15145
15224
19144
15146
15225
19145
15147
15226
19146
15148
15227
19147
15149
15228
19148
15150
15229
19149
15151
15230
19150
15152
15231
19151
15153
15232
19152
15154
15233
19153
15155
15234
19154
15156
15235
19155
15157
15236
19156
15158
15237
19157
15159
15238
19158
15160
15239
19159
15161
15240
19160
15162
15241
19161
15163
15242
19162
15164
15243
19163
15165
15244
19164
15166
15245
19165
15167
15246
19166
15168
15247
19167
15169
15248
19168
15170
15249
19169
15171
15250
19170
15172
15251
19171
15173
15252
19172
15174
15253
19173
15175
15254
19174
15176
15255
19175
15177
15256
19176
15178
15257
19177
15179
15258
19178
15180
15259
19179
15181
15260
19180
15182
15261
19181
15183
15262
19182
15184
15263
19183
15185
15264
19184
15186
15265
19185
15187
15266
19186
15188
15267
19187
15189
15268
19188
15190
15269
19189
15191
15270
19190
15192
15271
19191
15193
15272
19192
15194
15273
19193
15195
15274
19194
15196
15275
19195
15197
15276
19196
15198
15277
19197
15199
15278
19198
15279
19199
15201
15280
19200
15202
15281
19201
15203
15282
19202
15204
15283
19203
15205
15284
19204
15206
15285
19205
15207
15286
19206
15208
15287
19207
15209
15288
19208
15210
15289
19209
15211
15290
19210
15212
15291
19211
15213
15292
19212
15214
15293
19213
15215
15294
19214
15216
15295
19215
15217
15296
19216
15218
15297
19217
15219
15298
19218
15220
15299
19219
15221
15300
19220
15222
15301
19221
15223
15302
19222
15224
15303
19223
15225
15304
19224
15226
15305
19225
15227
15306
19226
15228
15307
19227
15229
15308
19228
15230
15309
19229
15231
15310
19230
15232
15311
19231
15233
15312
19232
15234
15313
19233
15235
15314
19234
15236
15315
19235
15237
15316
19236
15238
15317
19237
15239
15318
19238
15240
15319
19239
15241
15320
19240
15242
15321
19241
15243
15322
19242
15244
15323
19243
15245
15324
19244
15246
15325
19245
15247
15326
19246
15248
15327
19247
15249
15328
19248
15250
15329
19249
15251
15330
19250
15252
15331
19251
15253
15332
19252
15254
15333
19253
15255
15334
19254
15256
15335
19255
15257
15336
19256
15258
15337
19257
15259
15338
19258
15260
15339
19259
15261
15340
19260
15262
15341
19261
15263
15342
19262
15264
15343
19263
15265
15344
19264
15266
15345
19265
15267
15346
19266
15268
15347
19267
15269
15348
19268
15270
15349
19269
15271
15350
19270
15272
15351
19271
15273
15352
19272
15274
15353
19273
15275
15354
19274
15276
15355
19275
15277
15356
19276
15278
15357
19277
15279
15358
19278
15359
19279
15281
15360
19280
15282
15361
19281
15283
15362
19282
15284
15363
19283
15285
15364
19284
15286
15365
19285
15287
15366
19286
15288
15367
19287
15289
15368
19288
15290
15369
19289
15291
15370
19290
15292
15371
19291
15293
15372
19292
15294
15373
19293
15295
15374
19294
15296
15375
19295
15297
15376
19296
15298
15377
19297
15299
15378
19298
15300
15379
19299
15301
15380
19300
15302
15381
19301
15303
15382
19302
15304
15383
19303
15305
15384
19304
15306
15385
19305
15307
15386
19306
15308
15387
19307
15309
15388
19308
15310
15389
19309
15311
15390
19310
15312
15391
19311
15313
15392
19312
15314
15393
19313
15315
15394
19314
15316
15395
19315
15317
15396
19316
15318
15397
19317
15319
15398
19318
15320
15399
19319
15321
15400
19320
15322
15401
19321
15323
15402
19322
15324
15403
19323
15325
15404
19324
15326
15405
19325
15327
15406
19326
15328
15407
19327
15329
15408
19328
15330
15409
19329
15331
15410
19330
15332
15411
19331
15333
15412
19332
15334
15413
19333
15335
15414
19334
15336
15415
19335
15337
15416
19336
15338
15417
19337
15339
15418
19338
15340
15419
19339
15341
15420
19340
15342
15421
19341
15343
15422
19342
15344
15423
19343
15345
15424
19344
15346
15425
19345
15347
15426
19346
15348
15427
19347
15349
15428
19348
15350
15429
19349
15351
15430
19350
15352
15431
19351
15353
15432
19352
15354
15433
19353
15355
15434
19354
15356
15435
19355
15357
15436
19356
15358
15437
19357
15359
15438
19358
15439
19359
15361
15440
19360
15362
15441
19361
15363
15442
19362
15364
15443
19363
15365
15444
19364
15366
15445
19365
15367
15446
19366
15368
15447
19367
15369
15448
19368
15370
15449
19369
15371
15450
19370
15372
15451
19371
15373
15452
19372
15374
15453
19373
15375
15454
19374
15376
15455
19375
15377
15456
19376
15378
15457
19377
15379
15458
19378
15380
15459
19379
15381
15460
19380
15382
15461
19381
15383
15462
19382
15384
15463
19383
15385
15464
19384
15386
15465
19385
15387
15466
19386
15388
15467
19387
15389
15468
19388
15390
15469
19389
15391
15470
19390
15392
15471
19391
15393
15472
19392
15394
15473
19393
15395
15474
19394
15396
15475
19395
15397
15476
19396
15398
15477
19397
15399
15478
19398
15400
15479
19399
15401
15480
19400
15402
15481
19401
15403
15482
19402
15404
15483
19403
15405
15484
19404
15406
15485
19405
15407
15486
19406
15408
15487
19407
15409
15488
19408
15410
15489
19409
15411
15490
19410
15412
15491
19411
15413
15492
19412
15414
15493
19413
15415
15494
19414
15416
15495
19415
15417
15496
19416
15418
15497
19417
15419
15498
19418
15420
15499
19419
15421
15500
19420
15422
15501
19421
15423
15502
19422
15424
15503
19423
15425
15504
19424
15426
15505
19425
15427
15506
19426
15428
15507
19427
15429
15508
19428
15430
15509
19429
15431
15510
19430
15432
15511
19431
15433
15512
19432
15434
15513
19433
15435
15514
19434
15436
15515
19435
15437
15516
19436
15438
15517
19437
15439
15518
19438
15519
19439
15441
15520
19440
15442
15521
19441
15443
15522
19442
15444
15523
19443
15445
15524
19444
15446
15525
19445
15447
15526
19446
15448
15527
19447
15449
15528
19448
15450
15529
19449
15451
15530
19450
15452
15531
19451
15453
15532
19452
15454
15533
19453
15455
15534
19454
15456
15535
19455
15457
15536
19456
15458
15537
19457
15459
15538
19458
15460
15539
19459
15461
15540
19460
15462
15541
19461
15463
15542
19462
15464
15543
19463
15465
15544
19464
15466
15545
19465
15467
15546
19466
15468
15547
19467
15469
15548
19468
15470
15549
19469
15471
15550
19470
15472
15551
19471
15473
15552
19472
15474
15553
19473
15475
15554
19474
15476
15555
19475
15477
15556
19476
15478
15557
19477
15479
15558
19478
15480
15559
19479
15481
15560
19480
15482
15561
19481
15483
15562
19482
15484
15563
19483
15485
15564
19484
15486
15565
19485
15487
15566
19486
15488
15567
19487
15489
15568
19488
15490
15569
19489
15491
15570
19490
15492
15571
19491
15493
15572
19492
15494
15573
19493
15495
15574
19494
15496
15575
19495
15497
15576
19496
15498
15577
19497
15499
15578
19498
15500
15579
19499
15501
15580
19500
15502
15581
19501
15503
15582
19502
15504
15583
19503
15505
15584
19504
15506
15585
19505
15507
15586
19506
15508
15587
19507
15509
15588
19508
15510
15589
19509
15511
15590
19510
15512
15591
19511
15513
15592
19512
15514
15593
19513
15515
15594
19514
15516
15595
19515
15517
15596
19516
15518
15597
19517
15519
15598
19518
15599
19519
15521
15600
19520
15522
15601
19521
15523
15602
19522
15524
15603
19523
15525
15604
19524
15526
15605
19525
15527
15606
19526
15528
15607
19527
15529
15608
19528
15530
15609
19529
15531
15610
19530
15532
15611
19531
15533
15612
19532
15534
15613
19533
15535
15614
19534
15536
15615
19535
15537
15616
19536
15538
15617
19537
15539
15618
19538
15540
15619
19539
15541
15620
19540
15542
15621
19541
15543
15622
19542
15544
15623
19543
15545
15624
19544
15546
15625
19545
15547
15626
19546
15548
15627
19547
15549
15628
19548
15550
15629
19549
15551
15630
19550
15552
15631
19551
15553
15632
19552
15554
15633
19553
15555
15634
19554
15556
15635
19555
15557
15636
19556
15558
15637
19557
15559
15638
19558
15560
15639
19559
15561
15640
19560
15562
15641
19561
15563
15642
19562
15564
15643
19563
15565
15644
19564
15566
15645
19565
15567
15646
19566
15568
15647
19567
15569
15648
19568
15570
15649
19569
15571
15650
19570
15572
15651
19571
15573
15652
19572
15574
15653
19573
15575
15654
19574
15576
15655
19575
15577
15656
19576
15578
15657
19577
15579
15658
19578
15580
15659
19579
15581
15660
19580
15582
15661
19581
15583
15662
19582
15584
15663
19583
15585
15664
19584
15586
15665
19585
15587
15666
19586
15588
15667
19587
15589
15668
19588
15590
15669
19589
15591
15670
19590
15592
15671
19591
15593
15672
19592
15594
15673
19593
15595
15674
19594
15596
15675
19595
15597
15676
19596
15598
15677
19597
15599
15678
19598
15679
19599
15601
15680
19600
15602
15681
19601
15603
15682
19602
15604
15683
19603
15605
15684
19604
15606
15685
19605
15607
15686
19606
15608
15687
19607
15609
15688
19608
15610
15689
19609
15611
15690
19610
15612
15691
19611
15613
15692
19612
15614
15693
19613
15615
15694
19614
15616
15695
19615
15617
15696
19616
15618
15697
19617
15619
15698
19618
15620
15699
19619
15621
15700
19620
15622
15701
19621
15623
15702
19622
15624
15703
19623
15625
15704
19624
15626
15705
19625
15627
15706
19626
15628
15707
19627
15629
15708
19628
15630
15709
19629
15631
15710
19630
15632
15711
19631
15633
15712
19632
15634
15713
19633
15635
15714
19634
15636
15715
19635
15637
15716
19636
15638
15717
19637
15639
15718
19638
15640
15719
19639
15641
15720
19640
15642
15721
19641
15643
15722
19642
15644
15723
19643
15645
15724
19644
15646
15725
19645
15647
15726
19646
15648
15727
19647
15649
15728
19648
15650
15729
19649
15651
15730
19650
15652
15731
19651
15653
15732
19652
15654
15733
19653
15655
15734
19654
15656
15735
19655
15657
15736
19656
15658
15737
19657
15659
15738
19658
15660
15739
19659
15661
15740
19660
15662
15741
19661
15663
15742
19662
15664
15743
19663
15665
15744
19664
15666
15745
19665
15667
15746
19666
15668
15747
19667
15669
15748
19668
15670
15749
19669
15671
15750
19670
15672
15751
19671
15673
15752
19672
15674
15753
19673
15675
15754
19674
15676
15755
19675
15677
15756
19676
15678
15757
19677
15679
15758
19678
15759
19679
15681
15760
19680
15682
15761
19681
15683
15762
19682
15684
15763
19683
15685
15764
19684
15686
15765
19685
15687
15766
19686
15688
15767
19687
15689
15768
19688
15690
15769
19689
15691
15770
19690
15692
15771
19691
15693
15772
19692
15694
15773
19693
15695
15774
19694
15696
15775
19695
15697
15776
19696
15698
15777
19697
15699
15778
19698
15700
15779
19699
15701
15780
19700
15702
15781
19701
15703
15782
19702
15704
15783
19703
15705
15784
19704
15706
15785
19705
15707
15786
19706
15708
15787
19707
15709
15788
19708
15710
15789
19709
15711
15790
19710
15712
15791
19711
15713
15792
19712
15714
15793
19713
15715
15794
19714
15716
15795
19715
15717
15796
19716
15718
15797
19717
15719
15798
19718
15720
15799
19719
15721
15800
19720
15722
15801
19721
15723
15802
19722
15724
15803
19723
15725
15804
19724
15726
15805
19725
15727
15806
19726
15728
15807
19727
15729
15808
19728
15730
15809
19729
15731
15810
19730
15732
15811
19731
15733
15812
19732
15734
15813
19733
15735
15814
19734
15736
15815
19735
15737
15816
19736
15738
15817
19737
15739
15818
19738
15740
15819
19739
15741
15820
19740
15742
15821
19741
15743
15822
19742
15744
15823
19743
15745
15824
19744
15746
15825
19745
15747
15826
19746
15748
15827
19747
15749
15828
19748
15750
15829
19749
15751
15830
19750
15752
15831
19751
15753
15832
19752
15754
15833
19753
15755
15834
19754
15756
15835
19755
15757
15836
19756
15758
15837
19757
15759
15838
19758
15839
19759
15761
15840
19760
15762
15841
19761
15763
15842
19762
15764
15843
19763
15765
15844
19764
15766
15845
19765
15767
15846
19766
15768
15847
19767
15769
15848
19768
15770
15849
19769
15771
15850
19770
15772
15851
19771
15773
15852
19772
15774
15853
19773
15775
15854
19774
15776
15855
19775
15777
15856
19776
15778
15857
19777
15779
15858
19778
15780
15859
19779
15781
15860
19780
15782
15861
19781
15783
15862
19782
15784
15863
19783
15785
15864
19784
15786
15865
19785
15787
15866
19786
15788
15867
19787
15789
15868
19788
15790
15869
19789
15791
15870
19790
15792
15871
19791
15793
15872
19792
15794
15873
19793
15795
15874
19794
15796
15875
19795
15797
15876
19796
15798
15877
19797
15799
15878
19798
15800
15879
19799
15801
15880
19800
15802
15881
19801
15803
15882
19802
15804
15883
19803
15805
15884
19804
15806
15885
19805
15807
15886
19806
15808
15887
19807
15809
15888
19808
15810
15889
19809
15811
15890
19810
15812
15891
19811
15813
15892
19812
15814
15893
19813
15815
15894
19814
15816
15895
19815
15817
15896
19816
15818
15897
19817
15819
15898
19818
15820
15899
19819
15821
15900
19820
15822
15901
19821
15823
15902
19822
15824
15903
19823
15825
15904
19824
15826
15905
19825
15827
15906
19826
15828
15907
19827
15829
15908
19828
15830
15909
19829
15831
15910
19830
15832
15911
19831
15833
15912
19832
15834
15913
19833
15835
15914
19834
15836
15915
19835
15837
15916
19836
15838
15917
19837
15839
15918
19838
15919
19839
15841
15920
19840
15842
15921
19841
15843
15922
19842
15844
15923
19843
15845
15924
19844
15846
15925
19845
15847
15926
19846
15848
15927
19847
15849
15928
19848
15850
15929
19849
15851
15930
19850
15852
15931
19851
15853
15932
19852
15854
15933
19853
15855
15934
19854
15856
15935
19855
15857
15936
19856
15858
15937
19857
15859
15938
19858
15860
15939
19859
15861
15940
19860
15862
15941
19861
15863
15942
19862
15864
15943
19863
15865
15944
19864
15866
15945
19865
15867
15946
19866
15868
15947
19867
15869
15948
19868
15870
15949
19869
15871
15950
19870
15872
15951
19871
15873
15952
19872
15874
15953
19873
15875
15954
19874
15876
15955
19875
15877
15956
19876
15878
15957
19877
15879
15958
19878
15880
15959
19879
15881
15960
19880
15882
15961
19881
15883
15962
19882
15884
15963
19883
15885
15964
19884
15886
15965
19885
15887
15966
19886
15888
15967
19887
15889
15968
19888
15890
15969
19889
15891
15970
19890
15892
15971
19891
15893
15972
19892
15894
15973
19893
15895
15974
19894
15896
15975
19895
15897
15976
19896
15898
15977
19897
15899
15978
19898
15900
15979
19899
15901
15980
19900
15902
15981
19901
15903
15982
19902
15904
15983
19903
15905
15984
19904
15906
15985
19905
15907
15986
19906
15908
15987
19907
15909
15988
19908
15910
15989
19909
15911
15990
19910
15912
15991
19911
15913
15992
19912
15914
15993
19913
15915
15994
19914
15916
15995
19915
15917
15996
19916
15918
15997
19917
15919
15998
19918
15999
19919
15921
19920
15922
19921
15923
19922
15924
19923
15925
19924
15926
19925
15927
19926
15928
19927
15929
19928
15930
19929
15931
19930
15932
19931
15933
19932
15934
19933
15935
19934
15936
19935
15937
19936
15938
19937
15939
19938
15940
19939
15941
19940
15942
19941
15943
19942
15944
19943
15945
19944
15946
19945
15947
19946
15948
19947
15949
19948
15950
19949
15951
19950
15952
19951
15953
19952
15954
19953
15955
19954
15956
19955
15957
19956
15958
19957
15959
19958
15960
19959
15961
19960
15962
19961
15963
19962
15964
19963
15965
19964
15966
19965
15967
19966
15968
19967
15969
19968
15970
19969
15971
19970
15972
19971
15973
19972
15974
19973
15975
19974
15976
19975
15977
19976
15978
19977
15979
19978
15980
19979
15981
19980
15982
19981
15983
19982
15984
19983
15985
19984
15986
19985
15987
19986
15988
19987
15989
19988
15990
19989
15991
19990
15992
19991
15993
19992
15994
19993
15995
19994
15996
19995
15997
19996
15998
19997
15999
19998
19999
16001
16080
20000
16002
16081
20001
16003
16082
20002
16004
16083
20003
16005
16084
20004
16006
16085
20005
16007
16086
20006
16008
16087
20007
16009
16088
20008
16010
16089
20009
16011
16090
20010
16012
16091
20011
16013
16092
20012
16014
16093
20013
16015
16094
20014
16016
16095
20015
16017
16096
20016
16018
16097
20017
16019
16098
20018
16020
16099
20019
16021
16100
20020
16022
16101
20021
16023
16102
20022
16024
16103
20023
16025
16104
20024
16026
16105
20025
16027
16106
20026
16028
16107
20027
16029
16108
20028
16030
16109
20029
16031
16110
20030
16032
16111
20031
16033
16112
20032
16034
16113
20033
16035
16114
20034
16036
16115
20035
16037
16116
20036
16038
16117
20037
16039
16118
20038
16040
16119
20039
16041
16120
20040
16042
16121
20041
16043
16122
20042
16044
16123
20043
16045
16124
20044
16046
16125
20045
16047
16126
20046
16048
16127
20047
16049
16128
20048
16050
16129
20049
16051
16130
20050
16052
16131
20051
16053
16132
20052
16054
16133
20053
16055
16134
20054
16056
16135
20055
16057
16136
20056
16058
16137
20057
16059
16138
20058
16060
16139
20059
16061
16140
20060
16062
16141
20061
16063
16142
20062
16064
16143
20063
16065
16144
20064
16066
16145
20065
16067
16146
20066
16068
16147
20067
16069
16148
20068
16070
16149
20069
16071
16150
20070
16072
16151
20071
16073
16152
20072
16074
16153
20073
16075
16154
20074
16076
16155
20075
16077
16156
20076
16078
16157
20077
16079
16158
20078
16159
20079
16081
16160
20080
16082
16161
20081
16083
16162
20082
16084
16163
20083
16085
16164
20084
16086
16165
20085
16087
16166
20086
16088
16167
20087
16089
16168
20088
16090
16169
20089
16091
16170
20090
16092
16171
20091
16093
16172
20092
16094
16173
20093
16095
16174
20094
16096
16175
20095
16097
16176
20096
16098
16177
20097
16099
16178
20098
16100
16179
20099
16101
16180
20100
16102
16181
20101
16103
16182
20102
16104
16183
20103
16105
16184
20104
16106
16185
20105
16107
16186
20106
16108
16187
20107
16109
16188
20108
16110
16189
20109
16111
16190
20110
16112
16191
20111
16113
16192
20112
16114
16193
20113
16115
16194
20114
16116
16195
20115
16117
16196
20116
16118
16197
20117
16119
16198
20118
16120
16199
20119
16121
16200
20120
16122
16201
20121
16123
16202
20122
16124
16203
20123
16125
16204
20124
16126
16205
20125
16127
16206
20126
16128
16207
20127
16129
16208
20128
16130
16209
20129
16131
16210
20130
16132
16211
20131
16133
16212
20132
16134
16213
20133
16135
16214
20134
16136
16215
20135
16137
16216
20136
16138
16217
20137
16139
16218
20138
16140
16219
20139
16141
16220
20140
16142
16221
20141
16143
16222
20142
16144
16223
20143
16145
16224
20144
16146
16225
20145
16147
16226
20146
16148
16227
20147
16149
16228
20148
16150
16229
20149
16151
16230
20150
16152
16231
20151
16153
16232
20152
16154
16233
20153
16155
16234
20154
16156
16235
20155
16157
16236
20156
16158
16237
20157
16159
16238
20158
16239
20159
16161
16240
20160
16162
16241
20161
16163
16242
20162
16164
16243
20163
16165
16244
20164
16166
16245
20165
16167
16246
20166
16168
16247
20167
16169
16248
20168
16170
16249
20169
16171
16250
20170
16172
16251
20171
16173
16252
20172
16174
16253
20173
16175
16254
20174
16176
16255
20175
16177
16256
20176
16178
16257
20177
16179
16258
20178
16180
16259
20179
16181
16260
20180
16182
16261
20181
16183
16262
20182
16184
16263
20183
16185
16264
20184
16186
16265
20185
16187
16266
20186
16188
16267
20187
16189
16268
20188
16190
16269
20189
16191
16270
20190
16192
16271
20191
16193
16272
20192
16194
16273
20193
16195
16274
20194
16196
16275
20195
16197
16276
20196
16198
16277
20197
16199
16278
20198
16200
16279
20199
16201
16280
20200
16202
16281
20201
16203
16282
20202
16204
16283
20203
16205
16284
20204
16206
16285
20205
16207
16286
20206
16208
16287
20207
16209
16288
20208
16210
16289
20209
16211
16290
20210
16212
16291
20211
16213
16292
20212
16214
16293
20213
16215
16294
20214
16216
16295
20215
16217
16296
20216
16218
16297
20217
16219
16298
20218
16220
16299
20219
16221
16300
20220
16222
16301
20221
16223
16302
20222
16224
16303
20223
16225
16304
20224
16226
16305
20225
16227
16306
20226
16228
16307
20227
16229
16308
20228
16230
16309
20229
16231
16310
20230
16232
16311
20231
16233
16312
20232
16234
16313
20233
16235
16314
20234
16236
16315
20235
16237
16316
20236
16238
16317
20237
16239
16318
20238
16319
20239
16241
16320
20240
16242
16321
20241
16243
16322
20242
16244
16323
20243
16245
16324
20244
16246
16325
20245
16247
16326
20246
16248
16327
20247
16249
16328
20248
16250
16329
20249
16251
16330
20250
16252
16331
20251
16253
16332
20252
16254
16333
20253
16255
16334
20254
16256
16335
20255
16257
16336
20256
16258
16337
20257
16259
16338
20258
16260
16339
20259
16261
16340
20260
16262
16341
20261
16263
16342
20262
16264
16343
20263
16265
16344
20264
16266
16345
20265
16267
16346
20266
16268
16347
20267
16269
16348
20268
16270
16349
20269
16271
16350
20270
16272
16351
20271
16273
16352
20272
16274
16353
20273
16275
16354
20274
16276
16355
20275
16277
16356
20276
16278
16357
20277
16279
16358
20278
16280
16359
20279
16281
16360
20280
16282
16361
20281
16283
16362
20282
16284
16363
20283
16285
16364
20284
16286
16365
20285
16287
16366
20286
16288
16367
20287
16289
16368
20288
16290
16369
20289
16291
16370
20290
16292
16371
20291
16293
16372
20292
16294
16373
20293
16295
16374
20294
16296
16375
20295
16297
16376
20296
16298
16377
20297
16299
16378
20298
16300
16379
20299
16301
16380
20300
16302
16381
20301
16303
16382
20302
16304
16383
20303
16305
16384
20304
16306
16385
20305
16307
16386
20306
16308
16387
20307
16309
16388
20308
16310
16389
20309
16311
16390
20310
16312
16391
20311
16313
16392
20312
16314
16393
20313
16315
16394
20314
16316
16395
20315
16317
16396
20316
16318
16397
20317
16319
16398
20318
16399
20319
16321
16400
20320
16322
16401
20321
16323
16402
20322
16324
16403
20323
16325
16404
20324
16326
16405
20325
16327
16406
20326
16328
16407
20327
16329
16408
20328
16330
16409
20329
16331
16410
20330
16332
16411
20331
16333
16412
20332
16334
16413
20333
16335
16414
20334
16336
16415
20335
16337
16416
20336
16338
16417
20337
16339
16418
20338
16340
16419
20339
16341
16420
20340
16342
16421
20341
16343
16422
20342
16344
16423
20343
16345
16424
20344
16346
16425
20345
16347
16426
20346
16348
16427
20347
16349
16428
20348
16350
16429
20349
16351
16430
20350
16352
16431
20351
16353
16432
20352
16354
16433
20353
16355
16434
20354
16356
16435
20355
16357
16436
20356
16358
16437
20357
16359
16438
20358
16360
16439
20359
16361
16440
20360
16362
16441
20361
16363
16442
20362
16364
16443
20363
16365
16444
20364
16366
16445
20365
16367
16446
20366
16368
16447
20367
16369
16448
20368
16370
16449
20369
16371
16450
20370
16372
16451
20371
16373
16452
20372
16374
16453
20373
16375
16454
20374
16376
16455
20375
16377
16456
20376
16378
16457
20377
16379
16458
20378
16380
16459
20379
16381
16460
20380
16382
16461
20381
16383
16462
20382
16384
16463
20383
16385
16464
20384
16386
16465
20385
16387
16466
20386
16388
16467
20387
16389
16468
20388
16390
16469
20389
16391
16470
20390
16392
16471
20391
16393
16472
20392
16394
16473
20393
16395
16474
20394
16396
16475
20395
16397
16476
20396
16398
16477
20397
16399
16478
20398
16479
20399
16401
16480
20400
16402
16481
20401
16403
16482
20402
16404
16483
20403
16405
16484
20404
16406
16485
20405
16407
16486
20406
16408
16487
20407
16409
16488
20408
16410
16489
20409
16411
16490
20410
16412
16491
20411
16413
16492
20412
16414
16493
20413
16415
16494
20414
16416
16495
20415
16417
16496
20416
16418
16497
20417
16419
16498
20418
16420
16499
20419
16421
16500
20420
16422
16501
20421
16423
16502
20422
16424
16503
20423
16425
16504
20424
16426
16505
20425
16427
16506
20426
16428
16507
20427
16429
16508
20428
16430
16509
20429
16431
16510
20430
16432
16511
20431
16433
16512
20432
16434
16513
20433
16435
16514
20434
16436
16515
20435
16437
16516
20436
16438
16517
20437
16439
16518
20438
16440
16519
20439
16441
16520
20440
16442
16521
20441
16443
16522
20442
16444
16523
20443
16445
16524
20444
16446
16525
20445
16447
16526
20446
16448
16527
20447
16449
16528
20448
16450
16529
20449
16451
16530
20450
16452
16531
20451
16453
16532
20452
16454
16533
20453
16455
16534
20454
16456
16535
20455
16457
16536
20456
16458
16537
20457
16459
16538
20458
16460
16539
20459
16461
16540
20460
16462
16541
20461
16463
16542
20462
16464
16543
20463
16465
16544
20464
16466
16545
20465
16467
16546
20466
16468
16547
20467
16469
16548
20468
16470
16549
20469
16471
16550
20470
16472
16551
20471
16473
16552
20472
16474
16553
20473
16475
16554
20474
16476
16555
20475
16477
16556
20476
16478
16557
20477
16479
16558
20478
16559
20479
16481
16560
20480
16482
16561
20481
16483
16562
20482
16484
16563
20483
16485
16564
20484
16486
16565
20485
16487
16566
20486
16488
16567
20487
16489
16568
20488
16490
16569
20489
16491
16570
20490
16492
16571
20491
16493
16572
20492
16494
16573
20493
16495
16574
20494
16496
16575
20495
16497
16576
20496
16498
16577
20497
16499
16578
20498
16500
16579
20499
16501
16580
20500
16502
16581
20501
16503
16582
20502
16504
16583
20503
16505
16584
20504
16506
16585
20505
16507
16586
20506
16508
16587
20507
16509
16588
20508
16510
16589
20509
16511
16590
20510
16512
16591
20511
16513
16592
20512
16514
16593
20513
16515
16594
20514
16516
16595
20515
16517
16596
20516
16518
16597
20517
16519
16598
20518
16520
16599
20519
16521
16600
20520
16522
16601
20521
16523
16602
20522
16524
16603
20523
16525
16604
20524
16526
16605
20525
16527
16606
20526
16528
16607
20527
16529
16608
20528
16530
16609
20529
16531
16610
20530
16532
16611
20531
16533
16612
20532
16534
16613
20533
16535
16614
20534
16536
16615
20535
16537
16616
20536
16538
16617
20537
16539
16618
20538
16540
16619
20539
16541
16620
20540
16542
16621
20541
16543
16622
20542
16544
16623
20543
16545
16624
20544
16546
16625
20545
16547
16626
20546
16548
16627
20547
16549
16628
20548
16550
16629
20549
16551
16630
20550
16552
16631
20551
16553
16632
20552
16554
16633
20553
16555
16634
20554
16556
16635
20555
16557
16636
20556
16558
16637
20557
16559
16638
20558
16639
20559
16561
16640
20560
16562
16641
20561
16563
16642
20562
16564
16643
20563
16565
16644
20564
16566
16645
20565
16567
16646
20566
16568
16647
20567
16569
16648
20568
16570
16649
20569
16571
16650
20570
16572
16651
20571
16573
16652
20572
16574
16653
20573
16575
16654
20574
16576
16655
20575
16577
16656
20576
16578
16657
20577
16579
16658
20578
16580
16659
20579
16581
16660
20580
16582
16661
20581
16583
16662
20582
16584
16663
20583
16585
16664
20584
16586
16665
20585
16587
16666
20586
16588
16667
20587
16589
16668
20588
16590
16669
20589
16591
16670
20590
16592
16671
20591
16593
16672
20592
16594
16673
20593
16595
16674
20594
16596
16675
20595
16597
16676
20596
16598
16677
20597
16599
16678
20598
16600
16679
20599
16601
16680
20600
16602
16681
20601
16603
16682
20602
16604
16683
20603
16605
16684
20604
16606
16685
20605
16607
16686
20606
16608
16687
20607
16609
16688
20608
16610
16689
20609
16611
16690
20610
16612
16691
20611
16613
16692
20612
16614
16693
20613
16615
16694
20614
16616
16695
20615
16617
16696
20616
16618
16697
20617
16619
16698
20618
16620
16699
20619
16621
16700
20620
16622
16701
20621
16623
16702
20622
16624
16703
20623
16625
16704
20624
16626
16705
20625
16627
16706
20626
16628
16707
20627
16629
16708
20628
16630
16709
20629
16631
16710
20630
16632
16711
20631
16633
16712
20632
16634
16713
20633
16635
16714
20634
16636
16715
20635
16637
16716
20636
16638
16717
20637
16639
16718
20638
16719
20639
16641
16720
20640
16642
16721
20641
16643
16722
20642
16644
16723
20643
16645
16724
20644
16646
16725
20645
16647
16726
20646
16648
16727
20647
16649
16728
20648
16650
16729
20649
16651
16730
20650
16652
16731
20651
16653
16732
20652
16654
16733
20653
16655
16734
20654
16656
16735
20655
16657
16736
20656
16658
16737
20657
16659
16738
20658
16660
16739
20659
16661
16740
20660
16662
16741
20661
16663
16742
20662
16664
16743
20663
16665
16744
20664
16666
16745
20665
16667
16746
20666
16668
16747
20667
16669
16748
20668
16670
16749
20669
16671
16750
20670
16672
16751
20671
16673
16752
20672
16674
16753
20673
16675
16754
20674
16676
16755
20675
16677
16756
20676
16678
16757
20677
16679
16758
20678
16680
16759
20679
16681
16760
20680
16682
16761
20681
16683
16762
20682
16684
16763
20683
16685
16764
20684
16686
16765
20685
16687
16766
20686
16688
16767
20687
16689
16768
20688
16690
16769
20689
16691
16770
20690
16692
16771
20691
16693
16772
20692
16694
16773
20693
16695
16774
20694
16696
16775
20695
16697
16776
20696
16698
16777
20697
16699
16778
20698
16700
16779
20699
16701
16780
20700
16702
16781
20701
16703
16782
20702
16704
16783
20703
16705
16784
20704
16706
16785
20705
16707
16786
20706
16708
16787
20707
16709
16788
20708
16710
16789
20709
16711
16790
20710
16712
16791
20711
16713
16792
20712
16714
16793
20713
16715
16794
20714
16716
16795
20715
16717
16796
20716
16718
16797
20717
16719
16798
20718
16799
20719
16721
16800
20720
16722
16801
20721
16723
16802
20722
16724
16803
20723
16725
16804
20724
16726
16805
20725
16727
16806
20726
16728
16807
20727
16729
16808
20728
16730
16809
20729
16731
16810
20730
16732
16811
20731
16733
16812
20732
16734
16813
20733
16735
16814
20734
16736
16815
20735
16737
16816
20736
16738
16817
20737
16739
16818
20738
16740
16819
20739
16741
16820
20740
16742
16821
20741
16743
16822
20742
16744
16823
20743
16745
16824
20744
16746
16825
20745
16747
16826
20746
16748
16827
20747
16749
16828
20748
16750
16829
20749
16751
16830
20750
16752
16831
20751
16753
16832
20752
16754
16833
20753
16755
16834
20754
16756
16835
20755
16757
16836
20756
16758
16837
20757
16759
16838
20758
16760
16839
20759
16761
16840
20760
16762
16841
20761
16763
16842
20762
16764
16843
20763
16765
16844
20764
16766
16845
20765
16767
16846
20766
16768
16847
20767
16769
16848
20768
16770
16849
20769
16771
16850
20770
16772
16851
20771
16773
16852
20772
16774
16853
20773
16775
16854
20774
16776
16855
20775
16777
16856
20776
16778
16857
20777
16779
16858
20778
16780
16859
20779
16781
16860
20780
16782
16861
20781
16783
16862
20782
16784
16863
20783
16785
16864
20784
16786
16865
20785
16787
16866
20786
16788
16867
20787
16789
16868
20788
16790
16869
20789
16791
16870
20790
16792
16871
20791
16793
16872
20792
16794
16873
20793
16795
16874
20794
16796
16875
20795
16797
16876
20796
16798
16877
20797
16799
16878
20798
16879
20799
16801
16880
20800
16802
16881
20801
16803
16882
20802
16804
16883
20803
16805
16884
20804
16806
16885
20805
16807
16886
20806
16808
16887
20807
16809
16888
20808
16810
16889
20809
16811
16890
20810
16812
16891
20811
16813
16892
20812
16814
16893
20813
16815
16894
20814
16816
16895
20815
16817
16896
20816
16818
16897
20817
16819
16898
20818
16820
16899
20819
16821
16900
20820
16822
16901
20821
16823
16902
20822
16824
16903
20823
16825
16904
20824
16826
16905
20825
16827
16906
20826
16828
16907
20827
16829
16908
20828
16830
16909
20829
16831
16910
20830
16832
16911
20831
16833
16912
20832
16834
16913
20833
16835
16914
20834
16836
16915
20835
16837
16916
20836
16838
16917
20837
16839
16918
20838
16840
16919
20839
16841
16920
20840
16842
16921
20841
16843
16922
20842
16844
16923
20843
16845
16924
20844
16846
16925
20845
16847
16926
20846
16848
16927
20847
16849
16928
20848
16850
16929
20849
16851
16930
20850
16852
16931
20851
16853
16932
20852
16854
16933
20853
16855
16934
20854
16856
16935
20855
16857
16936
20856
16858
16937
20857
16859
16938
20858
16860
16939
20859
16861
16940
20860
16862
16941
20861
16863
16942
20862
16864
16943
20863
16865
16944
20864
16866
16945
20865
16867
16946
20866
16868
16947
20867
16869
16948
20868
16870
16949
20869
16871
16950
20870
16872
16951
20871
16873
16952
20872
16874
16953
20873
16875
16954
20874
16876
16955
20875
16877
16956
20876
16878
16957
20877
16879
16958
20878
16959
20879
16881
16960
20880
16882
16961
20881
16883
16962
20882
16884
16963
20883
16885
16964
20884
16886
16965
20885
16887
16966
20886
16888
16967
20887
16889
16968
20888
16890
16969
20889
16891
16970
20890
16892
16971
20891
16893
16972
20892
16894
16973
20893
16895
16974
20894
16896
16975
20895
16897
16976
20896
16898
16977
20897
16899
16978
20898
16900
16979
20899
16901
16980
20900
16902
16981
20901
16903
16982
20902
16904
16983
20903
16905
16984
20904
16906
16985
20905
16907
16986
20906
16908
16987
20907
16909
16988
20908
16910
16989
20909
16911
16990
20910
16912
16991
20911
16913
16992
20912
16914
16993
20913
16915
16994
20914
16916
16995
20915
16917
16996
20916
16918
16997
20917
16919
16998
20918
16920
16999
20919
16921
17000
20920
16922
17001
20921
16923
17002
20922
16924
17003
20923
16925
17004
20924
16926
17005
20925
16927
17006
20926
16928
17007
20927
16929
17008
20928
16930
17009
20929
16931
17010
20930
16932
17011
20931
16933
17012
20932
16934
17013
20933
16935
17014
20934
16936
17015
20935
16937
17016
20936
16938
17017
20937
16939
17018
20938
16940
17019
20939
16941
17020
20940
16942
17021
20941
16943
17022
20942
16944
17023
20943
16945
17024
20944
16946
17025
20945
16947
17026
20946
16948
17027
20947
16949
17028
20948
16950
17029
20949
16951
17030
20950
16952
17031
20951
16953
17032
20952
16954
17033
20953
16955
17034
20954
16956
17035
20955
16957
17036
20956
16958
17037
20957
16959
17038
20958
17039
20959
16961
17040
20960
16962
17041
20961
16963
17042
20962
16964
17043
20963
16965
17044
20964
16966
17045
20965
16967
17046
20966
16968
17047
20967
16969
17048
20968
16970
17049
20969
16971
17050
20970
16972
17051
20971
16973
17052
20972
16974
17053
20973
16975
17054
20974
16976
17055
20975
16977
17056
20976
16978
17057
20977
16979
17058
20978
16980
17059
20979
16981
17060
20980
16982
17061
20981
16983
17062
20982
16984
17063
20983
16985
17064
20984
16986
17065
20985
16987
17066
20986
16988
17067
20987
16989
17068
20988
16990
17069
20989
16991
17070
20990
16992
17071
20991
16993
17072
20992
16994
17073
20993
16995
17074
20994
16996
17075
20995
16997
17076
20996
16998
17077
20997
16999
17078
20998
17000
17079
20999
17001
17080
21000
17002
17081
21001
17003
17082
21002
17004
17083
21003
17005
17084
21004
17006
17085
21005
17007
17086
21006
17008
17087
21007
17009
17088
21008
17010
17089
21009
17011
17090
21010
17012
17091
21011
17013
17092
21012
17014
17093
21013
17015
17094
21014
17016
17095
21015
17017
17096
21016
17018
17097
21017
17019
17098
21018
17020
17099
21019
17021
17100
21020
17022
17101
21021
17023
17102
21022
17024
17103
21023
17025
17104
21024
17026
17105
21025
17027
17106
21026
17028
17107
21027
17029
17108
21028
17030
17109
21029
17031
17110
21030
17032
17111
21031
17033
17112
21032
17034
17113
21033
17035
17114
21034
17036
17115
21035
17037
17116
21036
17038
17117
21037
17039
17118
21038
17119
21039
17041
17120
21040
17042
17121
21041
17043
17122
21042
17044
17123
21043
17045
17124
21044
17046
17125
21045
17047
17126
21046
17048
17127
21047
17049
17128
21048
17050
17129
21049
17051
17130
21050
17052
17131
21051
17053
17132
21052
17054
17133
21053
17055
17134
21054
17056
17135
21055
17057
17136
21056
17058
17137
21057
17059
17138
21058
17060
17139
21059
17061
17140
21060
17062
17141
21061
17063
17142
21062
17064
17143
21063
17065
17144
21064
17066
17145
21065
17067
17146
21066
17068
17147
21067
17069
17148
21068
17070
17149
21069
17071
17150
21070
17072
17151
21071
17073
17152
21072
17074
17153
21073
17075
17154
21074
17076
17155
21075
17077
17156
21076
17078
17157
21077
17079
17158
21078
17080
17159
21079
17081
17160
21080
17082
17161
21081
17083
17162
21082
17084
17163
21083
17085
17164
21084
17086
17165
21085
17087
17166
21086
17088
17167
21087
17089
17168
21088
17090
17169
21089
17091
17170
21090
17092
17171
21091
17093
17172
21092
17094
17173
21093
17095
17174
21094
17096
17175
21095
17097
17176
21096
17098
17177
21097
17099
17178
21098
17100
17179
21099
17101
17180
21100
17102
17181
21101
17103
17182
21102
17104
17183
21103
17105
17184
21104
17106
17185
21105
17107
17186
21106
17108
17187
21107
17109
17188
21108
17110
17189
21109
17111
17190
21110
17112
17191
21111
17113
17192
21112
17114
17193
21113
17115
17194
21114
17116
17195
21115
17117
17196
21116
17118
17197
21117
17119
17198
21118
17199
21119
17121
17200
21120
17122
17201
21121
17123
17202
21122
17124
17203
21123
17125
17204
21124
17126
17205
21125
17127
17206
21126
17128
17207
21127
17129
17208
21128
17130
17209
21129
17131
17210
21130
17132
17211
21131
17133
17212
21132
17134
17213
21133
17135
17214
21134
17136
17215
21135
17137
17216
21136
17138
17217
21137
17139
17218
21138
17140
17219
21139
17141
17220
21140
17142
17221
21141
17143
17222
21142
17144
17223
21143
17145
17224
21144
17146
17225
21145
17147
17226
21146
17148
17227
21147
17149
17228
21148
17150
17229
21149
17151
17230
21150
17152
17231
21151
17153
17232
21152
17154
17233
21153
17155
17234
21154
17156
17235
21155
17157
17236
21156
17158
17237
21157
17159
17238
21158
17160
17239
21159
17161
17240
21160
17162
17241
21161
17163
17242
21162
17164
17243
21163
17165
17244
21164
17166
17245
21165
17167
17246
21166
17168
17247
21167
17169
17248
21168
17170
17249
21169
17171
17250
21170
17172
17251
21171
17173
17252
21172
17174
17253
21173
17175
17254
21174
17176
17255
21175
17177
17256
21176
17178
17257
21177
17179
17258
21178
17180
17259
21179
17181
17260
21180
17182
17261
21181
17183
17262
21182
17184
17263
21183
17185
17264
21184
17186
17265
21185
17187
17266
21186
17188
17267
21187
17189
17268
21188
17190
17269
21189
17191
17270
21190
17192
17271
21191
17193
17272
21192
17194
17273
21193
17195
17274
21194
17196
17275
21195
17197
17276
21196
17198
17277
21197
17199
17278
21198
17279
21199
17201
17280
21200
17202
17281
21201
17203
17282
21202
17204
17283
21203
17205
17284
21204
17206
17285
21205
17207
17286
21206
17208
17287
21207
17209
17288
21208
17210
17289
21209
17211
17290
21210
17212
17291
21211
17213
17292
21212
17214
17293
21213
17215
17294
21214
17216
17295
21215
17217
17296
21216
17218
17297
21217
17219
17298
21218
17220
17299
21219
17221
17300
21220
17222
17301
21221
17223
17302
21222
17224
17303
21223
17225
17304
21224
17226
17305
21225
17227
17306
21226
17228
17307
21227
17229
17308
21228
17230
17309
21229
17231
17310
21230
17232
17311
21231
17233
17312
21232
17234
17313
21233
17235
17314
21234
17236
17315
21235
17237
17316
21236
17238
17317
21237
17239
17318
21238
17240
17319
21239
17241
17320
21240
17242
17321
21241
17243
17322
21242
17244
17323
21243
17245
17324
21244
17246
17325
21245
17247
17326
21246
17248
17327
21247
17249
17328
21248
17250
17329
21249
17251
17330
21250
17252
17331
21251
17253
17332
21252
17254
17333
21253
17255
17334
21254
17256
17335
21255
17257
17336
21256
17258
17337
21257
17259
17338
21258
17260
17339
21259
17261
17340
21260
17262
17341
21261
17263
17342
21262
17264
17343
21263
17265
17344
21264
17266
17345
21265
17267
17346
21266
17268
17347
21267
17269
17348
21268
17270
17349
21269
17271
17350
21270
17272
17351
21271
17273
17352
21272
17274
17353
21273
17275
17354
21274
17276
17355
21275
17277
17356
21276
17278
17357
21277
17279
17358
21278
17359
21279
17281
17360
21280
17282
17361
21281
17283
17362
21282
17284
17363
21283
17285
17364
21284
17286
17365
21285
17287
17366
21286
17288
17367
21287
17289
17368
21288
17290
17369
21289
17291
17370
21290
17292
17371
21291
17293
17372
21292
17294
17373
21293
17295
17374
21294
17296
17375
21295
17297
17376
21296
17298
17377
21297
17299
17378
21298
17300
17379
21299
17301
17380
21300
17302
17381
21301
17303
17382
21302
17304
17383
21303
17305
17384
21304
17306
17385
21305
17307
17386
21306
17308
17387
21307
17309
17388
21308
17310
17389
21309
17311
17390
21310
17312
17391
21311
17313
17392
21312
17314
17393
21313
17315
17394
21314
17316
17395
21315
17317
17396
21316
17318
17397
21317
17319
17398
21318
17320
17399
21319
17321
17400
21320
17322
17401
21321
17323
17402
21322
17324
17403
21323
17325
17404
21324
17326
17405
21325
17327
17406
21326
17328
17407
21327
17329
17408
21328
17330
17409
21329
17331
17410
21330
17332
17411
21331
17333
17412
21332
17334
17413
21333
17335
17414
21334
17336
17415
21335
17337
17416
21336
17338
17417
21337
17339
17418
21338
17340
17419
21339
17341
17420
21340
17342
17421
21341
17343
17422
21342
17344
17423
21343
17345
17424
21344
17346
17425
21345
17347
17426
21346
17348
17427
21347
17349
17428
21348
17350
17429
21349
17351
17430
21350
17352
17431
21351
17353
17432
21352
17354
17433
21353
17355
17434
21354
17356
17435
21355
17357
17436
21356
17358
17437
21357
17359
17438
21358
17439
21359
17361
17440
21360
17362
17441
21361
17363
17442
21362
17364
17443
21363
17365
17444
21364
17366
17445
21365
17367
17446
21366
17368
17447
21367
17369
17448
21368
17370
17449
21369
17371
17450
21370
17372
17451
21371
17373
17452
21372
17374
17453
21373
17375
17454
21374
17376
17455
21375
17377
17456
21376
17378
17457
21377
17379
17458
21378
17380
17459
21379
17381
17460
21380
17382
17461
21381
17383
17462
21382
17384
17463
21383
17385
17464
21384
17386
17465
21385
17387
17466
21386
17388
17467
21387
17389
17468
21388
17390
17469
21389
17391
17470
21390
17392
17471
21391
17393
17472
21392
17394
17473
21393
17395
17474
21394
17396
17475
21395
17397
17476
21396
17398
17477
21397
17399
17478
21398
17400
17479
21399
17401
17480
21400
17402
17481
21401
17403
17482
21402
17404
17483
21403
17405
17484
21404
17406
17485
21405
17407
17486
21406
17408
17487
21407
17409
17488
21408
17410
17489
21409
17411
17490
21410
17412
17491
21411
17413
17492
21412
17414
17493
21413
17415
17494
21414
17416
17495
21415
17417
17496
21416
17418
17497
21417
17419
17498
21418
17420
17499
21419
17421
17500
21420
17422
17501
21421
17423
17502
21422
17424
17503
21423
17425
17504
21424
17426
17505
21425
17427
17506
21426
17428
17507
21427
17429
17508
21428
17430
17509
21429
17431
17510
21430
17432
17511
21431
17433
17512
21432
17434
17513
21433
17435
17514
21434
17436
17515
21435
17437
17516
21436
17438
17517
21437
17439
17518
21438
17519
21439
17441
17520
21440
17442
17521
21441
17443
17522
21442
17444
17523
21443
17445
17524
21444
17446
17525
21445
17447
17526
21446
17448
17527
21447
17449
17528
21448
17450
17529
21449
17451
17530
21450
17452
17531
21451
17453
17532
21452
17454
17533
21453
17455
17534
21454
17456
17535
21455
17457
17536
21456
17458
17537
21457
17459
17538
21458
17460
17539
21459
17461
17540
21460
17462
17541
21461
17463
17542
21462
17464
17543
21463
17465
17544
21464
17466
17545
21465
17467
17546
21466
17468
17547
21467
17469
17548
21468
17470
17549
21469
17471
17550
21470
17472
17551
21471
17473
17552
21472
17474
17553
21473
17475
17554
21474
17476
17555
21475
17477
17556
21476
17478
17557
21477
17479
17558
21478
17480
17559
21479
17481
17560
21480
17482
17561
21481
17483
17562
21482
17484
17563
21483
17485
17564
21484
17486
17565
21485
17487
17566
21486
17488
17567
21487
17489
17568
21488
17490
17569
21489
17491
17570
21490
17492
17571
21491
17493
17572
21492
17494
17573
21493
17495
17574
21494
17496
17575
21495
17497
17576
21496
17498
17577
21497
17499
17578
21498
17500
17579
21499
17501
17580
21500
17502
17581
21501
17503
17582
21502
17504
17583
21503
17505
17584
21504
17506
17585
21505
17507
17586
21506
17508
17587
21507
17509
17588
21508
17510
17589
21509
17511
17590
21510
17512
17591
21511
17513
17592
21512
17514
17593
21513
17515
17594
21514
17516
17595
21515
17517
17596
21516
17518
17597
21517
17519
17598
21518
17599
21519
17521
17600
21520
17522
17601
21521
17523
17602
21522
17524
17603
21523
17525
17604
21524
17526
17605
21525
17527
17606
21526
17528
17607
21527
17529
17608
21528
17530
17609
21529
17531
17610
21530
17532
17611
21531
17533
17612
21532
17534
17613
21533
17535
17614
21534
17536
17615
21535
17537
17616
21536
17538
17617
21537
17539
17618
21538
17540
17619
21539
17541
17620
21540
17542
17621
21541
17543
17622
21542
17544
17623
21543
17545
17624
21544
17546
17625
21545
17547
17626
21546
17548
17627
21547
17549
17628
21548
17550
17629
21549
17551
17630
21550
17552
17631
21551
17553
17632
21552
17554
17633
21553
17555
17634
21554
17556
17635
21555
17557
17636
21556
17558
17637
21557
17559
17638
21558
17560
17639
21559
17561
17640
21560
17562
17641
21561
17563
17642
21562
17564
17643
21563
17565
17644
21564
17566
17645
21565
17567
17646
21566
17568
17647
21567
17569
17648
21568
17570
17649
21569
17571
17650
21570
17572
17651
21571
17573
17652
21572
17574
17653
21573
17575
17654
21574
17576
17655
21575
17577
17656
21576
17578
17657
21577
17579
17658
21578
17580
17659
21579
17581
17660
21580
17582
17661
21581
17583
17662
21582
17584
17663
21583
17585
17664
21584
17586
17665
21585
17587
17666
21586
17588
17667
21587
17589
17668
21588
17590
17669
21589
17591
17670
21590
17592
17671
21591
17593
17672
21592
17594
17673
21593
17595
17674
21594
17596
17675
21595
17597
17676
21596
17598
17677
21597
17599
17678
21598
17679
21599
17601
17680
21600
17602
17681
21601
17603
17682
21602
17604
17683
21603
17605
17684
21604
17606
17685
21605
17607
17686
21606
17608
17687
21607
17609
17688
21608
17610
17689
21609
17611
17690
21610
17612
17691
21611
17613
17692
21612
17614
17693
21613
17615
17694
21614
17616
17695
21615
17617
17696
21616
17618
17697
21617
17619
17698
21618
17620
17699
21619
17621
17700
21620
17622
17701
21621
17623
17702
21622
17624
17703
21623
17625
17704
21624
17626
17705
21625
17627
17706
21626
17628
17707
21627
17629
17708
21628
17630
17709
21629
17631
17710
21630
17632
17711
21631
17633
17712
21632
17634
17713
21633
17635
17714
21634
17636
17715
21635
17637
17716
21636
17638
17717
21637
17639
17718
21638
17640
17719
21639
17641
17720
21640
17642
17721
21641
17643
17722
21642
17644
17723
21643
17645
17724
21644
17646
17725
21645
17647
17726
21646
17648
17727
21647
17649
17728
21648
17650
17729
21649
17651
17730
21650
17652
17731
21651
17653
17732
21652
17654
17733
21653
17655
17734
21654
17656
17735
21655
17657
17736
21656
17658
17737
21657
17659
17738
21658
17660
17739
21659
17661
17740
21660
17662
17741
21661
17663
17742
21662
17664
17743
21663
17665
17744
21664
17666
17745
21665
17667
17746
21666
17668
17747
21667
17669
17748
21668
17670
17749
21669
17671
17750
21670
17672
17751
21671
17673
17752
21672
17674
17753
21673
17675
17754
21674
17676
17755
21675
17677
17756
21676
17678
17757
21677
17679
17758
21678
17759
21679
17681
17760
21680
17682
17761
21681
17683
17762
21682
17684
17763
21683
17685
17764
21684
17686
17765
21685
17687
17766
21686
17688
17767
21687
17689
17768
21688
17690
17769
21689
17691
17770
21690
17692
17771
21691
17693
17772
21692
17694
17773
21693
17695
17774
21694
17696
17775
21695
17697
17776
21696
17698
17777
21697
17699
17778
21698
17700
17779
21699
17701
17780
21700
17702
17781
21701
17703
17782
21702
17704
17783
21703
17705
17784
21704
17706
17785
21705
17707
17786
21706
17708
17787
21707
17709
17788
21708
17710
17789
21709
17711
17790
21710
17712
17791
21711
17713
17792
21712
17714
17793
21713
17715
17794
21714
17716
17795
21715
17717
17796
21716
17718
17797
21717
17719
17798
21718
17720
17799
21719
17721
17800
21720
17722
17801
21721
17723
17802
21722
17724
17803
21723
17725
17804
21724
17726
17805
21725
17727
17806
21726
17728
17807
21727
17729
17808
21728
17730
17809
21729
17731
17810
21730
17732
17811
21731
17733
17812
21732
17734
17813
21733
17735
17814
21734
17736
17815
21735
17737
17816
21736
17738
17817
21737
17739
17818
21738
17740
17819
21739
17741
17820
21740
17742
17821
21741
17743
17822
21742
17744
17823
21743
17745
17824
21744
17746
17825
21745
17747
17826
21746
17748
17827
21747
17749
17828
21748
17750
17829
21749
17751
17830
21750
17752
17831
21751
17753
17832
21752
17754
17833
21753
17755
17834
21754
17756
17835
21755
17757
17836
21756
17758
17837
21757
17759
17838
21758
17839
21759
17761
17840
21760
17762
17841
21761
17763
17842
21762
17764
17843
21763
17765
17844
21764
17766
17845
21765
17767
17846
21766
17768
17847
21767
17769
17848
21768
17770
17849
21769
17771
17850
21770
17772
17851
21771
17773
17852
21772
17774
17853
21773
17775
17854
21774
17776
17855
21775
17777
17856
21776
17778
17857
21777
17779
17858
21778
17780
17859
21779
17781
17860
21780
17782
17861
21781
17783
17862
21782
17784
17863
21783
17785
17864
21784
17786
17865
21785
17787
17866
21786
17788
17867
21787
17789
17868
21788
17790
17869
21789
17791
17870
21790
17792
17871
21791
17793
17872
21792
17794
17873
21793
17795
17874
21794
17796
17875
21795
17797
17876
21796
17798
17877
21797
17799
17878
21798
17800
17879
21799
17801
17880
21800
17802
17881
21801
17803
17882
21802
17804
17883
21803
17805
17884
21804
17806
17885
21805
17807
17886
21806
17808
17887
21807
17809
17888
21808
17810
17889
21809
17811
17890
21810
17812
17891
21811
17813
17892
21812
17814
17893
21813
17815
17894
21814
17816
17895
21815
17817
17896
21816
17818
17897
21817
17819
17898
21818
17820
17899
21819
17821
17900
21820
17822
17901
21821
17823
17902
21822
17824
17903
21823
17825
17904
21824
17826
17905
21825
17827
17906
21826
17828
17907
21827
17829
17908
21828
17830
17909
21829
17831
17910
21830
17832
17911
21831
17833
17912
21832
17834
17913
21833
17835
17914
21834
17836
17915
21835
17837
17916
21836
17838
17917
21837
17839
17918
21838
17919
21839
17841
17920
21840
17842
17921
21841
17843
17922
21842
17844
17923
21843
17845
17924
21844
17846
17925
21845
17847
17926
21846
17848
17927
21847
17849
17928
21848
17850
17929
21849
17851
17930
21850
17852
17931
21851
17853
17932
21852
17854
17933
21853
17855
17934
21854
17856
17935
21855
17857
17936
21856
17858
17937
21857
17859
17938
21858
17860
17939
21859
17861
17940
21860
17862
17941
21861
17863
17942
21862
17864
17943
21863
17865
17944
21864
17866
17945
21865
17867
17946
21866
17868
17947
21867
17869
17948
21868
17870
17949
21869
17871
17950
21870
17872
17951
21871
17873
17952
21872
17874
17953
21873
17875
17954
21874
17876
17955
21875
17877
17956
21876
17878
17957
21877
17879
17958
21878
17880
17959
21879
17881
17960
21880
17882
17961
21881
17883
17962
21882
17884
17963
21883
17885
17964
21884
17886
17965
21885
17887
17966
21886
17888
17967
21887
17889
17968
21888
17890
17969
21889
17891
17970
21890
17892
17971
21891
17893
17972
21892
17894
17973
21893
17895
17974
21894
17896
17975
21895
17897
17976
21896
17898
17977
21897
17899
17978
21898
17900
17979
21899
17901
17980
21900
17902
17981
21901
17903
17982
21902
17904
17983
21903
17905
17984
21904
17906
17985
21905
17907
17986
21906
17908
17987
21907
17909
17988
21908
17910
17989
21909
17911
17990
21910
17912
17991
21911
17913
17992
21912
17914
17993
21913
17915
17994
21914
17916
17995
21915
17917
17996
21916
17918
17997
21917
17919
17998
21918
17999
21919
17921
18000
21920
17922
18001
21921
17923
18002
21922
17924
18003
21923
17925
18004
21924
17926
18005
21925
17927
18006
21926
17928
18007
21927
17929
18008
21928
17930
18009
21929
17931
18010
21930
17932
18011
21931
17933
18012
21932
17934
18013
21933
17935
18014
21934
17936
18015
21935
17937
18016
21936
17938
18017
21937
17939
18018
21938
17940
18019
21939
17941
18020
21940
17942
18021
21941
17943
18022
21942
17944
18023
21943
17945
18024
21944
17946
18025
21945
17947
18026
21946
17948
18027
21947
17949
18028
21948
17950
18029
21949
17951
18030
21950
17952
18031
21951
17953
18032
21952
17954
18033
21953
17955
18034
21954
17956
18035
21955
17957
18036
21956
17958
18037
21957
17959
18038
21958
17960
18039
21959
17961
18040
21960
17962
18041
21961
17963
18042
21962
17964
18043
21963
17965
18044
21964
17966
18045
21965
17967
18046
21966
17968
18047
21967
17969
18048
21968
17970
18049
21969
17971
18050
21970
17972
18051
21971
17973
18052
21972
17974
18053
21973
17975
18054
21974
17976
18055
21975
17977
18056
21976
17978
18057
21977
17979
18058
21978
17980
18059
21979
17981
18060
21980
17982
18061
21981
17983
18062
21982
17984
18063
21983
17985
18064
21984
17986
18065
21985
17987
18066
21986
17988
18067
21987
17989
18068
21988
17990
18069
21989
17991
18070
21990
17992
18071
21991
17993
18072
21992
17994
18073
21993
17995
18074
21994
17996
18075
21995
17997
18076
21996
17998
18077
21997
17999
18078
21998
18079
21999
18001
18080
22000
18002
18081
22001
18003
18082
22002
18004
18083
22003
18005
18084
22004
18006
18085
22005
18007
18086
22006
18008
18087
22007
18009
18088
22008
18010
18089
22009
18011
18090
22010
18012
18091
22011
18013
18092
22012
18014
18093
22013
18015
18094
22014
18016
18095
22015
18017
18096
22016
18018
18097
22017
18019
18098
22018
18020
18099
22019
18021
18100
22020
18022
18101
22021
18023
18102
22022
18024
18103
22023
18025
18104
22024
18026
18105
22025
18027
18106
22026
18028
18107
22027
18029
18108
22028
18030
18109
22029
18031
18110
22030
18032
18111
22031
18033
18112
22032
18034
18113
22033
18035
18114
22034
18036
18115
22035
18037
18116
22036
18038
18117
22037
18039
18118
22038
18040
18119
22039
18041
18120
22040
18042
18121
22041
18043
18122
22042
18044
18123
22043
18045
18124
22044
18046
18125
22045
18047
18126
22046
18048
18127
22047
18049
18128
22048
18050
18129
22049
18051
18130
22050
18052
18131
22051
18053
18132
22052
18054
18133
22053
18055
18134
22054
18056
18135
22055
18057
18136
22056
18058
18137
22057
18059
18138
22058
18060
18139
22059
18061
18140
22060
18062
18141
22061
18063
18142
22062
18064
18143
22063
18065
18144
22064
18066
18145
22065
18067
18146
22066
18068
18147
22067
18069
18148
22068
18070
18149
22069
18071
18150
22070
18072
18151
22071
18073
18152
22072
18074
18153
22073
18075
18154
22074
18076
18155
22075
18077
18156
22076
18078
18157
22077
18079
18158
22078
18159
22079
18081
18160
22080
18082
18161
22081
18083
18162
22082
18084
18163
22083
18085
18164
22084
18086
18165
22085
18087
18166
22086
18088
18167
22087
18089
18168
22088
18090
18169
22089
18091
18170
22090
18092
18171
22091
18093
18172
22092
18094
18173
22093
18095
18174
22094
18096
18175
22095
18097
18176
22096
18098
18177
22097
18099
18178
22098
18100
18179
22099
18101
18180
22100
18102
18181
22101
18103
18182
22102
18104
18183
22103
18105
18184
22104
18106
18185
22105
18107
18186
22106
18108
18187
22107
18109
18188
22108
18110
18189
22109
18111
18190
22110
18112
18191
22111
18113
18192
22112
18114
18193
22113
18115
18194
22114
18116
18195
22115
18117
18196
22116
18118
18197
22117
18119
18198
22118
18120
18199
22119
18121
18200
22120
18122
18201
22121
18123
18202
22122
18124
18203
22123
18125
18204
22124
18126
18205
22125
18127
18206
22126
18128
18207
22127
18129
18208
22128
18130
18209
22129
18131
18210
22130
18132
18211
22131
18133
18212
22132
18134
18213
22133
18135
18214
22134
18136
18215
22135
18137
18216
22136
18138
18217
22137
18139
18218
22138
18140
18219
22139
18141
18220
22140
18142
18221
22141
18143
18222
22142
18144
18223
22143
18145
18224
22144
18146
18225
22145
18147
18226
22146
18148
18227
22147
18149
18228
22148
18150
18229
22149
18151
18230
22150
18152
18231
22151
18153
18232
22152
18154
18233
22153
18155
18234
22154
18156
18235
22155
18157
18236
22156
18158
18237
22157
18159
18238
22158
18239
22159
18161
18240
22160
18162
18241
22161
18163
18242
22162
18164
18243
22163
18165
18244
22164
18166
18245
22165
18167
18246
22166
18168
18247
22167
18169
18248
22168
18170
18249
22169
18171
18250
22170
18172
18251
22171
18173
18252
22172
18174
18253
22173
18175
18254
22174
18176
18255
22175
18177
18256
22176
18178
18257
22177
18179
18258
22178
18180
18259
22179
18181
18260
22180
18182
18261
22181
18183
18262
22182
18184
18263
22183
18185
18264
22184
18186
18265
22185
18187
18266
22186
18188
18267
22187
18189
18268
22188
18190
18269
22189
18191
18270
22190
18192
18271
22191
18193
18272
22192
18194
18273
22193
18195
18274
22194
18196
18275
22195
18197
18276
22196
18198
18277
22197
18199
18278
22198
18200
18279
22199
18201
18280
22200
18202
18281
22201
18203
18282
22202
18204
18283
22203
18205
18284
22204
18206
18285
22205
18207
18286
22206
18208
18287
22207
18209
18288
22208
18210
18289
22209
18211
18290
22210
18212
18291
22211
18213
18292
22212
18214
18293
22213
18215
18294
22214
18216
18295
22215
18217
18296
22216
18218
18297
22217
18219
18298
22218
18220
18299
22219
18221
18300
22220
18222
18301
22221
18223
18302
22222
18224
18303
22223
18225
18304
22224
18226
18305
22225
18227
18306
22226
18228
18307
22227
18229
18308
22228
18230
18309
22229
18231
18310
22230
18232
18311
22231
18233
18312
22232
18234
18313
22233
18235
18314
22234
18236
18315
22235
18237
18316
22236
18238
18317
22237
18239
18318
22238
18319
22239
18241
18320
22240
18242
18321
22241
18243
18322
22242
18244
18323
22243
18245
18324
22244
18246
18325
22245
18247
18326
22246
18248
18327
22247
18249
18328
22248
18250
18329
22249
18251
18330
22250
18252
18331
22251
18253
18332
22252
18254
18333
22253
18255
18334
22254
18256
18335
22255
18257
18336
22256
18258
18337
22257
18259
18338
22258
18260
18339
22259
18261
18340
22260
18262
18341
22261
18263
18342
22262
18264
18343
22263
18265
18344
22264
18266
18345
22265
18267
18346
22266
18268
18347
22267
18269
18348
22268
18270
18349
22269
18271
18350
22270
18272
18351
22271
18273
18352
22272
18274
18353
22273
18275
18354
22274
18276
18355
22275
18277
18356
22276
18278
18357
22277
18279
18358
22278
18280
18359
22279
18281
18360
22280
18282
18361
22281
18283
18362
22282
18284
18363
22283
18285
18364
22284
18286
18365
22285
18287
18366
22286
18288
18367
22287
18289
18368
22288
18290
18369
22289
18291
18370
22290
18292
18371
22291
18293
18372
22292
18294
18373
22293
18295
18374
22294
18296
18375
22295
18297
18376
22296
18298
18377
22297
18299
18378
22298
18300
18379
22299
18301
18380
22300
18302
18381
22301
18303
18382
22302
18304
18383
22303
18305
18384
22304
18306
18385
22305
18307
18386
22306
18308
18387
22307
18309
18388
22308
18310
18389
22309
18311
18390
22310
18312
18391
22311
18313
18392
22312
18314
18393
22313
18315
18394
22314
18316
18395
22315
18317
18396
22316
18318
18397
22317
18319
18398
22318
18399
22319
18321
18400
22320
18322
18401
22321
18323
18402
22322
18324
18403
22323
18325
18404
22324
18326
18405
22325
18327
18406
22326
18328
18407
22327
18329
18408
22328
18330
18409
22329
18331
18410
22330
18332
18411
22331
18333
18412
22332
18334
18413
22333
18335
18414
22334
18336
18415
22335
18337
18416
22336
18338
18417
22337
18339
18418
22338
18340
18419
22339
18341
18420
22340
18342
18421
22341
18343
18422
22342
18344
18423
22343
18345
18424
22344
18346
18425
22345
18347
18426
22346
18348
18427
22347
18349
18428
22348
18350
18429
22349
18351
18430
22350
18352
18431
22351
18353
18432
22352
18354
18433
22353
18355
18434
22354
18356
18435
22355
18357
18436
22356
18358
18437
22357
18359
18438
22358
18360
18439
22359
18361
18440
22360
18362
18441
22361
18363
18442
22362
18364
18443
22363
18365
18444
22364
18366
18445
22365
18367
18446
22366
18368
18447
22367
18369
18448
22368
18370
18449
22369
18371
18450
22370
18372
18451
22371
18373
18452
22372
18374
18453
22373
18375
18454
22374
18376
18455
22375
18377
18456
22376
18378
18457
22377
18379
18458
22378
18380
18459
22379
18381
18460
22380
18382
18461
22381
18383
18462
22382
18384
18463
22383
18385
18464
22384
18386
18465
22385
18387
18466
22386
18388
18467
22387
18389
18468
22388
18390
18469
22389
18391
18470
22390
18392
18471
22391
18393
18472
22392
18394
18473
22393
18395
18474
22394
18396
18475
22395
18397
18476
22396
18398
18477
22397
18399
18478
22398
18479
22399
18401
18480
22400
18402
18481
22401
18403
18482
22402
18404
18483
22403
18405
18484
22404
18406
18485
22405
18407
18486
22406
18408
18487
22407
18409
18488
22408
18410
18489
22409
18411
18490
22410
18412
18491
22411
18413
18492
22412
18414
18493
22413
18415
18494
22414
18416
18495
22415
18417
18496
22416
18418
18497
22417
18419
18498
22418
18420
18499
22419
18421
18500
22420
18422
18501
22421
18423
18502
22422
18424
18503
22423
18425
18504
22424
18426
18505
22425
18427
18506
22426
18428
18507
22427
18429
18508
22428
18430
18509
22429
18431
18510
22430
18432
18511
22431
18433
18512
22432
18434
18513
22433
18435
18514
22434
18436
18515
22435
18437
18516
22436
18438
18517
22437
18439
18518
22438
18440
18519
22439
18441
18520
22440
18442
18521
22441
18443
18522
22442
18444
18523
22443
18445
18524
22444
18446
18525
22445
18447
18526
22446
18448
18527
22447
18449
18528
22448
18450
18529
22449
18451
18530
22450
18452
18531
22451
18453
18532
22452
18454
18533
22453
18455
18534
22454
18456
18535
22455
18457
18536
22456
18458
18537
22457
18459
18538
22458
18460
18539
22459
18461
18540
22460
18462
18541
22461
18463
18542
22462
18464
18543
22463
18465
18544
22464
18466
18545
22465
18467
18546
22466
18468
18547
22467
18469
18548
22468
18470
18549
22469
18471
18550
22470
18472
18551
22471
18473
18552
22472
18474
18553
22473
18475
18554
22474
18476
18555
22475
18477
18556
22476
18478
18557
22477
18479
18558
22478
18559
22479
18481
18560
22480
18482
18561
22481
18483
18562
22482
18484
18563
22483
18485
18564
22484
18486
18565
22485
18487
18566
22486
18488
18567
22487
18489
18568
22488
18490
18569
22489
18491
18570
22490
18492
18571
22491
18493
18572
22492
18494
18573
22493
18495
18574
22494
18496
18575
22495
18497
18576
22496
18498
18577
22497
18499
18578
22498
18500
18579
22499
18501
18580
22500
18502
18581
22501
18503
18582
22502
18504
18583
22503
18505
18584
22504
18506
18585
22505
18507
18586
22506
18508
18587
22507
18509
18588
22508
18510
18589
22509
18511
18590
22510
18512
18591
22511
18513
18592
22512
18514
18593
22513
18515
18594
22514
18516
18595
22515
18517
18596
22516
18518
18597
22517
18519
18598
22518
18520
18599
22519
18521
18600
22520
18522
18601
22521
18523
18602
22522
18524
18603
22523
18525
18604
22524
18526
18605
22525
18527
18606
22526
18528
18607
22527
18529
18608
22528
18530
18609
22529
18531
18610
22530
18532
18611
22531
18533
18612
22532
18534
18613
22533
18535
18614
22534
18536
18615
22535
18537
18616
22536
18538
18617
22537
18539
18618
22538
18540
18619
22539
18541
18620
22540
18542
18621
22541
18543
18622
22542
18544
18623
22543
18545
18624
22544
18546
18625
22545
18547
18626
22546
18548
18627
22547
18549
18628
22548
18550
18629
22549
18551
18630
22550
18552
18631
22551
18553
18632
22552
18554
18633
22553
18555
18634
22554
18556
18635
22555
18557
18636
22556
18558
18637
22557
18559
18638
22558
18639
22559
18561
18640
22560
18562
18641
22561
18563
18642
22562
18564
18643
22563
18565
18644
22564
18566
18645
22565
18567
18646
22566
18568
18647
22567
18569
18648
22568
18570
18649
22569
18571
18650
22570
18572
18651
22571
18573
18652
22572
18574
18653
22573
18575
18654
22574
18576
18655
22575
18577
18656
22576
18578
18657
22577
18579
18658
22578
18580
18659
22579
18581
18660
22580
18582
18661
22581
18583
18662
22582
18584
18663
22583
18585
18664
22584
18586
18665
22585
18587
18666
22586
18588
18667
22587
18589
18668
22588
18590
18669
22589
18591
18670
22590
18592
18671
22591
18593
18672
22592
18594
18673
22593
18595
18674
22594
18596
18675
22595
18597
18676
22596
18598
18677
22597
18599
18678
22598
18600
18679
22599
18601
18680
22600
18602
18681
22601
18603
18682
22602
18604
18683
22603
18605
18684
22604
18606
18685
22605
18607
18686
22606
18608
18687
22607
18609
18688
22608
18610
18689
22609
18611
18690
22610
18612
18691
22611
18613
18692
22612
18614
18693
22613
18615
18694
22614
18616
18695
22615
18617
18696
22616
18618
18697
22617
18619
18698
22618
18620
18699
22619
18621
18700
22620
18622
18701
22621
18623
18702
22622
18624
18703
22623
18625
18704
22624
18626
18705
22625
18627
18706
22626
18628
18707
22627
18629
18708
22628
18630
18709
22629
18631
18710
22630
18632
18711
22631
18633
18712
22632
18634
18713
22633
18635
18714
22634
18636
18715
22635
18637
18716
22636
18638
18717
22637
18639
18718
22638
18719
22639
18641
18720
22640
18642
18721
22641
18643
18722
22642
18644
18723
22643
18645
18724
22644
18646
18725
22645
18647
18726
22646
18648
18727
22647
18649
18728
22648
18650
18729
22649
18651
18730
22650
18652
18731
22651
18653
18732
22652
18654
18733
22653
18655
18734
22654
18656
18735
22655
18657
18736
22656
18658
18737
22657
18659
18738
22658
18660
18739
22659
18661
18740
22660
18662
18741
22661
18663
18742
22662
18664
18743
22663
18665
18744
22664
18666
18745
22665
18667
18746
22666
18668
18747
22667
18669
18748
22668
18670
18749
22669
18671
18750
22670
18672
18751
22671
18673
18752
22672
18674
18753
22673
18675
18754
22674
18676
18755
22675
18677
18756
22676
18678
18757
22677
18679
18758
22678
18680
18759
22679
18681
18760
22680
18682
18761
22681
18683
18762
22682
18684
18763
22683
18685
18764
22684
18686
18765
22685
18687
18766
22686
18688
18767
22687
18689
18768
22688
18690
18769
22689
18691
18770
22690
18692
18771
22691
18693
18772
22692
18694
18773
22693
18695
18774
22694
18696
18775
22695
18697
18776
22696
18698
18777
22697
18699
18778
22698
18700
18779
22699
18701
18780
22700
18702
18781
22701
18703
18782
22702
18704
18783
22703
18705
18784
22704
18706
18785
22705
18707
18786
22706
18708
18787
22707
18709
18788
22708
18710
18789
22709
18711
18790
22710
18712
18791
22711
18713
18792
22712
18714
18793
22713
18715
18794
22714
18716
18795
22715
18717
18796
22716
18718
18797
22717
18719
18798
22718
18799
22719
18721
18800
22720
18722
18801
22721
18723
18802
22722
18724
18803
22723
18725
18804
22724
18726
18805
22725
18727
18806
22726
18728
18807
22727
18729
18808
22728
18730
18809
22729
18731
18810
22730
18732
18811
22731
18733
18812
22732
18734
18813
22733
18735
18814
22734
18736
18815
22735
18737
18816
22736
18738
18817
22737
18739
18818
22738
18740
18819
22739
18741
18820
22740
18742
18821
22741
18743
18822
22742
18744
18823
22743
18745
18824
22744
18746
18825
22745
18747
18826
22746
18748
18827
22747
18749
18828
22748
18750
18829
22749
18751
18830
22750
18752
18831
22751
18753
18832
22752
18754
18833
22753
18755
18834
22754
18756
18835
22755
18757
18836
22756
18758
18837
22757
18759
18838
22758
18760
18839
22759
18761
18840
22760
18762
18841
22761
18763
18842
22762
18764
18843
22763
18765
18844
22764
18766
18845
22765
18767
18846
22766
18768
18847
22767
18769
18848
22768
18770
18849
22769
18771
18850
22770
18772
18851
22771
18773
18852
22772
18774
18853
22773
18775
18854
22774
18776
18855
22775
18777
18856
22776
18778
18857
22777
18779
18858
22778
18780
18859
22779
18781
18860
22780
18782
18861
22781
18783
18862
22782
18784
18863
22783
18785
18864
22784
18786
18865
22785
18787
18866
22786
18788
18867
22787
18789
18868
22788
18790
18869
22789
18791
18870
22790
18792
18871
22791
18793
18872
22792
18794
18873
22793
18795
18874
22794
18796
18875
22795
18797
18876
22796
18798
18877
22797
18799
18878
22798
18879
22799
18801
18880
22800
18802
18881
22801
18803
18882
22802
18804
18883
22803
18805
18884
22804
18806
18885
22805
18807
18886
22806
18808
18887
22807
18809
18888
22808
18810
18889
22809
18811
18890
22810
18812
18891
22811
18813
18892
22812
18814
18893
22813
18815
18894
22814
18816
18895
22815
18817
18896
22816
18818
18897
22817
18819
18898
22818
18820
18899
22819
18821
18900
22820
18822
18901
22821
18823
18902
22822
18824
18903
22823
18825
18904
22824
18826
18905
22825
18827
18906
22826
18828
18907
22827
18829
18908
22828
18830
18909
22829
18831
18910
22830
18832
18911
22831
18833
18912
22832
18834
18913
22833
18835
18914
22834
18836
18915
22835
18837
18916
22836
18838
18917
22837
18839
18918
22838
18840
18919
22839
18841
18920
22840
18842
18921
22841
18843
18922
22842
18844
18923
22843
18845
18924
22844
18846
18925
22845
18847
18926
22846
18848
18927
22847
18849
18928
22848
18850
18929
22849
18851
18930
22850
18852
18931
22851
18853
18932
22852
18854
18933
22853
18855
18934
22854
18856
18935
22855
18857
18936
22856
18858
18937
22857
18859
18938
22858
18860
18939
22859
18861
18940
22860
18862
18941
22861
18863
18942
22862
18864
18943
22863
18865
18944
22864
18866
18945
22865
18867
18946
22866
18868
18947
22867
18869
18948
22868
18870
18949
22869
18871
18950
22870
18872
18951
22871
18873
18952
22872
18874
18953
22873
18875
18954
22874
18876
18955
22875
18877
18956
22876
18878
18957
22877
18879
18958
22878
18959
22879
18881
18960
22880
18882
18961
22881
18883
18962
22882
18884
18963
22883
18885
18964
22884
18886
18965
22885
18887
18966
22886
18888
18967
22887
18889
18968
22888
18890
18969
22889
18891
18970
22890
18892
18971
22891
18893
18972
22892
18894
18973
22893
18895
18974
22894
18896
18975
22895
18897
18976
22896
18898
18977
22897
18899
18978
22898
18900
18979
22899
18901
18980
22900
18902
18981
22901
18903
18982
22902
18904
18983
22903
18905
18984
22904
18906
18985
22905
18907
18986
22906
18908
18987
22907
18909
18988
22908
18910
18989
22909
18911
18990
22910
18912
18991
22911
18913
18992
22912
18914
18993
22913
18915
18994
22914
18916
18995
22915
18917
18996
22916
18918
18997
22917
18919
18998
22918
18920
18999
22919
18921
19000
22920
18922
19001
22921
18923
19002
22922
18924
19003
22923
18925
19004
22924
18926
19005
22925
18927
19006
22926
18928
19007
22927
18929
19008
22928
18930
19009
22929
18931
19010
22930
18932
19011
22931
18933
19012
22932
18934
19013
22933
18935
19014
22934
18936
19015
22935
18937
19016
22936
18938
19017
22937
18939
19018
22938
18940
19019
22939
18941
19020
22940
18942
19021
22941
18943
19022
22942
18944
19023
22943
18945
19024
22944
18946
19025
22945
18947
19026
22946
18948
19027
22947
18949
19028
22948
18950
19029
22949
18951
19030
22950
18952
19031
22951
18953
19032
22952
18954
19033
22953
18955
19034
22954
18956
19035
22955
18957
19036
22956
18958
19037
22957
18959
19038
22958
19039
22959
18961
19040
22960
18962
19041
22961
18963
19042
22962
18964
19043
22963
18965
19044
22964
18966
19045
22965
18967
19046
22966
18968
19047
22967
18969
19048
22968
18970
19049
22969
18971
19050
22970
18972
19051
22971
18973
19052
22972
18974
19053
22973
18975
19054
22974
18976
19055
22975
18977
19056
22976
18978
19057
22977
18979
19058
22978
18980
19059
22979
18981
19060
22980
18982
19061
22981
18983
19062
22982
18984
19063
22983
18985
19064
22984
18986
19065
22985
18987
19066
22986
18988
19067
22987
18989
19068
22988
18990
19069
22989
18991
19070
22990
18992
19071
22991
18993
19072
22992
18994
19073
22993
18995
19074
22994
18996
19075
22995
18997
19076
22996
18998
19077
22997
18999
19078
22998
19000
19079
22999
19001
19080
23000
19002
19081
23001
19003
19082
23002
19004
19083
23003
19005
19084
23004
19006
19085
23005
19007
19086
23006
19008
19087
23007
19009
19088
23008
19010
19089
23009
19011
19090
23010
19012
19091
23011
19013
19092
23012
19014
19093
23013
19015
19094
23014
19016
19095
23015
19017
19096
23016
19018
19097
23017
19019
19098
23018
19020
19099
23019
19021
19100
23020
19022
19101
23021
19023
19102
23022
19024
19103
23023
19025
19104
23024
19026
19105
23025
19027
19106
23026
19028
19107
23027
19029
19108
23028
19030
19109
23029
19031
19110
23030
19032
19111
23031
19033
19112
23032
19034
19113
23033
19035
19114
23034
19036
19115
23035
19037
19116
23036
19038
19117
23037
19039
19118
23038
19119
23039
19041
19120
23040
19042
19121
23041
19043
19122
23042
19044
19123
23043
19045
19124
23044
19046
19125
23045
19047
19126
23046
19048
19127
23047
19049
19128
23048
19050
19129
23049
19051
19130
23050
19052
19131
23051
19053
19132
23052
19054
19133
23053
19055
19134
23054
19056
19135
23055
19057
19136
23056
19058
19137
23057
19059
19138
23058
19060
19139
23059
19061
19140
23060
19062
19141
23061
19063
19142
23062
19064
19143
23063
19065
19144
23064
19066
19145
23065
19067
19146
23066
19068
19147
23067
19069
19148
23068
19070
19149
23069
19071
19150
23070
19072
19151
23071
19073
19152
23072
19074
19153
23073
19075
19154
23074
19076
19155
23075
19077
19156
23076
19078
19157
23077
19079
19158
23078
19080
19159
23079
19081
19160
23080
19082
19161
23081
19083
19162
23082
19084
19163
23083
19085
19164
23084
19086
19165
23085
19087
19166
23086
19088
19167
23087
19089
19168
23088
19090
19169
23089
19091
19170
23090
19092
19171
23091
19093
19172
23092
19094
19173
23093
19095
19174
23094
19096
19175
23095
19097
19176
23096
19098
19177
23097
19099
19178
23098
19100
19179
23099
19101
19180
23100
19102
19181
23101
19103
19182
23102
19104
19183
23103
19105
19184
23104
19106
19185
23105
19107
19186
23106
19108
19187
23107
19109
19188
23108
19110
19189
23109
19111
19190
23110
19112
19191
23111
19113
19192
23112
19114
19193
23113
19115
19194
23114
19116
19195
23115
19117
19196
23116
19118
19197
23117
19119
19198
23118
19199
23119
19121
19200
23120
19122
19201
23121
19123
19202
23122
19124
19203
23123
19125
19204
23124
19126
19205
23125
19127
19206
23126
19128
19207
23127
19129
19208
23128
19130
19209
23129
19131
19210
23130
19132
19211
23131
19133
19212
23132
19134
19213
23133
19135
19214
23134
19136
19215
23135
19137
19216
23136
19138
19217
23137
19139
19218
23138
19140
19219
23139
19141
19220
23140
19142
19221
23141
19143
19222
23142
19144
19223
23143
19145
19224
23144
19146
19225
23145
19147
19226
23146
19148
19227
23147
19149
19228
23148
19150
19229
23149
19151
19230
23150
19152
19231
23151
19153
19232
23152
19154
19233
23153
19155
19234
23154
19156
19235
23155
19157
19236
23156
19158
19237
23157
19159
19238
23158
19160
19239
23159
19161
19240
23160
19162
19241
23161
19163
19242
23162
19164
19243
23163
19165
19244
23164
19166
19245
23165
19167
19246
23166
19168
19247
23167
19169
19248
23168
19170
19249
23169
19171
19250
23170
19172
19251
23171
19173
19252
23172
19174
19253
23173
19175
19254
23174
19176
19255
23175
19177
19256
23176
19178
19257
23177
19179
19258
23178
19180
19259
23179
19181
19260
23180
19182
19261
23181
19183
19262
23182
19184
19263
23183
19185
19264
23184
19186
19265
23185
19187
19266
23186
19188
19267
23187
19189
19268
23188
19190
19269
23189
19191
19270
23190
19192
19271
23191
19193
19272
23192
19194
19273
23193
19195
19274
23194
19196
19275
23195
19197
19276
23196
19198
19277
23197
19199
19278
23198
19279
23199
19201
19280
23200
19202
19281
23201
19203
19282
23202
19204
19283
23203
19205
19284
23204
19206
19285
23205
19207
19286
23206
19208
19287
23207
19209
19288
23208
19210
19289
23209
19211
19290
23210
19212
19291
23211
19213
19292
23212
19214
19293
23213
19215
19294
23214
19216
19295
23215
19217
19296
23216
19218
19297
23217
19219
19298
23218
19220
19299
23219
19221
19300
23220
19222
19301
23221
19223
19302
23222
19224
19303
23223
19225
19304
23224
19226
19305
23225
19227
19306
23226
19228
19307
23227
19229
19308
23228
19230
19309
23229
19231
19310
23230
19232
19311
23231
19233
19312
23232
19234
19313
23233
19235
19314
23234
19236
19315
23235
19237
19316
23236
19238
19317
23237
19239
19318
23238
19240
19319
23239
19241
19320
23240
19242
19321
23241
19243
19322
23242
19244
19323
23243
19245
19324
23244
19246
19325
23245
19247
19326
23246
19248
19327
23247
19249
19328
23248
19250
19329
23249
19251
19330
23250
19252
19331
23251
19253
19332
23252
19254
19333
23253
19255
19334
23254
19256
19335
23255
19257
19336
23256
19258
19337
23257
19259
19338
23258
19260
19339
23259
19261
19340
23260
19262
19341
23261
19263
19342
23262
19264
19343
23263
19265
19344
23264
19266
19345
23265
19267
19346
23266
19268
19347
23267
19269
19348
23268
19270
19349
23269
19271
19350
23270
19272
19351
23271
19273
19352
23272
19274
19353
23273
19275
19354
23274
19276
19355
23275
19277
19356
23276
19278
19357
23277
19279
19358
23278
19359
23279
19281
19360
23280
19282
19361
23281
19283
19362
23282
19284
19363
23283
19285
19364
23284
19286
19365
23285
19287
19366
23286
19288
19367
23287
19289
19368
23288
19290
19369
23289
19291
19370
23290
19292
19371
23291
19293
19372
23292
19294
19373
23293
19295
19374
23294
19296
19375
23295
19297
19376
23296
19298
19377
23297
19299
19378
23298
19300
19379
23299
19301
19380
23300
19302
19381
23301
19303
19382
23302
19304
19383
23303
19305
19384
23304
19306
19385
23305
19307
19386
23306
19308
19387
23307
19309
19388
23308
19310
19389
23309
19311
19390
23310
19312
19391
23311
19313
19392
23312
19314
19393
23313
19315
19394
23314
19316
19395
23315
19317
19396
23316
19318
19397
23317
19319
19398
23318
19320
19399
23319
19321
19400
23320
19322
19401
23321
19323
19402
23322
19324
19403
23323
19325
19404
23324
19326
19405
23325
19327
19406
23326
19328
19407
23327
19329
19408
23328
19330
19409
23329
19331
19410
23330
19332
19411
23331
19333
19412
23332
19334
19413
23333
19335
19414
23334
19336
19415
23335
19337
19416
23336
19338
19417
23337
19339
19418
23338
19340
19419
23339
19341
19420
23340
19342
19421
23341
19343
19422
23342
19344
19423
23343
19345
19424
23344
19346
19425
23345
19347
19426
23346
19348
19427
23347
19349
19428
23348
19350
19429
23349
19351
19430
23350
19352
19431
23351
19353
19432
23352
19354
19433
23353
19355
19434
23354
19356
19435
23355
19357
19436
23356
19358
19437
23357
19359
19438
23358
19439
23359
19361
19440
23360
19362
19441
23361
19363
19442
23362
19364
19443
23363
19365
19444
23364
19366
19445
23365
19367
19446
23366
19368
19447
23367
19369
19448
23368
19370
19449
23369
19371
19450
23370
19372
19451
23371
19373
19452
23372
19374
19453
23373
19375
19454
23374
19376
19455
23375
19377
19456
23376
19378
19457
23377
19379
19458
23378
19380
19459
23379
19381
19460
23380
19382
19461
23381
19383
19462
23382
19384
19463
23383
19385
19464
23384
19386
19465
23385
19387
19466
23386
19388
19467
23387
19389
19468
23388
19390
19469
23389
19391
19470
23390
19392
19471
23391
19393
19472
23392
19394
19473
23393
19395
19474
23394
19396
19475
23395
19397
19476
23396
19398
19477
23397
19399
19478
23398
19400
19479
23399
19401
19480
23400
19402
19481
23401
19403
19482
23402
19404
19483
23403
19405
19484
23404
19406
19485
23405
19407
19486
23406
19408
19487
23407
19409
19488
23408
19410
19489
23409
19411
19490
23410
19412
19491
23411
19413
19492
23412
19414
19493
23413
19415
19494
23414
19416
19495
23415
19417
19496
23416
19418
19497
23417
19419
19498
23418
19420
19499
23419
19421
19500
23420
19422
19501
23421
19423
19502
23422
19424
19503
23423
19425
19504
23424
19426
19505
23425
19427
19506
23426
19428
19507
23427
19429
19508
23428
19430
19509
23429
19431
19510
23430
19432
19511
23431
19433
19512
23432
19434
19513
23433
19435
19514
23434
19436
19515
23435
19437
19516
23436
19438
19517
23437
19439
19518
23438
19519
23439
19441
19520
23440
19442
19521
23441
19443
19522
23442
19444
19523
23443
19445
19524
23444
19446
19525
23445
19447
19526
23446
19448
19527
23447
19449
19528
23448
19450
19529
23449
19451
19530
23450
19452
19531
23451
19453
19532
23452
19454
19533
23453
19455
19534
23454
19456
19535
23455
19457
19536
23456
19458
19537
23457
19459
19538
23458
19460
19539
23459
19461
19540
23460
19462
19541
23461
19463
19542
23462
19464
19543
23463
19465
19544
23464
19466
19545
23465
19467
19546
23466
19468
19547
23467
19469
19548
23468
19470
19549
23469
19471
19550
23470
19472
19551
23471
19473
19552
23472
19474
19553
23473
19475
19554
23474
19476
19555
23475
19477
19556
23476
19478
19557
23477
19479
19558
23478
19480
19559
23479
19481
19560
23480
19482
19561
23481
19483
19562
23482
19484
19563
23483
19485
19564
23484
19486
19565
23485
19487
19566
23486
19488
19567
23487
19489
19568
23488
19490
19569
23489
19491
19570
23490
19492
19571
23491
19493
19572
23492
19494
19573
23493
19495
19574
23494
19496
19575
23495
19497
19576
23496
19498
19577
23497
19499
19578
23498
19500
19579
23499
19501
19580
23500
19502
19581
23501
19503
19582
23502
19504
19583
23503
19505
19584
23504
19506
19585
23505
19507
19586
23506
19508
19587
23507
19509
19588
23508
19510
19589
23509
19511
19590
23510
19512
19591
23511
19513
19592
23512
19514
19593
23513
19515
19594
23514
19516
19595
23515
19517
19596
23516
19518
19597
23517
19519
19598
23518
19599
23519
19521
19600
23520
19522
19601
23521
19523
19602
23522
19524
19603
23523
19525
19604
23524
19526
19605
23525
19527
19606
23526
19528
19607
23527
19529
19608
23528
19530
19609
23529
19531
19610
23530
19532
19611
23531
19533
19612
23532
19534
19613
23533
19535
19614
23534
19536
19615
23535
19537
19616
23536
19538
19617
23537
19539
19618
23538
19540
19619
23539
19541
19620
23540
19542
19621
23541
19543
19622
23542
19544
19623
23543
19545
19624
23544
19546
19625
23545
19547
19626
23546
19548
19627
23547
19549
19628
23548
19550
19629
23549
19551
19630
23550
19552
19631
23551
19553
19632
23552
19554
19633
23553
19555
19634
23554
19556
19635
23555
19557
19636
23556
19558
19637
23557
19559
19638
23558
19560
19639
23559
19561
19640
23560
19562
19641
23561
19563
19642
23562
19564
19643
23563
19565
19644
23564
19566
19645
23565
19567
19646
23566
19568
19647
23567
19569
19648
23568
19570
19649
23569
19571
19650
23570
19572
19651
23571
19573
19652
23572
19574
19653
23573
19575
19654
23574
19576
19655
23575
19577
19656
23576
19578
19657
23577
19579
19658
23578
19580
19659
23579
19581
19660
23580
19582
19661
23581
19583
19662
23582
19584
19663
23583
19585
19664
23584
19586
19665
23585
19587
19666
23586
19588
19667
23587
19589
19668
23588
19590
19669
23589
19591
19670
23590
19592
19671
23591
19593
19672
23592
19594
19673
23593
19595
19674
23594
19596
19675
23595
19597
19676
23596
19598
19677
23597
19599
19678
23598
19679
23599
19601
19680
23600
19602
19681
23601
19603
19682
23602
19604
19683
23603
19605
19684
23604
19606
19685
23605
19607
19686
23606
19608
19687
23607
19609
19688
23608
19610
19689
23609
19611
19690
23610
19612
19691
23611
19613
19692
23612
19614
19693
23613
19615
19694
23614
19616
19695
23615
19617
19696
23616
19618
19697
23617
19619
19698
23618
19620
19699
23619
19621
19700
23620
19622
19701
23621
19623
19702
23622
19624
19703
23623
19625
19704
23624
19626
19705
23625
19627
19706
23626
19628
19707
23627
19629
19708
23628
19630
19709
23629
19631
19710
23630
19632
19711
23631
19633
19712
23632
19634
19713
23633
19635
19714
23634
19636
19715
23635
19637
19716
23636
19638
19717
23637
19639
19718
23638
19640
19719
23639
19641
19720
23640
19642
19721
23641
19643
19722
23642
19644
19723
23643
19645
19724
23644
19646
19725
23645
19647
19726
23646
19648
19727
23647
19649
19728
23648
19650
19729
23649
19651
19730
23650
19652
19731
23651
19653
19732
23652
19654
19733
23653
19655
19734
23654
19656
19735
23655
19657
19736
23656
19658
19737
23657
19659
19738
23658
19660
19739
23659
19661
19740
23660
19662
19741
23661
19663
19742
23662
19664
19743
23663
19665
19744
23664
19666
19745
23665
19667
19746
23666
19668
19747
23667
19669
19748
23668
19670
19749
23669
19671
19750
23670
19672
19751
23671
19673
19752
23672
19674
19753
23673
19675
19754
23674
19676
19755
23675
19677
19756
23676
19678
19757
23677
19679
19758
23678
19759
23679
19681
19760
23680
19682
19761
23681
19683
19762
23682
19684
19763
23683
19685
19764
23684
19686
19765
23685
19687
19766
23686
19688
19767
23687
19689
19768
23688
19690
19769
23689
19691
19770
23690
19692
19771
23691
19693
19772
23692
19694
19773
23693
19695
19774
23694
19696
19775
23695
19697
19776
23696
19698
19777
23697
19699
19778
23698
19700
19779
23699
19701
19780
23700
19702
19781
23701
19703
19782
23702
19704
19783
23703
19705
19784
23704
19706
19785
23705
19707
19786
23706
19708
19787
23707
19709
19788
23708
19710
19789
23709
19711
19790
23710
19712
19791
23711
19713
19792
23712
19714
19793
23713
19715
19794
23714
19716
19795
23715
19717
19796
23716
19718
19797
23717
19719
19798
23718
19720
19799
23719
19721
19800
23720
19722
19801
23721
19723
19802
23722
19724
19803
23723
19725
19804
23724
19726
19805
23725
19727
19806
23726
19728
19807
23727
19729
19808
23728
19730
19809
23729
19731
19810
23730
19732
19811
23731
19733
19812
23732
19734
19813
23733
19735
19814
23734
19736
19815
23735
19737
19816
23736
19738
19817
23737
19739
19818
23738
19740
19819
23739
19741
19820
23740
19742
19821
23741
19743
19822
23742
19744
19823
23743
19745
19824
23744
19746
19825
23745
19747
19826
23746
19748
19827
23747
19749
19828
23748
19750
19829
23749
19751
19830
23750
19752
19831
23751
19753
19832
23752
19754
19833
23753
19755
19834
23754
19756
19835
23755
19757
19836
23756
19758
19837
23757
19759
19838
23758
19839
23759
19761
19840
23760
19762
19841
23761
19763
19842
23762
19764
19843
23763
19765
19844
23764
19766
19845
23765
19767
19846
23766
19768
19847
23767
19769
19848
23768
19770
19849
23769
19771
19850
23770
19772
19851
23771
19773
19852
23772
19774
19853
23773
19775
19854
23774
19776
19855
23775
19777
19856
23776
19778
19857
23777
19779
19858
23778
19780
19859
23779
19781
19860
23780
19782
19861
23781
19783
19862
23782
19784
19863
23783
19785
19864
23784
19786
19865
23785
19787
19866
23786
19788
19867
23787
19789
19868
23788
19790
19869
23789
19791
19870
23790
19792
19871
23791
19793
19872
23792
19794
19873
23793
19795
19874
23794
19796
19875
23795
19797
19876
23796
19798
19877
23797
19799
19878
23798
19800
19879
23799
19801
19880
23800
19802
19881
23801
19803
19882
23802
19804
19883
23803
19805
19884
23804
19806
19885
23805
19807
19886
23806
19808
19887
23807
19809
19888
23808
19810
19889
23809
19811
19890
23810
19812
19891
23811
19813
19892
23812
19814
19893
23813
19815
19894
23814
19816
19895
23815
19817
19896
23816
19818
19897
23817
19819
19898
23818
19820
19899
23819
19821
19900
23820
19822
19901
23821
19823
19902
23822
19824
19903
23823
19825
19904
23824
19826
19905
23825
19827
19906
23826
19828
19907
23827
19829
19908
23828
19830
19909
23829
19831
19910
23830
19832
19911
23831
19833
19912
23832
19834
19913
23833
19835
19914
23834
19836
19915
23835
19837
19916
23836
19838
19917
23837
19839
19918
23838
19919
23839
19841
19920
23840
19842
19921
23841
19843
19922
23842
19844
19923
23843
19845
19924
23844
19846
19925
23845
19847
19926
23846
19848
19927
23847
19849
19928
23848
19850
19929
23849
19851
19930
23850
19852
19931
23851
19853
19932
23852
19854
19933
23853
19855
19934
23854
19856
19935
23855
19857
19936
23856
19858
19937
23857
19859
19938
23858
19860
19939
23859
19861
19940
23860
19862
19941
23861
19863
19942
23862
19864
19943
23863
19865
19944
23864
19866
19945
23865
19867
19946
23866
19868
19947
23867
19869
19948
23868
19870
19949
23869
19871
19950
23870
19872
19951
23871
19873
19952
23872
19874
19953
23873
19875
19954
23874
19876
19955
23875
19877
19956
23876
19878
19957
23877
19879
19958
23878
19880
19959
23879
19881
19960
23880
19882
19961
23881
19883
19962
23882
19884
19963
23883
19885
19964
23884
19886
19965
23885
19887
19966
23886
19888
19967
23887
19889
19968
23888
19890
19969
23889
19891
19970
23890
19892
19971
23891
19893
19972
23892
19894
19973
23893
19895
19974
23894
19896
19975
23895
19897
19976
23896
19898
19977
23897
19899
19978
23898
19900
19979
23899
19901
19980
23900
19902
19981
23901
19903
19982
23902
19904
19983
23903
19905
19984
23904
19906
19985
23905
19907
19986
23906
19908
19987
23907
19909
19988
23908
19910
19989
23909
19911
19990
23910
19912
19991
23911
19913
19992
23912
19914
19993
23913
19915
19994
23914
19916
19995
23915
19917
19996
23916
19918
19997
23917
19919
19998
23918
19999
23919
19921
23920
19922
23921
19923
23922
19924
23923
19925
23924
19926
23925
19927
23926
19928
23927
19929
23928
19930
23929
19931
23930
19932
23931
19933
23932
19934
23933
19935
23934
19936
23935
19937
23936
19938
23937
19939
23938
19940
23939
19941
23940
19942
23941
19943
23942
19944
23943
19945
23944
19946
23945
19947
23946
19948
23947
19949
23948
19950
23949
19951
23950
19952
23951
19953
23952
19954
23953
19955
23954
19956
23955
19957
23956
19958
23957
19959
23958
19960
23959
19961
23960
19962
23961
19963
23962
19964
23963
19965
23964
19966
23965
19967
23966
19968
23967
19969
23968
19970
23969
19971
23970
19972
23971
19973
23972
19974
23973
19975
23974
19976
23975
19977
23976
19978
23977
19979
23978
19980
23979
19981
23980
19982
23981
19983
23982
19984
23983
19985
23984
19986
23985
19987
23986
19988
23987
19989
23988
19990
23989
19991
23990
19992
23991
19993
23992
19994
23993
19995
23994
19996
23995
19997
23996
19998
23997
19999
23998
23999
20001
20080
20002
20081
20003
20082
20004
20083
20005
20084
20006
20085
20007
20086
20008
20087
20009
20088
20010
20089
20011
20090
20012
20091
20013
20092
20014
20093
20015
20094
20016
20095
20017
20096
20018
20097
20019
20098
20020
20099
20021
20100
20022
20101
20023
20102
20024
20103
20025
20104
20026
20105
20027
20106
20028
20107
20029
20108
20030
20109
20031
20110
20032
20111
20033
20112
20034
20113
20035
20114
20036
20115
20037
20116
20038
20117
20039
20118
20040
20119
20041
20120
20042
20121
20043
20122
20044
20123
20045
20124
20046
20125
20047
20126
20048
20127
20049
20128
20050
20129
20051
20130
20052
20131
20053
20132
20054
20133
20055
20134
20056
20135
20057
20136
20058
20137
20059
20138
20060
20139
20061
20140
20062
20141
20063
20142
20064
20143
20065
20144
20066
20145
20067
20146
20068
20147
20069
20148
20070
20149
20071
20150
20072
20151
20073
20152
20074
20153
20075
20154
20076
20155
20077
20156
20078
20157
20079
20158
20159
20081
20160
20082
20161
20083
20162
20084
20163
20085
20164
20086
20165
20087
20166
20088
20167
20089
20168
20090
20169
20091
20170
20092
20171
20093
20172
20094
20173
20095
20174
20096
20175
20097
20176
20098
20177
20099
20178
20100
20179
20101
20180
20102
20181
20103
20182
20104
20183
20105
20184
20106
20185
20107
20186
20108
20187
20109
20188
20110
20189
20111
20190
20112
20191
20113
20192
20114
20193
20115
20194
20116
20195
20117
20196
20118
20197
20119
20198
20120
20199
20121
20200
20122
20201
20123
20202
20124
20203
20125
20204
20126
20205
20127
20206
20128
20207
20129
20208
20130
20209
20131
20210
20132
20211
20133
20212
20134
20213
20135
20214
20136
20215
20137
20216
20138
20217
20139
20218
20140
20219
20141
20220
20142
20221
20143
20222
20144
20223
20145
20224
20146
20225
20147
20226
20148
20227
20149
20228
20150
20229
20151
20230
20152
20231
20153
20232
20154
20233
20155
20234
20156
20235
20157
20236
20158
20237
20159
20238
20239
20161
20240
20162
20241
20163
20242
20164
20243
20165
20244
20166
20245
20167
20246
20168
20247
20169
20248
20170
20249
20171
20250
20172
20251
20173
20252
20174
20253
20175
20254
20176
20255
20177
20256
20178
20257
20179
20258
20180
20259
20181
20260
20182
20261
20183
20262
20184
20263
20185
20264
20186
20265
20187
20266
20188
20267
20189
20268
20190
20269
20191
20270
20192
20271
20193
20272
20194
20273
20195
20274
20196
20275
20197
20276
20198
20277
20199
20278
20200
20279
20201
20280
20202
20281
20203
20282
20204
20283
20205
20284
20206
20285
20207
20286
20208
20287
20209
20288
20210
20289
20211
20290
20212
20291
20213
20292
20214
20293
20215
20294
20216
20295
20217
20296
20218
20297
20219
20298
20220
20299
20221
20300
20222
20301
20223
20302
20224
20303
20225
20304
20226
20305
20227
20306
20228
20307
20229
20308
20230
20309
20231
20310
20232
20311
20233
20312
20234
20313
20235
20314
20236
20315
20237
20316
20238
20317
20239
20318
20319
20241
20320
20242
20321
20243
20322
20244
20323
20245
20324
20246
20325
20247
20326
20248
20327
20249
20328
20250
20329
20251
20330
20252
20331
20253
20332
20254
20333
20255
20334
20256
20335
20257
20336
20258
20337
20259
20338
20260
20339
20261
20340
20262
20341
20263
20342
20264
20343
20265
20344
20266
20345
20267
20346
20268
20347
20269
20348
20270
20349
20271
20350
20272
20351
20273
20352
20274
20353
20275
20354
20276
20355
20277
20356
20278
20357
20279
20358
20280
20359
20281
20360
20282
20361
20283
20362
20284
20363
20285
20364
20286
20365
20287
20366
20288
20367
20289
20368
20290
20369
20291
20370
20292
20371
20293
20372
20294
20373
20295
20374
20296
20375
20297
20376
20298
20377
20299
20378
20300
20379
20301
20380
20302
20381
20303
20382
20304
20383
20305
20384
20306
20385
20307
20386
20308
20387
20309
20388
20310
20389
20311
20390
20312
20391
20313
20392
20314
20393
20315
20394
20316
20395
20317
20396
20318
20397
20319
20398
20399
20321
20400
20322
20401
20323
20402
20324
20403
20325
20404
20326
20405
20327
20406
20328
20407
20329
20408
20330
20409
20331
20410
20332
20411
20333
20412
20334
20413
20335
20414
20336
20415
20337
20416
20338
20417
20339
20418
20340
20419
20341
20420
20342
20421
20343
20422
20344
20423
20345
20424
20346
20425
20347
20426
20348
20427
20349
20428
20350
20429
20351
20430
20352
20431
20353
20432
20354
20433
20355
20434
20356
20435
20357
20436
20358
20437
20359
20438
20360
20439
20361
20440
20362
20441
20363
20442
20364
20443
20365
20444
20366
20445
20367
20446
20368
20447
20369
20448
20370
20449
20371
20450
20372
20451
20373
20452
20374
20453
20375
20454
20376
20455
20377
20456
20378
20457
20379
20458
20380
20459
20381
20460
20382
20461
20383
20462
20384
20463
20385
20464
20386
20465
20387
20466
20388
20467
20389
20468
20390
20469
20391
20470
20392
20471
20393
20472
20394
20473
20395
20474
20396
20475
20397
20476
20398
20477
20399
20478
20479
20401
20480
20402
20481
20403
20482
20404
20483
20405
20484
20406
20485
20407
20486
20408
20487
20409
20488
20410
20489
20411
20490
20412
20491
20413
20492
20414
20493
20415
20494
20416
20495
20417
20496
20418
20497
20419
20498
20420
20499
20421
20500
20422
20501
20423
20502
20424
20503
20425
20504
20426
20505
20427
20506
20428
20507
20429
20508
20430
20509
20431
20510
20432
20511
20433
20512
20434
20513
20435
20514
20436
20515
20437
20516
20438
20517
20439
20518
20440
20519
20441
20520
20442
20521
20443
20522
20444
20523
20445
20524
20446
20525
20447
20526
20448
20527
20449
20528
20450
20529
20451
20530
20452
20531
20453
20532
20454
20533
20455
20534
20456
20535
20457
20536
20458
20537
20459
20538
20460
20539
20461
20540
20462
20541
20463
20542
20464
20543
20465
20544
20466
20545
20467
20546
20468
20547
20469
20548
20470
20549
20471
20550
20472
20551
20473
20552
20474
20553
20475
20554
20476
20555
20477
20556
20478
20557
20479
20558
20559
20481
20560
20482
20561
20483
20562
20484
20563
20485
20564
20486
20565
20487
20566
20488
20567
20489
20568
20490
20569
20491
20570
20492
20571
20493
20572
20494
20573
20495
20574
20496
20575
20497
20576
20498
20577
20499
20578
20500
20579
20501
20580
20502
20581
20503
20582
20504
20583
20505
20584
20506
20585
20507
20586
20508
20587
20509
20588
20510
20589
20511
20590
20512
20591
20513
20592
20514
20593
20515
20594
20516
20595
20517
20596
20518
20597
20519
20598
20520
20599
20521
20600
20522
20601
20523
20602
20524
20603
20525
20604
20526
20605
20527
20606
20528
20607
20529
20608
20530
20609
20531
20610
20532
20611
20533
20612
20534
20613
20535
20614
20536
20615
20537
20616
20538
20617
20539
20618
20540
20619
20541
20620
20542
20621
20543
20622
20544
20623
20545
20624
20546
20625
20547
20626
20548
20627
20549
20628
20550
20629
20551
20630
20552
20631
20553
20632
20554
20633
20555
20634
20556
20635
20557
20636
20558
20637
20559
20638
20639
20561
20640
20562
20641
20563
20642
20564
20643
20565
20644
20566
20645
20567
20646
20568
20647
20569
20648
20570
20649
20571
20650
20572
20651
20573
20652
20574
20653
20575
20654
20576
20655
20577
20656
20578
20657
20579
20658
20580
20659
20581
20660
20582
20661
20583
20662
20584
20663
20585
20664
20586
20665
20587
20666
20588
20667
20589
20668
20590
20669
20591
20670
20592
20671
20593
20672
20594
20673
20595
20674
20596
20675
20597
20676
20598
20677
20599
20678
20600
20679
20601
20680
20602
20681
20603
20682
20604
20683
20605
20684
20606
20685
20607
20686
20608
20687
20609
20688
20610
20689
20611
20690
20612
20691
20613
20692
20614
20693
20615
20694
20616
20695
20617
20696
20618
20697
20619
20698
20620
20699
20621
20700
20622
20701
20623
20702
20624
20703
20625
20704
20626
20705
20627
20706
20628
20707
20629
20708
20630
20709
20631
20710
20632
20711
20633
20712
20634
20713
20635
20714
20636
20715
20637
20716
20638
20717
20639
20718
20719
20641
20720
20642
20721
20643
20722
20644
20723
20645
20724
20646
20725
20647
20726
20648
20727
20649
20728
20650
20729
20651
20730
20652
20731
20653
20732
20654
20733
20655
20734
20656
20735
20657
20736
20658
20737
20659
20738
20660
20739
20661
20740
20662
20741
20663
20742
20664
20743
20665
20744
20666
20745
20667
20746
20668
20747
20669
20748
20670
20749
20671
20750
20672
20751
20673
20752
20674
20753
20675
20754
20676
20755
20677
20756
20678
20757
20679
20758
20680
20759
20681
20760
20682
20761
20683
20762
20684
20763
20685
20764
20686
20765
20687
20766
20688
20767
20689
20768
20690
20769
20691
20770
20692
20771
20693
20772
20694
20773
20695
20774
20696
20775
20697
20776
20698
20777
20699
20778
20700
20779
20701
20780
20702
20781
20703
20782
20704
20783
20705
20784
20706
20785
20707
20786
20708
20787
20709
20788
20710
20789
20711
20790
20712
20791
20713
20792
20714
20793
20715
20794
20716
20795
20717
20796
20718
20797
20719
20798
20799
20721
20800
20722
20801
20723
20802
20724
20803
20725
20804
20726
20805
20727
20806
20728
20807
20729
20808
20730
20809
20731
20810
20732
20811
20733
20812
20734
20813
20735
20814
20736
20815
20737
20816
20738
20817
20739
20818
20740
20819
20741
20820
20742
20821
20743
20822
20744
20823
20745
20824
20746
20825
20747
20826
20748
20827
20749
20828
20750
20829
20751
20830
20752
20831
20753
20832
20754
20833
20755
20834
20756
20835
20757
20836
20758
20837
20759
20838
20760
20839
20761
20840
20762
20841
20763
20842
20764
20843
20765
20844
20766
20845
20767
20846
20768
20847
20769
20848
20770
20849
20771
20850
20772
20851
20773
20852
20774
20853
20775
20854
20776
20855
20777
20856
20778
20857
20779
20858
20780
20859
20781
20860
20782
20861
20783
20862
20784
20863
20785
20864
20786
20865
20787
20866
20788
20867
20789
20868
20790
20869
20791
20870
20792
20871
20793
20872
20794
20873
20795
20874
20796
20875
20797
20876
20798
20877
20799
20878
20879
20801
20880
20802
20881
20803
20882
20804
20883
20805
20884
20806
20885
20807
20886
20808
20887
20809
20888
20810
20889
20811
20890
20812
20891
20813
20892
20814
20893
20815
20894
20816
20895
20817
20896
20818
20897
20819
20898
20820
20899
20821
20900
20822
20901
20823
20902
20824
20903
20825
20904
20826
20905
20827
20906
20828
20907
20829
20908
20830
20909
20831
20910
20832
20911
20833
20912
20834
20913
20835
20914
20836
20915
20837
20916
20838
20917
20839
20918
20840
20919
20841
20920
20842
20921
20843
20922
20844
20923
20845
20924
20846
20925
20847
20926
20848
20927
20849
20928
20850
20929
20851
20930
20852
20931
20853
20932
20854
20933
20855
20934
20856
20935
20857
20936
20858
20937
20859
20938
20860
20939
20861
20940
20862
20941
20863
20942
20864
20943
20865
20944
20866
20945
20867
20946
20868
20947
20869
20948
20870
20949
20871
20950
20872
20951
20873
20952
20874
20953
20875
20954
20876
20955
20877
20956
20878
20957
20879
20958
20959
20881
20960
20882
20961
20883
20962
20884
20963
20885
20964
20886
20965
20887
20966
20888
20967
20889
20968
20890
20969
20891
20970
20892
20971
20893
20972
20894
20973
20895
20974
20896
20975
20897
20976
20898
20977
20899
20978
20900
20979
20901
20980
20902
20981
20903
20982
20904
20983
20905
20984
20906
20985
20907
20986
20908
20987
20909
20988
20910
20989
20911
20990
20912
20991
20913
20992
20914
20993
20915
20994
20916
20995
20917
20996
20918
20997
20919
20998
20920
20999
20921
21000
20922
21001
20923
21002
20924
21003
20925
21004
20926
21005
20927
21006
20928
21007
20929
21008
20930
21009
20931
21010
20932
21011
20933
21012
20934
21013
20935
21014
20936
21015
20937
21016
20938
21017
20939
21018
20940
21019
20941
21020
20942
21021
20943
21022
20944
21023
20945
21024
20946
21025
20947
21026
20948
21027
20949
21028
20950
21029
20951
21030
20952
21031
20953
21032
20954
21033
20955
21034
20956
21035
20957
21036
20958
21037
20959
21038
21039
20961
21040
20962
21041
20963
21042
20964
21043
20965
21044
20966
21045
20967
21046
20968
21047
20969
21048
20970
21049
20971
21050
20972
21051
20973
21052
20974
21053
20975
21054
20976
21055
20977
21056
20978
21057
20979
21058
20980
21059
20981
21060
20982
21061
20983
21062
20984
21063
20985
21064
20986
21065
20987
21066
20988
21067
20989
21068
20990
21069
20991
21070
20992
21071
20993
21072
20994
21073
20995
21074
20996
21075
20997
21076
20998
21077
20999
21078
21000
21079
21001
21080
21002
21081
21003
21082
21004
21083
21005
21084
21006
21085
21007
21086
21008
21087
21009
21088
21010
21089
21011
21090
21012
21091
21013
21092
21014
21093
21015
21094
21016
21095
21017
21096
21018
21097
21019
21098
21020
21099
21021
21100
21022
21101
21023
21102
21024
21103
21025
21104
21026
21105
21027
21106
21028
21107
21029
21108
21030
21109
21031
21110
21032
21111
21033
21112
21034
21113
21035
21114
21036
21115
21037
21116
21038
21117
21039
21118
21119
21041
21120
21042
21121
21043
21122
21044
21123
21045
21124
21046
21125
21047
21126
21048
21127
21049
21128
21050
21129
21051
21130
21052
21131
21053
21132
21054
21133
21055
21134
21056
21135
21057
21136
21058
21137
21059
21138
21060
21139
21061
21140
21062
21141
21063
21142
21064
21143
21065
21144
21066
21145
21067
21146
21068
21147
21069
21148
21070
21149
21071
21150
21072
21151
21073
21152
21074
21153
21075
21154
21076
21155
21077
21156
21078
21157
21079
21158
21080
21159
21081
21160
21082
21161
21083
21162
21084
21163
21085
21164
21086
21165
21087
21166
21088
21167
21089
21168
21090
21169
21091
21170
21092
21171
21093
21172
21094
21173
21095
21174
21096
21175
21097
21176
21098
21177
21099
21178
21100
21179
21101
21180
21102
21181
21103
21182
21104
21183
21105
21184
21106
21185
21107
21186
21108
21187
21109
21188
21110
21189
21111
21190
21112
21191
21113
21192
21114
21193
21115
21194
21116
21195
21117
21196
21118
21197
21119
21198
21199
21121
21200
21122
21201
21123
21202
21124
21203
21125
21204
21126
21205
21127
21206
21128
21207
21129
21208
21130
21209
21131
21210
21132
21211
21133
21212
21134
21213
21135
21214
21136
21215
21137
21216
21138
21217
21139
21218
21140
21219
21141
21220
21142
21221
21143
21222
21144
21223
21145
21224
21146
21225
21147
21226
21148
21227
21149
21228
21150
21229
21151
21230
21152
21231
21153
21232
21154
21233
21155
21234
21156
21235
21157
21236
21158
21237
21159
21238
21160
21239
21161
21240
21162
21241
21163
21242
21164
21243
21165
21244
21166
21245
21167
21246
21168
21247
21169
21248
21170
21249
21171
21250
21172
21251
21173
21252
21174
21253
21175
21254
21176
21255
21177
21256
21178
21257
21179
21258
21180
21259
21181
21260
21182
21261
21183
21262
21184
21263
21185
21264
21186
21265
21187
21266
21188
21267
21189
21268
21190
21269
21191
21270
21192
21271
21193
21272
21194
21273
21195
21274
21196
21275
21197
21276
21198
21277
21199
21278
21279
21201
21280
21202
21281
21203
21282
21204
21283
21205
21284
21206
21285
21207
21286
21208
21287
21209
21288
21210
21289
21211
21290
21212
21291
21213
21292
21214
21293
21215
21294
21216
21295
21217
21296
21218
21297
21219
21298
21220
21299
21221
21300
21222
21301
21223
21302
21224
21303
21225
21304
21226
21305
21227
21306
21228
21307
21229
21308
21230
21309
21231
21310
21232
21311
21233
21312
21234
21313
21235
21314
21236
21315
21237
21316
21238
21317
21239
21318
21240
21319
21241
21320
21242
21321
21243
21322
21244
21323
21245
21324
21246
21325
21247
21326
21248
21327
21249
21328
21250
21329
21251
21330
21252
21331
21253
21332
21254
21333
21255
21334
21256
21335
21257
21336
21258
21337
21259
21338
21260
21339
21261
21340
21262
21341
21263
21342
21264
21343
21265
21344
21266
21345
21267
21346
21268
21347
21269
21348
21270
21349
21271
21350
21272
21351
21273
21352
21274
21353
21275
21354
21276
21355
21277
21356
21278
21357
21279
21358
21359
21281
21360
21282
21361
21283
21362
21284
21363
21285
21364
21286
21365
21287
21366
21288
21367
21289
21368
21290
21369
21291
21370
21292
21371
21293
21372
21294
21373
21295
21374
21296
21375
21297
21376
21298
21377
21299
21378
21300
21379
21301
21380
21302
21381
21303
21382
21304
21383
21305
21384
21306
21385
21307
21386
21308
21387
21309
21388
21310
21389
21311
21390
21312
21391
21313
21392
21314
21393
21315
21394
21316
21395
21317
21396
21318
21397
21319
21398
21320
21399
21321
21400
21322
21401
21323
21402
21324
21403
21325
21404
21326
21405
21327
21406
21328
21407
21329
21408
21330
21409
21331
21410
21332
21411
21333
21412
21334
21413
21335
21414
21336
21415
21337
21416
21338
21417
21339
21418
21340
21419
21341
21420
21342
21421
21343
21422
21344
21423
21345
21424
21346
21425
21347
21426
21348
21427
21349
21428
21350
21429
21351
21430
21352
21431
21353
21432
21354
21433
21355
21434
21356
21435
21357
21436
21358
21437
21359
21438
21439
21361
21440
21362
21441
21363
21442
21364
21443
21365
21444
21366
21445
21367
21446
21368
21447
21369
21448
21370
21449
21371
21450
21372
21451
21373
21452
21374
21453
21375
21454
21376
21455
21377
21456
21378
21457
21379
21458
21380
21459
21381
21460
21382
21461
21383
21462
21384
21463
21385
21464
21386
21465
21387
21466
21388
21467
21389
21468
21390
21469
21391
21470
21392
21471
21393
21472
21394
21473
21395
21474
21396
21475
21397
21476
21398
21477
21399
21478
21400
21479
21401
21480
21402
21481
21403
21482
21404
21483
21405
21484
21406
21485
21407
21486
21408
21487
21409
21488
21410
21489
21411
21490
21412
21491
21413
21492
21414
21493
21415
21494
21416
21495
21417
21496
21418
21497
21419
21498
21420
21499
21421
21500
21422
21501
21423
21502
21424
21503
21425
21504
21426
21505
21427
21506
21428
21507
21429
21508
21430
21509
21431
21510
21432
21511
21433
21512
21434
21513
21435
21514
21436
21515
21437
21516
21438
21517
21439
21518
21519
21441
21520
21442
21521
21443
21522
21444
21523
21445
21524
21446
21525
21447
21526
21448
21527
21449
21528
21450
21529
21451
21530
21452
21531
21453
21532
21454
21533
21455
21534
21456
21535
21457
21536
21458
21537
21459
21538
21460
21539
21461
21540
21462
21541
21463
21542
21464
21543
21465
21544
21466
21545
21467
21546
21468
21547
21469
21548
21470
21549
21471
21550
21472
21551
21473
21552
21474
21553
21475
21554
21476
21555
21477
21556
21478
21557
21479
21558
21480
21559
21481
21560
21482
21561
21483
21562
21484
21563
21485
21564
21486
21565
21487
21566
21488
21567
21489
21568
21490
21569
21491
21570
21492
21571
21493
21572
21494
21573
21495
21574
21496
21575
21497
21576
21498
21577
21499
21578
21500
21579
21501
21580
21502
21581
21503
21582
21504
21583
21505
21584
21506
21585
21507
21586
21508
21587
21509
21588
21510
21589
21511
21590
21512
21591
21513
21592
21514
21593
21515
21594
21516
21595
21517
21596
21518
21597
21519
21598
21599
21521
21600
21522
21601
21523
21602
21524
21603
21525
21604
21526
21605
21527
21606
21528
21607
21529
21608
21530
21609
21531
21610
21532
21611
21533
21612
21534
21613
21535
21614
21536
21615
21537
21616
21538
21617
21539
21618
21540
21619
21541
21620
21542
21621
21543
21622
21544
21623
21545
21624
21546
21625
21547
21626
21548
21627
21549
21628
21550
21629
21551
21630
21552
21631
21553
21632
21554
21633
21555
21634
21556
21635
21557
21636
21558
21637
21559
21638
21560
21639
21561
21640
21562
21641
21563
21642
21564
21643
21565
21644
21566
21645
21567
21646
21568
21647
21569
21648
21570
21649
21571
21650
21572
21651
21573
21652
21574
21653
21575
21654
21576
21655
21577
21656
21578
21657
21579
21658
21580
21659
21581
21660
21582
21661
21583
21662
21584
21663
21585
21664
21586
21665
21587
21666
21588
21667
21589
21668
21590
21669
21591
21670
21592
21671
21593
21672
21594
21673
21595
21674
21596
21675
21597
21676
21598
21677
21599
21678
21679
21601
21680
21602
21681
21603
21682
21604
21683
21605
21684
21606
21685
21607
21686
21608
21687
21609
21688
21610
21689
21611
21690
21612
21691
21613
21692
21614
21693
21615
21694
21616
21695
21617
21696
21618
21697
21619
21698
21620
21699
21621
21700
21622
21701
21623
21702
21624
21703
21625
21704
21626
21705
21627
21706
21628
21707
21629
21708
21630
21709
21631
21710
21632
21711
21633
21712
21634
21713
21635
21714
21636
21715
21637
21716
21638
21717
21639
21718
21640
21719
21641
21720
21642
21721
21643
21722
21644
21723
21645
21724
21646
21725
21647
21726
21648
21727
21649
21728
21650
21729
21651
21730
21652
21731
21653
21732
21654
21733
21655
21734
21656
21735
21657
21736
21658
21737
21659
21738
21660
21739
21661
21740
21662
21741
21663
21742
21664
21743
21665
21744
21666
21745
21667
21746
21668
21747
21669
21748
21670
21749
21671
21750
21672
21751
21673
21752
21674
21753
21675
21754
21676
21755
21677
21756
21678
21757
21679
21758
21759
21681
21760
21682
21761
21683
21762
21684
21763
21685
21764
21686
21765
21687
21766
21688
21767
21689
21768
21690
21769
21691
21770
21692
21771
21693
21772
21694
21773
21695
21774
21696
21775
21697
21776
21698
21777
21699
21778
21700
21779
21701
21780
21702
21781
21703
21782
21704
21783
21705
21784
21706
21785
21707
21786
21708
21787
21709
21788
21710
21789
21711
21790
21712
21791
21713
21792
21714
21793
21715
21794
21716
21795
21717
21796
21718
21797
21719
21798
21720
21799
21721
21800
21722
21801
21723
21802
21724
21803
21725
21804
21726
21805
21727
21806
21728
21807
21729
21808
21730
21809
21731
21810
21732
21811
21733
21812
21734
21813
21735
21814
21736
21815
21737
21816
21738
21817
21739
21818
21740
21819
21741
21820
21742
21821
21743
21822
21744
21823
21745
21824
21746
21825
21747
21826
21748
21827
21749
21828
21750
21829
21751
21830
21752
21831
21753
21832
21754
21833
21755
21834
21756
21835
21757
21836
21758
21837
21759
21838
21839
21761
21840
21762
21841
21763
21842
21764
21843
21765
21844
21766
21845
21767
21846
21768
21847
21769
21848
21770
21849
21771
21850
21772
21851
21773
21852
21774
21853
21775
21854
21776
21855
21777
21856
21778
21857
21779
21858
21780
21859
21781
21860
21782
21861
21783
21862
21784
21863
21785
21864
21786
21865
21787
21866
21788
21867
21789
21868
21790
21869
21791
21870
21792
21871
21793
21872
21794
21873
21795
21874
21796
21875
21797
21876
21798
21877
21799
21878
21800
21879
21801
21880
21802
21881
21803
21882
21804
21883
21805
21884
21806
21885
21807
21886
21808
21887
21809
21888
21810
21889
21811
21890
21812
21891
21813
21892
21814
21893
21815
21894
21816
21895
21817
21896
21818
21897
21819
21898
21820
21899
21821
21900
21822
21901
21823
21902
21824
21903
21825
21904
21826
21905
21827
21906
21828
21907
21829
21908
21830
21909
21831
21910
21832
21911
21833
21912
21834
21913
21835
21914
21836
21915
21837
21916
21838
21917
21839
21918
21919
21841
21920
21842
21921
21843
21922
21844
21923
21845
21924
21846
21925
21847
21926
21848
21927
21849
21928
21850
21929
21851
21930
21852
21931
21853
21932
21854
21933
21855
21934
21856
21935
21857
21936
21858
21937
21859
21938
21860
21939
21861
21940
21862
21941
21863
21942
21864
21943
21865
21944
21866
21945
21867
21946
21868
21947
21869
21948
21870
21949
21871
21950
21872
21951
21873
21952
21874
21953
21875
21954
21876
21955
21877
21956
21878
21957
21879
21958
21880
21959
21881
21960
21882
21961
21883
21962
21884
21963
21885
21964
21886
21965
21887
21966
21888
21967
21889
21968
21890
21969
21891
21970
21892
21971
21893
21972
21894
21973
21895
21974
21896
21975
21897
21976
21898
21977
21899
21978
21900
21979
21901
21980
21902
21981
21903
21982
21904
21983
21905
21984
21906
21985
21907
21986
21908
21987
21909
21988
21910
21989
21911
21990
21912
21991
21913
21992
21914
21993
21915
21994
21916
21995
21917
21996
21918
21997
21919
21998
21999
21921
22000
21922
22001
21923
22002
21924
22003
21925
22004
21926
22005
21927
22006
21928
22007
21929
22008
21930
22009
21931
22010
21932
22011
21933
22012
21934
22013
21935
22014
21936
22015
21937
22016
21938
22017
21939
22018
21940
22019
21941
22020
21942
22021
21943
22022
21944
22023
21945
22024
21946
22025
21947
22026
21948
22027
21949
22028
21950
22029
21951
22030
21952
22031
21953
22032
21954
22033
21955
22034
21956
22035
21957
22036
21958
22037
21959
22038
21960
22039
21961
22040
21962
22041
21963
22042
21964
22043
21965
22044
21966
22045
21967
22046
21968
22047
21969
22048
21970
22049
21971
22050
21972
22051
21973
22052
21974
22053
21975
22054
21976
22055
21977
22056
21978
22057
21979
22058
21980
22059
21981
22060
21982
22061
21983
22062
21984
22063
21985
22064
21986
22065
21987
22066
21988
22067
21989
22068
21990
22069
21991
22070
21992
22071
21993
22072
21994
22073
21995
22074
21996
22075
21997
22076
21998
22077
21999
22078
22079
22001
22080
22002
22081
22003
22082
22004
22083
22005
22084
22006
22085
22007
22086
22008
22087
22009
22088
22010
22089
22011
22090
22012
22091
22013
22092
22014
22093
22015
22094
22016
22095
22017
22096
22018
22097
22019
22098
22020
22099
22021
22100
22022
22101
22023
22102
22024
22103
22025
22104
22026
22105
22027
22106
22028
22107
22029
22108
22030
22109
22031
22110
22032
22111
22033
22112
22034
22113
22035
22114
22036
22115
22037
22116
22038
22117
22039
22118
22040
22119
22041
22120
22042
22121
22043
22122
22044
22123
22045
22124
22046
22125
22047
22126
22048
22127
22049
22128
22050
22129
22051
22130
22052
22131
22053
22132
22054
22133
22055
22134
22056
22135
22057
22136
22058
22137
22059
22138
22060
22139
22061
22140
22062
22141
22063
22142
22064
22143
22065
22144
22066
22145
22067
22146
22068
22147
22069
22148
22070
22149
22071
22150
22072
22151
22073
22152
22074
22153
22075
22154
22076
22155
22077
22156
22078
22157
22079
22158
22159
22081
22160
22082
22161
22083
22162
22084
22163
22085
22164
22086
22165
22087
22166
22088
22167
22089
22168
22090
22169
22091
22170
22092
22171
22093
22172
22094
22173
22095
22174
22096
22175
22097
22176
22098
22177
22099
22178
22100
22179
22101
22180
22102
22181
22103
22182
22104
22183
22105
22184
22106
22185
22107
22186
22108
22187
22109
22188
22110
22189
22111
22190
22112
22191
22113
22192
22114
22193
22115
22194
22116
22195
22117
22196
22118
22197
22119
22198
22120
22199
22121
22200
22122
22201
22123
22202
22124
22203
22125
22204
22126
22205
22127
22206
22128
22207
22129
22208
22130
22209
22131
22210
22132
22211
22133
22212
22134
22213
22135
22214
22136
22215
22137
22216
22138
22217
22139
22218
22140
22219
22141
22220
22142
22221
22143
22222
22144
22223
22145
22224
22146
22225
22147
22226
22148
22227
22149
22228
22150
22229
22151
22230
22152
22231
22153
22232
22154
22233
22155
22234
22156
22235
22157
22236
22158
22237
22159
22238
22239
22161
22240
22162
22241
22163
22242
22164
22243
22165
22244
22166
22245
22167
22246
22168
22247
22169
22248
22170
22249
22171
22250
22172
22251
22173
22252
22174
22253
22175
22254
22176
22255
22177
22256
22178
22257
22179
22258
22180
22259
22181
22260
22182
22261
22183
22262
22184
22263
22185
22264
22186
22265
22187
22266
22188
22267
22189
22268
22190
22269
22191
22270
22192
22271
22193
22272
22194
22273
22195
22274
22196
22275
22197
22276
22198
22277
22199
22278
22200
22279
22201
22280
22202
22281
22203
22282
22204
22283
22205
22284
22206
22285
22207
22286
22208
22287
22209
22288
22210
22289
22211
22290
22212
22291
22213
22292
22214
22293
22215
22294
22216
22295
22217
22296
22218
22297
22219
22298
22220
22299
22221
22300
22222
22301
22223
22302
22224
22303
22225
22304
22226
22305
22227
22306
22228
22307
22229
22308
22230
22309
22231
22310
22232
22311
22233
22312
22234
22313
22235
22314
22236
22315
22237
22316
22238
22317
22239
22318
22319
22241
22320
22242
22321
22243
22322
22244
22323
22245
22324
22246
22325
22247
22326
22248
22327
22249
22328
22250
22329
22251
22330
22252
22331
22253
22332
22254
22333
22255
22334
22256
22335
22257
22336
22258
22337
22259
22338
22260
22339
22261
22340
22262
22341
22263
22342
22264
22343
22265
22344
22266
22345
22267
22346
22268
22347
22269
22348
22270
22349
22271
22350
22272
22351
22273
22352
22274
22353
22275
22354
22276
22355
22277
22356
22278
22357
22279
22358
22280
22359
22281
22360
22282
22361
22283
22362
22284
22363
22285
22364
22286
22365
22287
22366
22288
22367
22289
22368
22290
22369
22291
22370
22292
22371
22293
22372
22294
22373
22295
22374
22296
22375
22297
22376
22298
22377
22299
22378
22300
22379
22301
22380
22302
22381
22303
22382
22304
22383
22305
22384
22306
22385
22307
22386
22308
22387
22309
22388
22310
22389
22311
22390
22312
22391
22313
22392
22314
22393
22315
22394
22316
22395
22317
22396
22318
22397
22319
22398
22399
22321
22400
22322
22401
22323
22402
22324
22403
22325
22404
22326
22405
22327
22406
22328
22407
22329
22408
22330
22409
22331
22410
22332
22411
22333
22412
22334
22413
22335
22414
22336
22415
22337
22416
22338
22417
22339
22418
22340
22419
22341
22420
22342
22421
22343
22422
22344
22423
22345
22424
22346
22425
22347
22426
22348
22427
22349
22428
22350
22429
22351
22430
22352
22431
22353
22432
22354
22433
22355
22434
22356
22435
22357
22436
22358
22437
22359
22438
22360
22439
22361
22440
22362
22441
22363
22442
22364
22443
22365
22444
22366
22445
22367
22446
22368
22447
22369
22448
22370
22449
22371
22450
22372
22451
22373
22452
22374
22453
22375
22454
22376
22455
22377
22456
22378
22457
22379
22458
22380
22459
22381
22460
22382
22461
22383
22462
22384
22463
22385
22464
22386
22465
22387
22466
22388
22467
22389
22468
22390
22469
22391
22470
22392
22471
22393
22472
22394
22473
22395
22474
22396
22475
22397
22476
22398
22477
22399
22478
22479
22401
22480
22402
22481
22403
22482
22404
22483
22405
22484
22406
22485
22407
22486
22408
22487
22409
22488
22410
22489
22411
22490
22412
22491
22413
22492
22414
22493
22415
22494
22416
22495
22417
22496
22418
22497
22419
22498
22420
22499
22421
22500
22422
22501
22423
22502
22424
22503
22425
22504
22426
22505
22427
22506
22428
22507
22429
22508
22430
22509
22431
22510
22432
22511
22433
22512
22434
22513
22435
22514
22436
22515
22437
22516
22438
22517
22439
22518
22440
22519
22441
22520
22442
22521
22443
22522
22444
22523
22445
22524
22446
22525
22447
22526
22448
22527
22449
22528
22450
22529
22451
22530
22452
22531
22453
22532
22454
22533
22455
22534
22456
22535
22457
22536
22458
22537
22459
22538
22460
22539
22461
22540
22462
22541
22463
22542
22464
22543
22465
22544
22466
22545
22467
22546
22468
22547
22469
22548
22470
22549
22471
22550
22472
22551
22473
22552
22474
22553
22475
22554
22476
22555
22477
22556
22478
22557
22479
22558
22559
22481
22560
22482
22561
22483
22562
22484
22563
22485
22564
22486
22565
22487
22566
22488
22567
22489
22568
22490
22569
22491
22570
22492
22571
22493
22572
22494
22573
22495
22574
22496
22575
22497
22576
22498
22577
22499
22578
22500
22579
22501
22580
22502
22581
22503
22582
22504
22583
22505
22584
22506
22585
22507
22586
22508
22587
22509
22588
22510
22589
22511
22590
22512
22591
22513
22592
22514
22593
22515
22594
22516
22595
22517
22596
22518
22597
22519
22598
22520
22599
22521
22600
22522
22601
22523
22602
22524
22603
22525
22604
22526
22605
22527
22606
22528
22607
22529
22608
22530
22609
22531
22610
22532
22611
22533
22612
22534
22613
22535
22614
22536
22615
22537
22616
22538
22617
22539
22618
22540
22619
22541
22620
22542
22621
22543
22622
22544
22623
22545
22624
22546
22625
22547
22626
22548
22627
22549
22628
22550
22629
22551
22630
22552
22631
22553
22632
22554
22633
22555
22634
22556
22635
22557
22636
22558
22637
22559
22638
22639
22561
22640
22562
22641
22563
22642
22564
22643
22565
22644
22566
22645
22567
22646
22568
22647
22569
22648
22570
22649
22571
22650
22572
22651
22573
22652
22574
22653
22575
22654
22576
22655
22577
22656
22578
22657
22579
22658
22580
22659
22581
22660
22582
22661
22583
22662
22584
22663
22585
22664
22586
22665
22587
22666
22588
22667
22589
22668
22590
22669
22591
22670
22592
22671
22593
22672
22594
22673
22595
22674
22596
22675
22597
22676
22598
22677
22599
22678
22600
22679
22601
22680
22602
22681
22603
22682
22604
22683
22605
22684
22606
22685
22607
22686
22608
22687
22609
22688
22610
22689
22611
22690
22612
22691
22613
22692
22614
22693
22615
22694
22616
22695
22617
22696
22618
22697
22619
22698
22620
22699
22621
22700
22622
22701
22623
22702
22624
22703
22625
22704
22626
22705
22627
22706
22628
22707
22629
22708
22630
22709
22631
22710
22632
22711
22633
22712
22634
22713
22635
22714
22636
22715
22637
22716
22638
22717
22639
22718
22719
22641
22720
22642
22721
22643
22722
22644
22723
22645
22724
22646
22725
22647
22726
22648
22727
22649
22728
22650
22729
22651
22730
22652
22731
22653
22732
22654
22733
22655
22734
22656
22735
22657
22736
22658
22737
22659
22738
22660
22739
22661
22740
22662
22741
22663
22742
22664
22743
22665
22744
22666
22745
22667
22746
22668
22747
22669
22748
22670
22749
22671
22750
22672
22751
22673
22752
22674
22753
22675
22754
22676
22755
22677
22756
22678
22757
22679
22758
22680
22759
22681
22760
22682
22761
22683
22762
22684
22763
22685
22764
22686
22765
22687
22766
22688
22767
22689
22768
22690
22769
22691
22770
22692
22771
22693
22772
22694
22773
22695
22774
22696
22775
22697
22776
22698
22777
22699
22778
22700
22779
22701
22780
22702
22781
22703
22782
22704
22783
22705
22784
22706
22785
22707
22786
22708
22787
22709
22788
22710
22789
22711
22790
22712
22791
22713
22792
22714
22793
22715
22794
22716
22795
22717
22796
22718
22797
22719
22798
22799
22721
22800
22722
22801
22723
22802
22724
22803
22725
22804
22726
22805
22727
22806
22728
22807
22729
22808
22730
22809
22731
22810
22732
22811
22733
22812
22734
22813
22735
22814
22736
22815
22737
22816
22738
22817
22739
22818
22740
22819
22741
22820
22742
22821
22743
22822
22744
22823
22745
22824
22746
22825
22747
22826
22748
22827
22749
22828
22750
22829
22751
22830
22752
22831
22753
22832
22754
22833
22755
22834
22756
22835
22757
22836
22758
22837
22759
22838
22760
22839
22761
22840
22762
22841
22763
22842
22764
22843
22765
22844
22766
22845
22767
22846
22768
22847
22769
22848
22770
22849
22771
22850
22772
22851
22773
22852
22774
22853
22775
22854
22776
22855
22777
22856
22778
22857
22779
22858
22780
22859
22781
22860
22782
22861
22783
22862
22784
22863
22785
22864
22786
22865
22787
22866
22788
22867
22789
22868
22790
22869
22791
22870
22792
22871
22793
22872
22794
22873
22795
22874
22796
22875
22797
22876
22798
22877
22799
22878
22879
22801
22880
22802
22881
22803
22882
22804
22883
22805
22884
22806
22885
22807
22886
22808
22887
22809
22888
22810
22889
22811
22890
22812
22891
22813
22892
22814
22893
22815
22894
22816
22895
22817
22896
22818
22897
22819
22898
22820
22899
22821
22900
22822
22901
22823
22902
22824
22903
22825
22904
22826
22905
22827
22906
22828
22907
22829
22908
22830
22909
22831
22910
22832
22911
22833
22912
22834
22913
22835
22914
22836
22915
22837
22916
22838
22917
22839
22918
22840
22919
22841
22920
22842
22921
22843
22922
22844
22923
22845
22924
22846
22925
22847
22926
22848
22927
22849
22928
22850
22929
22851
22930
22852
22931
22853
22932
22854
22933
22855
22934
22856
22935
22857
22936
22858
22937
22859
22938
22860
22939
22861
22940
22862
22941
22863
22942
22864
22943
22865
22944
22866
22945
22867
22946
22868
22947
22869
22948
22870
22949
22871
22950
22872
22951
22873
22952
22874
22953
22875
22954
22876
22955
22877
22956
22878
22957
22879
22958
22959
22881
22960
22882
22961
22883
22962
22884
22963
22885
22964
22886
22965
22887
22966
22888
22967
22889
22968
22890
22969
22891
22970
22892
22971
22893
22972
22894
22973
22895
22974
22896
22975
22897
22976
22898
22977
22899
22978
22900
22979
22901
22980
22902
22981
22903
22982
22904
22983
22905
22984
22906
22985
22907
22986
22908
22987
22909
22988
22910
22989
22911
22990
22912
22991
22913
22992
22914
22993
22915
22994
22916
22995
22917
22996
22918
22997
22919
22998
22920
22999
22921
23000
22922
23001
22923
23002
22924
23003
22925
23004
22926
23005
22927
23006
22928
23007
22929
23008
22930
23009
22931
23010
22932
23011
22933
23012
22934
23013
22935
23014
22936
23015
22937
23016
22938
23017
22939
23018
22940
23019
22941
23020
22942
23021
22943
23022
22944
23023
22945
23024
22946
23025
22947
23026
22948
23027
22949
23028
22950
23029
22951
23030
22952
23031
22953
23032
22954
23033
22955
23034
22956
23035
22957
23036
22958
23037
22959
23038
23039
22961
23040
22962
23041
22963
23042
22964
23043
22965
23044
22966
23045
22967
23046
22968
23047
22969
23048
22970
23049
22971
23050
22972
23051
22973
23052
22974
23053
22975
23054
22976
23055
22977
23056
22978
23057
22979
23058
22980
23059
22981
23060
22982
23061
22983
23062
22984
23063
22985
23064
22986
23065
22987
23066
22988
23067
22989
23068
22990
23069
22991
23070
22992
23071
22993
23072
22994
23073
22995
23074
22996
23075
22997
23076
22998
23077
22999
23078
23000
23079
23001
23080
23002
23081
23003
23082
23004
23083
23005
23084
23006
23085
23007
23086
23008
23087
23009
23088
23010
23089
23011
23090
23012
23091
23013
23092
23014
23093
23015
23094
23016
23095
23017
23096
23018
23097
23019
23098
23020
23099
23021
23100
23022
23101
23023
23102
23024
23103
23025
23104
23026
23105
23027
23106
23028
23107
23029
23108
23030
23109
23031
23110
23032
23111
23033
23112
23034
23113
23035
23114
23036
23115
23037
23116
23038
23117
23039
23118
23119
23041
23120
23042
23121
23043
23122
23044
23123
23045
23124
23046
23125
23047
23126
23048
23127
23049
23128
23050
23129
23051
23130
23052
23131
23053
23132
23054
23133
23055
23134
23056
23135
23057
23136
23058
23137
23059
23138
23060
23139
23061
23140
23062
23141
23063
23142
23064
23143
23065
23144
23066
23145
23067
23146
23068
23147
23069
23148
23070
23149
23071
23150
23072
23151
23073
23152
23074
23153
23075
23154
23076
23155
23077
23156
23078
23157
23079
23158
23080
23159
23081
23160
23082
23161
23083
23162
23084
23163
23085
23164
23086
23165
23087
23166
23088
23167
23089
23168
23090
23169
23091
23170
23092
23171
23093
23172
23094
23173
23095
23174
23096
23175
23097
23176
23098
23177
23099
23178
23100
23179
23101
23180
23102
23181
23103
23182
23104
23183
23105
23184
23106
23185
23107
23186
23108
23187
23109
23188
23110
23189
23111
23190
23112
23191
23113
23192
23114
23193
23115
23194
23116
23195
23117
23196
23118
23197
23119
23198
23199
23121
23200
23122
23201
23123
23202
23124
23203
23125
23204
23126
23205
23127
23206
23128
23207
23129
23208
23130
23209
23131
23210
23132
23211
23133
23212
23134
23213
23135
23214
23136
23215
23137
23216
23138
23217
23139
23218
23140
23219
23141
23220
23142
23221
23143
23222
23144
23223
23145
23224
23146
23225
23147
23226
23148
23227
23149
23228
23150
23229
23151
23230
23152
23231
23153
23232
23154
23233
23155
23234
23156
23235
23157
23236
23158
23237
23159
23238
23160
23239
23161
23240
23162
23241
23163
23242
23164
23243
23165
23244
23166
23245
23167
23246
23168
23247
23169
23248
23170
23249
23171
23250
23172
23251
23173
23252
23174
23253
23175
23254
23176
23255
23177
23256
23178
23257
23179
23258
23180
23259
23181
23260
23182
23261
23183
23262
23184
23263
23185
23264
23186
23265
23187
23266
23188
23267
23189
23268
23190
23269
23191
23270
23192
23271
23193
23272
23194
23273
23195
23274
23196
23275
23197
23276
23198
23277
23199
23278
23279
23201
23280
23202
23281
23203
23282
23204
23283
23205
23284
23206
23285
23207
23286
23208
23287
23209
23288
23210
23289
23211
23290
23212
23291
23213
23292
23214
23293
23215
23294
23216
23295
23217
23296
23218
23297
23219
23298
23220
23299
23221
23300
23222
23301
23223
23302
23224
23303
23225
23304
23226
23305
23227
23306
23228
23307
23229
23308
23230
23309
23231
23310
23232
23311
23233
23312
23234
23313
23235
23314
23236
23315
23237
23316
23238
23317
23239
23318
23240
23319
23241
23320
23242
23321
23243
23322
23244
23323
23245
23324
23246
23325
23247
23326
23248
23327
23249
23328
23250
23329
23251
23330
23252
23331
23253
23332
23254
23333
23255
23334
23256
23335
23257
23336
23258
23337
23259
23338
23260
23339
23261
23340
23262
23341
23263
23342
23264
23343
23265
23344
23266
23345
23267
23346
23268
23347
23269
23348
23270
23349
23271
23350
23272
23351
23273
23352
23274
23353
23275
23354
23276
23355
23277
23356
23278
23357
23279
23358
23359
23281
23360
23282
23361
23283
23362
23284
23363
23285
23364
23286
23365
23287
23366
23288
23367
23289
23368
23290
23369
23291
23370
23292
23371
23293
23372
23294
23373
23295
23374
23296
23375
23297
23376
23298
23377
23299
23378
23300
23379
23301
23380
23302
23381
23303
23382
23304
23383
23305
23384
23306
23385
23307
23386
23308
23387
23309
23388
23310
23389
23311
23390
23312
23391
23313
23392
23314
23393
23315
23394
23316
23395
23317
23396
23318
23397
23319
23398
23320
23399
23321
23400
23322
23401
23323
23402
23324
23403
23325
23404
23326
23405
23327
23406
23328
23407
23329
23408
23330
23409
23331
23410
23332
23411
23333
23412
23334
23413
23335
23414
23336
23415
23337
23416
23338
23417
23339
23418
23340
23419
23341
23420
23342
23421
23343
23422
23344
23423
23345
23424
23346
23425
23347
23426
23348
23427
23349
23428
23350
23429
23351
23430
23352
23431
23353
23432
23354
23433
23355
23434
23356
23435
23357
23436
23358
23437
23359
23438
23439
23361
23440
23362
23441
23363
23442
23364
23443
23365
23444
23366
23445
23367
23446
23368
23447
23369
23448
23370
23449
23371
23450
23372
23451
23373
23452
23374
23453
23375
23454
23376
23455
23377
23456
23378
23457
23379
23458
23380
23459
23381
23460
23382
23461
23383
23462
23384
23463
23385
23464
23386
23465
23387
23466
23388
23467
23389
23468
23390
23469
23391
23470
23392
23471
23393
23472
23394
23473
23395
23474
23396
23475
23397
23476
23398
23477
23399
23478
23400
23479
23401
23480
23402
23481
23403
23482
23404
23483
23405
23484
23406
23485
23407
23486
23408
23487
23409
23488
23410
23489
23411
23490
23412
23491
23413
23492
23414
23493
23415
23494
23416
23495
23417
23496
23418
23497
23419
23498
23420
23499
23421
23500
23422
23501
23423
23502
23424
23503
23425
23504
23426
23505
23427
23506
23428
23507
23429
23508
23430
23509
23431
23510
23432
23511
23433
23512
23434
23513
23435
23514
23436
23515
23437
23516
23438
23517
23439
23518
23519
23441
23520
23442
23521
23443
23522
23444
23523
23445
23524
23446
23525
23447
23526
23448
23527
23449
23528
23450
23529
23451
23530
23452
23531
23453
23532
23454
23533
23455
23534
23456
23535
23457
23536
23458
23537
23459
23538
23460
23539
23461
23540
23462
23541
23463
23542
23464
23543
23465
23544
23466
23545
23467
23546
23468
23547
23469
23548
23470
23549
23471
23550
23472
23551
23473
23552
23474
23553
23475
23554
23476
23555
23477
23556
23478
23557
23479
23558
23480
23559
23481
23560
23482
23561
23483
23562
23484
23563
23485
23564
23486
23565
23487
23566
23488
23567
23489
23568
23490
23569
23491
23570
23492
23571
23493
23572
23494
23573
23495
23574
23496
23575
23497
23576
23498
23577
23499
23578
23500
23579
23501
23580
23502
23581
23503
23582
23504
23583
23505
23584
23506
23585
23507
23586
23508
23587
23509
23588
23510
23589
23511
23590
23512
23591
23513
23592
23514
23593
23515
23594
23516
23595
23517
23596
23518
23597
23519
23598
23599
23521
23600
23522
23601
23523
23602
23524
23603
23525
23604
23526
23605
23527
23606
23528
23607
23529
23608
23530
23609
23531
23610
23532
23611
23533
23612
23534
23613
23535
23614
23536
23615
23537
23616
23538
23617
23539
23618
23540
23619
23541
23620
23542
23621
23543
23622
23544
23623
23545
23624
23546
23625
23547
23626
23548
23627
23549
23628
23550
23629
23551
23630
23552
23631
23553
23632
23554
23633
23555
23634
23556
23635
23557
23636
23558
23637
23559
23638
23560
23639
23561
23640
23562
23641
23563
23642
23564
23643
23565
23644
23566
23645
23567
23646
23568
23647
23569
23648
23570
23649
23571
23650
23572
23651
23573
23652
23574
23653
23575
23654
23576
23655
23577
23656
23578
23657
23579
23658
23580
23659
23581
23660
23582
23661
23583
23662
23584
23663
23585
23664
23586
23665
23587
23666
23588
23667
23589
23668
23590
23669
23591
23670
23592
23671
23593
23672
23594
23673
23595
23674
23596
23675
23597
23676
23598
23677
23599
23678
23679
23601
23680
23602
23681
23603
23682
23604
23683
23605
23684
23606
23685
23607
23686
23608
23687
23609
23688
23610
23689
23611
23690
23612
23691
23613
23692
23614
23693
23615
23694
23616
23695
23617
23696
23618
23697
23619
23698
23620
23699
23621
23700
23622
23701
23623
23702
23624
23703
23625
23704
23626
23705
23627
23706
23628
23707
23629
23708
23630
23709
23631
23710
23632
23711
23633
23712
23634
23713
23635
23714
23636
23715
23637
23716
23638
23717
23639
23718
23640
23719
23641
23720
23642
23721
23643
23722
23644
23723
23645
23724
23646
23725
23647
23726
23648
23727
23649
23728
23650
23729
23651
23730
23652
23731
23653
23732
23654
23733
23655
23734
23656
23735
23657
23736
23658
23737
23659
23738
23660
23739
23661
23740
23662
23741
23663
23742
23664
23743
23665
23744
23666
23745
23667
23746
23668
23747
23669
23748
23670
23749
23671
23750
23672
23751
23673
23752
23674
23753
23675
23754
23676
23755
23677
23756
23678
23757
23679
23758
23759
23681
23760
23682
23761
23683
23762
23684
23763
23685
23764
23686
23765
23687
23766
23688
23767
23689
23768
23690
23769
23691
23770
23692
23771
23693
23772
23694
23773
23695
23774
23696
23775
23697
23776
23698
23777
23699
23778
23700
23779
23701
23780
23702
23781
23703
23782
23704
23783
23705
23784
23706
23785
23707
23786
23708
23787
23709
23788
23710
23789
23711
23790
23712
23791
23713
23792
23714
23793
23715
23794
23716
23795
23717
23796
23718
23797
23719
23798
23720
23799
23721
23800
23722
23801
23723
23802
23724
23803
23725
23804
23726
23805
23727
23806
23728
23807
23729
23808
23730
23809
23731
23810
23732
23811
23733
23812
23734
23813
23735
23814
23736
23815
23737
23816
23738
23817
23739
23818
23740
23819
23741
23820
23742
23821
23743
23822
23744
23823
23745
23824
23746
23825
23747
23826
23748
23827
23749
23828
23750
23829
23751
23830
23752
23831
23753
23832
23754
23833
23755
23834
23756
23835
23757
23836
23758
23837
23759
23838
23839
23761
23840
23762
23841
23763
23842
23764
23843
23765
23844
23766
23845
23767
23846
23768
23847
23769
23848
23770
23849
23771
23850
23772
23851
23773
23852
23774
23853
23775
23854
23776
23855
23777
23856
23778
23857
23779
23858
23780
23859
23781
23860
23782
23861
23783
23862
23784
23863
23785
23864
23786
23865
23787
23866
23788
23867
23789
23868
23790
23869
23791
23870
23792
23871
23793
23872
23794
23873
23795
23874
23796
23875
23797
23876
23798
23877
23799
23878
23800
23879
23801
23880
23802
23881
23803
23882
23804
23883
23805
23884
23806
23885
23807
23886
23808
23887
23809
23888
23810
23889
23811
23890
23812
23891
23813
23892
23814
23893
23815
23894
23816
23895
23817
23896
23818
23897
23819
23898
23820
23899
23821
23900
23822
23901
23823
23902
23824
23903
23825
23904
23826
23905
23827
23906
23828
23907
23829
23908
23830
23909
23831
23910
23832
23911
23833
23912
23834
23913
23835
23914
23836
23915
23837
23916
23838
23917
23839
23918
23919
23841
23920
23842
23921
23843
23922
23844
23923
23845
23924
23846
23925
23847
23926
23848
23927
23849
23928
23850
23929
23851
23930
23852
23931
23853
23932
23854
23933
23855
23934
23856
23935
23857
23936
23858
23937
23859
23938
23860
23939
23861
23940
23862
23941
23863
23942
23864
23943
23865
23944
23866
23945
23867
23946
23868
23947
23869
23948
23870
23949
23871
23950
23872
23951
23873
23952
23874
23953
23875
23954
23876
23955
23877
23956
23878
23957
23879
23958
23880
23959
23881
23960
23882
23961
23883
23962
23884
23963
23885
23964
23886
23965
23887
23966
23888
23967
23889
23968
23890
23969
23891
23970
23892
23971
23893
23972
23894
23973
23895
23974
23896
23975
23897
23976
23898
23977
23899
23978
23900
23979
23901
23980
23902
23981
23903
23982
23904
23983
23905
23984
23906
23985
23907
23986
23908
23987
23909
23988
23910
23989
23911
23990
23912
23991
23913
23992
23914
23993
23915
23994
23916
23995
23917
23996
23918
23997
23919
23998
23999
23921
23922
23923
23924
23925
23926
23927
23928
23929
23930
23931
23932
23933
23934
23935
23936
23937
23938
23939
23940
23941
23942
23943
23944
23945
23946
23947
23948
23949
23950
23951
23952
23953
23954
23955
23956
23957
23958
23959
23960
23961
23962
23963
23964
23965
23966
23967
23968
23969
23970
23971
23972
23973
23974
23975
23976
23977
23978
23979
23980
23981
23982
23983
23984
23985
23986
23987
23988
23989
23990
23991
23992
23993
23994
23995
23996
23997
23998
23999
)


// ************************************************************************* //
