/*--------------------------------*- C++ -*----------------------------------*\
| =========                 |                                                 |
| \\      /  F ield         | OpenFOAM: The Open Source CFD Toolbox           |
|  \\    /   O peration     | Version:  2606                                  |
|   \\  /    A nd           | Website:  www.openfoam.com                      |
|    \\/     M anipulation  |                                                 |
\*---------------------------------------------------------------------------*/
FoamFile
{
    version     2.0;
    format      ascii;
    arch        "LSB;label=32;scalar=64";
    class       faceList;
    location    "constant/polyMesh";
    object      faces;
}
// * * * * * * * * * * * * * * * * * * * * * * * * * * * * * * * * * * * * * //


40390
(
4(1 82 2188 2107)
4(81 2187 2188 82)
4(2106 2107 2188 2187)
4(2 83 2189 2108)
4(82 2188 2189 83)
4(2107 2108 2189 2188)
4(3 84 2190 2109)
4(83 2189 2190 84)
4(2108 2109 2190 2189)
4(4 85 2191 2110)
4(84 2190 2191 85)
4(2109 2110 2191 2190)
4(5 86 2192 2111)
4(85 2191 2192 86)
4(2110 2111 2192 2191)
4(6 87 2193 2112)
4(86 2192 2193 87)
4(2111 2112 2193 2192)
4(7 88 2194 2113)
4(87 2193 2194 88)
4(2112 2113 2194 2193)
4(8 89 2195 2114)
4(88 2194 2195 89)
4(2113 2114 2195 2194)
4(9 90 2196 2115)
4(89 2195 2196 90)
4(2114 2115 2196 2195)
4(10 91 2197 2116)
4(90 2196 2197 91)
4(2115 2116 2197 2196)
4(11 92 2198 2117)
4(91 2197 2198 92)
4(2116 2117 2198 2197)
4(12 93 2199 2118)
4(92 2198 2199 93)
4(2117 2118 2199 2198)
4(13 94 2200 2119)
4(93 2199 2200 94)
4(2118 2119 2200 2199)
4(14 95 2201 2120)
4(94 2200 2201 95)
4(2119 2120 2201 2200)
4(15 96 2202 2121)
4(95 2201 2202 96)
4(2120 2121 2202 2201)
4(16 97 2203 2122)
4(96 2202 2203 97)
4(2121 2122 2203 2202)
4(17 98 2204 2123)
4(97 2203 2204 98)
4(2122 2123 2204 2203)
4(18 99 2205 2124)
4(98 2204 2205 99)
4(2123 2124 2205 2204)
4(19 100 2206 2125)
4(99 2205 2206 100)
4(2124 2125 2206 2205)
4(20 101 2207 2126)
4(100 2206 2207 101)
4(2125 2126 2207 2206)
4(21 102 2208 2127)
4(101 2207 2208 102)
4(2126 2127 2208 2207)
4(22 103 2209 2128)
4(102 2208 2209 103)
4(2127 2128 2209 2208)
4(23 104 2210 2129)
4(103 2209 2210 104)
4(2128 2129 2210 2209)
4(24 105 2211 2130)
4(104 2210 2211 105)
4(2129 2130 2211 2210)
4(25 106 2212 2131)
4(105 2211 2212 106)
4(2130 2131 2212 2211)
4(26 107 2213 2132)
4(106 2212 2213 107)
4(2131 2132 2213 2212)
4(27 108 2214 2133)
4(107 2213 2214 108)
4(2132 2133 2214 2213)
4(28 109 2215 2134)
4(108 2214 2215 109)
4(2133 2134 2215 2214)
4(29 110 2216 2135)
4(109 2215 2216 110)
4(2134 2135 2216 2215)
4(30 111 2217 2136)
4(110 2216 2217 111)
4(2135 2136 2217 2216)
4(31 112 2218 2137)
4(111 2217 2218 112)
4(2136 2137 2218 2217)
4(32 113 2219 2138)
4(112 2218 2219 113)
4(2137 2138 2219 2218)
4(33 114 2220 2139)
4(113 2219 2220 114)
4(2138 2139 2220 2219)
4(34 115 2221 2140)
4(114 2220 2221 115)
4(2139 2140 2221 2220)
4(35 116 2222 2141)
4(115 2221 2222 116)
4(2140 2141 2222 2221)
4(36 117 2223 2142)
4(116 2222 2223 117)
4(2141 2142 2223 2222)
4(37 118 2224 2143)
4(117 2223 2224 118)
4(2142 2143 2224 2223)
4(38 119 2225 2144)
4(118 2224 2225 119)
4(2143 2144 2225 2224)
4(39 120 2226 2145)
4(119 2225 2226 120)
4(2144 2145 2226 2225)
4(40 121 2227 2146)
4(120 2226 2227 121)
4(2145 2146 2227 2226)
4(41 122 2228 2147)
4(121 2227 2228 122)
4(2146 2147 2228 2227)
4(42 123 2229 2148)
4(122 2228 2229 123)
4(2147 2148 2229 2228)
4(43 124 2230 2149)
4(123 2229 2230 124)
4(2148 2149 2230 2229)
4(44 125 2231 2150)
4(124 2230 2231 125)
4(2149 2150 2231 2230)
4(45 126 2232 2151)
4(125 2231 2232 126)
4(2150 2151 2232 2231)
4(46 127 2233 2152)
4(126 2232 2233 127)
4(2151 2152 2233 2232)
4(47 128 2234 2153)
4(127 2233 2234 128)
4(2152 2153 2234 2233)
4(48 129 2235 2154)
4(128 2234 2235 129)
4(2153 2154 2235 2234)
4(49 130 2236 2155)
4(129 2235 2236 130)
4(2154 2155 2236 2235)
4(50 131 2237 2156)
4(130 2236 2237 131)
4(2155 2156 2237 2236)
4(51 132 2238 2157)
4(131 2237 2238 132)
4(2156 2157 2238 2237)
4(52 133 2239 2158)
4(132 2238 2239 133)
4(2157 2158 2239 2238)
4(53 134 2240 2159)
4(133 2239 2240 134)
4(2158 2159 2240 2239)
4(54 135 2241 2160)
4(134 2240 2241 135)
4(2159 2160 2241 2240)
4(55 136 2242 2161)
4(135 2241 2242 136)
4(2160 2161 2242 2241)
4(56 137 2243 2162)
4(136 2242 2243 137)
4(2161 2162 2243 2242)
4(57 138 2244 2163)
4(137 2243 2244 138)
4(2162 2163 2244 2243)
4(58 139 2245 2164)
4(138 2244 2245 139)
4(2163 2164 2245 2244)
4(59 140 2246 2165)
4(139 2245 2246 140)
4(2164 2165 2246 2245)
4(60 141 2247 2166)
4(140 2246 2247 141)
4(2165 2166 2247 2246)
4(61 142 2248 2167)
4(141 2247 2248 142)
4(2166 2167 2248 2247)
4(62 143 2249 2168)
4(142 2248 2249 143)
4(2167 2168 2249 2248)
4(63 144 2250 2169)
4(143 2249 2250 144)
4(2168 2169 2250 2249)
4(64 145 2251 2170)
4(144 2250 2251 145)
4(2169 2170 2251 2250)
4(65 146 2252 2171)
4(145 2251 2252 146)
4(2170 2171 2252 2251)
4(66 147 2253 2172)
4(146 2252 2253 147)
4(2171 2172 2253 2252)
4(67 148 2254 2173)
4(147 2253 2254 148)
4(2172 2173 2254 2253)
4(68 149 2255 2174)
4(148 2254 2255 149)
4(2173 2174 2255 2254)
4(69 150 2256 2175)
4(149 2255 2256 150)
4(2174 2175 2256 2255)
4(70 151 2257 2176)
4(150 2256 2257 151)
4(2175 2176 2257 2256)
4(71 152 2258 2177)
4(151 2257 2258 152)
4(2176 2177 2258 2257)
4(72 153 2259 2178)
4(152 2258 2259 153)
4(2177 2178 2259 2258)
4(73 154 2260 2179)
4(153 2259 2260 154)
4(2178 2179 2260 2259)
4(74 155 2261 2180)
4(154 2260 2261 155)
4(2179 2180 2261 2260)
4(75 156 2262 2181)
4(155 2261 2262 156)
4(2180 2181 2262 2261)
4(76 157 2263 2182)
4(156 2262 2263 157)
4(2181 2182 2263 2262)
4(77 158 2264 2183)
4(157 2263 2264 158)
4(2182 2183 2264 2263)
4(78 159 2265 2184)
4(158 2264 2265 159)
4(2183 2184 2265 2264)
4(79 160 2266 2185)
4(159 2265 2266 160)
4(2184 2185 2266 2265)
4(160 2266 2267 161)
4(2185 2186 2267 2266)
4(82 163 2269 2188)
4(162 2268 2269 163)
4(2187 2188 2269 2268)
4(83 164 2270 2189)
4(163 2269 2270 164)
4(2188 2189 2270 2269)
4(84 165 2271 2190)
4(164 2270 2271 165)
4(2189 2190 2271 2270)
4(85 166 2272 2191)
4(165 2271 2272 166)
4(2190 2191 2272 2271)
4(86 167 2273 2192)
4(166 2272 2273 167)
4(2191 2192 2273 2272)
4(87 168 2274 2193)
4(167 2273 2274 168)
4(2192 2193 2274 2273)
4(88 169 2275 2194)
4(168 2274 2275 169)
4(2193 2194 2275 2274)
4(89 170 2276 2195)
4(169 2275 2276 170)
4(2194 2195 2276 2275)
4(90 171 2277 2196)
4(170 2276 2277 171)
4(2195 2196 2277 2276)
4(91 172 2278 2197)
4(171 2277 2278 172)
4(2196 2197 2278 2277)
4(92 173 2279 2198)
4(172 2278 2279 173)
4(2197 2198 2279 2278)
4(93 174 2280 2199)
4(173 2279 2280 174)
4(2198 2199 2280 2279)
4(94 175 2281 2200)
4(174 2280 2281 175)
4(2199 2200 2281 2280)
4(95 176 2282 2201)
4(175 2281 2282 176)
4(2200 2201 2282 2281)
4(96 177 2283 2202)
4(176 2282 2283 177)
4(2201 2202 2283 2282)
4(97 178 2284 2203)
4(177 2283 2284 178)
4(2202 2203 2284 2283)
4(98 179 2285 2204)
4(178 2284 2285 179)
4(2203 2204 2285 2284)
4(99 180 2286 2205)
4(179 2285 2286 180)
4(2204 2205 2286 2285)
4(100 181 2287 2206)
4(180 2286 2287 181)
4(2205 2206 2287 2286)
4(101 182 2288 2207)
4(181 2287 2288 182)
4(2206 2207 2288 2287)
4(102 183 2289 2208)
4(182 2288 2289 183)
4(2207 2208 2289 2288)
4(103 184 2290 2209)
4(183 2289 2290 184)
4(2208 2209 2290 2289)
4(104 185 2291 2210)
4(184 2290 2291 185)
4(2209 2210 2291 2290)
4(105 186 2292 2211)
4(185 2291 2292 186)
4(2210 2211 2292 2291)
4(106 187 2293 2212)
4(186 2292 2293 187)
4(2211 2212 2293 2292)
4(107 188 2294 2213)
4(187 2293 2294 188)
4(2212 2213 2294 2293)
4(108 189 2295 2214)
4(188 2294 2295 189)
4(2213 2214 2295 2294)
4(109 190 2296 2215)
4(189 2295 2296 190)
4(2214 2215 2296 2295)
4(110 191 2297 2216)
4(190 2296 2297 191)
4(2215 2216 2297 2296)
4(111 192 2298 2217)
4(191 2297 2298 192)
4(2216 2217 2298 2297)
4(112 193 2299 2218)
4(192 2298 2299 193)
4(2217 2218 2299 2298)
4(113 194 2300 2219)
4(193 2299 2300 194)
4(2218 2219 2300 2299)
4(114 195 2301 2220)
4(194 2300 2301 195)
4(2219 2220 2301 2300)
4(115 196 2302 2221)
4(195 2301 2302 196)
4(2220 2221 2302 2301)
4(116 197 2303 2222)
4(196 2302 2303 197)
4(2221 2222 2303 2302)
4(117 198 2304 2223)
4(197 2303 2304 198)
4(2222 2223 2304 2303)
4(118 199 2305 2224)
4(198 2304 2305 199)
4(2223 2224 2305 2304)
4(119 200 2306 2225)
4(199 2305 2306 200)
4(2224 2225 2306 2305)
4(120 201 2307 2226)
4(200 2306 2307 201)
4(2225 2226 2307 2306)
4(121 202 2308 2227)
4(201 2307 2308 202)
4(2226 2227 2308 2307)
4(122 203 2309 2228)
4(202 2308 2309 203)
4(2227 2228 2309 2308)
4(123 204 2310 2229)
4(203 2309 2310 204)
4(2228 2229 2310 2309)
4(124 205 2311 2230)
4(204 2310 2311 205)
4(2229 2230 2311 2310)
4(125 206 2312 2231)
4(205 2311 2312 206)
4(2230 2231 2312 2311)
4(126 207 2313 2232)
4(206 2312 2313 207)
4(2231 2232 2313 2312)
4(127 208 2314 2233)
4(207 2313 2314 208)
4(2232 2233 2314 2313)
4(128 209 2315 2234)
4(208 2314 2315 209)
4(2233 2234 2315 2314)
4(129 210 2316 2235)
4(209 2315 2316 210)
4(2234 2235 2316 2315)
4(130 211 2317 2236)
4(210 2316 2317 211)
4(2235 2236 2317 2316)
4(131 212 2318 2237)
4(211 2317 2318 212)
4(2236 2237 2318 2317)
4(132 213 2319 2238)
4(212 2318 2319 213)
4(2237 2238 2319 2318)
4(133 214 2320 2239)
4(213 2319 2320 214)
4(2238 2239 2320 2319)
4(134 215 2321 2240)
4(214 2320 2321 215)
4(2239 2240 2321 2320)
4(135 216 2322 2241)
4(215 2321 2322 216)
4(2240 2241 2322 2321)
4(136 217 2323 2242)
4(216 2322 2323 217)
4(2241 2242 2323 2322)
4(137 218 2324 2243)
4(217 2323 2324 218)
4(2242 2243 2324 2323)
4(138 219 2325 2244)
4(218 2324 2325 219)
4(2243 2244 2325 2324)
4(139 220 2326 2245)
4(219 2325 2326 220)
4(2244 2245 2326 2325)
4(140 221 2327 2246)
4(220 2326 2327 221)
4(2245 2246 2327 2326)
4(141 222 2328 2247)
4(221 2327 2328 222)
4(2246 2247 2328 2327)
4(142 223 2329 2248)
4(222 2328 2329 223)
4(2247 2248 2329 2328)
4(143 224 2330 2249)
4(223 2329 2330 224)
4(2248 2249 2330 2329)
4(144 225 2331 2250)
4(224 2330 2331 225)
4(2249 2250 2331 2330)
4(145 226 2332 2251)
4(225 2331 2332 226)
4(2250 2251 2332 2331)
4(146 227 2333 2252)
4(226 2332 2333 227)
4(2251 2252 2333 2332)
4(147 228 2334 2253)
4(227 2333 2334 228)
4(2252 2253 2334 2333)
4(148 229 2335 2254)
4(228 2334 2335 229)
4(2253 2254 2335 2334)
4(149 230 2336 2255)
4(229 2335 2336 230)
4(2254 2255 2336 2335)
4(150 231 2337 2256)
4(230 2336 2337 231)
4(2255 2256 2337 2336)
4(151 232 2338 2257)
4(231 2337 2338 232)
4(2256 2257 2338 2337)
4(152 233 2339 2258)
4(232 2338 2339 233)
4(2257 2258 2339 2338)
4(153 234 2340 2259)
4(233 2339 2340 234)
4(2258 2259 2340 2339)
4(154 235 2341 2260)
4(234 2340 2341 235)
4(2259 2260 2341 2340)
4(155 236 2342 2261)
4(235 2341 2342 236)
4(2260 2261 2342 2341)
4(156 237 2343 2262)
4(236 2342 2343 237)
4(2261 2262 2343 2342)
4(157 238 2344 2263)
4(237 2343 2344 238)
4(2262 2263 2344 2343)
4(158 239 2345 2264)
4(238 2344 2345 239)
4(2263 2264 2345 2344)
4(159 240 2346 2265)
4(239 2345 2346 240)
4(2264 2265 2346 2345)
4(160 241 2347 2266)
4(240 2346 2347 241)
4(2265 2266 2347 2346)
4(241 2347 2348 242)
4(2266 2267 2348 2347)
4(163 244 2350 2269)
4(243 2349 2350 244)
4(2268 2269 2350 2349)
4(164 245 2351 2270)
4(244 2350 2351 245)
4(2269 2270 2351 2350)
4(165 246 2352 2271)
4(245 2351 2352 246)
4(2270 2271 2352 2351)
4(166 247 2353 2272)
4(246 2352 2353 247)
4(2271 2272 2353 2352)
4(167 248 2354 2273)
4(247 2353 2354 248)
4(2272 2273 2354 2353)
4(168 249 2355 2274)
4(248 2354 2355 249)
4(2273 2274 2355 2354)
4(169 250 2356 2275)
4(249 2355 2356 250)
4(2274 2275 2356 2355)
4(170 251 2357 2276)
4(250 2356 2357 251)
4(2275 2276 2357 2356)
4(171 252 2358 2277)
4(251 2357 2358 252)
4(2276 2277 2358 2357)
4(172 253 2359 2278)
4(252 2358 2359 253)
4(2277 2278 2359 2358)
4(173 254 2360 2279)
4(253 2359 2360 254)
4(2278 2279 2360 2359)
4(174 255 2361 2280)
4(254 2360 2361 255)
4(2279 2280 2361 2360)
4(175 256 2362 2281)
4(255 2361 2362 256)
4(2280 2281 2362 2361)
4(176 257 2363 2282)
4(256 2362 2363 257)
4(2281 2282 2363 2362)
4(177 258 2364 2283)
4(257 2363 2364 258)
4(2282 2283 2364 2363)
4(178 259 2365 2284)
4(258 2364 2365 259)
4(2283 2284 2365 2364)
4(179 260 2366 2285)
4(259 2365 2366 260)
4(2284 2285 2366 2365)
4(180 261 2367 2286)
4(260 2366 2367 261)
4(2285 2286 2367 2366)
4(181 262 2368 2287)
4(261 2367 2368 262)
4(2286 2287 2368 2367)
4(182 263 2369 2288)
4(262 2368 2369 263)
4(2287 2288 2369 2368)
4(183 264 2370 2289)
4(263 2369 2370 264)
4(2288 2289 2370 2369)
4(184 265 2371 2290)
4(264 2370 2371 265)
4(2289 2290 2371 2370)
4(185 266 2372 2291)
4(265 2371 2372 266)
4(2290 2291 2372 2371)
4(186 267 2373 2292)
4(266 2372 2373 267)
4(2291 2292 2373 2372)
4(187 268 2374 2293)
4(267 2373 2374 268)
4(2292 2293 2374 2373)
4(188 269 2375 2294)
4(268 2374 2375 269)
4(2293 2294 2375 2374)
4(189 270 2376 2295)
4(269 2375 2376 270)
4(2294 2295 2376 2375)
4(190 271 2377 2296)
4(270 2376 2377 271)
4(2295 2296 2377 2376)
4(191 272 2378 2297)
4(271 2377 2378 272)
4(2296 2297 2378 2377)
4(192 273 2379 2298)
4(272 2378 2379 273)
4(2297 2298 2379 2378)
4(193 274 2380 2299)
4(273 2379 2380 274)
4(2298 2299 2380 2379)
4(194 275 2381 2300)
4(274 2380 2381 275)
4(2299 2300 2381 2380)
4(195 276 2382 2301)
4(275 2381 2382 276)
4(2300 2301 2382 2381)
4(196 277 2383 2302)
4(276 2382 2383 277)
4(2301 2302 2383 2382)
4(197 278 2384 2303)
4(277 2383 2384 278)
4(2302 2303 2384 2383)
4(198 279 2385 2304)
4(278 2384 2385 279)
4(2303 2304 2385 2384)
4(199 280 2386 2305)
4(279 2385 2386 280)
4(2304 2305 2386 2385)
4(200 281 2387 2306)
4(280 2386 2387 281)
4(2305 2306 2387 2386)
4(201 282 2388 2307)
4(281 2387 2388 282)
4(2306 2307 2388 2387)
4(202 283 2389 2308)
4(282 2388 2389 283)
4(2307 2308 2389 2388)
4(203 284 2390 2309)
4(283 2389 2390 284)
4(2308 2309 2390 2389)
4(204 285 2391 2310)
4(284 2390 2391 285)
4(2309 2310 2391 2390)
4(205 286 2392 2311)
4(285 2391 2392 286)
4(2310 2311 2392 2391)
4(206 287 2393 2312)
4(286 2392 2393 287)
4(2311 2312 2393 2392)
4(207 288 2394 2313)
4(287 2393 2394 288)
4(2312 2313 2394 2393)
4(208 289 2395 2314)
4(288 2394 2395 289)
4(2313 2314 2395 2394)
4(209 290 2396 2315)
4(289 2395 2396 290)
4(2314 2315 2396 2395)
4(210 291 2397 2316)
4(290 2396 2397 291)
4(2315 2316 2397 2396)
4(211 292 2398 2317)
4(291 2397 2398 292)
4(2316 2317 2398 2397)
4(212 293 2399 2318)
4(292 2398 2399 293)
4(2317 2318 2399 2398)
4(213 294 2400 2319)
4(293 2399 2400 294)
4(2318 2319 2400 2399)
4(214 295 2401 2320)
4(294 2400 2401 295)
4(2319 2320 2401 2400)
4(215 296 2402 2321)
4(295 2401 2402 296)
4(2320 2321 2402 2401)
4(216 297 2403 2322)
4(296 2402 2403 297)
4(2321 2322 2403 2402)
4(217 298 2404 2323)
4(297 2403 2404 298)
4(2322 2323 2404 2403)
4(218 299 2405 2324)
4(298 2404 2405 299)
4(2323 2324 2405 2404)
4(219 300 2406 2325)
4(299 2405 2406 300)
4(2324 2325 2406 2405)
4(220 301 2407 2326)
4(300 2406 2407 301)
4(2325 2326 2407 2406)
4(221 302 2408 2327)
4(301 2407 2408 302)
4(2326 2327 2408 2407)
4(222 303 2409 2328)
4(302 2408 2409 303)
4(2327 2328 2409 2408)
4(223 304 2410 2329)
4(303 2409 2410 304)
4(2328 2329 2410 2409)
4(224 305 2411 2330)
4(304 2410 2411 305)
4(2329 2330 2411 2410)
4(225 306 2412 2331)
4(305 2411 2412 306)
4(2330 2331 2412 2411)
4(226 307 2413 2332)
4(306 2412 2413 307)
4(2331 2332 2413 2412)
4(227 308 2414 2333)
4(307 2413 2414 308)
4(2332 2333 2414 2413)
4(228 309 2415 2334)
4(308 2414 2415 309)
4(2333 2334 2415 2414)
4(229 310 2416 2335)
4(309 2415 2416 310)
4(2334 2335 2416 2415)
4(230 311 2417 2336)
4(310 2416 2417 311)
4(2335 2336 2417 2416)
4(231 312 2418 2337)
4(311 2417 2418 312)
4(2336 2337 2418 2417)
4(232 313 2419 2338)
4(312 2418 2419 313)
4(2337 2338 2419 2418)
4(233 314 2420 2339)
4(313 2419 2420 314)
4(2338 2339 2420 2419)
4(234 315 2421 2340)
4(314 2420 2421 315)
4(2339 2340 2421 2420)
4(235 316 2422 2341)
4(315 2421 2422 316)
4(2340 2341 2422 2421)
4(236 317 2423 2342)
4(316 2422 2423 317)
4(2341 2342 2423 2422)
4(237 318 2424 2343)
4(317 2423 2424 318)
4(2342 2343 2424 2423)
4(238 319 2425 2344)
4(318 2424 2425 319)
4(2343 2344 2425 2424)
4(239 320 2426 2345)
4(319 2425 2426 320)
4(2344 2345 2426 2425)
4(240 321 2427 2346)
4(320 2426 2427 321)
4(2345 2346 2427 2426)
4(241 322 2428 2347)
4(321 2427 2428 322)
4(2346 2347 2428 2427)
4(322 2428 2429 323)
4(2347 2348 2429 2428)
4(244 325 2431 2350)
4(324 2430 2431 325)
4(2349 2350 2431 2430)
4(245 326 2432 2351)
4(325 2431 2432 326)
4(2350 2351 2432 2431)
4(246 327 2433 2352)
4(326 2432 2433 327)
4(2351 2352 2433 2432)
4(247 328 2434 2353)
4(327 2433 2434 328)
4(2352 2353 2434 2433)
4(248 329 2435 2354)
4(328 2434 2435 329)
4(2353 2354 2435 2434)
4(249 330 2436 2355)
4(329 2435 2436 330)
4(2354 2355 2436 2435)
4(250 331 2437 2356)
4(330 2436 2437 331)
4(2355 2356 2437 2436)
4(251 332 2438 2357)
4(331 2437 2438 332)
4(2356 2357 2438 2437)
4(252 333 2439 2358)
4(332 2438 2439 333)
4(2357 2358 2439 2438)
4(253 334 2440 2359)
4(333 2439 2440 334)
4(2358 2359 2440 2439)
4(254 335 2441 2360)
4(334 2440 2441 335)
4(2359 2360 2441 2440)
4(255 336 2442 2361)
4(335 2441 2442 336)
4(2360 2361 2442 2441)
4(256 337 2443 2362)
4(336 2442 2443 337)
4(2361 2362 2443 2442)
4(257 338 2444 2363)
4(337 2443 2444 338)
4(2362 2363 2444 2443)
4(258 339 2445 2364)
4(338 2444 2445 339)
4(2363 2364 2445 2444)
4(259 340 2446 2365)
4(339 2445 2446 340)
4(2364 2365 2446 2445)
4(260 341 2447 2366)
4(340 2446 2447 341)
4(2365 2366 2447 2446)
4(261 342 2448 2367)
4(341 2447 2448 342)
4(2366 2367 2448 2447)
4(262 343 2449 2368)
4(342 2448 2449 343)
4(2367 2368 2449 2448)
4(263 344 2450 2369)
4(343 2449 2450 344)
4(2368 2369 2450 2449)
4(264 345 2451 2370)
4(344 2450 2451 345)
4(2369 2370 2451 2450)
4(265 346 2452 2371)
4(345 2451 2452 346)
4(2370 2371 2452 2451)
4(266 347 2453 2372)
4(346 2452 2453 347)
4(2371 2372 2453 2452)
4(267 348 2454 2373)
4(347 2453 2454 348)
4(2372 2373 2454 2453)
4(268 349 2455 2374)
4(348 2454 2455 349)
4(2373 2374 2455 2454)
4(269 350 2456 2375)
4(349 2455 2456 350)
4(2374 2375 2456 2455)
4(270 351 2457 2376)
4(350 2456 2457 351)
4(2375 2376 2457 2456)
4(271 352 2458 2377)
4(351 2457 2458 352)
4(2376 2377 2458 2457)
4(272 353 2459 2378)
4(352 2458 2459 353)
4(2377 2378 2459 2458)
4(273 354 2460 2379)
4(353 2459 2460 354)
4(2378 2379 2460 2459)
4(274 355 2461 2380)
4(354 2460 2461 355)
4(2379 2380 2461 2460)
4(275 356 2462 2381)
4(355 2461 2462 356)
4(2380 2381 2462 2461)
4(276 357 2463 2382)
4(356 2462 2463 357)
4(2381 2382 2463 2462)
4(277 358 2464 2383)
4(357 2463 2464 358)
4(2382 2383 2464 2463)
4(278 359 2465 2384)
4(358 2464 2465 359)
4(2383 2384 2465 2464)
4(279 360 2466 2385)
4(359 2465 2466 360)
4(2384 2385 2466 2465)
4(280 361 2467 2386)
4(360 2466 2467 361)
4(2385 2386 2467 2466)
4(281 362 2468 2387)
4(361 2467 2468 362)
4(2386 2387 2468 2467)
4(282 363 2469 2388)
4(362 2468 2469 363)
4(2387 2388 2469 2468)
4(283 364 2470 2389)
4(363 2469 2470 364)
4(2388 2389 2470 2469)
4(284 365 2471 2390)
4(364 2470 2471 365)
4(2389 2390 2471 2470)
4(285 366 2472 2391)
4(365 2471 2472 366)
4(2390 2391 2472 2471)
4(286 367 2473 2392)
4(366 2472 2473 367)
4(2391 2392 2473 2472)
4(287 368 2474 2393)
4(367 2473 2474 368)
4(2392 2393 2474 2473)
4(288 369 2475 2394)
4(368 2474 2475 369)
4(2393 2394 2475 2474)
4(289 370 2476 2395)
4(369 2475 2476 370)
4(2394 2395 2476 2475)
4(290 371 2477 2396)
4(370 2476 2477 371)
4(2395 2396 2477 2476)
4(291 372 2478 2397)
4(371 2477 2478 372)
4(2396 2397 2478 2477)
4(292 373 2479 2398)
4(372 2478 2479 373)
4(2397 2398 2479 2478)
4(293 374 2480 2399)
4(373 2479 2480 374)
4(2398 2399 2480 2479)
4(294 375 2481 2400)
4(374 2480 2481 375)
4(2399 2400 2481 2480)
4(295 376 2482 2401)
4(375 2481 2482 376)
4(2400 2401 2482 2481)
4(296 377 2483 2402)
4(376 2482 2483 377)
4(2401 2402 2483 2482)
4(297 378 2484 2403)
4(377 2483 2484 378)
4(2402 2403 2484 2483)
4(298 379 2485 2404)
4(378 2484 2485 379)
4(2403 2404 2485 2484)
4(299 380 2486 2405)
4(379 2485 2486 380)
4(2404 2405 2486 2485)
4(300 381 2487 2406)
4(380 2486 2487 381)
4(2405 2406 2487 2486)
4(301 382 2488 2407)
4(381 2487 2488 382)
4(2406 2407 2488 2487)
4(302 383 2489 2408)
4(382 2488 2489 383)
4(2407 2408 2489 2488)
4(303 384 2490 2409)
4(383 2489 2490 384)
4(2408 2409 2490 2489)
4(304 385 2491 2410)
4(384 2490 2491 385)
4(2409 2410 2491 2490)
4(305 386 2492 2411)
4(385 2491 2492 386)
4(2410 2411 2492 2491)
4(306 387 2493 2412)
4(386 2492 2493 387)
4(2411 2412 2493 2492)
4(307 388 2494 2413)
4(387 2493 2494 388)
4(2412 2413 2494 2493)
4(308 389 2495 2414)
4(388 2494 2495 389)
4(2413 2414 2495 2494)
4(309 390 2496 2415)
4(389 2495 2496 390)
4(2414 2415 2496 2495)
4(310 391 2497 2416)
4(390 2496 2497 391)
4(2415 2416 2497 2496)
4(311 392 2498 2417)
4(391 2497 2498 392)
4(2416 2417 2498 2497)
4(312 393 2499 2418)
4(392 2498 2499 393)
4(2417 2418 2499 2498)
4(313 394 2500 2419)
4(393 2499 2500 394)
4(2418 2419 2500 2499)
4(314 395 2501 2420)
4(394 2500 2501 395)
4(2419 2420 2501 2500)
4(315 396 2502 2421)
4(395 2501 2502 396)
4(2420 2421 2502 2501)
4(316 397 2503 2422)
4(396 2502 2503 397)
4(2421 2422 2503 2502)
4(317 398 2504 2423)
4(397 2503 2504 398)
4(2422 2423 2504 2503)
4(318 399 2505 2424)
4(398 2504 2505 399)
4(2423 2424 2505 2504)
4(319 400 2506 2425)
4(399 2505 2506 400)
4(2424 2425 2506 2505)
4(320 401 2507 2426)
4(400 2506 2507 401)
4(2425 2426 2507 2506)
4(321 402 2508 2427)
4(401 2507 2508 402)
4(2426 2427 2508 2507)
4(322 403 2509 2428)
4(402 2508 2509 403)
4(2427 2428 2509 2508)
4(403 2509 2510 404)
4(2428 2429 2510 2509)
4(325 406 2512 2431)
4(405 2511 2512 406)
4(2430 2431 2512 2511)
4(326 407 2513 2432)
4(406 2512 2513 407)
4(2431 2432 2513 2512)
4(327 408 2514 2433)
4(407 2513 2514 408)
4(2432 2433 2514 2513)
4(328 409 2515 2434)
4(408 2514 2515 409)
4(2433 2434 2515 2514)
4(329 410 2516 2435)
4(409 2515 2516 410)
4(2434 2435 2516 2515)
4(330 411 2517 2436)
4(410 2516 2517 411)
4(2435 2436 2517 2516)
4(331 412 2518 2437)
4(411 2517 2518 412)
4(2436 2437 2518 2517)
4(332 413 2519 2438)
4(412 2518 2519 413)
4(2437 2438 2519 2518)
4(333 414 2520 2439)
4(413 2519 2520 414)
4(2438 2439 2520 2519)
4(334 415 2521 2440)
4(414 2520 2521 415)
4(2439 2440 2521 2520)
4(335 416 2522 2441)
4(415 2521 2522 416)
4(2440 2441 2522 2521)
4(336 417 2523 2442)
4(416 2522 2523 417)
4(2441 2442 2523 2522)
4(337 418 2524 2443)
4(417 2523 2524 418)
4(2442 2443 2524 2523)
4(338 419 2525 2444)
4(418 2524 2525 419)
4(2443 2444 2525 2524)
4(339 420 2526 2445)
4(419 2525 2526 420)
4(2444 2445 2526 2525)
4(340 421 2527 2446)
4(420 2526 2527 421)
4(2445 2446 2527 2526)
4(341 422 2528 2447)
4(421 2527 2528 422)
4(2446 2447 2528 2527)
4(342 423 2529 2448)
4(422 2528 2529 423)
4(2447 2448 2529 2528)
4(343 424 2530 2449)
4(423 2529 2530 424)
4(2448 2449 2530 2529)
4(344 425 2531 2450)
4(424 2530 2531 425)
4(2449 2450 2531 2530)
4(345 426 2532 2451)
4(425 2531 2532 426)
4(2450 2451 2532 2531)
4(346 427 2533 2452)
4(426 2532 2533 427)
4(2451 2452 2533 2532)
4(347 428 2534 2453)
4(427 2533 2534 428)
4(2452 2453 2534 2533)
4(348 429 2535 2454)
4(428 2534 2535 429)
4(2453 2454 2535 2534)
4(349 430 2536 2455)
4(429 2535 2536 430)
4(2454 2455 2536 2535)
4(350 431 2537 2456)
4(430 2536 2537 431)
4(2455 2456 2537 2536)
4(351 432 2538 2457)
4(431 2537 2538 432)
4(2456 2457 2538 2537)
4(352 433 2539 2458)
4(432 2538 2539 433)
4(2457 2458 2539 2538)
4(353 434 2540 2459)
4(433 2539 2540 434)
4(2458 2459 2540 2539)
4(354 435 2541 2460)
4(434 2540 2541 435)
4(2459 2460 2541 2540)
4(355 436 2542 2461)
4(435 2541 2542 436)
4(2460 2461 2542 2541)
4(356 437 2543 2462)
4(436 2542 2543 437)
4(2461 2462 2543 2542)
4(357 438 2544 2463)
4(437 2543 2544 438)
4(2462 2463 2544 2543)
4(358 439 2545 2464)
4(438 2544 2545 439)
4(2463 2464 2545 2544)
4(359 440 2546 2465)
4(439 2545 2546 440)
4(2464 2465 2546 2545)
4(360 441 2547 2466)
4(440 2546 2547 441)
4(2465 2466 2547 2546)
4(361 442 2548 2467)
4(441 2547 2548 442)
4(2466 2467 2548 2547)
4(362 443 2549 2468)
4(442 2548 2549 443)
4(2467 2468 2549 2548)
4(363 444 2550 2469)
4(443 2549 2550 444)
4(2468 2469 2550 2549)
4(364 445 2551 2470)
4(444 2550 2551 445)
4(2469 2470 2551 2550)
4(365 446 2552 2471)
4(445 2551 2552 446)
4(2470 2471 2552 2551)
4(366 447 2553 2472)
4(446 2552 2553 447)
4(2471 2472 2553 2552)
4(367 448 2554 2473)
4(447 2553 2554 448)
4(2472 2473 2554 2553)
4(368 449 2555 2474)
4(448 2554 2555 449)
4(2473 2474 2555 2554)
4(369 450 2556 2475)
4(449 2555 2556 450)
4(2474 2475 2556 2555)
4(370 451 2557 2476)
4(450 2556 2557 451)
4(2475 2476 2557 2556)
4(371 452 2558 2477)
4(451 2557 2558 452)
4(2476 2477 2558 2557)
4(372 453 2559 2478)
4(452 2558 2559 453)
4(2477 2478 2559 2558)
4(373 454 2560 2479)
4(453 2559 2560 454)
4(2478 2479 2560 2559)
4(374 455 2561 2480)
4(454 2560 2561 455)
4(2479 2480 2561 2560)
4(375 456 2562 2481)
4(455 2561 2562 456)
4(2480 2481 2562 2561)
4(376 457 2563 2482)
4(456 2562 2563 457)
4(2481 2482 2563 2562)
4(377 458 2564 2483)
4(457 2563 2564 458)
4(2482 2483 2564 2563)
4(378 459 2565 2484)
4(458 2564 2565 459)
4(2483 2484 2565 2564)
4(379 460 2566 2485)
4(459 2565 2566 460)
4(2484 2485 2566 2565)
4(380 461 2567 2486)
4(460 2566 2567 461)
4(2485 2486 2567 2566)
4(381 462 2568 2487)
4(461 2567 2568 462)
4(2486 2487 2568 2567)
4(382 463 2569 2488)
4(462 2568 2569 463)
4(2487 2488 2569 2568)
4(383 464 2570 2489)
4(463 2569 2570 464)
4(2488 2489 2570 2569)
4(384 465 2571 2490)
4(464 2570 2571 465)
4(2489 2490 2571 2570)
4(385 466 2572 2491)
4(465 2571 2572 466)
4(2490 2491 2572 2571)
4(386 467 2573 2492)
4(466 2572 2573 467)
4(2491 2492 2573 2572)
4(387 468 2574 2493)
4(467 2573 2574 468)
4(2492 2493 2574 2573)
4(388 469 2575 2494)
4(468 2574 2575 469)
4(2493 2494 2575 2574)
4(389 470 2576 2495)
4(469 2575 2576 470)
4(2494 2495 2576 2575)
4(390 471 2577 2496)
4(470 2576 2577 471)
4(2495 2496 2577 2576)
4(391 472 2578 2497)
4(471 2577 2578 472)
4(2496 2497 2578 2577)
4(392 473 2579 2498)
4(472 2578 2579 473)
4(2497 2498 2579 2578)
4(393 474 2580 2499)
4(473 2579 2580 474)
4(2498 2499 2580 2579)
4(394 475 2581 2500)
4(474 2580 2581 475)
4(2499 2500 2581 2580)
4(395 476 2582 2501)
4(475 2581 2582 476)
4(2500 2501 2582 2581)
4(396 477 2583 2502)
4(476 2582 2583 477)
4(2501 2502 2583 2582)
4(397 478 2584 2503)
4(477 2583 2584 478)
4(2502 2503 2584 2583)
4(398 479 2585 2504)
4(478 2584 2585 479)
4(2503 2504 2585 2584)
4(399 480 2586 2505)
4(479 2585 2586 480)
4(2504 2505 2586 2585)
4(400 481 2587 2506)
4(480 2586 2587 481)
4(2505 2506 2587 2586)
4(401 482 2588 2507)
4(481 2587 2588 482)
4(2506 2507 2588 2587)
4(402 483 2589 2508)
4(482 2588 2589 483)
4(2507 2508 2589 2588)
4(403 484 2590 2509)
4(483 2589 2590 484)
4(2508 2509 2590 2589)
4(484 2590 2591 485)
4(2509 2510 2591 2590)
4(406 487 2593 2512)
4(486 2592 2593 487)
4(2511 2512 2593 2592)
4(407 488 2594 2513)
4(487 2593 2594 488)
4(2512 2513 2594 2593)
4(408 489 2595 2514)
4(488 2594 2595 489)
4(2513 2514 2595 2594)
4(409 490 2596 2515)
4(489 2595 2596 490)
4(2514 2515 2596 2595)
4(410 491 2597 2516)
4(490 2596 2597 491)
4(2515 2516 2597 2596)
4(411 492 2598 2517)
4(491 2597 2598 492)
4(2516 2517 2598 2597)
4(412 493 2599 2518)
4(492 2598 2599 493)
4(2517 2518 2599 2598)
4(413 494 2600 2519)
4(493 2599 2600 494)
4(2518 2519 2600 2599)
4(414 495 2601 2520)
4(494 2600 2601 495)
4(2519 2520 2601 2600)
4(415 496 2602 2521)
4(495 2601 2602 496)
4(2520 2521 2602 2601)
4(416 497 2603 2522)
4(496 2602 2603 497)
4(2521 2522 2603 2602)
4(417 498 2604 2523)
4(497 2603 2604 498)
4(2522 2523 2604 2603)
4(418 499 2605 2524)
4(498 2604 2605 499)
4(2523 2524 2605 2604)
4(419 500 2606 2525)
4(499 2605 2606 500)
4(2524 2525 2606 2605)
4(420 501 2607 2526)
4(500 2606 2607 501)
4(2525 2526 2607 2606)
4(421 502 2608 2527)
4(501 2607 2608 502)
4(2526 2527 2608 2607)
4(422 503 2609 2528)
4(502 2608 2609 503)
4(2527 2528 2609 2608)
4(423 504 2610 2529)
4(503 2609 2610 504)
4(2528 2529 2610 2609)
4(424 505 2611 2530)
4(504 2610 2611 505)
4(2529 2530 2611 2610)
4(425 506 2612 2531)
4(505 2611 2612 506)
4(2530 2531 2612 2611)
4(426 507 2613 2532)
4(506 2612 2613 507)
4(2531 2532 2613 2612)
4(427 508 2614 2533)
4(507 2613 2614 508)
4(2532 2533 2614 2613)
4(428 509 2615 2534)
4(508 2614 2615 509)
4(2533 2534 2615 2614)
4(429 510 2616 2535)
4(509 2615 2616 510)
4(2534 2535 2616 2615)
4(430 511 2617 2536)
4(510 2616 2617 511)
4(2535 2536 2617 2616)
4(431 512 2618 2537)
4(511 2617 2618 512)
4(2536 2537 2618 2617)
4(432 513 2619 2538)
4(512 2618 2619 513)
4(2537 2538 2619 2618)
4(433 514 2620 2539)
4(513 2619 2620 514)
4(2538 2539 2620 2619)
4(434 515 2621 2540)
4(514 2620 2621 515)
4(2539 2540 2621 2620)
4(435 516 2622 2541)
4(515 2621 2622 516)
4(2540 2541 2622 2621)
4(436 517 2623 2542)
4(516 2622 2623 517)
4(2541 2542 2623 2622)
4(437 518 2624 2543)
4(517 2623 2624 518)
4(2542 2543 2624 2623)
4(438 519 2625 2544)
4(518 2624 2625 519)
4(2543 2544 2625 2624)
4(439 520 2626 2545)
4(519 2625 2626 520)
4(2544 2545 2626 2625)
4(440 521 2627 2546)
4(520 2626 2627 521)
4(2545 2546 2627 2626)
4(441 522 2628 2547)
4(521 2627 2628 522)
4(2546 2547 2628 2627)
4(442 523 2629 2548)
4(522 2628 2629 523)
4(2547 2548 2629 2628)
4(443 524 2630 2549)
4(523 2629 2630 524)
4(2548 2549 2630 2629)
4(444 525 2631 2550)
4(524 2630 2631 525)
4(2549 2550 2631 2630)
4(445 526 2632 2551)
4(525 2631 2632 526)
4(2550 2551 2632 2631)
4(446 527 2633 2552)
4(526 2632 2633 527)
4(2551 2552 2633 2632)
4(447 528 2634 2553)
4(527 2633 2634 528)
4(2552 2553 2634 2633)
4(448 529 2635 2554)
4(528 2634 2635 529)
4(2553 2554 2635 2634)
4(449 530 2636 2555)
4(529 2635 2636 530)
4(2554 2555 2636 2635)
4(450 531 2637 2556)
4(530 2636 2637 531)
4(2555 2556 2637 2636)
4(451 532 2638 2557)
4(531 2637 2638 532)
4(2556 2557 2638 2637)
4(452 533 2639 2558)
4(532 2638 2639 533)
4(2557 2558 2639 2638)
4(453 534 2640 2559)
4(533 2639 2640 534)
4(2558 2559 2640 2639)
4(454 535 2641 2560)
4(534 2640 2641 535)
4(2559 2560 2641 2640)
4(455 536 2642 2561)
4(535 2641 2642 536)
4(2560 2561 2642 2641)
4(456 537 2643 2562)
4(536 2642 2643 537)
4(2561 2562 2643 2642)
4(457 538 2644 2563)
4(537 2643 2644 538)
4(2562 2563 2644 2643)
4(458 539 2645 2564)
4(538 2644 2645 539)
4(2563 2564 2645 2644)
4(459 540 2646 2565)
4(539 2645 2646 540)
4(2564 2565 2646 2645)
4(460 541 2647 2566)
4(540 2646 2647 541)
4(2565 2566 2647 2646)
4(461 542 2648 2567)
4(541 2647 2648 542)
4(2566 2567 2648 2647)
4(462 543 2649 2568)
4(542 2648 2649 543)
4(2567 2568 2649 2648)
4(463 544 2650 2569)
4(543 2649 2650 544)
4(2568 2569 2650 2649)
4(464 545 2651 2570)
4(544 2650 2651 545)
4(2569 2570 2651 2650)
4(465 546 2652 2571)
4(545 2651 2652 546)
4(2570 2571 2652 2651)
4(466 547 2653 2572)
4(546 2652 2653 547)
4(2571 2572 2653 2652)
4(467 548 2654 2573)
4(547 2653 2654 548)
4(2572 2573 2654 2653)
4(468 549 2655 2574)
4(548 2654 2655 549)
4(2573 2574 2655 2654)
4(469 550 2656 2575)
4(549 2655 2656 550)
4(2574 2575 2656 2655)
4(470 551 2657 2576)
4(550 2656 2657 551)
4(2575 2576 2657 2656)
4(471 552 2658 2577)
4(551 2657 2658 552)
4(2576 2577 2658 2657)
4(472 553 2659 2578)
4(552 2658 2659 553)
4(2577 2578 2659 2658)
4(473 554 2660 2579)
4(553 2659 2660 554)
4(2578 2579 2660 2659)
4(474 555 2661 2580)
4(554 2660 2661 555)
4(2579 2580 2661 2660)
4(475 556 2662 2581)
4(555 2661 2662 556)
4(2580 2581 2662 2661)
4(476 557 2663 2582)
4(556 2662 2663 557)
4(2581 2582 2663 2662)
4(477 558 2664 2583)
4(557 2663 2664 558)
4(2582 2583 2664 2663)
4(478 559 2665 2584)
4(558 2664 2665 559)
4(2583 2584 2665 2664)
4(479 560 2666 2585)
4(559 2665 2666 560)
4(2584 2585 2666 2665)
4(480 561 2667 2586)
4(560 2666 2667 561)
4(2585 2586 2667 2666)
4(481 562 2668 2587)
4(561 2667 2668 562)
4(2586 2587 2668 2667)
4(482 563 2669 2588)
4(562 2668 2669 563)
4(2587 2588 2669 2668)
4(483 564 2670 2589)
4(563 2669 2670 564)
4(2588 2589 2670 2669)
4(484 565 2671 2590)
4(564 2670 2671 565)
4(2589 2590 2671 2670)
4(565 2671 2672 566)
4(2590 2591 2672 2671)
4(487 568 2674 2593)
4(567 2673 2674 568)
4(2592 2593 2674 2673)
4(488 569 2675 2594)
4(568 2674 2675 569)
4(2593 2594 2675 2674)
4(489 570 2676 2595)
4(569 2675 2676 570)
4(2594 2595 2676 2675)
4(490 571 2677 2596)
4(570 2676 2677 571)
4(2595 2596 2677 2676)
4(491 572 2678 2597)
4(571 2677 2678 572)
4(2596 2597 2678 2677)
4(492 573 2679 2598)
4(572 2678 2679 573)
4(2597 2598 2679 2678)
4(493 574 2680 2599)
4(573 2679 2680 574)
4(2598 2599 2680 2679)
4(494 575 2681 2600)
4(574 2680 2681 575)
4(2599 2600 2681 2680)
4(495 576 2682 2601)
4(575 2681 2682 576)
4(2600 2601 2682 2681)
4(496 577 2683 2602)
4(576 2682 2683 577)
4(2601 2602 2683 2682)
4(497 578 2684 2603)
4(577 2683 2684 578)
4(2602 2603 2684 2683)
4(498 579 2685 2604)
4(578 2684 2685 579)
4(2603 2604 2685 2684)
4(499 580 2686 2605)
4(579 2685 2686 580)
4(2604 2605 2686 2685)
4(500 581 2687 2606)
4(580 2686 2687 581)
4(2605 2606 2687 2686)
4(501 582 2688 2607)
4(581 2687 2688 582)
4(2606 2607 2688 2687)
4(502 583 2689 2608)
4(582 2688 2689 583)
4(2607 2608 2689 2688)
4(503 584 2690 2609)
4(583 2689 2690 584)
4(2608 2609 2690 2689)
4(504 585 2691 2610)
4(584 2690 2691 585)
4(2609 2610 2691 2690)
4(505 586 2692 2611)
4(585 2691 2692 586)
4(2610 2611 2692 2691)
4(506 587 2693 2612)
4(586 2692 2693 587)
4(2611 2612 2693 2692)
4(507 588 2694 2613)
4(587 2693 2694 588)
4(2612 2613 2694 2693)
4(508 589 2695 2614)
4(588 2694 2695 589)
4(2613 2614 2695 2694)
4(509 590 2696 2615)
4(589 2695 2696 590)
4(2614 2615 2696 2695)
4(510 591 2697 2616)
4(590 2696 2697 591)
4(2615 2616 2697 2696)
4(511 592 2698 2617)
4(591 2697 2698 592)
4(2616 2617 2698 2697)
4(512 593 2699 2618)
4(592 2698 2699 593)
4(2617 2618 2699 2698)
4(513 594 2700 2619)
4(593 2699 2700 594)
4(2618 2619 2700 2699)
4(514 595 2701 2620)
4(594 2700 2701 595)
4(2619 2620 2701 2700)
4(515 596 2702 2621)
4(595 2701 2702 596)
4(2620 2621 2702 2701)
4(516 597 2703 2622)
4(596 2702 2703 597)
4(2621 2622 2703 2702)
4(517 598 2704 2623)
4(597 2703 2704 598)
4(2622 2623 2704 2703)
4(518 599 2705 2624)
4(598 2704 2705 599)
4(2623 2624 2705 2704)
4(519 600 2706 2625)
4(599 2705 2706 600)
4(2624 2625 2706 2705)
4(520 601 2707 2626)
4(600 2706 2707 601)
4(2625 2626 2707 2706)
4(521 602 2708 2627)
4(601 2707 2708 602)
4(2626 2627 2708 2707)
4(522 603 2709 2628)
4(602 2708 2709 603)
4(2627 2628 2709 2708)
4(523 604 2710 2629)
4(603 2709 2710 604)
4(2628 2629 2710 2709)
4(524 605 2711 2630)
4(604 2710 2711 605)
4(2629 2630 2711 2710)
4(525 606 2712 2631)
4(605 2711 2712 606)
4(2630 2631 2712 2711)
4(526 607 2713 2632)
4(606 2712 2713 607)
4(2631 2632 2713 2712)
4(527 608 2714 2633)
4(607 2713 2714 608)
4(2632 2633 2714 2713)
4(528 609 2715 2634)
4(608 2714 2715 609)
4(2633 2634 2715 2714)
4(529 610 2716 2635)
4(609 2715 2716 610)
4(2634 2635 2716 2715)
4(530 611 2717 2636)
4(610 2716 2717 611)
4(2635 2636 2717 2716)
4(531 612 2718 2637)
4(611 2717 2718 612)
4(2636 2637 2718 2717)
4(532 613 2719 2638)
4(612 2718 2719 613)
4(2637 2638 2719 2718)
4(533 614 2720 2639)
4(613 2719 2720 614)
4(2638 2639 2720 2719)
4(534 615 2721 2640)
4(614 2720 2721 615)
4(2639 2640 2721 2720)
4(535 616 2722 2641)
4(615 2721 2722 616)
4(2640 2641 2722 2721)
4(536 617 2723 2642)
4(616 2722 2723 617)
4(2641 2642 2723 2722)
4(537 618 2724 2643)
4(617 2723 2724 618)
4(2642 2643 2724 2723)
4(538 619 2725 2644)
4(618 2724 2725 619)
4(2643 2644 2725 2724)
4(539 620 2726 2645)
4(619 2725 2726 620)
4(2644 2645 2726 2725)
4(540 621 2727 2646)
4(620 2726 2727 621)
4(2645 2646 2727 2726)
4(541 622 2728 2647)
4(621 2727 2728 622)
4(2646 2647 2728 2727)
4(542 623 2729 2648)
4(622 2728 2729 623)
4(2647 2648 2729 2728)
4(543 624 2730 2649)
4(623 2729 2730 624)
4(2648 2649 2730 2729)
4(544 625 2731 2650)
4(624 2730 2731 625)
4(2649 2650 2731 2730)
4(545 626 2732 2651)
4(625 2731 2732 626)
4(2650 2651 2732 2731)
4(546 627 2733 2652)
4(626 2732 2733 627)
4(2651 2652 2733 2732)
4(547 628 2734 2653)
4(627 2733 2734 628)
4(2652 2653 2734 2733)
4(548 629 2735 2654)
4(628 2734 2735 629)
4(2653 2654 2735 2734)
4(549 630 2736 2655)
4(629 2735 2736 630)
4(2654 2655 2736 2735)
4(550 631 2737 2656)
4(630 2736 2737 631)
4(2655 2656 2737 2736)
4(551 632 2738 2657)
4(631 2737 2738 632)
4(2656 2657 2738 2737)
4(552 633 2739 2658)
4(632 2738 2739 633)
4(2657 2658 2739 2738)
4(553 634 2740 2659)
4(633 2739 2740 634)
4(2658 2659 2740 2739)
4(554 635 2741 2660)
4(634 2740 2741 635)
4(2659 2660 2741 2740)
4(555 636 2742 2661)
4(635 2741 2742 636)
4(2660 2661 2742 2741)
4(556 637 2743 2662)
4(636 2742 2743 637)
4(2661 2662 2743 2742)
4(557 638 2744 2663)
4(637 2743 2744 638)
4(2662 2663 2744 2743)
4(558 639 2745 2664)
4(638 2744 2745 639)
4(2663 2664 2745 2744)
4(559 640 2746 2665)
4(639 2745 2746 640)
4(2664 2665 2746 2745)
4(560 641 2747 2666)
4(640 2746 2747 641)
4(2665 2666 2747 2746)
4(561 642 2748 2667)
4(641 2747 2748 642)
4(2666 2667 2748 2747)
4(562 643 2749 2668)
4(642 2748 2749 643)
4(2667 2668 2749 2748)
4(563 644 2750 2669)
4(643 2749 2750 644)
4(2668 2669 2750 2749)
4(564 645 2751 2670)
4(644 2750 2751 645)
4(2669 2670 2751 2750)
4(565 646 2752 2671)
4(645 2751 2752 646)
4(2670 2671 2752 2751)
4(646 2752 2753 647)
4(2671 2672 2753 2752)
4(568 649 2755 2674)
4(648 2754 2755 649)
4(2673 2674 2755 2754)
4(569 650 2756 2675)
4(649 2755 2756 650)
4(2674 2675 2756 2755)
4(570 651 2757 2676)
4(650 2756 2757 651)
4(2675 2676 2757 2756)
4(571 652 2758 2677)
4(651 2757 2758 652)
4(2676 2677 2758 2757)
4(572 653 2759 2678)
4(652 2758 2759 653)
4(2677 2678 2759 2758)
4(573 654 2760 2679)
4(653 2759 2760 654)
4(2678 2679 2760 2759)
4(574 655 2761 2680)
4(654 2760 2761 655)
4(2679 2680 2761 2760)
4(575 656 2762 2681)
4(655 2761 2762 656)
4(2680 2681 2762 2761)
4(576 657 2763 2682)
4(656 2762 2763 657)
4(2681 2682 2763 2762)
4(577 658 2764 2683)
4(657 2763 2764 658)
4(2682 2683 2764 2763)
4(578 659 2765 2684)
4(658 2764 2765 659)
4(2683 2684 2765 2764)
4(579 660 2766 2685)
4(659 2765 2766 660)
4(2684 2685 2766 2765)
4(580 661 2767 2686)
4(660 2766 2767 661)
4(2685 2686 2767 2766)
4(581 662 2768 2687)
4(661 2767 2768 662)
4(2686 2687 2768 2767)
4(582 663 2769 2688)
4(662 2768 2769 663)
4(2687 2688 2769 2768)
4(583 664 2770 2689)
4(663 2769 2770 664)
4(2688 2689 2770 2769)
4(584 665 2771 2690)
4(664 2770 2771 665)
4(2689 2690 2771 2770)
4(585 666 2772 2691)
4(665 2771 2772 666)
4(2690 2691 2772 2771)
4(586 667 2773 2692)
4(666 2772 2773 667)
4(2691 2692 2773 2772)
4(587 668 2774 2693)
4(667 2773 2774 668)
4(2692 2693 2774 2773)
4(588 669 2775 2694)
4(668 2774 2775 669)
4(2693 2694 2775 2774)
4(589 670 2776 2695)
4(669 2775 2776 670)
4(2694 2695 2776 2775)
4(590 671 2777 2696)
4(670 2776 2777 671)
4(2695 2696 2777 2776)
4(591 672 2778 2697)
4(671 2777 2778 672)
4(2696 2697 2778 2777)
4(592 673 2779 2698)
4(672 2778 2779 673)
4(2697 2698 2779 2778)
4(593 674 2780 2699)
4(673 2779 2780 674)
4(2698 2699 2780 2779)
4(594 675 2781 2700)
4(674 2780 2781 675)
4(2699 2700 2781 2780)
4(595 676 2782 2701)
4(675 2781 2782 676)
4(2700 2701 2782 2781)
4(596 677 2783 2702)
4(676 2782 2783 677)
4(2701 2702 2783 2782)
4(597 678 2784 2703)
4(677 2783 2784 678)
4(2702 2703 2784 2783)
4(598 679 2785 2704)
4(678 2784 2785 679)
4(2703 2704 2785 2784)
4(599 680 2786 2705)
4(679 2785 2786 680)
4(2704 2705 2786 2785)
4(600 681 2787 2706)
4(680 2786 2787 681)
4(2705 2706 2787 2786)
4(601 682 2788 2707)
4(681 2787 2788 682)
4(2706 2707 2788 2787)
4(602 683 2789 2708)
4(682 2788 2789 683)
4(2707 2708 2789 2788)
4(603 684 2790 2709)
4(683 2789 2790 684)
4(2708 2709 2790 2789)
4(604 685 2791 2710)
4(684 2790 2791 685)
4(2709 2710 2791 2790)
4(605 686 2792 2711)
4(685 2791 2792 686)
4(2710 2711 2792 2791)
4(606 687 2793 2712)
4(686 2792 2793 687)
4(2711 2712 2793 2792)
4(607 688 2794 2713)
4(687 2793 2794 688)
4(2712 2713 2794 2793)
4(608 689 2795 2714)
4(688 2794 2795 689)
4(2713 2714 2795 2794)
4(609 690 2796 2715)
4(689 2795 2796 690)
4(2714 2715 2796 2795)
4(610 691 2797 2716)
4(690 2796 2797 691)
4(2715 2716 2797 2796)
4(611 692 2798 2717)
4(691 2797 2798 692)
4(2716 2717 2798 2797)
4(612 693 2799 2718)
4(692 2798 2799 693)
4(2717 2718 2799 2798)
4(613 694 2800 2719)
4(693 2799 2800 694)
4(2718 2719 2800 2799)
4(614 695 2801 2720)
4(694 2800 2801 695)
4(2719 2720 2801 2800)
4(615 696 2802 2721)
4(695 2801 2802 696)
4(2720 2721 2802 2801)
4(616 697 2803 2722)
4(696 2802 2803 697)
4(2721 2722 2803 2802)
4(617 698 2804 2723)
4(697 2803 2804 698)
4(2722 2723 2804 2803)
4(618 699 2805 2724)
4(698 2804 2805 699)
4(2723 2724 2805 2804)
4(619 700 2806 2725)
4(699 2805 2806 700)
4(2724 2725 2806 2805)
4(620 701 2807 2726)
4(700 2806 2807 701)
4(2725 2726 2807 2806)
4(621 702 2808 2727)
4(701 2807 2808 702)
4(2726 2727 2808 2807)
4(622 703 2809 2728)
4(702 2808 2809 703)
4(2727 2728 2809 2808)
4(623 704 2810 2729)
4(703 2809 2810 704)
4(2728 2729 2810 2809)
4(624 705 2811 2730)
4(704 2810 2811 705)
4(2729 2730 2811 2810)
4(625 706 2812 2731)
4(705 2811 2812 706)
4(2730 2731 2812 2811)
4(626 707 2813 2732)
4(706 2812 2813 707)
4(2731 2732 2813 2812)
4(627 708 2814 2733)
4(707 2813 2814 708)
4(2732 2733 2814 2813)
4(628 709 2815 2734)
4(708 2814 2815 709)
4(2733 2734 2815 2814)
4(629 710 2816 2735)
4(709 2815 2816 710)
4(2734 2735 2816 2815)
4(630 711 2817 2736)
4(710 2816 2817 711)
4(2735 2736 2817 2816)
4(631 712 2818 2737)
4(711 2817 2818 712)
4(2736 2737 2818 2817)
4(632 713 2819 2738)
4(712 2818 2819 713)
4(2737 2738 2819 2818)
4(633 714 2820 2739)
4(713 2819 2820 714)
4(2738 2739 2820 2819)
4(634 715 2821 2740)
4(714 2820 2821 715)
4(2739 2740 2821 2820)
4(635 716 2822 2741)
4(715 2821 2822 716)
4(2740 2741 2822 2821)
4(636 717 2823 2742)
4(716 2822 2823 717)
4(2741 2742 2823 2822)
4(637 718 2824 2743)
4(717 2823 2824 718)
4(2742 2743 2824 2823)
4(638 719 2825 2744)
4(718 2824 2825 719)
4(2743 2744 2825 2824)
4(639 720 2826 2745)
4(719 2825 2826 720)
4(2744 2745 2826 2825)
4(640 721 2827 2746)
4(720 2826 2827 721)
4(2745 2746 2827 2826)
4(641 722 2828 2747)
4(721 2827 2828 722)
4(2746 2747 2828 2827)
4(642 723 2829 2748)
4(722 2828 2829 723)
4(2747 2748 2829 2828)
4(643 724 2830 2749)
4(723 2829 2830 724)
4(2748 2749 2830 2829)
4(644 725 2831 2750)
4(724 2830 2831 725)
4(2749 2750 2831 2830)
4(645 726 2832 2751)
4(725 2831 2832 726)
4(2750 2751 2832 2831)
4(646 727 2833 2752)
4(726 2832 2833 727)
4(2751 2752 2833 2832)
4(727 2833 2834 728)
4(2752 2753 2834 2833)
4(649 730 2836 2755)
4(729 2835 2836 730)
4(2754 2755 2836 2835)
4(650 731 2837 2756)
4(730 2836 2837 731)
4(2755 2756 2837 2836)
4(651 732 2838 2757)
4(731 2837 2838 732)
4(2756 2757 2838 2837)
4(652 733 2839 2758)
4(732 2838 2839 733)
4(2757 2758 2839 2838)
4(653 734 2840 2759)
4(733 2839 2840 734)
4(2758 2759 2840 2839)
4(654 735 2841 2760)
4(734 2840 2841 735)
4(2759 2760 2841 2840)
4(655 736 2842 2761)
4(735 2841 2842 736)
4(2760 2761 2842 2841)
4(656 737 2843 2762)
4(736 2842 2843 737)
4(2761 2762 2843 2842)
4(657 738 2844 2763)
4(737 2843 2844 738)
4(2762 2763 2844 2843)
4(658 739 2845 2764)
4(738 2844 2845 739)
4(2763 2764 2845 2844)
4(659 740 2846 2765)
4(739 2845 2846 740)
4(2764 2765 2846 2845)
4(660 741 2847 2766)
4(740 2846 2847 741)
4(2765 2766 2847 2846)
4(661 742 2848 2767)
4(741 2847 2848 742)
4(2766 2767 2848 2847)
4(662 743 2849 2768)
4(742 2848 2849 743)
4(2767 2768 2849 2848)
4(663 744 2850 2769)
4(743 2849 2850 744)
4(2768 2769 2850 2849)
4(664 745 2851 2770)
4(744 2850 2851 745)
4(2769 2770 2851 2850)
4(665 746 2852 2771)
4(745 2851 2852 746)
4(2770 2771 2852 2851)
4(666 747 2853 2772)
4(746 2852 2853 747)
4(2771 2772 2853 2852)
4(667 748 2854 2773)
4(747 2853 2854 748)
4(2772 2773 2854 2853)
4(668 749 2855 2774)
4(748 2854 2855 749)
4(2773 2774 2855 2854)
4(669 750 2856 2775)
4(749 2855 2856 750)
4(2774 2775 2856 2855)
4(670 751 2857 2776)
4(750 2856 2857 751)
4(2775 2776 2857 2856)
4(671 752 2858 2777)
4(751 2857 2858 752)
4(2776 2777 2858 2857)
4(672 753 2859 2778)
4(752 2858 2859 753)
4(2777 2778 2859 2858)
4(673 754 2860 2779)
4(753 2859 2860 754)
4(2778 2779 2860 2859)
4(674 755 2861 2780)
4(754 2860 2861 755)
4(2779 2780 2861 2860)
4(675 756 2862 2781)
4(755 2861 2862 756)
4(2780 2781 2862 2861)
4(676 757 2863 2782)
4(756 2862 2863 757)
4(2781 2782 2863 2862)
4(677 758 2864 2783)
4(757 2863 2864 758)
4(2782 2783 2864 2863)
4(678 759 2865 2784)
4(758 2864 2865 759)
4(2783 2784 2865 2864)
4(679 760 2866 2785)
4(759 2865 2866 760)
4(2784 2785 2866 2865)
4(680 761 2867 2786)
4(760 2866 2867 761)
4(2785 2786 2867 2866)
4(681 762 2868 2787)
4(761 2867 2868 762)
4(2786 2787 2868 2867)
4(682 763 2869 2788)
4(762 2868 2869 763)
4(2787 2788 2869 2868)
4(683 764 2870 2789)
4(763 2869 2870 764)
4(2788 2789 2870 2869)
4(684 765 2871 2790)
4(764 2870 2871 765)
4(2789 2790 2871 2870)
4(685 766 2872 2791)
4(765 2871 2872 766)
4(2790 2791 2872 2871)
4(686 767 2873 2792)
4(766 2872 2873 767)
4(2791 2792 2873 2872)
4(687 768 2874 2793)
4(767 2873 2874 768)
4(2792 2793 2874 2873)
4(688 769 2875 2794)
4(768 2874 2875 769)
4(2793 2794 2875 2874)
4(689 770 2876 2795)
4(769 2875 2876 770)
4(2794 2795 2876 2875)
4(690 771 2877 2796)
4(770 2876 2877 771)
4(2795 2796 2877 2876)
4(691 772 2878 2797)
4(771 2877 2878 772)
4(2796 2797 2878 2877)
4(692 773 2879 2798)
4(772 2878 2879 773)
4(2797 2798 2879 2878)
4(693 774 2880 2799)
4(773 2879 2880 774)
4(2798 2799 2880 2879)
4(694 775 2881 2800)
4(774 2880 2881 775)
4(2799 2800 2881 2880)
4(695 776 2882 2801)
4(775 2881 2882 776)
4(2800 2801 2882 2881)
4(696 777 2883 2802)
4(776 2882 2883 777)
4(2801 2802 2883 2882)
4(697 778 2884 2803)
4(777 2883 2884 778)
4(2802 2803 2884 2883)
4(698 779 2885 2804)
4(778 2884 2885 779)
4(2803 2804 2885 2884)
4(699 780 2886 2805)
4(779 2885 2886 780)
4(2804 2805 2886 2885)
4(700 781 2887 2806)
4(780 2886 2887 781)
4(2805 2806 2887 2886)
4(701 782 2888 2807)
4(781 2887 2888 782)
4(2806 2807 2888 2887)
4(702 783 2889 2808)
4(782 2888 2889 783)
4(2807 2808 2889 2888)
4(703 784 2890 2809)
4(783 2889 2890 784)
4(2808 2809 2890 2889)
4(704 785 2891 2810)
4(784 2890 2891 785)
4(2809 2810 2891 2890)
4(705 786 2892 2811)
4(785 2891 2892 786)
4(2810 2811 2892 2891)
4(706 787 2893 2812)
4(786 2892 2893 787)
4(2811 2812 2893 2892)
4(707 788 2894 2813)
4(787 2893 2894 788)
4(2812 2813 2894 2893)
4(708 789 2895 2814)
4(788 2894 2895 789)
4(2813 2814 2895 2894)
4(709 790 2896 2815)
4(789 2895 2896 790)
4(2814 2815 2896 2895)
4(710 791 2897 2816)
4(790 2896 2897 791)
4(2815 2816 2897 2896)
4(711 792 2898 2817)
4(791 2897 2898 792)
4(2816 2817 2898 2897)
4(712 793 2899 2818)
4(792 2898 2899 793)
4(2817 2818 2899 2898)
4(713 794 2900 2819)
4(793 2899 2900 794)
4(2818 2819 2900 2899)
4(714 795 2901 2820)
4(794 2900 2901 795)
4(2819 2820 2901 2900)
4(715 796 2902 2821)
4(795 2901 2902 796)
4(2820 2821 2902 2901)
4(716 797 2903 2822)
4(796 2902 2903 797)
4(2821 2822 2903 2902)
4(717 798 2904 2823)
4(797 2903 2904 798)
4(2822 2823 2904 2903)
4(718 799 2905 2824)
4(798 2904 2905 799)
4(2823 2824 2905 2904)
4(719 800 2906 2825)
4(799 2905 2906 800)
4(2824 2825 2906 2905)
4(720 801 2907 2826)
4(800 2906 2907 801)
4(2825 2826 2907 2906)
4(721 802 2908 2827)
4(801 2907 2908 802)
4(2826 2827 2908 2907)
4(722 803 2909 2828)
4(802 2908 2909 803)
4(2827 2828 2909 2908)
4(723 804 2910 2829)
4(803 2909 2910 804)
4(2828 2829 2910 2909)
4(724 805 2911 2830)
4(804 2910 2911 805)
4(2829 2830 2911 2910)
4(725 806 2912 2831)
4(805 2911 2912 806)
4(2830 2831 2912 2911)
4(726 807 2913 2832)
4(806 2912 2913 807)
4(2831 2832 2913 2912)
4(727 808 2914 2833)
4(807 2913 2914 808)
4(2832 2833 2914 2913)
4(808 2914 2915 809)
4(2833 2834 2915 2914)
4(730 811 2917 2836)
4(810 2916 2917 811)
4(2835 2836 2917 2916)
4(731 812 2918 2837)
4(811 2917 2918 812)
4(2836 2837 2918 2917)
4(732 813 2919 2838)
4(812 2918 2919 813)
4(2837 2838 2919 2918)
4(733 814 2920 2839)
4(813 2919 2920 814)
4(2838 2839 2920 2919)
4(734 815 2921 2840)
4(814 2920 2921 815)
4(2839 2840 2921 2920)
4(735 816 2922 2841)
4(815 2921 2922 816)
4(2840 2841 2922 2921)
4(736 817 2923 2842)
4(816 2922 2923 817)
4(2841 2842 2923 2922)
4(737 818 2924 2843)
4(817 2923 2924 818)
4(2842 2843 2924 2923)
4(738 819 2925 2844)
4(818 2924 2925 819)
4(2843 2844 2925 2924)
4(739 820 2926 2845)
4(819 2925 2926 820)
4(2844 2845 2926 2925)
4(740 821 2927 2846)
4(820 2926 2927 821)
4(2845 2846 2927 2926)
4(741 822 2928 2847)
4(821 2927 2928 822)
4(2846 2847 2928 2927)
4(742 823 2929 2848)
4(822 2928 2929 823)
4(2847 2848 2929 2928)
4(743 824 2930 2849)
4(823 2929 2930 824)
4(2848 2849 2930 2929)
4(744 825 2931 2850)
4(824 2930 2931 825)
4(2849 2850 2931 2930)
4(745 826 2932 2851)
4(825 2931 2932 826)
4(2850 2851 2932 2931)
4(746 827 2933 2852)
4(826 2932 2933 827)
4(2851 2852 2933 2932)
4(747 828 2934 2853)
4(827 2933 2934 828)
4(2852 2853 2934 2933)
4(748 829 2935 2854)
4(828 2934 2935 829)
4(2853 2854 2935 2934)
4(749 830 2936 2855)
4(829 2935 2936 830)
4(2854 2855 2936 2935)
4(750 831 2937 2856)
4(830 2936 2937 831)
4(2855 2856 2937 2936)
4(751 832 2938 2857)
4(831 2937 2938 832)
4(2856 2857 2938 2937)
4(752 833 2939 2858)
4(832 2938 2939 833)
4(2857 2858 2939 2938)
4(753 834 2940 2859)
4(833 2939 2940 834)
4(2858 2859 2940 2939)
4(754 835 2941 2860)
4(834 2940 2941 835)
4(2859 2860 2941 2940)
4(755 836 2942 2861)
4(835 2941 2942 836)
4(2860 2861 2942 2941)
4(756 837 2943 2862)
4(836 2942 2943 837)
4(2861 2862 2943 2942)
4(757 838 2944 2863)
4(837 2943 2944 838)
4(2862 2863 2944 2943)
4(758 839 2945 2864)
4(838 2944 2945 839)
4(2863 2864 2945 2944)
4(759 840 2946 2865)
4(839 2945 2946 840)
4(2864 2865 2946 2945)
4(760 841 2947 2866)
4(840 2946 2947 841)
4(2865 2866 2947 2946)
4(761 842 2948 2867)
4(841 2947 2948 842)
4(2866 2867 2948 2947)
4(762 843 2949 2868)
4(842 2948 2949 843)
4(2867 2868 2949 2948)
4(763 844 2950 2869)
4(843 2949 2950 844)
4(2868 2869 2950 2949)
4(764 845 2951 2870)
4(844 2950 2951 845)
4(2869 2870 2951 2950)
4(765 846 2952 2871)
4(845 2951 2952 846)
4(2870 2871 2952 2951)
4(766 847 2953 2872)
4(846 2952 2953 847)
4(2871 2872 2953 2952)
4(767 848 2954 2873)
4(847 2953 2954 848)
4(2872 2873 2954 2953)
4(768 849 2955 2874)
4(848 2954 2955 849)
4(2873 2874 2955 2954)
4(769 850 2956 2875)
4(849 2955 2956 850)
4(2874 2875 2956 2955)
4(770 851 2957 2876)
4(850 2956 2957 851)
4(2875 2876 2957 2956)
4(771 852 2958 2877)
4(851 2957 2958 852)
4(2876 2877 2958 2957)
4(772 853 2959 2878)
4(852 2958 2959 853)
4(2877 2878 2959 2958)
4(773 854 2960 2879)
4(853 2959 2960 854)
4(2878 2879 2960 2959)
4(774 855 2961 2880)
4(854 2960 2961 855)
4(2879 2880 2961 2960)
4(775 856 2962 2881)
4(855 2961 2962 856)
4(2880 2881 2962 2961)
4(776 857 2963 2882)
4(856 2962 2963 857)
4(2881 2882 2963 2962)
4(777 858 2964 2883)
4(857 2963 2964 858)
4(2882 2883 2964 2963)
4(778 859 2965 2884)
4(858 2964 2965 859)
4(2883 2884 2965 2964)
4(779 860 2966 2885)
4(859 2965 2966 860)
4(2884 2885 2966 2965)
4(780 861 2967 2886)
4(860 2966 2967 861)
4(2885 2886 2967 2966)
4(781 862 2968 2887)
4(861 2967 2968 862)
4(2886 2887 2968 2967)
4(782 863 2969 2888)
4(862 2968 2969 863)
4(2887 2888 2969 2968)
4(783 864 2970 2889)
4(863 2969 2970 864)
4(2888 2889 2970 2969)
4(784 865 2971 2890)
4(864 2970 2971 865)
4(2889 2890 2971 2970)
4(785 866 2972 2891)
4(865 2971 2972 866)
4(2890 2891 2972 2971)
4(786 867 2973 2892)
4(866 2972 2973 867)
4(2891 2892 2973 2972)
4(787 868 2974 2893)
4(867 2973 2974 868)
4(2892 2893 2974 2973)
4(788 869 2975 2894)
4(868 2974 2975 869)
4(2893 2894 2975 2974)
4(789 870 2976 2895)
4(869 2975 2976 870)
4(2894 2895 2976 2975)
4(790 871 2977 2896)
4(870 2976 2977 871)
4(2895 2896 2977 2976)
4(791 872 2978 2897)
4(871 2977 2978 872)
4(2896 2897 2978 2977)
4(792 873 2979 2898)
4(872 2978 2979 873)
4(2897 2898 2979 2978)
4(793 874 2980 2899)
4(873 2979 2980 874)
4(2898 2899 2980 2979)
4(794 875 2981 2900)
4(874 2980 2981 875)
4(2899 2900 2981 2980)
4(795 876 2982 2901)
4(875 2981 2982 876)
4(2900 2901 2982 2981)
4(796 877 2983 2902)
4(876 2982 2983 877)
4(2901 2902 2983 2982)
4(797 878 2984 2903)
4(877 2983 2984 878)
4(2902 2903 2984 2983)
4(798 879 2985 2904)
4(878 2984 2985 879)
4(2903 2904 2985 2984)
4(799 880 2986 2905)
4(879 2985 2986 880)
4(2904 2905 2986 2985)
4(800 881 2987 2906)
4(880 2986 2987 881)
4(2905 2906 2987 2986)
4(801 882 2988 2907)
4(881 2987 2988 882)
4(2906 2907 2988 2987)
4(802 883 2989 2908)
4(882 2988 2989 883)
4(2907 2908 2989 2988)
4(803 884 2990 2909)
4(883 2989 2990 884)
4(2908 2909 2990 2989)
4(804 885 2991 2910)
4(884 2990 2991 885)
4(2909 2910 2991 2990)
4(805 886 2992 2911)
4(885 2991 2992 886)
4(2910 2911 2992 2991)
4(806 887 2993 2912)
4(886 2992 2993 887)
4(2911 2912 2993 2992)
4(807 888 2994 2913)
4(887 2993 2994 888)
4(2912 2913 2994 2993)
4(808 889 2995 2914)
4(888 2994 2995 889)
4(2913 2914 2995 2994)
4(889 2995 2996 890)
4(2914 2915 2996 2995)
4(811 892 2998 2917)
4(891 2997 2998 892)
4(2916 2917 2998 2997)
4(812 893 2999 2918)
4(892 2998 2999 893)
4(2917 2918 2999 2998)
4(813 894 3000 2919)
4(893 2999 3000 894)
4(2918 2919 3000 2999)
4(814 895 3001 2920)
4(894 3000 3001 895)
4(2919 2920 3001 3000)
4(815 896 3002 2921)
4(895 3001 3002 896)
4(2920 2921 3002 3001)
4(816 897 3003 2922)
4(896 3002 3003 897)
4(2921 2922 3003 3002)
4(817 898 3004 2923)
4(897 3003 3004 898)
4(2922 2923 3004 3003)
4(818 899 3005 2924)
4(898 3004 3005 899)
4(2923 2924 3005 3004)
4(819 900 3006 2925)
4(899 3005 3006 900)
4(2924 2925 3006 3005)
4(820 901 3007 2926)
4(900 3006 3007 901)
4(2925 2926 3007 3006)
4(821 902 3008 2927)
4(901 3007 3008 902)
4(2926 2927 3008 3007)
4(822 903 3009 2928)
4(902 3008 3009 903)
4(2927 2928 3009 3008)
4(823 904 3010 2929)
4(903 3009 3010 904)
4(2928 2929 3010 3009)
4(824 905 3011 2930)
4(904 3010 3011 905)
4(2929 2930 3011 3010)
4(825 906 3012 2931)
4(905 3011 3012 906)
4(2930 2931 3012 3011)
4(826 907 3013 2932)
4(906 3012 3013 907)
4(2931 2932 3013 3012)
4(827 908 3014 2933)
4(907 3013 3014 908)
4(2932 2933 3014 3013)
4(828 909 3015 2934)
4(908 3014 3015 909)
4(2933 2934 3015 3014)
4(829 910 3016 2935)
4(909 3015 3016 910)
4(2934 2935 3016 3015)
4(830 911 3017 2936)
4(910 3016 3017 911)
4(2935 2936 3017 3016)
4(831 912 3018 2937)
4(911 3017 3018 912)
4(2936 2937 3018 3017)
4(832 913 3019 2938)
4(912 3018 3019 913)
4(2937 2938 3019 3018)
4(833 914 3020 2939)
4(913 3019 3020 914)
4(2938 2939 3020 3019)
4(834 915 3021 2940)
4(914 3020 3021 915)
4(2939 2940 3021 3020)
4(835 916 3022 2941)
4(915 3021 3022 916)
4(2940 2941 3022 3021)
4(836 917 3023 2942)
4(916 3022 3023 917)
4(2941 2942 3023 3022)
4(837 918 3024 2943)
4(917 3023 3024 918)
4(2942 2943 3024 3023)
4(838 919 3025 2944)
4(918 3024 3025 919)
4(2943 2944 3025 3024)
4(839 920 3026 2945)
4(919 3025 3026 920)
4(2944 2945 3026 3025)
4(840 921 3027 2946)
4(920 3026 3027 921)
4(2945 2946 3027 3026)
4(841 922 3028 2947)
4(921 3027 3028 922)
4(2946 2947 3028 3027)
4(842 923 3029 2948)
4(922 3028 3029 923)
4(2947 2948 3029 3028)
4(843 924 3030 2949)
4(923 3029 3030 924)
4(2948 2949 3030 3029)
4(844 925 3031 2950)
4(924 3030 3031 925)
4(2949 2950 3031 3030)
4(845 926 3032 2951)
4(925 3031 3032 926)
4(2950 2951 3032 3031)
4(846 927 3033 2952)
4(926 3032 3033 927)
4(2951 2952 3033 3032)
4(847 928 3034 2953)
4(927 3033 3034 928)
4(2952 2953 3034 3033)
4(848 929 3035 2954)
4(928 3034 3035 929)
4(2953 2954 3035 3034)
4(849 930 3036 2955)
4(929 3035 3036 930)
4(2954 2955 3036 3035)
4(850 931 3037 2956)
4(930 3036 3037 931)
4(2955 2956 3037 3036)
4(851 932 3038 2957)
4(931 3037 3038 932)
4(2956 2957 3038 3037)
4(852 933 3039 2958)
4(932 3038 3039 933)
4(2957 2958 3039 3038)
4(853 934 3040 2959)
4(933 3039 3040 934)
4(2958 2959 3040 3039)
4(854 935 3041 2960)
4(934 3040 3041 935)
4(2959 2960 3041 3040)
4(855 936 3042 2961)
4(935 3041 3042 936)
4(2960 2961 3042 3041)
4(856 937 3043 2962)
4(936 3042 3043 937)
4(2961 2962 3043 3042)
4(857 938 3044 2963)
4(937 3043 3044 938)
4(2962 2963 3044 3043)
4(858 939 3045 2964)
4(938 3044 3045 939)
4(2963 2964 3045 3044)
4(859 940 3046 2965)
4(939 3045 3046 940)
4(2964 2965 3046 3045)
4(860 941 3047 2966)
4(940 3046 3047 941)
4(2965 2966 3047 3046)
4(861 942 3048 2967)
4(941 3047 3048 942)
4(2966 2967 3048 3047)
4(862 943 3049 2968)
4(942 3048 3049 943)
4(2967 2968 3049 3048)
4(863 944 3050 2969)
4(943 3049 3050 944)
4(2968 2969 3050 3049)
4(864 945 3051 2970)
4(944 3050 3051 945)
4(2969 2970 3051 3050)
4(865 946 3052 2971)
4(945 3051 3052 946)
4(2970 2971 3052 3051)
4(866 947 3053 2972)
4(946 3052 3053 947)
4(2971 2972 3053 3052)
4(867 948 3054 2973)
4(947 3053 3054 948)
4(2972 2973 3054 3053)
4(868 949 3055 2974)
4(948 3054 3055 949)
4(2973 2974 3055 3054)
4(869 950 3056 2975)
4(949 3055 3056 950)
4(2974 2975 3056 3055)
4(870 951 3057 2976)
4(950 3056 3057 951)
4(2975 2976 3057 3056)
4(871 952 3058 2977)
4(951 3057 3058 952)
4(2976 2977 3058 3057)
4(872 953 3059 2978)
4(952 3058 3059 953)
4(2977 2978 3059 3058)
4(873 954 3060 2979)
4(953 3059 3060 954)
4(2978 2979 3060 3059)
4(874 955 3061 2980)
4(954 3060 3061 955)
4(2979 2980 3061 3060)
4(875 956 3062 2981)
4(955 3061 3062 956)
4(2980 2981 3062 3061)
4(876 957 3063 2982)
4(956 3062 3063 957)
4(2981 2982 3063 3062)
4(877 958 3064 2983)
4(957 3063 3064 958)
4(2982 2983 3064 3063)
4(878 959 3065 2984)
4(958 3064 3065 959)
4(2983 2984 3065 3064)
4(879 960 3066 2985)
4(959 3065 3066 960)
4(2984 2985 3066 3065)
4(880 961 3067 2986)
4(960 3066 3067 961)
4(2985 2986 3067 3066)
4(881 962 3068 2987)
4(961 3067 3068 962)
4(2986 2987 3068 3067)
4(882 963 3069 2988)
4(962 3068 3069 963)
4(2987 2988 3069 3068)
4(883 964 3070 2989)
4(963 3069 3070 964)
4(2988 2989 3070 3069)
4(884 965 3071 2990)
4(964 3070 3071 965)
4(2989 2990 3071 3070)
4(885 966 3072 2991)
4(965 3071 3072 966)
4(2990 2991 3072 3071)
4(886 967 3073 2992)
4(966 3072 3073 967)
4(2991 2992 3073 3072)
4(887 968 3074 2993)
4(967 3073 3074 968)
4(2992 2993 3074 3073)
4(888 969 3075 2994)
4(968 3074 3075 969)
4(2993 2994 3075 3074)
4(889 970 3076 2995)
4(969 3075 3076 970)
4(2994 2995 3076 3075)
4(970 3076 3077 971)
4(2995 2996 3077 3076)
4(892 973 3079 2998)
4(972 3078 3079 973)
4(2997 2998 3079 3078)
4(893 974 3080 2999)
4(973 3079 3080 974)
4(2998 2999 3080 3079)
4(894 975 3081 3000)
4(974 3080 3081 975)
4(2999 3000 3081 3080)
4(895 976 3082 3001)
4(975 3081 3082 976)
4(3000 3001 3082 3081)
4(896 977 3083 3002)
4(976 3082 3083 977)
4(3001 3002 3083 3082)
4(897 978 3084 3003)
4(977 3083 3084 978)
4(3002 3003 3084 3083)
4(898 979 3085 3004)
4(978 3084 3085 979)
4(3003 3004 3085 3084)
4(899 980 3086 3005)
4(979 3085 3086 980)
4(3004 3005 3086 3085)
4(900 981 3087 3006)
4(980 3086 3087 981)
4(3005 3006 3087 3086)
4(901 982 3088 3007)
4(981 3087 3088 982)
4(3006 3007 3088 3087)
4(902 983 3089 3008)
4(982 3088 3089 983)
4(3007 3008 3089 3088)
4(903 984 3090 3009)
4(983 3089 3090 984)
4(3008 3009 3090 3089)
4(904 985 3091 3010)
4(984 3090 3091 985)
4(3009 3010 3091 3090)
4(905 986 3092 3011)
4(985 3091 3092 986)
4(3010 3011 3092 3091)
4(906 987 3093 3012)
4(986 3092 3093 987)
4(3011 3012 3093 3092)
4(907 988 3094 3013)
4(987 3093 3094 988)
4(3012 3013 3094 3093)
4(908 989 3095 3014)
4(988 3094 3095 989)
4(3013 3014 3095 3094)
4(909 990 3096 3015)
4(989 3095 3096 990)
4(3014 3015 3096 3095)
4(910 991 3097 3016)
4(990 3096 3097 991)
4(3015 3016 3097 3096)
4(911 992 3098 3017)
4(991 3097 3098 992)
4(3016 3017 3098 3097)
4(912 993 3099 3018)
4(992 3098 3099 993)
4(3017 3018 3099 3098)
4(913 994 3100 3019)
4(993 3099 3100 994)
4(3018 3019 3100 3099)
4(914 995 3101 3020)
4(994 3100 3101 995)
4(3019 3020 3101 3100)
4(915 996 3102 3021)
4(995 3101 3102 996)
4(3020 3021 3102 3101)
4(916 997 3103 3022)
4(996 3102 3103 997)
4(3021 3022 3103 3102)
4(917 998 3104 3023)
4(997 3103 3104 998)
4(3022 3023 3104 3103)
4(918 999 3105 3024)
4(998 3104 3105 999)
4(3023 3024 3105 3104)
4(919 1000 3106 3025)
4(999 3105 3106 1000)
4(3024 3025 3106 3105)
4(920 1001 3107 3026)
4(1000 3106 3107 1001)
4(3025 3026 3107 3106)
4(921 1002 3108 3027)
4(1001 3107 3108 1002)
4(3026 3027 3108 3107)
4(922 1003 3109 3028)
4(1002 3108 3109 1003)
4(3027 3028 3109 3108)
4(923 1004 3110 3029)
4(1003 3109 3110 1004)
4(3028 3029 3110 3109)
4(924 1005 3111 3030)
4(1004 3110 3111 1005)
4(3029 3030 3111 3110)
4(925 1006 3112 3031)
4(1005 3111 3112 1006)
4(3030 3031 3112 3111)
4(926 1007 3113 3032)
4(1006 3112 3113 1007)
4(3031 3032 3113 3112)
4(927 1008 3114 3033)
4(1007 3113 3114 1008)
4(3032 3033 3114 3113)
4(928 1009 3115 3034)
4(1008 3114 3115 1009)
4(3033 3034 3115 3114)
4(929 1010 3116 3035)
4(1009 3115 3116 1010)
4(3034 3035 3116 3115)
4(930 1011 3117 3036)
4(1010 3116 3117 1011)
4(3035 3036 3117 3116)
4(931 1012 3118 3037)
4(1011 3117 3118 1012)
4(3036 3037 3118 3117)
4(932 1013 3119 3038)
4(1012 3118 3119 1013)
4(3037 3038 3119 3118)
4(933 1014 3120 3039)
4(1013 3119 3120 1014)
4(3038 3039 3120 3119)
4(934 1015 3121 3040)
4(1014 3120 3121 1015)
4(3039 3040 3121 3120)
4(935 1016 3122 3041)
4(1015 3121 3122 1016)
4(3040 3041 3122 3121)
4(936 1017 3123 3042)
4(1016 3122 3123 1017)
4(3041 3042 3123 3122)
4(937 1018 3124 3043)
4(1017 3123 3124 1018)
4(3042 3043 3124 3123)
4(938 1019 3125 3044)
4(1018 3124 3125 1019)
4(3043 3044 3125 3124)
4(939 1020 3126 3045)
4(1019 3125 3126 1020)
4(3044 3045 3126 3125)
4(940 1021 3127 3046)
4(1020 3126 3127 1021)
4(3045 3046 3127 3126)
4(941 1022 3128 3047)
4(1021 3127 3128 1022)
4(3046 3047 3128 3127)
4(942 1023 3129 3048)
4(1022 3128 3129 1023)
4(3047 3048 3129 3128)
4(943 1024 3130 3049)
4(1023 3129 3130 1024)
4(3048 3049 3130 3129)
4(944 1025 3131 3050)
4(1024 3130 3131 1025)
4(3049 3050 3131 3130)
4(945 1026 3132 3051)
4(1025 3131 3132 1026)
4(3050 3051 3132 3131)
4(946 1027 3133 3052)
4(1026 3132 3133 1027)
4(3051 3052 3133 3132)
4(947 1028 3134 3053)
4(1027 3133 3134 1028)
4(3052 3053 3134 3133)
4(948 1029 3135 3054)
4(1028 3134 3135 1029)
4(3053 3054 3135 3134)
4(949 1030 3136 3055)
4(1029 3135 3136 1030)
4(3054 3055 3136 3135)
4(950 1031 3137 3056)
4(1030 3136 3137 1031)
4(3055 3056 3137 3136)
4(951 1032 3138 3057)
4(1031 3137 3138 1032)
4(3056 3057 3138 3137)
4(952 1033 3139 3058)
4(1032 3138 3139 1033)
4(3057 3058 3139 3138)
4(953 1034 3140 3059)
4(1033 3139 3140 1034)
4(3058 3059 3140 3139)
4(954 1035 3141 3060)
4(1034 3140 3141 1035)
4(3059 3060 3141 3140)
4(955 1036 3142 3061)
4(1035 3141 3142 1036)
4(3060 3061 3142 3141)
4(956 1037 3143 3062)
4(1036 3142 3143 1037)
4(3061 3062 3143 3142)
4(957 1038 3144 3063)
4(1037 3143 3144 1038)
4(3062 3063 3144 3143)
4(958 1039 3145 3064)
4(1038 3144 3145 1039)
4(3063 3064 3145 3144)
4(959 1040 3146 3065)
4(1039 3145 3146 1040)
4(3064 3065 3146 3145)
4(960 1041 3147 3066)
4(1040 3146 3147 1041)
4(3065 3066 3147 3146)
4(961 1042 3148 3067)
4(1041 3147 3148 1042)
4(3066 3067 3148 3147)
4(962 1043 3149 3068)
4(1042 3148 3149 1043)
4(3067 3068 3149 3148)
4(963 1044 3150 3069)
4(1043 3149 3150 1044)
4(3068 3069 3150 3149)
4(964 1045 3151 3070)
4(1044 3150 3151 1045)
4(3069 3070 3151 3150)
4(965 1046 3152 3071)
4(1045 3151 3152 1046)
4(3070 3071 3152 3151)
4(966 1047 3153 3072)
4(1046 3152 3153 1047)
4(3071 3072 3153 3152)
4(967 1048 3154 3073)
4(1047 3153 3154 1048)
4(3072 3073 3154 3153)
4(968 1049 3155 3074)
4(1048 3154 3155 1049)
4(3073 3074 3155 3154)
4(969 1050 3156 3075)
4(1049 3155 3156 1050)
4(3074 3075 3156 3155)
4(970 1051 3157 3076)
4(1050 3156 3157 1051)
4(3075 3076 3157 3156)
4(1051 3157 3158 1052)
4(3076 3077 3158 3157)
4(973 1054 3160 3079)
4(1053 3159 3160 1054)
4(3078 3079 3160 3159)
4(974 1055 3161 3080)
4(1054 3160 3161 1055)
4(3079 3080 3161 3160)
4(975 1056 3162 3081)
4(1055 3161 3162 1056)
4(3080 3081 3162 3161)
4(976 1057 3163 3082)
4(1056 3162 3163 1057)
4(3081 3082 3163 3162)
4(977 1058 3164 3083)
4(1057 3163 3164 1058)
4(3082 3083 3164 3163)
4(978 1059 3165 3084)
4(1058 3164 3165 1059)
4(3083 3084 3165 3164)
4(979 1060 3166 3085)
4(1059 3165 3166 1060)
4(3084 3085 3166 3165)
4(980 1061 3167 3086)
4(1060 3166 3167 1061)
4(3085 3086 3167 3166)
4(981 1062 3168 3087)
4(1061 3167 3168 1062)
4(3086 3087 3168 3167)
4(982 1063 3169 3088)
4(1062 3168 3169 1063)
4(3087 3088 3169 3168)
4(983 1064 3170 3089)
4(1063 3169 3170 1064)
4(3088 3089 3170 3169)
4(984 1065 3171 3090)
4(1064 3170 3171 1065)
4(3089 3090 3171 3170)
4(985 1066 3172 3091)
4(1065 3171 3172 1066)
4(3090 3091 3172 3171)
4(986 1067 3173 3092)
4(1066 3172 3173 1067)
4(3091 3092 3173 3172)
4(987 1068 3174 3093)
4(1067 3173 3174 1068)
4(3092 3093 3174 3173)
4(988 1069 3175 3094)
4(1068 3174 3175 1069)
4(3093 3094 3175 3174)
4(989 1070 3176 3095)
4(1069 3175 3176 1070)
4(3094 3095 3176 3175)
4(990 1071 3177 3096)
4(1070 3176 3177 1071)
4(3095 3096 3177 3176)
4(991 1072 3178 3097)
4(1071 3177 3178 1072)
4(3096 3097 3178 3177)
4(992 1073 3179 3098)
4(1072 3178 3179 1073)
4(3097 3098 3179 3178)
4(993 1074 3180 3099)
4(1073 3179 3180 1074)
4(3098 3099 3180 3179)
4(994 1075 3181 3100)
4(1074 3180 3181 1075)
4(3099 3100 3181 3180)
4(995 1076 3182 3101)
4(1075 3181 3182 1076)
4(3100 3101 3182 3181)
4(996 1077 3183 3102)
4(1076 3182 3183 1077)
4(3101 3102 3183 3182)
4(997 1078 3184 3103)
4(1077 3183 3184 1078)
4(3102 3103 3184 3183)
4(998 1079 3185 3104)
4(1078 3184 3185 1079)
4(3103 3104 3185 3184)
4(999 1080 3186 3105)
4(1079 3185 3186 1080)
4(3104 3105 3186 3185)
4(1000 1081 3187 3106)
4(1080 3186 3187 1081)
4(3105 3106 3187 3186)
4(1001 1082 3188 3107)
4(1081 3187 3188 1082)
4(3106 3107 3188 3187)
4(1002 1083 3189 3108)
4(1082 3188 3189 1083)
4(3107 3108 3189 3188)
4(1003 1084 3190 3109)
4(1083 3189 3190 1084)
4(3108 3109 3190 3189)
4(1004 1085 3191 3110)
4(1084 3190 3191 1085)
4(3109 3110 3191 3190)
4(1005 1086 3192 3111)
4(1085 3191 3192 1086)
4(3110 3111 3192 3191)
4(1006 1087 3193 3112)
4(1086 3192 3193 1087)
4(3111 3112 3193 3192)
4(1007 1088 3194 3113)
4(1087 3193 3194 1088)
4(3112 3113 3194 3193)
4(1008 1089 3195 3114)
4(1088 3194 3195 1089)
4(3113 3114 3195 3194)
4(1009 1090 3196 3115)
4(1089 3195 3196 1090)
4(3114 3115 3196 3195)
4(1010 1091 3197 3116)
4(1090 3196 3197 1091)
4(3115 3116 3197 3196)
4(1011 1092 3198 3117)
4(1091 3197 3198 1092)
4(3116 3117 3198 3197)
4(1012 1093 3199 3118)
4(1092 3198 3199 1093)
4(3117 3118 3199 3198)
4(1013 1094 3200 3119)
4(1093 3199 3200 1094)
4(3118 3119 3200 3199)
4(1014 1095 3201 3120)
4(1094 3200 3201 1095)
4(3119 3120 3201 3200)
4(1015 1096 3202 3121)
4(1095 3201 3202 1096)
4(3120 3121 3202 3201)
4(1016 1097 3203 3122)
4(1096 3202 3203 1097)
4(3121 3122 3203 3202)
4(1017 1098 3204 3123)
4(1097 3203 3204 1098)
4(3122 3123 3204 3203)
4(1018 1099 3205 3124)
4(1098 3204 3205 1099)
4(3123 3124 3205 3204)
4(1019 1100 3206 3125)
4(1099 3205 3206 1100)
4(3124 3125 3206 3205)
4(1020 1101 3207 3126)
4(1100 3206 3207 1101)
4(3125 3126 3207 3206)
4(1021 1102 3208 3127)
4(1101 3207 3208 1102)
4(3126 3127 3208 3207)
4(1022 1103 3209 3128)
4(1102 3208 3209 1103)
4(3127 3128 3209 3208)
4(1023 1104 3210 3129)
4(1103 3209 3210 1104)
4(3128 3129 3210 3209)
4(1024 1105 3211 3130)
4(1104 3210 3211 1105)
4(3129 3130 3211 3210)
4(1025 1106 3212 3131)
4(1105 3211 3212 1106)
4(3130 3131 3212 3211)
4(1026 1107 3213 3132)
4(1106 3212 3213 1107)
4(3131 3132 3213 3212)
4(1027 1108 3214 3133)
4(1107 3213 3214 1108)
4(3132 3133 3214 3213)
4(1028 1109 3215 3134)
4(1108 3214 3215 1109)
4(3133 3134 3215 3214)
4(1029 1110 3216 3135)
4(1109 3215 3216 1110)
4(3134 3135 3216 3215)
4(1030 1111 3217 3136)
4(1110 3216 3217 1111)
4(3135 3136 3217 3216)
4(1031 1112 3218 3137)
4(1111 3217 3218 1112)
4(3136 3137 3218 3217)
4(1032 1113 3219 3138)
4(1112 3218 3219 1113)
4(3137 3138 3219 3218)
4(1033 1114 3220 3139)
4(1113 3219 3220 1114)
4(3138 3139 3220 3219)
4(1034 1115 3221 3140)
4(1114 3220 3221 1115)
4(3139 3140 3221 3220)
4(1035 1116 3222 3141)
4(1115 3221 3222 1116)
4(3140 3141 3222 3221)
4(1036 1117 3223 3142)
4(1116 3222 3223 1117)
4(3141 3142 3223 3222)
4(1037 1118 3224 3143)
4(1117 3223 3224 1118)
4(3142 3143 3224 3223)
4(1038 1119 3225 3144)
4(1118 3224 3225 1119)
4(3143 3144 3225 3224)
4(1039 1120 3226 3145)
4(1119 3225 3226 1120)
4(3144 3145 3226 3225)
4(1040 1121 3227 3146)
4(1120 3226 3227 1121)
4(3145 3146 3227 3226)
4(1041 1122 3228 3147)
4(1121 3227 3228 1122)
4(3146 3147 3228 3227)
4(1042 1123 3229 3148)
4(1122 3228 3229 1123)
4(3147 3148 3229 3228)
4(1043 1124 3230 3149)
4(1123 3229 3230 1124)
4(3148 3149 3230 3229)
4(1044 1125 3231 3150)
4(1124 3230 3231 1125)
4(3149 3150 3231 3230)
4(1045 1126 3232 3151)
4(1125 3231 3232 1126)
4(3150 3151 3232 3231)
4(1046 1127 3233 3152)
4(1126 3232 3233 1127)
4(3151 3152 3233 3232)
4(1047 1128 3234 3153)
4(1127 3233 3234 1128)
4(3152 3153 3234 3233)
4(1048 1129 3235 3154)
4(1128 3234 3235 1129)
4(3153 3154 3235 3234)
4(1049 1130 3236 3155)
4(1129 3235 3236 1130)
4(3154 3155 3236 3235)
4(1050 1131 3237 3156)
4(1130 3236 3237 1131)
4(3155 3156 3237 3236)
4(1051 1132 3238 3157)
4(1131 3237 3238 1132)
4(3156 3157 3238 3237)
4(1132 3238 3239 1133)
4(3157 3158 3239 3238)
4(1054 1135 3241 3160)
4(1134 3240 3241 1135)
4(3159 3160 3241 3240)
4(1055 1136 3242 3161)
4(1135 3241 3242 1136)
4(3160 3161 3242 3241)
4(1056 1137 3243 3162)
4(1136 3242 3243 1137)
4(3161 3162 3243 3242)
4(1057 1138 3244 3163)
4(1137 3243 3244 1138)
4(3162 3163 3244 3243)
4(1058 1139 3245 3164)
4(1138 3244 3245 1139)
4(3163 3164 3245 3244)
4(1059 1140 3246 3165)
4(1139 3245 3246 1140)
4(3164 3165 3246 3245)
4(1060 1141 3247 3166)
4(1140 3246 3247 1141)
4(3165 3166 3247 3246)
4(1061 1142 3248 3167)
4(1141 3247 3248 1142)
4(3166 3167 3248 3247)
4(1062 1143 3249 3168)
4(1142 3248 3249 1143)
4(3167 3168 3249 3248)
4(1063 1144 3250 3169)
4(1143 3249 3250 1144)
4(3168 3169 3250 3249)
4(1064 1145 3251 3170)
4(1144 3250 3251 1145)
4(3169 3170 3251 3250)
4(1065 1146 3252 3171)
4(1145 3251 3252 1146)
4(3170 3171 3252 3251)
4(1066 1147 3253 3172)
4(1146 3252 3253 1147)
4(3171 3172 3253 3252)
4(1067 1148 3254 3173)
4(1147 3253 3254 1148)
4(3172 3173 3254 3253)
4(1068 1149 3255 3174)
4(1148 3254 3255 1149)
4(3173 3174 3255 3254)
4(1069 1150 3256 3175)
4(1149 3255 3256 1150)
4(3174 3175 3256 3255)
4(1070 1151 3257 3176)
4(1150 3256 3257 1151)
4(3175 3176 3257 3256)
4(1071 1152 3258 3177)
4(1151 3257 3258 1152)
4(3176 3177 3258 3257)
4(1072 1153 3259 3178)
4(1152 3258 3259 1153)
4(3177 3178 3259 3258)
4(1073 1154 3260 3179)
4(1153 3259 3260 1154)
4(3178 3179 3260 3259)
4(1074 1155 3261 3180)
4(1154 3260 3261 1155)
4(3179 3180 3261 3260)
4(1075 1156 3262 3181)
4(1155 3261 3262 1156)
4(3180 3181 3262 3261)
4(1076 1157 3263 3182)
4(1156 3262 3263 1157)
4(3181 3182 3263 3262)
4(1077 1158 3264 3183)
4(1157 3263 3264 1158)
4(3182 3183 3264 3263)
4(1078 1159 3265 3184)
4(1158 3264 3265 1159)
4(3183 3184 3265 3264)
4(1079 1160 3266 3185)
4(1159 3265 3266 1160)
4(3184 3185 3266 3265)
4(1080 1161 3267 3186)
4(1160 3266 3267 1161)
4(3185 3186 3267 3266)
4(1081 1162 3268 3187)
4(1161 3267 3268 1162)
4(3186 3187 3268 3267)
4(1082 1163 3269 3188)
4(1162 3268 3269 1163)
4(3187 3188 3269 3268)
4(1083 1164 3270 3189)
4(1163 3269 3270 1164)
4(3188 3189 3270 3269)
4(1084 1165 3271 3190)
4(1164 3270 3271 1165)
4(3189 3190 3271 3270)
4(1085 1166 3272 3191)
4(1165 3271 3272 1166)
4(3190 3191 3272 3271)
4(1086 1167 3273 3192)
4(1166 3272 3273 1167)
4(3191 3192 3273 3272)
4(1087 1168 3274 3193)
4(1167 3273 3274 1168)
4(3192 3193 3274 3273)
4(1088 1169 3275 3194)
4(1168 3274 3275 1169)
4(3193 3194 3275 3274)
4(1089 1170 3276 3195)
4(1169 3275 3276 1170)
4(3194 3195 3276 3275)
4(1090 1171 3277 3196)
4(1170 3276 3277 1171)
4(3195 3196 3277 3276)
4(1091 1172 3278 3197)
4(1171 3277 3278 1172)
4(3196 3197 3278 3277)
4(1092 1173 3279 3198)
4(1172 3278 3279 1173)
4(3197 3198 3279 3278)
4(1093 1174 3280 3199)
4(1173 3279 3280 1174)
4(3198 3199 3280 3279)
4(1094 1175 3281 3200)
4(1174 3280 3281 1175)
4(3199 3200 3281 3280)
4(1095 1176 3282 3201)
4(1175 3281 3282 1176)
4(3200 3201 3282 3281)
4(1096 1177 3283 3202)
4(1176 3282 3283 1177)
4(3201 3202 3283 3282)
4(1097 1178 3284 3203)
4(1177 3283 3284 1178)
4(3202 3203 3284 3283)
4(1098 1179 3285 3204)
4(1178 3284 3285 1179)
4(3203 3204 3285 3284)
4(1099 1180 3286 3205)
4(1179 3285 3286 1180)
4(3204 3205 3286 3285)
4(1100 1181 3287 3206)
4(1180 3286 3287 1181)
4(3205 3206 3287 3286)
4(1101 1182 3288 3207)
4(1181 3287 3288 1182)
4(3206 3207 3288 3287)
4(1102 1183 3289 3208)
4(1182 3288 3289 1183)
4(3207 3208 3289 3288)
4(1103 1184 3290 3209)
4(1183 3289 3290 1184)
4(3208 3209 3290 3289)
4(1104 1185 3291 3210)
4(1184 3290 3291 1185)
4(3209 3210 3291 3290)
4(1105 1186 3292 3211)
4(1185 3291 3292 1186)
4(3210 3211 3292 3291)
4(1106 1187 3293 3212)
4(1186 3292 3293 1187)
4(3211 3212 3293 3292)
4(1107 1188 3294 3213)
4(1187 3293 3294 1188)
4(3212 3213 3294 3293)
4(1108 1189 3295 3214)
4(1188 3294 3295 1189)
4(3213 3214 3295 3294)
4(1109 1190 3296 3215)
4(1189 3295 3296 1190)
4(3214 3215 3296 3295)
4(1110 1191 3297 3216)
4(1190 3296 3297 1191)
4(3215 3216 3297 3296)
4(1111 1192 3298 3217)
4(1191 3297 3298 1192)
4(3216 3217 3298 3297)
4(1112 1193 3299 3218)
4(1192 3298 3299 1193)
4(3217 3218 3299 3298)
4(1113 1194 3300 3219)
4(1193 3299 3300 1194)
4(3218 3219 3300 3299)
4(1114 1195 3301 3220)
4(1194 3300 3301 1195)
4(3219 3220 3301 3300)
4(1115 1196 3302 3221)
4(1195 3301 3302 1196)
4(3220 3221 3302 3301)
4(1116 1197 3303 3222)
4(1196 3302 3303 1197)
4(3221 3222 3303 3302)
4(1117 1198 3304 3223)
4(1197 3303 3304 1198)
4(3222 3223 3304 3303)
4(1118 1199 3305 3224)
4(1198 3304 3305 1199)
4(3223 3224 3305 3304)
4(1119 1200 3306 3225)
4(1199 3305 3306 1200)
4(3224 3225 3306 3305)
4(1120 1201 3307 3226)
4(1200 3306 3307 1201)
4(3225 3226 3307 3306)
4(1121 1202 3308 3227)
4(1201 3307 3308 1202)
4(3226 3227 3308 3307)
4(1122 1203 3309 3228)
4(1202 3308 3309 1203)
4(3227 3228 3309 3308)
4(1123 1204 3310 3229)
4(1203 3309 3310 1204)
4(3228 3229 3310 3309)
4(1124 1205 3311 3230)
4(1204 3310 3311 1205)
4(3229 3230 3311 3310)
4(1125 1206 3312 3231)
4(1205 3311 3312 1206)
4(3230 3231 3312 3311)
4(1126 1207 3313 3232)
4(1206 3312 3313 1207)
4(3231 3232 3313 3312)
4(1127 1208 3314 3233)
4(1207 3313 3314 1208)
4(3232 3233 3314 3313)
4(1128 1209 3315 3234)
4(1208 3314 3315 1209)
4(3233 3234 3315 3314)
4(1129 1210 3316 3235)
4(1209 3315 3316 1210)
4(3234 3235 3316 3315)
4(1130 1211 3317 3236)
4(1210 3316 3317 1211)
4(3235 3236 3317 3316)
4(1131 1212 3318 3237)
4(1211 3317 3318 1212)
4(3236 3237 3318 3317)
4(1132 1213 3319 3238)
4(1212 3318 3319 1213)
4(3237 3238 3319 3318)
4(1213 3319 3320 1214)
4(3238 3239 3320 3319)
4(1135 1216 3322 3241)
4(1215 3321 3322 1216)
4(3240 3241 3322 3321)
4(1136 1217 3323 3242)
4(1216 3322 3323 1217)
4(3241 3242 3323 3322)
4(1137 1218 3324 3243)
4(1217 3323 3324 1218)
4(3242 3243 3324 3323)
4(1138 1219 3325 3244)
4(1218 3324 3325 1219)
4(3243 3244 3325 3324)
4(1139 1220 3326 3245)
4(1219 3325 3326 1220)
4(3244 3245 3326 3325)
4(1140 1221 3327 3246)
4(1220 3326 3327 1221)
4(3245 3246 3327 3326)
4(1141 1222 3328 3247)
4(1221 3327 3328 1222)
4(3246 3247 3328 3327)
4(1142 1223 3329 3248)
4(1222 3328 3329 1223)
4(3247 3248 3329 3328)
4(1143 1224 3330 3249)
4(1223 3329 3330 1224)
4(3248 3249 3330 3329)
4(1144 1225 3331 3250)
4(1224 3330 3331 1225)
4(3249 3250 3331 3330)
4(1145 1226 3332 3251)
4(1225 3331 3332 1226)
4(3250 3251 3332 3331)
4(1146 1227 3333 3252)
4(1226 3332 3333 1227)
4(3251 3252 3333 3332)
4(1147 1228 3334 3253)
4(1227 3333 3334 1228)
4(3252 3253 3334 3333)
4(1148 1229 3335 3254)
4(1228 3334 3335 1229)
4(3253 3254 3335 3334)
4(1149 1230 3336 3255)
4(1229 3335 3336 1230)
4(3254 3255 3336 3335)
4(1150 1231 3337 3256)
4(1230 3336 3337 1231)
4(3255 3256 3337 3336)
4(1151 1232 3338 3257)
4(1231 3337 3338 1232)
4(3256 3257 3338 3337)
4(1152 1233 3339 3258)
4(1232 3338 3339 1233)
4(3257 3258 3339 3338)
4(1153 1234 3340 3259)
4(1233 3339 3340 1234)
4(3258 3259 3340 3339)
4(1154 1235 3341 3260)
4(1234 3340 3341 1235)
4(3259 3260 3341 3340)
4(1155 1236 3342 3261)
4(1235 3341 3342 1236)
4(3260 3261 3342 3341)
4(1156 1237 3343 3262)
4(1236 3342 3343 1237)
4(3261 3262 3343 3342)
4(1157 1238 3344 3263)
4(1237 3343 3344 1238)
4(3262 3263 3344 3343)
4(1158 1239 3345 3264)
4(1238 3344 3345 1239)
4(3263 3264 3345 3344)
4(1159 1240 3346 3265)
4(1239 3345 3346 1240)
4(3264 3265 3346 3345)
4(1160 1241 3347 3266)
4(1240 3346 3347 1241)
4(3265 3266 3347 3346)
4(1161 1242 3348 3267)
4(1241 3347 3348 1242)
4(3266 3267 3348 3347)
4(1162 1243 3349 3268)
4(1242 3348 3349 1243)
4(3267 3268 3349 3348)
4(1163 1244 3350 3269)
4(1243 3349 3350 1244)
4(3268 3269 3350 3349)
4(1164 1245 3351 3270)
4(1244 3350 3351 1245)
4(3269 3270 3351 3350)
4(1165 1246 3352 3271)
4(1245 3351 3352 1246)
4(3270 3271 3352 3351)
4(1166 1247 3353 3272)
4(1246 3352 3353 1247)
4(3271 3272 3353 3352)
4(1167 1248 3354 3273)
4(1247 3353 3354 1248)
4(3272 3273 3354 3353)
4(1168 1249 3355 3274)
4(1248 3354 3355 1249)
4(3273 3274 3355 3354)
4(1169 1250 3356 3275)
4(1249 3355 3356 1250)
4(3274 3275 3356 3355)
4(1170 1251 3357 3276)
4(1250 3356 3357 1251)
4(3275 3276 3357 3356)
4(1171 1252 3358 3277)
4(1251 3357 3358 1252)
4(3276 3277 3358 3357)
4(1172 1253 3359 3278)
4(1252 3358 3359 1253)
4(3277 3278 3359 3358)
4(1173 1254 3360 3279)
4(1253 3359 3360 1254)
4(3278 3279 3360 3359)
4(1174 1255 3361 3280)
4(1254 3360 3361 1255)
4(3279 3280 3361 3360)
4(1175 1256 3362 3281)
4(1255 3361 3362 1256)
4(3280 3281 3362 3361)
4(1176 1257 3363 3282)
4(1256 3362 3363 1257)
4(3281 3282 3363 3362)
4(1177 1258 3364 3283)
4(1257 3363 3364 1258)
4(3282 3283 3364 3363)
4(1178 1259 3365 3284)
4(1258 3364 3365 1259)
4(3283 3284 3365 3364)
4(1179 1260 3366 3285)
4(1259 3365 3366 1260)
4(3284 3285 3366 3365)
4(1180 1261 3367 3286)
4(1260 3366 3367 1261)
4(3285 3286 3367 3366)
4(1181 1262 3368 3287)
4(1261 3367 3368 1262)
4(3286 3287 3368 3367)
4(1182 1263 3369 3288)
4(1262 3368 3369 1263)
4(3287 3288 3369 3368)
4(1183 1264 3370 3289)
4(1263 3369 3370 1264)
4(3288 3289 3370 3369)
4(1184 1265 3371 3290)
4(1264 3370 3371 1265)
4(3289 3290 3371 3370)
4(1185 1266 3372 3291)
4(1265 3371 3372 1266)
4(3290 3291 3372 3371)
4(1186 1267 3373 3292)
4(1266 3372 3373 1267)
4(3291 3292 3373 3372)
4(1187 1268 3374 3293)
4(1267 3373 3374 1268)
4(3292 3293 3374 3373)
4(1188 1269 3375 3294)
4(1268 3374 3375 1269)
4(3293 3294 3375 3374)
4(1189 1270 3376 3295)
4(1269 3375 3376 1270)
4(3294 3295 3376 3375)
4(1190 1271 3377 3296)
4(1270 3376 3377 1271)
4(3295 3296 3377 3376)
4(1191 1272 3378 3297)
4(1271 3377 3378 1272)
4(3296 3297 3378 3377)
4(1192 1273 3379 3298)
4(1272 3378 3379 1273)
4(3297 3298 3379 3378)
4(1193 1274 3380 3299)
4(1273 3379 3380 1274)
4(3298 3299 3380 3379)
4(1194 1275 3381 3300)
4(1274 3380 3381 1275)
4(3299 3300 3381 3380)
4(1195 1276 3382 3301)
4(1275 3381 3382 1276)
4(3300 3301 3382 3381)
4(1196 1277 3383 3302)
4(1276 3382 3383 1277)
4(3301 3302 3383 3382)
4(1197 1278 3384 3303)
4(1277 3383 3384 1278)
4(3302 3303 3384 3383)
4(1198 1279 3385 3304)
4(1278 3384 3385 1279)
4(3303 3304 3385 3384)
4(1199 1280 3386 3305)
4(1279 3385 3386 1280)
4(3304 3305 3386 3385)
4(1200 1281 3387 3306)
4(1280 3386 3387 1281)
4(3305 3306 3387 3386)
4(1201 1282 3388 3307)
4(1281 3387 3388 1282)
4(3306 3307 3388 3387)
4(1202 1283 3389 3308)
4(1282 3388 3389 1283)
4(3307 3308 3389 3388)
4(1203 1284 3390 3309)
4(1283 3389 3390 1284)
4(3308 3309 3390 3389)
4(1204 1285 3391 3310)
4(1284 3390 3391 1285)
4(3309 3310 3391 3390)
4(1205 1286 3392 3311)
4(1285 3391 3392 1286)
4(3310 3311 3392 3391)
4(1206 1287 3393 3312)
4(1286 3392 3393 1287)
4(3311 3312 3393 3392)
4(1207 1288 3394 3313)
4(1287 3393 3394 1288)
4(3312 3313 3394 3393)
4(1208 1289 3395 3314)
4(1288 3394 3395 1289)
4(3313 3314 3395 3394)
4(1209 1290 3396 3315)
4(1289 3395 3396 1290)
4(3314 3315 3396 3395)
4(1210 1291 3397 3316)
4(1290 3396 3397 1291)
4(3315 3316 3397 3396)
4(1211 1292 3398 3317)
4(1291 3397 3398 1292)
4(3316 3317 3398 3397)
4(1212 1293 3399 3318)
4(1292 3398 3399 1293)
4(3317 3318 3399 3398)
4(1213 1294 3400 3319)
4(1293 3399 3400 1294)
4(3318 3319 3400 3399)
4(1294 3400 3401 1295)
4(3319 3320 3401 3400)
4(1216 1297 3403 3322)
4(1296 3402 3403 1297)
4(3321 3322 3403 3402)
4(1217 1298 3404 3323)
4(1297 3403 3404 1298)
4(3322 3323 3404 3403)
4(1218 1299 3405 3324)
4(1298 3404 3405 1299)
4(3323 3324 3405 3404)
4(1219 1300 3406 3325)
4(1299 3405 3406 1300)
4(3324 3325 3406 3405)
4(1220 1301 3407 3326)
4(1300 3406 3407 1301)
4(3325 3326 3407 3406)
4(1221 1302 3408 3327)
4(1301 3407 3408 1302)
4(3326 3327 3408 3407)
4(1222 1303 3409 3328)
4(1302 3408 3409 1303)
4(3327 3328 3409 3408)
4(1223 1304 3410 3329)
4(1303 3409 3410 1304)
4(3328 3329 3410 3409)
4(1224 1305 3411 3330)
4(1304 3410 3411 1305)
4(3329 3330 3411 3410)
4(1225 1306 3412 3331)
4(1305 3411 3412 1306)
4(3330 3331 3412 3411)
4(1226 1307 3413 3332)
4(1306 3412 3413 1307)
4(3331 3332 3413 3412)
4(1227 1308 3414 3333)
4(1307 3413 3414 1308)
4(3332 3333 3414 3413)
4(1228 1309 3415 3334)
4(1308 3414 3415 1309)
4(3333 3334 3415 3414)
4(1229 1310 3416 3335)
4(1309 3415 3416 1310)
4(3334 3335 3416 3415)
4(1230 1311 3417 3336)
4(1310 3416 3417 1311)
4(3335 3336 3417 3416)
4(1231 1312 3418 3337)
4(1311 3417 3418 1312)
4(3336 3337 3418 3417)
4(1232 1313 3419 3338)
4(1312 3418 3419 1313)
4(3337 3338 3419 3418)
4(1233 1314 3420 3339)
4(1313 3419 3420 1314)
4(3338 3339 3420 3419)
4(1234 1315 3421 3340)
4(1314 3420 3421 1315)
4(3339 3340 3421 3420)
4(1235 1316 3422 3341)
4(1315 3421 3422 1316)
4(3340 3341 3422 3421)
4(1236 1317 3423 3342)
4(1316 3422 3423 1317)
4(3341 3342 3423 3422)
4(1237 1318 3424 3343)
4(1317 3423 3424 1318)
4(3342 3343 3424 3423)
4(1238 1319 3425 3344)
4(1318 3424 3425 1319)
4(3343 3344 3425 3424)
4(1239 1320 3426 3345)
4(1319 3425 3426 1320)
4(3344 3345 3426 3425)
4(1240 1321 3427 3346)
4(1320 3426 3427 1321)
4(3345 3346 3427 3426)
4(1241 1322 3428 3347)
4(1321 3427 3428 1322)
4(3346 3347 3428 3427)
4(1242 1323 3429 3348)
4(1322 3428 3429 1323)
4(3347 3348 3429 3428)
4(1243 1324 3430 3349)
4(1323 3429 3430 1324)
4(3348 3349 3430 3429)
4(1244 1325 3431 3350)
4(1324 3430 3431 1325)
4(3349 3350 3431 3430)
4(1245 1326 3432 3351)
4(1325 3431 3432 1326)
4(3350 3351 3432 3431)
4(1246 1327 3433 3352)
4(1326 3432 3433 1327)
4(3351 3352 3433 3432)
4(1247 1328 3434 3353)
4(1327 3433 3434 1328)
4(3352 3353 3434 3433)
4(1248 1329 3435 3354)
4(1328 3434 3435 1329)
4(3353 3354 3435 3434)
4(1249 1330 3436 3355)
4(1329 3435 3436 1330)
4(3354 3355 3436 3435)
4(1250 1331 3437 3356)
4(1330 3436 3437 1331)
4(3355 3356 3437 3436)
4(1251 1332 3438 3357)
4(1331 3437 3438 1332)
4(3356 3357 3438 3437)
4(1252 1333 3439 3358)
4(1332 3438 3439 1333)
4(3357 3358 3439 3438)
4(1253 1334 3440 3359)
4(1333 3439 3440 1334)
4(3358 3359 3440 3439)
4(1254 1335 3441 3360)
4(1334 3440 3441 1335)
4(3359 3360 3441 3440)
4(1255 1336 3442 3361)
4(1335 3441 3442 1336)
4(3360 3361 3442 3441)
4(1256 1337 3443 3362)
4(1336 3442 3443 1337)
4(3361 3362 3443 3442)
4(1257 1338 3444 3363)
4(1337 3443 3444 1338)
4(3362 3363 3444 3443)
4(1258 1339 3445 3364)
4(1338 3444 3445 1339)
4(3363 3364 3445 3444)
4(1259 1340 3446 3365)
4(1339 3445 3446 1340)
4(3364 3365 3446 3445)
4(1260 1341 3447 3366)
4(1340 3446 3447 1341)
4(3365 3366 3447 3446)
4(1261 1342 3448 3367)
4(1341 3447 3448 1342)
4(3366 3367 3448 3447)
4(1262 1343 3449 3368)
4(1342 3448 3449 1343)
4(3367 3368 3449 3448)
4(1263 1344 3450 3369)
4(1343 3449 3450 1344)
4(3368 3369 3450 3449)
4(1264 1345 3451 3370)
4(1344 3450 3451 1345)
4(3369 3370 3451 3450)
4(1265 1346 3452 3371)
4(1345 3451 3452 1346)
4(3370 3371 3452 3451)
4(1266 1347 3453 3372)
4(1346 3452 3453 1347)
4(3371 3372 3453 3452)
4(1267 1348 3454 3373)
4(1347 3453 3454 1348)
4(3372 3373 3454 3453)
4(1268 1349 3455 3374)
4(1348 3454 3455 1349)
4(3373 3374 3455 3454)
4(1269 1350 3456 3375)
4(1349 3455 3456 1350)
4(3374 3375 3456 3455)
4(1270 1351 3457 3376)
4(1350 3456 3457 1351)
4(3375 3376 3457 3456)
4(1271 1352 3458 3377)
4(1351 3457 3458 1352)
4(3376 3377 3458 3457)
4(1272 1353 3459 3378)
4(1352 3458 3459 1353)
4(3377 3378 3459 3458)
4(1273 1354 3460 3379)
4(1353 3459 3460 1354)
4(3378 3379 3460 3459)
4(1274 1355 3461 3380)
4(1354 3460 3461 1355)
4(3379 3380 3461 3460)
4(1275 1356 3462 3381)
4(1355 3461 3462 1356)
4(3380 3381 3462 3461)
4(1276 1357 3463 3382)
4(1356 3462 3463 1357)
4(3381 3382 3463 3462)
4(1277 1358 3464 3383)
4(1357 3463 3464 1358)
4(3382 3383 3464 3463)
4(1278 1359 3465 3384)
4(1358 3464 3465 1359)
4(3383 3384 3465 3464)
4(1279 1360 3466 3385)
4(1359 3465 3466 1360)
4(3384 3385 3466 3465)
4(1280 1361 3467 3386)
4(1360 3466 3467 1361)
4(3385 3386 3467 3466)
4(1281 1362 3468 3387)
4(1361 3467 3468 1362)
4(3386 3387 3468 3467)
4(1282 1363 3469 3388)
4(1362 3468 3469 1363)
4(3387 3388 3469 3468)
4(1283 1364 3470 3389)
4(1363 3469 3470 1364)
4(3388 3389 3470 3469)
4(1284 1365 3471 3390)
4(1364 3470 3471 1365)
4(3389 3390 3471 3470)
4(1285 1366 3472 3391)
4(1365 3471 3472 1366)
4(3390 3391 3472 3471)
4(1286 1367 3473 3392)
4(1366 3472 3473 1367)
4(3391 3392 3473 3472)
4(1287 1368 3474 3393)
4(1367 3473 3474 1368)
4(3392 3393 3474 3473)
4(1288 1369 3475 3394)
4(1368 3474 3475 1369)
4(3393 3394 3475 3474)
4(1289 1370 3476 3395)
4(1369 3475 3476 1370)
4(3394 3395 3476 3475)
4(1290 1371 3477 3396)
4(1370 3476 3477 1371)
4(3395 3396 3477 3476)
4(1291 1372 3478 3397)
4(1371 3477 3478 1372)
4(3396 3397 3478 3477)
4(1292 1373 3479 3398)
4(1372 3478 3479 1373)
4(3397 3398 3479 3478)
4(1293 1374 3480 3399)
4(1373 3479 3480 1374)
4(3398 3399 3480 3479)
4(1294 1375 3481 3400)
4(1374 3480 3481 1375)
4(3399 3400 3481 3480)
4(1375 3481 3482 1376)
4(3400 3401 3482 3481)
4(1297 1378 3484 3403)
4(1377 3483 3484 1378)
4(3402 3403 3484 3483)
4(1298 1379 3485 3404)
4(1378 3484 3485 1379)
4(3403 3404 3485 3484)
4(1299 1380 3486 3405)
4(1379 3485 3486 1380)
4(3404 3405 3486 3485)
4(1300 1381 3487 3406)
4(1380 3486 3487 1381)
4(3405 3406 3487 3486)
4(1301 1382 3488 3407)
4(1381 3487 3488 1382)
4(3406 3407 3488 3487)
4(1302 1383 3489 3408)
4(1382 3488 3489 1383)
4(3407 3408 3489 3488)
4(1303 1384 3490 3409)
4(1383 3489 3490 1384)
4(3408 3409 3490 3489)
4(1304 1385 3491 3410)
4(1384 3490 3491 1385)
4(3409 3410 3491 3490)
4(1305 1386 3492 3411)
4(1385 3491 3492 1386)
4(3410 3411 3492 3491)
4(1306 1387 3493 3412)
4(1386 3492 3493 1387)
4(3411 3412 3493 3492)
4(1307 1388 3494 3413)
4(1387 3493 3494 1388)
4(3412 3413 3494 3493)
4(1308 1389 3495 3414)
4(1388 3494 3495 1389)
4(3413 3414 3495 3494)
4(1309 1390 3496 3415)
4(1389 3495 3496 1390)
4(3414 3415 3496 3495)
4(1310 1391 3497 3416)
4(1390 3496 3497 1391)
4(3415 3416 3497 3496)
4(1311 1392 3498 3417)
4(1391 3497 3498 1392)
4(3416 3417 3498 3497)
4(1312 1393 3499 3418)
4(1392 3498 3499 1393)
4(3417 3418 3499 3498)
4(1313 1394 3500 3419)
4(1393 3499 3500 1394)
4(3418 3419 3500 3499)
4(1314 1395 3501 3420)
4(1394 3500 3501 1395)
4(3419 3420 3501 3500)
4(1315 1396 3502 3421)
4(1395 3501 3502 1396)
4(3420 3421 3502 3501)
4(1316 1397 3503 3422)
4(1396 3502 3503 1397)
4(3421 3422 3503 3502)
4(1317 1398 3504 3423)
4(1397 3503 3504 1398)
4(3422 3423 3504 3503)
4(1318 1399 3505 3424)
4(1398 3504 3505 1399)
4(3423 3424 3505 3504)
4(1319 1400 3506 3425)
4(1399 3505 3506 1400)
4(3424 3425 3506 3505)
4(1320 1401 3507 3426)
4(1400 3506 3507 1401)
4(3425 3426 3507 3506)
4(1321 1402 3508 3427)
4(1401 3507 3508 1402)
4(3426 3427 3508 3507)
4(1322 1403 3509 3428)
4(1402 3508 3509 1403)
4(3427 3428 3509 3508)
4(1323 1404 3510 3429)
4(1403 3509 3510 1404)
4(3428 3429 3510 3509)
4(1324 1405 3511 3430)
4(1404 3510 3511 1405)
4(3429 3430 3511 3510)
4(1325 1406 3512 3431)
4(1405 3511 3512 1406)
4(3430 3431 3512 3511)
4(1326 1407 3513 3432)
4(1406 3512 3513 1407)
4(3431 3432 3513 3512)
4(1327 1408 3514 3433)
4(1407 3513 3514 1408)
4(3432 3433 3514 3513)
4(1328 1409 3515 3434)
4(1408 3514 3515 1409)
4(3433 3434 3515 3514)
4(1329 1410 3516 3435)
4(1409 3515 3516 1410)
4(3434 3435 3516 3515)
4(1330 1411 3517 3436)
4(1410 3516 3517 1411)
4(3435 3436 3517 3516)
4(1331 1412 3518 3437)
4(1411 3517 3518 1412)
4(3436 3437 3518 3517)
4(1332 1413 3519 3438)
4(1412 3518 3519 1413)
4(3437 3438 3519 3518)
4(1333 1414 3520 3439)
4(1413 3519 3520 1414)
4(3438 3439 3520 3519)
4(1334 1415 3521 3440)
4(1414 3520 3521 1415)
4(3439 3440 3521 3520)
4(1335 1416 3522 3441)
4(1415 3521 3522 1416)
4(3440 3441 3522 3521)
4(1336 1417 3523 3442)
4(1416 3522 3523 1417)
4(3441 3442 3523 3522)
4(1337 1418 3524 3443)
4(1417 3523 3524 1418)
4(3442 3443 3524 3523)
4(1338 1419 3525 3444)
4(1418 3524 3525 1419)
4(3443 3444 3525 3524)
4(1339 1420 3526 3445)
4(1419 3525 3526 1420)
4(3444 3445 3526 3525)
4(1340 1421 3527 3446)
4(1420 3526 3527 1421)
4(3445 3446 3527 3526)
4(1341 1422 3528 3447)
4(1421 3527 3528 1422)
4(3446 3447 3528 3527)
4(1342 1423 3529 3448)
4(1422 3528 3529 1423)
4(3447 3448 3529 3528)
4(1343 1424 3530 3449)
4(1423 3529 3530 1424)
4(3448 3449 3530 3529)
4(1344 1425 3531 3450)
4(1424 3530 3531 1425)
4(3449 3450 3531 3530)
4(1345 1426 3532 3451)
4(1425 3531 3532 1426)
4(3450 3451 3532 3531)
4(1346 1427 3533 3452)
4(1426 3532 3533 1427)
4(3451 3452 3533 3532)
4(1347 1428 3534 3453)
4(1427 3533 3534 1428)
4(3452 3453 3534 3533)
4(1348 1429 3535 3454)
4(1428 3534 3535 1429)
4(3453 3454 3535 3534)
4(1349 1430 3536 3455)
4(1429 3535 3536 1430)
4(3454 3455 3536 3535)
4(1350 1431 3537 3456)
4(1430 3536 3537 1431)
4(3455 3456 3537 3536)
4(1351 1432 3538 3457)
4(1431 3537 3538 1432)
4(3456 3457 3538 3537)
4(1352 1433 3539 3458)
4(1432 3538 3539 1433)
4(3457 3458 3539 3538)
4(1353 1434 3540 3459)
4(1433 3539 3540 1434)
4(3458 3459 3540 3539)
4(1354 1435 3541 3460)
4(1434 3540 3541 1435)
4(3459 3460 3541 3540)
4(1355 1436 3542 3461)
4(1435 3541 3542 1436)
4(3460 3461 3542 3541)
4(1356 1437 3543 3462)
4(1436 3542 3543 1437)
4(3461 3462 3543 3542)
4(1357 1438 3544 3463)
4(1437 3543 3544 1438)
4(3462 3463 3544 3543)
4(1358 1439 3545 3464)
4(1438 3544 3545 1439)
4(3463 3464 3545 3544)
4(1359 1440 3546 3465)
4(1439 3545 3546 1440)
4(3464 3465 3546 3545)
4(1360 1441 3547 3466)
4(1440 3546 3547 1441)
4(3465 3466 3547 3546)
4(1361 1442 3548 3467)
4(1441 3547 3548 1442)
4(3466 3467 3548 3547)
4(1362 1443 3549 3468)
4(1442 3548 3549 1443)
4(3467 3468 3549 3548)
4(1363 1444 3550 3469)
4(1443 3549 3550 1444)
4(3468 3469 3550 3549)
4(1364 1445 3551 3470)
4(1444 3550 3551 1445)
4(3469 3470 3551 3550)
4(1365 1446 3552 3471)
4(1445 3551 3552 1446)
4(3470 3471 3552 3551)
4(1366 1447 3553 3472)
4(1446 3552 3553 1447)
4(3471 3472 3553 3552)
4(1367 1448 3554 3473)
4(1447 3553 3554 1448)
4(3472 3473 3554 3553)
4(1368 1449 3555 3474)
4(1448 3554 3555 1449)
4(3473 3474 3555 3554)
4(1369 1450 3556 3475)
4(1449 3555 3556 1450)
4(3474 3475 3556 3555)
4(1370 1451 3557 3476)
4(1450 3556 3557 1451)
4(3475 3476 3557 3556)
4(1371 1452 3558 3477)
4(1451 3557 3558 1452)
4(3476 3477 3558 3557)
4(1372 1453 3559 3478)
4(1452 3558 3559 1453)
4(3477 3478 3559 3558)
4(1373 1454 3560 3479)
4(1453 3559 3560 1454)
4(3478 3479 3560 3559)
4(1374 1455 3561 3480)
4(1454 3560 3561 1455)
4(3479 3480 3561 3560)
4(1375 1456 3562 3481)
4(1455 3561 3562 1456)
4(3480 3481 3562 3561)
4(1456 3562 3563 1457)
4(3481 3482 3563 3562)
4(1378 1459 3565 3484)
4(1458 3564 3565 1459)
4(3483 3484 3565 3564)
4(1379 1460 3566 3485)
4(1459 3565 3566 1460)
4(3484 3485 3566 3565)
4(1380 1461 3567 3486)
4(1460 3566 3567 1461)
4(3485 3486 3567 3566)
4(1381 1462 3568 3487)
4(1461 3567 3568 1462)
4(3486 3487 3568 3567)
4(1382 1463 3569 3488)
4(1462 3568 3569 1463)
4(3487 3488 3569 3568)
4(1383 1464 3570 3489)
4(1463 3569 3570 1464)
4(3488 3489 3570 3569)
4(1384 1465 3571 3490)
4(1464 3570 3571 1465)
4(3489 3490 3571 3570)
4(1385 1466 3572 3491)
4(1465 3571 3572 1466)
4(3490 3491 3572 3571)
4(1386 1467 3573 3492)
4(1466 3572 3573 1467)
4(3491 3492 3573 3572)
4(1387 1468 3574 3493)
4(1467 3573 3574 1468)
4(3492 3493 3574 3573)
4(1388 1469 3575 3494)
4(1468 3574 3575 1469)
4(3493 3494 3575 3574)
4(1389 1470 3576 3495)
4(1469 3575 3576 1470)
4(3494 3495 3576 3575)
4(1390 1471 3577 3496)
4(1470 3576 3577 1471)
4(3495 3496 3577 3576)
4(1391 1472 3578 3497)
4(1471 3577 3578 1472)
4(3496 3497 3578 3577)
4(1392 1473 3579 3498)
4(1472 3578 3579 1473)
4(3497 3498 3579 3578)
4(1393 1474 3580 3499)
4(1473 3579 3580 1474)
4(3498 3499 3580 3579)
4(1394 1475 3581 3500)
4(1474 3580 3581 1475)
4(3499 3500 3581 3580)
4(1395 1476 3582 3501)
4(1475 3581 3582 1476)
4(3500 3501 3582 3581)
4(1396 1477 3583 3502)
4(1476 3582 3583 1477)
4(3501 3502 3583 3582)
4(1397 1478 3584 3503)
4(1477 3583 3584 1478)
4(3502 3503 3584 3583)
4(1398 1479 3585 3504)
4(1478 3584 3585 1479)
4(3503 3504 3585 3584)
4(1399 1480 3586 3505)
4(1479 3585 3586 1480)
4(3504 3505 3586 3585)
4(1400 1481 3587 3506)
4(1480 3586 3587 1481)
4(3505 3506 3587 3586)
4(1401 1482 3588 3507)
4(1481 3587 3588 1482)
4(3506 3507 3588 3587)
4(1402 1483 3589 3508)
4(1482 3588 3589 1483)
4(3507 3508 3589 3588)
4(1403 1484 3590 3509)
4(1483 3589 3590 1484)
4(3508 3509 3590 3589)
4(1404 1485 3591 3510)
4(1484 3590 3591 1485)
4(3509 3510 3591 3590)
4(1405 1486 3592 3511)
4(1485 3591 3592 1486)
4(3510 3511 3592 3591)
4(1406 1487 3593 3512)
4(1486 3592 3593 1487)
4(3511 3512 3593 3592)
4(1407 1488 3594 3513)
4(1487 3593 3594 1488)
4(3512 3513 3594 3593)
4(1408 1489 3595 3514)
4(1488 3594 3595 1489)
4(3513 3514 3595 3594)
4(1409 1490 3596 3515)
4(1489 3595 3596 1490)
4(3514 3515 3596 3595)
4(1410 1491 3597 3516)
4(1490 3596 3597 1491)
4(3515 3516 3597 3596)
4(1411 1492 3598 3517)
4(1491 3597 3598 1492)
4(3516 3517 3598 3597)
4(1412 1493 3599 3518)
4(1492 3598 3599 1493)
4(3517 3518 3599 3598)
4(1413 1494 3600 3519)
4(1493 3599 3600 1494)
4(3518 3519 3600 3599)
4(1414 1495 3601 3520)
4(1494 3600 3601 1495)
4(3519 3520 3601 3600)
4(1415 1496 3602 3521)
4(1495 3601 3602 1496)
4(3520 3521 3602 3601)
4(1416 1497 3603 3522)
4(1496 3602 3603 1497)
4(3521 3522 3603 3602)
4(1417 1498 3604 3523)
4(1497 3603 3604 1498)
4(3522 3523 3604 3603)
4(1418 1499 3605 3524)
4(1498 3604 3605 1499)
4(3523 3524 3605 3604)
4(1419 1500 3606 3525)
4(1499 3605 3606 1500)
4(3524 3525 3606 3605)
4(1420 1501 3607 3526)
4(1500 3606 3607 1501)
4(3525 3526 3607 3606)
4(1421 1502 3608 3527)
4(1501 3607 3608 1502)
4(3526 3527 3608 3607)
4(1422 1503 3609 3528)
4(1502 3608 3609 1503)
4(3527 3528 3609 3608)
4(1423 1504 3610 3529)
4(1503 3609 3610 1504)
4(3528 3529 3610 3609)
4(1424 1505 3611 3530)
4(1504 3610 3611 1505)
4(3529 3530 3611 3610)
4(1425 1506 3612 3531)
4(1505 3611 3612 1506)
4(3530 3531 3612 3611)
4(1426 1507 3613 3532)
4(1506 3612 3613 1507)
4(3531 3532 3613 3612)
4(1427 1508 3614 3533)
4(1507 3613 3614 1508)
4(3532 3533 3614 3613)
4(1428 1509 3615 3534)
4(1508 3614 3615 1509)
4(3533 3534 3615 3614)
4(1429 1510 3616 3535)
4(1509 3615 3616 1510)
4(3534 3535 3616 3615)
4(1430 1511 3617 3536)
4(1510 3616 3617 1511)
4(3535 3536 3617 3616)
4(1431 1512 3618 3537)
4(1511 3617 3618 1512)
4(3536 3537 3618 3617)
4(1432 1513 3619 3538)
4(1512 3618 3619 1513)
4(3537 3538 3619 3618)
4(1433 1514 3620 3539)
4(1513 3619 3620 1514)
4(3538 3539 3620 3619)
4(1434 1515 3621 3540)
4(1514 3620 3621 1515)
4(3539 3540 3621 3620)
4(1435 1516 3622 3541)
4(1515 3621 3622 1516)
4(3540 3541 3622 3621)
4(1436 1517 3623 3542)
4(1516 3622 3623 1517)
4(3541 3542 3623 3622)
4(1437 1518 3624 3543)
4(1517 3623 3624 1518)
4(3542 3543 3624 3623)
4(1438 1519 3625 3544)
4(1518 3624 3625 1519)
4(3543 3544 3625 3624)
4(1439 1520 3626 3545)
4(1519 3625 3626 1520)
4(3544 3545 3626 3625)
4(1440 1521 3627 3546)
4(1520 3626 3627 1521)
4(3545 3546 3627 3626)
4(1441 1522 3628 3547)
4(1521 3627 3628 1522)
4(3546 3547 3628 3627)
4(1442 1523 3629 3548)
4(1522 3628 3629 1523)
4(3547 3548 3629 3628)
4(1443 1524 3630 3549)
4(1523 3629 3630 1524)
4(3548 3549 3630 3629)
4(1444 1525 3631 3550)
4(1524 3630 3631 1525)
4(3549 3550 3631 3630)
4(1445 1526 3632 3551)
4(1525 3631 3632 1526)
4(3550 3551 3632 3631)
4(1446 1527 3633 3552)
4(1526 3632 3633 1527)
4(3551 3552 3633 3632)
4(1447 1528 3634 3553)
4(1527 3633 3634 1528)
4(3552 3553 3634 3633)
4(1448 1529 3635 3554)
4(1528 3634 3635 1529)
4(3553 3554 3635 3634)
4(1449 1530 3636 3555)
4(1529 3635 3636 1530)
4(3554 3555 3636 3635)
4(1450 1531 3637 3556)
4(1530 3636 3637 1531)
4(3555 3556 3637 3636)
4(1451 1532 3638 3557)
4(1531 3637 3638 1532)
4(3556 3557 3638 3637)
4(1452 1533 3639 3558)
4(1532 3638 3639 1533)
4(3557 3558 3639 3638)
4(1453 1534 3640 3559)
4(1533 3639 3640 1534)
4(3558 3559 3640 3639)
4(1454 1535 3641 3560)
4(1534 3640 3641 1535)
4(3559 3560 3641 3640)
4(1455 1536 3642 3561)
4(1535 3641 3642 1536)
4(3560 3561 3642 3641)
4(1456 1537 3643 3562)
4(1536 3642 3643 1537)
4(3561 3562 3643 3642)
4(1537 3643 3644 1538)
4(3562 3563 3644 3643)
4(1459 1540 3646 3565)
4(1539 3645 3646 1540)
4(3564 3565 3646 3645)
4(1460 1541 3647 3566)
4(1540 3646 3647 1541)
4(3565 3566 3647 3646)
4(1461 1542 3648 3567)
4(1541 3647 3648 1542)
4(3566 3567 3648 3647)
4(1462 1543 3649 3568)
4(1542 3648 3649 1543)
4(3567 3568 3649 3648)
4(1463 1544 3650 3569)
4(1543 3649 3650 1544)
4(3568 3569 3650 3649)
4(1464 1545 3651 3570)
4(1544 3650 3651 1545)
4(3569 3570 3651 3650)
4(1465 1546 3652 3571)
4(1545 3651 3652 1546)
4(3570 3571 3652 3651)
4(1466 1547 3653 3572)
4(1546 3652 3653 1547)
4(3571 3572 3653 3652)
4(1467 1548 3654 3573)
4(1547 3653 3654 1548)
4(3572 3573 3654 3653)
4(1468 1549 3655 3574)
4(1548 3654 3655 1549)
4(3573 3574 3655 3654)
4(1469 1550 3656 3575)
4(1549 3655 3656 1550)
4(3574 3575 3656 3655)
4(1470 1551 3657 3576)
4(1550 3656 3657 1551)
4(3575 3576 3657 3656)
4(1471 1552 3658 3577)
4(1551 3657 3658 1552)
4(3576 3577 3658 3657)
4(1472 1553 3659 3578)
4(1552 3658 3659 1553)
4(3577 3578 3659 3658)
4(1473 1554 3660 3579)
4(1553 3659 3660 1554)
4(3578 3579 3660 3659)
4(1474 1555 3661 3580)
4(1554 3660 3661 1555)
4(3579 3580 3661 3660)
4(1475 1556 3662 3581)
4(1555 3661 3662 1556)
4(3580 3581 3662 3661)
4(1476 1557 3663 3582)
4(1556 3662 3663 1557)
4(3581 3582 3663 3662)
4(1477 1558 3664 3583)
4(1557 3663 3664 1558)
4(3582 3583 3664 3663)
4(1478 1559 3665 3584)
4(1558 3664 3665 1559)
4(3583 3584 3665 3664)
4(1479 1560 3666 3585)
4(1559 3665 3666 1560)
4(3584 3585 3666 3665)
4(1480 1561 3667 3586)
4(1560 3666 3667 1561)
4(3585 3586 3667 3666)
4(1481 1562 3668 3587)
4(1561 3667 3668 1562)
4(3586 3587 3668 3667)
4(1482 1563 3669 3588)
4(1562 3668 3669 1563)
4(3587 3588 3669 3668)
4(1483 1564 3670 3589)
4(1563 3669 3670 1564)
4(3588 3589 3670 3669)
4(1484 1565 3671 3590)
4(1564 3670 3671 1565)
4(3589 3590 3671 3670)
4(1485 1566 3672 3591)
4(1565 3671 3672 1566)
4(3590 3591 3672 3671)
4(1486 1567 3673 3592)
4(1566 3672 3673 1567)
4(3591 3592 3673 3672)
4(1487 1568 3674 3593)
4(1567 3673 3674 1568)
4(3592 3593 3674 3673)
4(1488 1569 3675 3594)
4(1568 3674 3675 1569)
4(3593 3594 3675 3674)
4(1489 1570 3676 3595)
4(1569 3675 3676 1570)
4(3594 3595 3676 3675)
4(1490 1571 3677 3596)
4(1570 3676 3677 1571)
4(3595 3596 3677 3676)
4(1491 1572 3678 3597)
4(1571 3677 3678 1572)
4(3596 3597 3678 3677)
4(1492 1573 3679 3598)
4(1572 3678 3679 1573)
4(3597 3598 3679 3678)
4(1493 1574 3680 3599)
4(1573 3679 3680 1574)
4(3598 3599 3680 3679)
4(1494 1575 3681 3600)
4(1574 3680 3681 1575)
4(3599 3600 3681 3680)
4(1495 1576 3682 3601)
4(1575 3681 3682 1576)
4(3600 3601 3682 3681)
4(1496 1577 3683 3602)
4(1576 3682 3683 1577)
4(3601 3602 3683 3682)
4(1497 1578 3684 3603)
4(1577 3683 3684 1578)
4(3602 3603 3684 3683)
4(1498 1579 3685 3604)
4(1578 3684 3685 1579)
4(3603 3604 3685 3684)
4(1499 1580 3686 3605)
4(1579 3685 3686 1580)
4(3604 3605 3686 3685)
4(1500 1581 3687 3606)
4(1580 3686 3687 1581)
4(3605 3606 3687 3686)
4(1501 1582 3688 3607)
4(1581 3687 3688 1582)
4(3606 3607 3688 3687)
4(1502 1583 3689 3608)
4(1582 3688 3689 1583)
4(3607 3608 3689 3688)
4(1503 1584 3690 3609)
4(1583 3689 3690 1584)
4(3608 3609 3690 3689)
4(1504 1585 3691 3610)
4(1584 3690 3691 1585)
4(3609 3610 3691 3690)
4(1505 1586 3692 3611)
4(1585 3691 3692 1586)
4(3610 3611 3692 3691)
4(1506 1587 3693 3612)
4(1586 3692 3693 1587)
4(3611 3612 3693 3692)
4(1507 1588 3694 3613)
4(1587 3693 3694 1588)
4(3612 3613 3694 3693)
4(1508 1589 3695 3614)
4(1588 3694 3695 1589)
4(3613 3614 3695 3694)
4(1509 1590 3696 3615)
4(1589 3695 3696 1590)
4(3614 3615 3696 3695)
4(1510 1591 3697 3616)
4(1590 3696 3697 1591)
4(3615 3616 3697 3696)
4(1511 1592 3698 3617)
4(1591 3697 3698 1592)
4(3616 3617 3698 3697)
4(1512 1593 3699 3618)
4(1592 3698 3699 1593)
4(3617 3618 3699 3698)
4(1513 1594 3700 3619)
4(1593 3699 3700 1594)
4(3618 3619 3700 3699)
4(1514 1595 3701 3620)
4(1594 3700 3701 1595)
4(3619 3620 3701 3700)
4(1515 1596 3702 3621)
4(1595 3701 3702 1596)
4(3620 3621 3702 3701)
4(1516 1597 3703 3622)
4(1596 3702 3703 1597)
4(3621 3622 3703 3702)
4(1517 1598 3704 3623)
4(1597 3703 3704 1598)
4(3622 3623 3704 3703)
4(1518 1599 3705 3624)
4(1598 3704 3705 1599)
4(3623 3624 3705 3704)
4(1519 1600 3706 3625)
4(1599 3705 3706 1600)
4(3624 3625 3706 3705)
4(1520 1601 3707 3626)
4(1600 3706 3707 1601)
4(3625 3626 3707 3706)
4(1521 1602 3708 3627)
4(1601 3707 3708 1602)
4(3626 3627 3708 3707)
4(1522 1603 3709 3628)
4(1602 3708 3709 1603)
4(3627 3628 3709 3708)
4(1523 1604 3710 3629)
4(1603 3709 3710 1604)
4(3628 3629 3710 3709)
4(1524 1605 3711 3630)
4(1604 3710 3711 1605)
4(3629 3630 3711 3710)
4(1525 1606 3712 3631)
4(1605 3711 3712 1606)
4(3630 3631 3712 3711)
4(1526 1607 3713 3632)
4(1606 3712 3713 1607)
4(3631 3632 3713 3712)
4(1527 1608 3714 3633)
4(1607 3713 3714 1608)
4(3632 3633 3714 3713)
4(1528 1609 3715 3634)
4(1608 3714 3715 1609)
4(3633 3634 3715 3714)
4(1529 1610 3716 3635)
4(1609 3715 3716 1610)
4(3634 3635 3716 3715)
4(1530 1611 3717 3636)
4(1610 3716 3717 1611)
4(3635 3636 3717 3716)
4(1531 1612 3718 3637)
4(1611 3717 3718 1612)
4(3636 3637 3718 3717)
4(1532 1613 3719 3638)
4(1612 3718 3719 1613)
4(3637 3638 3719 3718)
4(1533 1614 3720 3639)
4(1613 3719 3720 1614)
4(3638 3639 3720 3719)
4(1534 1615 3721 3640)
4(1614 3720 3721 1615)
4(3639 3640 3721 3720)
4(1535 1616 3722 3641)
4(1615 3721 3722 1616)
4(3640 3641 3722 3721)
4(1536 1617 3723 3642)
4(1616 3722 3723 1617)
4(3641 3642 3723 3722)
4(1537 1618 3724 3643)
4(1617 3723 3724 1618)
4(3642 3643 3724 3723)
4(1618 3724 3725 1619)
4(3643 3644 3725 3724)
4(1540 1621 3727 3646)
4(1620 3726 3727 1621)
4(3645 3646 3727 3726)
4(1541 1622 3728 3647)
4(1621 3727 3728 1622)
4(3646 3647 3728 3727)
4(1542 1623 3729 3648)
4(1622 3728 3729 1623)
4(3647 3648 3729 3728)
4(1543 1624 3730 3649)
4(1623 3729 3730 1624)
4(3648 3649 3730 3729)
4(1544 1625 3731 3650)
4(1624 3730 3731 1625)
4(3649 3650 3731 3730)
4(1545 1626 3732 3651)
4(1625 3731 3732 1626)
4(3650 3651 3732 3731)
4(1546 1627 3733 3652)
4(1626 3732 3733 1627)
4(3651 3652 3733 3732)
4(1547 1628 3734 3653)
4(1627 3733 3734 1628)
4(3652 3653 3734 3733)
4(1548 1629 3735 3654)
4(1628 3734 3735 1629)
4(3653 3654 3735 3734)
4(1549 1630 3736 3655)
4(1629 3735 3736 1630)
4(3654 3655 3736 3735)
4(1550 1631 3737 3656)
4(1630 3736 3737 1631)
4(3655 3656 3737 3736)
4(1551 1632 3738 3657)
4(1631 3737 3738 1632)
4(3656 3657 3738 3737)
4(1552 1633 3739 3658)
4(1632 3738 3739 1633)
4(3657 3658 3739 3738)
4(1553 1634 3740 3659)
4(1633 3739 3740 1634)
4(3658 3659 3740 3739)
4(1554 1635 3741 3660)
4(1634 3740 3741 1635)
4(3659 3660 3741 3740)
4(1555 1636 3742 3661)
4(1635 3741 3742 1636)
4(3660 3661 3742 3741)
4(1556 1637 3743 3662)
4(1636 3742 3743 1637)
4(3661 3662 3743 3742)
4(1557 1638 3744 3663)
4(1637 3743 3744 1638)
4(3662 3663 3744 3743)
4(1558 1639 3745 3664)
4(1638 3744 3745 1639)
4(3663 3664 3745 3744)
4(1559 1640 3746 3665)
4(1639 3745 3746 1640)
4(3664 3665 3746 3745)
4(1560 1641 3747 3666)
4(1640 3746 3747 1641)
4(3665 3666 3747 3746)
4(1561 1642 3748 3667)
4(1641 3747 3748 1642)
4(3666 3667 3748 3747)
4(1562 1643 3749 3668)
4(1642 3748 3749 1643)
4(3667 3668 3749 3748)
4(1563 1644 3750 3669)
4(1643 3749 3750 1644)
4(3668 3669 3750 3749)
4(1564 1645 3751 3670)
4(1644 3750 3751 1645)
4(3669 3670 3751 3750)
4(1565 1646 3752 3671)
4(1645 3751 3752 1646)
4(3670 3671 3752 3751)
4(1566 1647 3753 3672)
4(1646 3752 3753 1647)
4(3671 3672 3753 3752)
4(1567 1648 3754 3673)
4(1647 3753 3754 1648)
4(3672 3673 3754 3753)
4(1568 1649 3755 3674)
4(1648 3754 3755 1649)
4(3673 3674 3755 3754)
4(1569 1650 3756 3675)
4(1649 3755 3756 1650)
4(3674 3675 3756 3755)
4(1570 1651 3757 3676)
4(1650 3756 3757 1651)
4(3675 3676 3757 3756)
4(1571 1652 3758 3677)
4(1651 3757 3758 1652)
4(3676 3677 3758 3757)
4(1572 1653 3759 3678)
4(1652 3758 3759 1653)
4(3677 3678 3759 3758)
4(1573 1654 3760 3679)
4(1653 3759 3760 1654)
4(3678 3679 3760 3759)
4(1574 1655 3761 3680)
4(1654 3760 3761 1655)
4(3679 3680 3761 3760)
4(1575 1656 3762 3681)
4(1655 3761 3762 1656)
4(3680 3681 3762 3761)
4(1576 1657 3763 3682)
4(1656 3762 3763 1657)
4(3681 3682 3763 3762)
4(1577 1658 3764 3683)
4(1657 3763 3764 1658)
4(3682 3683 3764 3763)
4(1578 1659 3765 3684)
4(1658 3764 3765 1659)
4(3683 3684 3765 3764)
4(1579 1660 3766 3685)
4(1659 3765 3766 1660)
4(3684 3685 3766 3765)
4(1580 1661 3767 3686)
4(1660 3766 3767 1661)
4(3685 3686 3767 3766)
4(1581 1662 3768 3687)
4(1661 3767 3768 1662)
4(3686 3687 3768 3767)
4(1582 1663 3769 3688)
4(1662 3768 3769 1663)
4(3687 3688 3769 3768)
4(1583 1664 3770 3689)
4(1663 3769 3770 1664)
4(3688 3689 3770 3769)
4(1584 1665 3771 3690)
4(1664 3770 3771 1665)
4(3689 3690 3771 3770)
4(1585 1666 3772 3691)
4(1665 3771 3772 1666)
4(3690 3691 3772 3771)
4(1586 1667 3773 3692)
4(1666 3772 3773 1667)
4(3691 3692 3773 3772)
4(1587 1668 3774 3693)
4(1667 3773 3774 1668)
4(3692 3693 3774 3773)
4(1588 1669 3775 3694)
4(1668 3774 3775 1669)
4(3693 3694 3775 3774)
4(1589 1670 3776 3695)
4(1669 3775 3776 1670)
4(3694 3695 3776 3775)
4(1590 1671 3777 3696)
4(1670 3776 3777 1671)
4(3695 3696 3777 3776)
4(1591 1672 3778 3697)
4(1671 3777 3778 1672)
4(3696 3697 3778 3777)
4(1592 1673 3779 3698)
4(1672 3778 3779 1673)
4(3697 3698 3779 3778)
4(1593 1674 3780 3699)
4(1673 3779 3780 1674)
4(3698 3699 3780 3779)
4(1594 1675 3781 3700)
4(1674 3780 3781 1675)
4(3699 3700 3781 3780)
4(1595 1676 3782 3701)
4(1675 3781 3782 1676)
4(3700 3701 3782 3781)
4(1596 1677 3783 3702)
4(1676 3782 3783 1677)
4(3701 3702 3783 3782)
4(1597 1678 3784 3703)
4(1677 3783 3784 1678)
4(3702 3703 3784 3783)
4(1598 1679 3785 3704)
4(1678 3784 3785 1679)
4(3703 3704 3785 3784)
4(1599 1680 3786 3705)
4(1679 3785 3786 1680)
4(3704 3705 3786 3785)
4(1600 1681 3787 3706)
4(1680 3786 3787 1681)
4(3705 3706 3787 3786)
4(1601 1682 3788 3707)
4(1681 3787 3788 1682)
4(3706 3707 3788 3787)
4(1602 1683 3789 3708)
4(1682 3788 3789 1683)
4(3707 3708 3789 3788)
4(1603 1684 3790 3709)
4(1683 3789 3790 1684)
4(3708 3709 3790 3789)
4(1604 1685 3791 3710)
4(1684 3790 3791 1685)
4(3709 3710 3791 3790)
4(1605 1686 3792 3711)
4(1685 3791 3792 1686)
4(3710 3711 3792 3791)
4(1606 1687 3793 3712)
4(1686 3792 3793 1687)
4(3711 3712 3793 3792)
4(1607 1688 3794 3713)
4(1687 3793 3794 1688)
4(3712 3713 3794 3793)
4(1608 1689 3795 3714)
4(1688 3794 3795 1689)
4(3713 3714 3795 3794)
4(1609 1690 3796 3715)
4(1689 3795 3796 1690)
4(3714 3715 3796 3795)
4(1610 1691 3797 3716)
4(1690 3796 3797 1691)
4(3715 3716 3797 3796)
4(1611 1692 3798 3717)
4(1691 3797 3798 1692)
4(3716 3717 3798 3797)
4(1612 1693 3799 3718)
4(1692 3798 3799 1693)
4(3717 3718 3799 3798)
4(1613 1694 3800 3719)
4(1693 3799 3800 1694)
4(3718 3719 3800 3799)
4(1614 1695 3801 3720)
4(1694 3800 3801 1695)
4(3719 3720 3801 3800)
4(1615 1696 3802 3721)
4(1695 3801 3802 1696)
4(3720 3721 3802 3801)
4(1616 1697 3803 3722)
4(1696 3802 3803 1697)
4(3721 3722 3803 3802)
4(1617 1698 3804 3723)
4(1697 3803 3804 1698)
4(3722 3723 3804 3803)
4(1618 1699 3805 3724)
4(1698 3804 3805 1699)
4(3723 3724 3805 3804)
4(1699 3805 3806 1700)
4(3724 3725 3806 3805)
4(1621 1702 3808 3727)
4(1701 3807 3808 1702)
4(3726 3727 3808 3807)
4(1622 1703 3809 3728)
4(1702 3808 3809 1703)
4(3727 3728 3809 3808)
4(1623 1704 3810 3729)
4(1703 3809 3810 1704)
4(3728 3729 3810 3809)
4(1624 1705 3811 3730)
4(1704 3810 3811 1705)
4(3729 3730 3811 3810)
4(1625 1706 3812 3731)
4(1705 3811 3812 1706)
4(3730 3731 3812 3811)
4(1626 1707 3813 3732)
4(1706 3812 3813 1707)
4(3731 3732 3813 3812)
4(1627 1708 3814 3733)
4(1707 3813 3814 1708)
4(3732 3733 3814 3813)
4(1628 1709 3815 3734)
4(1708 3814 3815 1709)
4(3733 3734 3815 3814)
4(1629 1710 3816 3735)
4(1709 3815 3816 1710)
4(3734 3735 3816 3815)
4(1630 1711 3817 3736)
4(1710 3816 3817 1711)
4(3735 3736 3817 3816)
4(1631 1712 3818 3737)
4(1711 3817 3818 1712)
4(3736 3737 3818 3817)
4(1632 1713 3819 3738)
4(1712 3818 3819 1713)
4(3737 3738 3819 3818)
4(1633 1714 3820 3739)
4(1713 3819 3820 1714)
4(3738 3739 3820 3819)
4(1634 1715 3821 3740)
4(1714 3820 3821 1715)
4(3739 3740 3821 3820)
4(1635 1716 3822 3741)
4(1715 3821 3822 1716)
4(3740 3741 3822 3821)
4(1636 1717 3823 3742)
4(1716 3822 3823 1717)
4(3741 3742 3823 3822)
4(1637 1718 3824 3743)
4(1717 3823 3824 1718)
4(3742 3743 3824 3823)
4(1638 1719 3825 3744)
4(1718 3824 3825 1719)
4(3743 3744 3825 3824)
4(1639 1720 3826 3745)
4(1719 3825 3826 1720)
4(3744 3745 3826 3825)
4(1640 1721 3827 3746)
4(1720 3826 3827 1721)
4(3745 3746 3827 3826)
4(1641 1722 3828 3747)
4(1721 3827 3828 1722)
4(3746 3747 3828 3827)
4(1642 1723 3829 3748)
4(1722 3828 3829 1723)
4(3747 3748 3829 3828)
4(1643 1724 3830 3749)
4(1723 3829 3830 1724)
4(3748 3749 3830 3829)
4(1644 1725 3831 3750)
4(1724 3830 3831 1725)
4(3749 3750 3831 3830)
4(1645 1726 3832 3751)
4(1725 3831 3832 1726)
4(3750 3751 3832 3831)
4(1646 1727 3833 3752)
4(1726 3832 3833 1727)
4(3751 3752 3833 3832)
4(1647 1728 3834 3753)
4(1727 3833 3834 1728)
4(3752 3753 3834 3833)
4(1648 1729 3835 3754)
4(1728 3834 3835 1729)
4(3753 3754 3835 3834)
4(1649 1730 3836 3755)
4(1729 3835 3836 1730)
4(3754 3755 3836 3835)
4(1650 1731 3837 3756)
4(1730 3836 3837 1731)
4(3755 3756 3837 3836)
4(1651 1732 3838 3757)
4(1731 3837 3838 1732)
4(3756 3757 3838 3837)
4(1652 1733 3839 3758)
4(1732 3838 3839 1733)
4(3757 3758 3839 3838)
4(1653 1734 3840 3759)
4(1733 3839 3840 1734)
4(3758 3759 3840 3839)
4(1654 1735 3841 3760)
4(1734 3840 3841 1735)
4(3759 3760 3841 3840)
4(1655 1736 3842 3761)
4(1735 3841 3842 1736)
4(3760 3761 3842 3841)
4(1656 1737 3843 3762)
4(1736 3842 3843 1737)
4(3761 3762 3843 3842)
4(1657 1738 3844 3763)
4(1737 3843 3844 1738)
4(3762 3763 3844 3843)
4(1658 1739 3845 3764)
4(1738 3844 3845 1739)
4(3763 3764 3845 3844)
4(1659 1740 3846 3765)
4(1739 3845 3846 1740)
4(3764 3765 3846 3845)
4(1660 1741 3847 3766)
4(1740 3846 3847 1741)
4(3765 3766 3847 3846)
4(1661 1742 3848 3767)
4(1741 3847 3848 1742)
4(3766 3767 3848 3847)
4(1662 1743 3849 3768)
4(1742 3848 3849 1743)
4(3767 3768 3849 3848)
4(1663 1744 3850 3769)
4(1743 3849 3850 1744)
4(3768 3769 3850 3849)
4(1664 1745 3851 3770)
4(1744 3850 3851 1745)
4(3769 3770 3851 3850)
4(1665 1746 3852 3771)
4(1745 3851 3852 1746)
4(3770 3771 3852 3851)
4(1666 1747 3853 3772)
4(1746 3852 3853 1747)
4(3771 3772 3853 3852)
4(1667 1748 3854 3773)
4(1747 3853 3854 1748)
4(3772 3773 3854 3853)
4(1668 1749 3855 3774)
4(1748 3854 3855 1749)
4(3773 3774 3855 3854)
4(1669 1750 3856 3775)
4(1749 3855 3856 1750)
4(3774 3775 3856 3855)
4(1670 1751 3857 3776)
4(1750 3856 3857 1751)
4(3775 3776 3857 3856)
4(1671 1752 3858 3777)
4(1751 3857 3858 1752)
4(3776 3777 3858 3857)
4(1672 1753 3859 3778)
4(1752 3858 3859 1753)
4(3777 3778 3859 3858)
4(1673 1754 3860 3779)
4(1753 3859 3860 1754)
4(3778 3779 3860 3859)
4(1674 1755 3861 3780)
4(1754 3860 3861 1755)
4(3779 3780 3861 3860)
4(1675 1756 3862 3781)
4(1755 3861 3862 1756)
4(3780 3781 3862 3861)
4(1676 1757 3863 3782)
4(1756 3862 3863 1757)
4(3781 3782 3863 3862)
4(1677 1758 3864 3783)
4(1757 3863 3864 1758)
4(3782 3783 3864 3863)
4(1678 1759 3865 3784)
4(1758 3864 3865 1759)
4(3783 3784 3865 3864)
4(1679 1760 3866 3785)
4(1759 3865 3866 1760)
4(3784 3785 3866 3865)
4(1680 1761 3867 3786)
4(1760 3866 3867 1761)
4(3785 3786 3867 3866)
4(1681 1762 3868 3787)
4(1761 3867 3868 1762)
4(3786 3787 3868 3867)
4(1682 1763 3869 3788)
4(1762 3868 3869 1763)
4(3787 3788 3869 3868)
4(1683 1764 3870 3789)
4(1763 3869 3870 1764)
4(3788 3789 3870 3869)
4(1684 1765 3871 3790)
4(1764 3870 3871 1765)
4(3789 3790 3871 3870)
4(1685 1766 3872 3791)
4(1765 3871 3872 1766)
4(3790 3791 3872 3871)
4(1686 1767 3873 3792)
4(1766 3872 3873 1767)
4(3791 3792 3873 3872)
4(1687 1768 3874 3793)
4(1767 3873 3874 1768)
4(3792 3793 3874 3873)
4(1688 1769 3875 3794)
4(1768 3874 3875 1769)
4(3793 3794 3875 3874)
4(1689 1770 3876 3795)
4(1769 3875 3876 1770)
4(3794 3795 3876 3875)
4(1690 1771 3877 3796)
4(1770 3876 3877 1771)
4(3795 3796 3877 3876)
4(1691 1772 3878 3797)
4(1771 3877 3878 1772)
4(3796 3797 3878 3877)
4(1692 1773 3879 3798)
4(1772 3878 3879 1773)
4(3797 3798 3879 3878)
4(1693 1774 3880 3799)
4(1773 3879 3880 1774)
4(3798 3799 3880 3879)
4(1694 1775 3881 3800)
4(1774 3880 3881 1775)
4(3799 3800 3881 3880)
4(1695 1776 3882 3801)
4(1775 3881 3882 1776)
4(3800 3801 3882 3881)
4(1696 1777 3883 3802)
4(1776 3882 3883 1777)
4(3801 3802 3883 3882)
4(1697 1778 3884 3803)
4(1777 3883 3884 1778)
4(3802 3803 3884 3883)
4(1698 1779 3885 3804)
4(1778 3884 3885 1779)
4(3803 3804 3885 3884)
4(1699 1780 3886 3805)
4(1779 3885 3886 1780)
4(3804 3805 3886 3885)
4(1780 3886 3887 1781)
4(3805 3806 3887 3886)
4(1702 1783 3889 3808)
4(1782 3888 3889 1783)
4(3807 3808 3889 3888)
4(1703 1784 3890 3809)
4(1783 3889 3890 1784)
4(3808 3809 3890 3889)
4(1704 1785 3891 3810)
4(1784 3890 3891 1785)
4(3809 3810 3891 3890)
4(1705 1786 3892 3811)
4(1785 3891 3892 1786)
4(3810 3811 3892 3891)
4(1706 1787 3893 3812)
4(1786 3892 3893 1787)
4(3811 3812 3893 3892)
4(1707 1788 3894 3813)
4(1787 3893 3894 1788)
4(3812 3813 3894 3893)
4(1708 1789 3895 3814)
4(1788 3894 3895 1789)
4(3813 3814 3895 3894)
4(1709 1790 3896 3815)
4(1789 3895 3896 1790)
4(3814 3815 3896 3895)
4(1710 1791 3897 3816)
4(1790 3896 3897 1791)
4(3815 3816 3897 3896)
4(1711 1792 3898 3817)
4(1791 3897 3898 1792)
4(3816 3817 3898 3897)
4(1712 1793 3899 3818)
4(1792 3898 3899 1793)
4(3817 3818 3899 3898)
4(1713 1794 3900 3819)
4(1793 3899 3900 1794)
4(3818 3819 3900 3899)
4(1714 1795 3901 3820)
4(1794 3900 3901 1795)
4(3819 3820 3901 3900)
4(1715 1796 3902 3821)
4(1795 3901 3902 1796)
4(3820 3821 3902 3901)
4(1716 1797 3903 3822)
4(1796 3902 3903 1797)
4(3821 3822 3903 3902)
4(1717 1798 3904 3823)
4(1797 3903 3904 1798)
4(3822 3823 3904 3903)
4(1718 1799 3905 3824)
4(1798 3904 3905 1799)
4(3823 3824 3905 3904)
4(1719 1800 3906 3825)
4(1799 3905 3906 1800)
4(3824 3825 3906 3905)
4(1720 1801 3907 3826)
4(1800 3906 3907 1801)
4(3825 3826 3907 3906)
4(1721 1802 3908 3827)
4(1801 3907 3908 1802)
4(3826 3827 3908 3907)
4(1722 1803 3909 3828)
4(1802 3908 3909 1803)
4(3827 3828 3909 3908)
4(1723 1804 3910 3829)
4(1803 3909 3910 1804)
4(3828 3829 3910 3909)
4(1724 1805 3911 3830)
4(1804 3910 3911 1805)
4(3829 3830 3911 3910)
4(1725 1806 3912 3831)
4(1805 3911 3912 1806)
4(3830 3831 3912 3911)
4(1726 1807 3913 3832)
4(1806 3912 3913 1807)
4(3831 3832 3913 3912)
4(1727 1808 3914 3833)
4(1807 3913 3914 1808)
4(3832 3833 3914 3913)
4(1728 1809 3915 3834)
4(1808 3914 3915 1809)
4(3833 3834 3915 3914)
4(1729 1810 3916 3835)
4(1809 3915 3916 1810)
4(3834 3835 3916 3915)
4(1730 1811 3917 3836)
4(1810 3916 3917 1811)
4(3835 3836 3917 3916)
4(1731 1812 3918 3837)
4(1811 3917 3918 1812)
4(3836 3837 3918 3917)
4(1732 1813 3919 3838)
4(1812 3918 3919 1813)
4(3837 3838 3919 3918)
4(1733 1814 3920 3839)
4(1813 3919 3920 1814)
4(3838 3839 3920 3919)
4(1734 1815 3921 3840)
4(1814 3920 3921 1815)
4(3839 3840 3921 3920)
4(1735 1816 3922 3841)
4(1815 3921 3922 1816)
4(3840 3841 3922 3921)
4(1736 1817 3923 3842)
4(1816 3922 3923 1817)
4(3841 3842 3923 3922)
4(1737 1818 3924 3843)
4(1817 3923 3924 1818)
4(3842 3843 3924 3923)
4(1738 1819 3925 3844)
4(1818 3924 3925 1819)
4(3843 3844 3925 3924)
4(1739 1820 3926 3845)
4(1819 3925 3926 1820)
4(3844 3845 3926 3925)
4(1740 1821 3927 3846)
4(1820 3926 3927 1821)
4(3845 3846 3927 3926)
4(1741 1822 3928 3847)
4(1821 3927 3928 1822)
4(3846 3847 3928 3927)
4(1742 1823 3929 3848)
4(1822 3928 3929 1823)
4(3847 3848 3929 3928)
4(1743 1824 3930 3849)
4(1823 3929 3930 1824)
4(3848 3849 3930 3929)
4(1744 1825 3931 3850)
4(1824 3930 3931 1825)
4(3849 3850 3931 3930)
4(1745 1826 3932 3851)
4(1825 3931 3932 1826)
4(3850 3851 3932 3931)
4(1746 1827 3933 3852)
4(1826 3932 3933 1827)
4(3851 3852 3933 3932)
4(1747 1828 3934 3853)
4(1827 3933 3934 1828)
4(3852 3853 3934 3933)
4(1748 1829 3935 3854)
4(1828 3934 3935 1829)
4(3853 3854 3935 3934)
4(1749 1830 3936 3855)
4(1829 3935 3936 1830)
4(3854 3855 3936 3935)
4(1750 1831 3937 3856)
4(1830 3936 3937 1831)
4(3855 3856 3937 3936)
4(1751 1832 3938 3857)
4(1831 3937 3938 1832)
4(3856 3857 3938 3937)
4(1752 1833 3939 3858)
4(1832 3938 3939 1833)
4(3857 3858 3939 3938)
4(1753 1834 3940 3859)
4(1833 3939 3940 1834)
4(3858 3859 3940 3939)
4(1754 1835 3941 3860)
4(1834 3940 3941 1835)
4(3859 3860 3941 3940)
4(1755 1836 3942 3861)
4(1835 3941 3942 1836)
4(3860 3861 3942 3941)
4(1756 1837 3943 3862)
4(1836 3942 3943 1837)
4(3861 3862 3943 3942)
4(1757 1838 3944 3863)
4(1837 3943 3944 1838)
4(3862 3863 3944 3943)
4(1758 1839 3945 3864)
4(1838 3944 3945 1839)
4(3863 3864 3945 3944)
4(1759 1840 3946 3865)
4(1839 3945 3946 1840)
4(3864 3865 3946 3945)
4(1760 1841 3947 3866)
4(1840 3946 3947 1841)
4(3865 3866 3947 3946)
4(1761 1842 3948 3867)
4(1841 3947 3948 1842)
4(3866 3867 3948 3947)
4(1762 1843 3949 3868)
4(1842 3948 3949 1843)
4(3867 3868 3949 3948)
4(1763 1844 3950 3869)
4(1843 3949 3950 1844)
4(3868 3869 3950 3949)
4(1764 1845 3951 3870)
4(1844 3950 3951 1845)
4(3869 3870 3951 3950)
4(1765 1846 3952 3871)
4(1845 3951 3952 1846)
4(3870 3871 3952 3951)
4(1766 1847 3953 3872)
4(1846 3952 3953 1847)
4(3871 3872 3953 3952)
4(1767 1848 3954 3873)
4(1847 3953 3954 1848)
4(3872 3873 3954 3953)
4(1768 1849 3955 3874)
4(1848 3954 3955 1849)
4(3873 3874 3955 3954)
4(1769 1850 3956 3875)
4(1849 3955 3956 1850)
4(3874 3875 3956 3955)
4(1770 1851 3957 3876)
4(1850 3956 3957 1851)
4(3875 3876 3957 3956)
4(1771 1852 3958 3877)
4(1851 3957 3958 1852)
4(3876 3877 3958 3957)
4(1772 1853 3959 3878)
4(1852 3958 3959 1853)
4(3877 3878 3959 3958)
4(1773 1854 3960 3879)
4(1853 3959 3960 1854)
4(3878 3879 3960 3959)
4(1774 1855 3961 3880)
4(1854 3960 3961 1855)
4(3879 3880 3961 3960)
4(1775 1856 3962 3881)
4(1855 3961 3962 1856)
4(3880 3881 3962 3961)
4(1776 1857 3963 3882)
4(1856 3962 3963 1857)
4(3881 3882 3963 3962)
4(1777 1858 3964 3883)
4(1857 3963 3964 1858)
4(3882 3883 3964 3963)
4(1778 1859 3965 3884)
4(1858 3964 3965 1859)
4(3883 3884 3965 3964)
4(1779 1860 3966 3885)
4(1859 3965 3966 1860)
4(3884 3885 3966 3965)
4(1780 1861 3967 3886)
4(1860 3966 3967 1861)
4(3885 3886 3967 3966)
4(1861 3967 3968 1862)
4(3886 3887 3968 3967)
4(1783 1864 3970 3889)
4(1863 3969 3970 1864)
4(3888 3889 3970 3969)
4(1784 1865 3971 3890)
4(1864 3970 3971 1865)
4(3889 3890 3971 3970)
4(1785 1866 3972 3891)
4(1865 3971 3972 1866)
4(3890 3891 3972 3971)
4(1786 1867 3973 3892)
4(1866 3972 3973 1867)
4(3891 3892 3973 3972)
4(1787 1868 3974 3893)
4(1867 3973 3974 1868)
4(3892 3893 3974 3973)
4(1788 1869 3975 3894)
4(1868 3974 3975 1869)
4(3893 3894 3975 3974)
4(1789 1870 3976 3895)
4(1869 3975 3976 1870)
4(3894 3895 3976 3975)
4(1790 1871 3977 3896)
4(1870 3976 3977 1871)
4(3895 3896 3977 3976)
4(1791 1872 3978 3897)
4(1871 3977 3978 1872)
4(3896 3897 3978 3977)
4(1792 1873 3979 3898)
4(1872 3978 3979 1873)
4(3897 3898 3979 3978)
4(1793 1874 3980 3899)
4(1873 3979 3980 1874)
4(3898 3899 3980 3979)
4(1794 1875 3981 3900)
4(1874 3980 3981 1875)
4(3899 3900 3981 3980)
4(1795 1876 3982 3901)
4(1875 3981 3982 1876)
4(3900 3901 3982 3981)
4(1796 1877 3983 3902)
4(1876 3982 3983 1877)
4(3901 3902 3983 3982)
4(1797 1878 3984 3903)
4(1877 3983 3984 1878)
4(3902 3903 3984 3983)
4(1798 1879 3985 3904)
4(1878 3984 3985 1879)
4(3903 3904 3985 3984)
4(1799 1880 3986 3905)
4(1879 3985 3986 1880)
4(3904 3905 3986 3985)
4(1800 1881 3987 3906)
4(1880 3986 3987 1881)
4(3905 3906 3987 3986)
4(1801 1882 3988 3907)
4(1881 3987 3988 1882)
4(3906 3907 3988 3987)
4(1802 1883 3989 3908)
4(1882 3988 3989 1883)
4(3907 3908 3989 3988)
4(1803 1884 3990 3909)
4(1883 3989 3990 1884)
4(3908 3909 3990 3989)
4(1804 1885 3991 3910)
4(1884 3990 3991 1885)
4(3909 3910 3991 3990)
4(1805 1886 3992 3911)
4(1885 3991 3992 1886)
4(3910 3911 3992 3991)
4(1806 1887 3993 3912)
4(1886 3992 3993 1887)
4(3911 3912 3993 3992)
4(1807 1888 3994 3913)
4(1887 3993 3994 1888)
4(3912 3913 3994 3993)
4(1808 1889 3995 3914)
4(1888 3994 3995 1889)
4(3913 3914 3995 3994)
4(1809 1890 3996 3915)
4(1889 3995 3996 1890)
4(3914 3915 3996 3995)
4(1810 1891 3997 3916)
4(1890 3996 3997 1891)
4(3915 3916 3997 3996)
4(1811 1892 3998 3917)
4(1891 3997 3998 1892)
4(3916 3917 3998 3997)
4(1812 1893 3999 3918)
4(1892 3998 3999 1893)
4(3917 3918 3999 3998)
4(1813 1894 4000 3919)
4(1893 3999 4000 1894)
4(3918 3919 4000 3999)
4(1814 1895 4001 3920)
4(1894 4000 4001 1895)
4(3919 3920 4001 4000)
4(1815 1896 4002 3921)
4(1895 4001 4002 1896)
4(3920 3921 4002 4001)
4(1816 1897 4003 3922)
4(1896 4002 4003 1897)
4(3921 3922 4003 4002)
4(1817 1898 4004 3923)
4(1897 4003 4004 1898)
4(3922 3923 4004 4003)
4(1818 1899 4005 3924)
4(1898 4004 4005 1899)
4(3923 3924 4005 4004)
4(1819 1900 4006 3925)
4(1899 4005 4006 1900)
4(3924 3925 4006 4005)
4(1820 1901 4007 3926)
4(1900 4006 4007 1901)
4(3925 3926 4007 4006)
4(1821 1902 4008 3927)
4(1901 4007 4008 1902)
4(3926 3927 4008 4007)
4(1822 1903 4009 3928)
4(1902 4008 4009 1903)
4(3927 3928 4009 4008)
4(1823 1904 4010 3929)
4(1903 4009 4010 1904)
4(3928 3929 4010 4009)
4(1824 1905 4011 3930)
4(1904 4010 4011 1905)
4(3929 3930 4011 4010)
4(1825 1906 4012 3931)
4(1905 4011 4012 1906)
4(3930 3931 4012 4011)
4(1826 1907 4013 3932)
4(1906 4012 4013 1907)
4(3931 3932 4013 4012)
4(1827 1908 4014 3933)
4(1907 4013 4014 1908)
4(3932 3933 4014 4013)
4(1828 1909 4015 3934)
4(1908 4014 4015 1909)
4(3933 3934 4015 4014)
4(1829 1910 4016 3935)
4(1909 4015 4016 1910)
4(3934 3935 4016 4015)
4(1830 1911 4017 3936)
4(1910 4016 4017 1911)
4(3935 3936 4017 4016)
4(1831 1912 4018 3937)
4(1911 4017 4018 1912)
4(3936 3937 4018 4017)
4(1832 1913 4019 3938)
4(1912 4018 4019 1913)
4(3937 3938 4019 4018)
4(1833 1914 4020 3939)
4(1913 4019 4020 1914)
4(3938 3939 4020 4019)
4(1834 1915 4021 3940)
4(1914 4020 4021 1915)
4(3939 3940 4021 4020)
4(1835 1916 4022 3941)
4(1915 4021 4022 1916)
4(3940 3941 4022 4021)
4(1836 1917 4023 3942)
4(1916 4022 4023 1917)
4(3941 3942 4023 4022)
4(1837 1918 4024 3943)
4(1917 4023 4024 1918)
4(3942 3943 4024 4023)
4(1838 1919 4025 3944)
4(1918 4024 4025 1919)
4(3943 3944 4025 4024)
4(1839 1920 4026 3945)
4(1919 4025 4026 1920)
4(3944 3945 4026 4025)
4(1840 1921 4027 3946)
4(1920 4026 4027 1921)
4(3945 3946 4027 4026)
4(1841 1922 4028 3947)
4(1921 4027 4028 1922)
4(3946 3947 4028 4027)
4(1842 1923 4029 3948)
4(1922 4028 4029 1923)
4(3947 3948 4029 4028)
4(1843 1924 4030 3949)
4(1923 4029 4030 1924)
4(3948 3949 4030 4029)
4(1844 1925 4031 3950)
4(1924 4030 4031 1925)
4(3949 3950 4031 4030)
4(1845 1926 4032 3951)
4(1925 4031 4032 1926)
4(3950 3951 4032 4031)
4(1846 1927 4033 3952)
4(1926 4032 4033 1927)
4(3951 3952 4033 4032)
4(1847 1928 4034 3953)
4(1927 4033 4034 1928)
4(3952 3953 4034 4033)
4(1848 1929 4035 3954)
4(1928 4034 4035 1929)
4(3953 3954 4035 4034)
4(1849 1930 4036 3955)
4(1929 4035 4036 1930)
4(3954 3955 4036 4035)
4(1850 1931 4037 3956)
4(1930 4036 4037 1931)
4(3955 3956 4037 4036)
4(1851 1932 4038 3957)
4(1931 4037 4038 1932)
4(3956 3957 4038 4037)
4(1852 1933 4039 3958)
4(1932 4038 4039 1933)
4(3957 3958 4039 4038)
4(1853 1934 4040 3959)
4(1933 4039 4040 1934)
4(3958 3959 4040 4039)
4(1854 1935 4041 3960)
4(1934 4040 4041 1935)
4(3959 3960 4041 4040)
4(1855 1936 4042 3961)
4(1935 4041 4042 1936)
4(3960 3961 4042 4041)
4(1856 1937 4043 3962)
4(1936 4042 4043 1937)
4(3961 3962 4043 4042)
4(1857 1938 4044 3963)
4(1937 4043 4044 1938)
4(3962 3963 4044 4043)
4(1858 1939 4045 3964)
4(1938 4044 4045 1939)
4(3963 3964 4045 4044)
4(1859 1940 4046 3965)
4(1939 4045 4046 1940)
4(3964 3965 4046 4045)
4(1860 1941 4047 3966)
4(1940 4046 4047 1941)
4(3965 3966 4047 4046)
4(1861 1942 4048 3967)
4(1941 4047 4048 1942)
4(3966 3967 4048 4047)
4(1942 4048 4049 1943)
4(3967 3968 4049 4048)
4(1864 1945 4051 3970)
4(1944 4050 4051 1945)
4(3969 3970 4051 4050)
4(1865 1946 4052 3971)
4(1945 4051 4052 1946)
4(3970 3971 4052 4051)
4(1866 1947 4053 3972)
4(1946 4052 4053 1947)
4(3971 3972 4053 4052)
4(1867 1948 4054 3973)
4(1947 4053 4054 1948)
4(3972 3973 4054 4053)
4(1868 1949 4055 3974)
4(1948 4054 4055 1949)
4(3973 3974 4055 4054)
4(1869 1950 4056 3975)
4(1949 4055 4056 1950)
4(3974 3975 4056 4055)
4(1870 1951 4057 3976)
4(1950 4056 4057 1951)
4(3975 3976 4057 4056)
4(1871 1952 4058 3977)
4(1951 4057 4058 1952)
4(3976 3977 4058 4057)
4(1872 1953 4059 3978)
4(1952 4058 4059 1953)
4(3977 3978 4059 4058)
4(1873 1954 4060 3979)
4(1953 4059 4060 1954)
4(3978 3979 4060 4059)
4(1874 1955 4061 3980)
4(1954 4060 4061 1955)
4(3979 3980 4061 4060)
4(1875 1956 4062 3981)
4(1955 4061 4062 1956)
4(3980 3981 4062 4061)
4(1876 1957 4063 3982)
4(1956 4062 4063 1957)
4(3981 3982 4063 4062)
4(1877 1958 4064 3983)
4(1957 4063 4064 1958)
4(3982 3983 4064 4063)
4(1878 1959 4065 3984)
4(1958 4064 4065 1959)
4(3983 3984 4065 4064)
4(1879 1960 4066 3985)
4(1959 4065 4066 1960)
4(3984 3985 4066 4065)
4(1880 1961 4067 3986)
4(1960 4066 4067 1961)
4(3985 3986 4067 4066)
4(1881 1962 4068 3987)
4(1961 4067 4068 1962)
4(3986 3987 4068 4067)
4(1882 1963 4069 3988)
4(1962 4068 4069 1963)
4(3987 3988 4069 4068)
4(1883 1964 4070 3989)
4(1963 4069 4070 1964)
4(3988 3989 4070 4069)
4(1884 1965 4071 3990)
4(1964 4070 4071 1965)
4(3989 3990 4071 4070)
4(1885 1966 4072 3991)
4(1965 4071 4072 1966)
4(3990 3991 4072 4071)
4(1886 1967 4073 3992)
4(1966 4072 4073 1967)
4(3991 3992 4073 4072)
4(1887 1968 4074 3993)
4(1967 4073 4074 1968)
4(3992 3993 4074 4073)
4(1888 1969 4075 3994)
4(1968 4074 4075 1969)
4(3993 3994 4075 4074)
4(1889 1970 4076 3995)
4(1969 4075 4076 1970)
4(3994 3995 4076 4075)
4(1890 1971 4077 3996)
4(1970 4076 4077 1971)
4(3995 3996 4077 4076)
4(1891 1972 4078 3997)
4(1971 4077 4078 1972)
4(3996 3997 4078 4077)
4(1892 1973 4079 3998)
4(1972 4078 4079 1973)
4(3997 3998 4079 4078)
4(1893 1974 4080 3999)
4(1973 4079 4080 1974)
4(3998 3999 4080 4079)
4(1894 1975 4081 4000)
4(1974 4080 4081 1975)
4(3999 4000 4081 4080)
4(1895 1976 4082 4001)
4(1975 4081 4082 1976)
4(4000 4001 4082 4081)
4(1896 1977 4083 4002)
4(1976 4082 4083 1977)
4(4001 4002 4083 4082)
4(1897 1978 4084 4003)
4(1977 4083 4084 1978)
4(4002 4003 4084 4083)
4(1898 1979 4085 4004)
4(1978 4084 4085 1979)
4(4003 4004 4085 4084)
4(1899 1980 4086 4005)
4(1979 4085 4086 1980)
4(4004 4005 4086 4085)
4(1900 1981 4087 4006)
4(1980 4086 4087 1981)
4(4005 4006 4087 4086)
4(1901 1982 4088 4007)
4(1981 4087 4088 1982)
4(4006 4007 4088 4087)
4(1902 1983 4089 4008)
4(1982 4088 4089 1983)
4(4007 4008 4089 4088)
4(1903 1984 4090 4009)
4(1983 4089 4090 1984)
4(4008 4009 4090 4089)
4(1904 1985 4091 4010)
4(1984 4090 4091 1985)
4(4009 4010 4091 4090)
4(1905 1986 4092 4011)
4(1985 4091 4092 1986)
4(4010 4011 4092 4091)
4(1906 1987 4093 4012)
4(1986 4092 4093 1987)
4(4011 4012 4093 4092)
4(1907 1988 4094 4013)
4(1987 4093 4094 1988)
4(4012 4013 4094 4093)
4(1908 1989 4095 4014)
4(1988 4094 4095 1989)
4(4013 4014 4095 4094)
4(1909 1990 4096 4015)
4(1989 4095 4096 1990)
4(4014 4015 4096 4095)
4(1910 1991 4097 4016)
4(1990 4096 4097 1991)
4(4015 4016 4097 4096)
4(1911 1992 4098 4017)
4(1991 4097 4098 1992)
4(4016 4017 4098 4097)
4(1912 1993 4099 4018)
4(1992 4098 4099 1993)
4(4017 4018 4099 4098)
4(1913 1994 4100 4019)
4(1993 4099 4100 1994)
4(4018 4019 4100 4099)
4(1914 1995 4101 4020)
4(1994 4100 4101 1995)
4(4019 4020 4101 4100)
4(1915 1996 4102 4021)
4(1995 4101 4102 1996)
4(4020 4021 4102 4101)
4(1916 1997 4103 4022)
4(1996 4102 4103 1997)
4(4021 4022 4103 4102)
4(1917 1998 4104 4023)
4(1997 4103 4104 1998)
4(4022 4023 4104 4103)
4(1918 1999 4105 4024)
4(1998 4104 4105 1999)
4(4023 4024 4105 4104)
4(1919 2000 4106 4025)
4(1999 4105 4106 2000)
4(4024 4025 4106 4105)
4(1920 2001 4107 4026)
4(2000 4106 4107 2001)
4(4025 4026 4107 4106)
4(1921 2002 4108 4027)
4(2001 4107 4108 2002)
4(4026 4027 4108 4107)
4(1922 2003 4109 4028)
4(2002 4108 4109 2003)
4(4027 4028 4109 4108)
4(1923 2004 4110 4029)
4(2003 4109 4110 2004)
4(4028 4029 4110 4109)
4(1924 2005 4111 4030)
4(2004 4110 4111 2005)
4(4029 4030 4111 4110)
4(1925 2006 4112 4031)
4(2005 4111 4112 2006)
4(4030 4031 4112 4111)
4(1926 2007 4113 4032)
4(2006 4112 4113 2007)
4(4031 4032 4113 4112)
4(1927 2008 4114 4033)
4(2007 4113 4114 2008)
4(4032 4033 4114 4113)
4(1928 2009 4115 4034)
4(2008 4114 4115 2009)
4(4033 4034 4115 4114)
4(1929 2010 4116 4035)
4(2009 4115 4116 2010)
4(4034 4035 4116 4115)
4(1930 2011 4117 4036)
4(2010 4116 4117 2011)
4(4035 4036 4117 4116)
4(1931 2012 4118 4037)
4(2011 4117 4118 2012)
4(4036 4037 4118 4117)
4(1932 2013 4119 4038)
4(2012 4118 4119 2013)
4(4037 4038 4119 4118)
4(1933 2014 4120 4039)
4(2013 4119 4120 2014)
4(4038 4039 4120 4119)
4(1934 2015 4121 4040)
4(2014 4120 4121 2015)
4(4039 4040 4121 4120)
4(1935 2016 4122 4041)
4(2015 4121 4122 2016)
4(4040 4041 4122 4121)
4(1936 2017 4123 4042)
4(2016 4122 4123 2017)
4(4041 4042 4123 4122)
4(1937 2018 4124 4043)
4(2017 4123 4124 2018)
4(4042 4043 4124 4123)
4(1938 2019 4125 4044)
4(2018 4124 4125 2019)
4(4043 4044 4125 4124)
4(1939 2020 4126 4045)
4(2019 4125 4126 2020)
4(4044 4045 4126 4125)
4(1940 2021 4127 4046)
4(2020 4126 4127 2021)
4(4045 4046 4127 4126)
4(1941 2022 4128 4047)
4(2021 4127 4128 2022)
4(4046 4047 4128 4127)
4(1942 2023 4129 4048)
4(2022 4128 4129 2023)
4(4047 4048 4129 4128)
4(2023 4129 4130 2024)
4(4048 4049 4130 4129)
4(1945 2026 4132 4051)
4(4050 4051 4132 4131)
4(2025 4131 4132 2026)
4(1946 2027 4133 4052)
4(4051 4052 4133 4132)
4(2026 4132 4133 2027)
4(1947 2028 4134 4053)
4(4052 4053 4134 4133)
4(2027 4133 4134 2028)
4(1948 2029 4135 4054)
4(4053 4054 4135 4134)
4(2028 4134 4135 2029)
4(1949 2030 4136 4055)
4(4054 4055 4136 4135)
4(2029 4135 4136 2030)
4(1950 2031 4137 4056)
4(4055 4056 4137 4136)
4(2030 4136 4137 2031)
4(1951 2032 4138 4057)
4(4056 4057 4138 4137)
4(2031 4137 4138 2032)
4(1952 2033 4139 4058)
4(4057 4058 4139 4138)
4(2032 4138 4139 2033)
4(1953 2034 4140 4059)
4(4058 4059 4140 4139)
4(2033 4139 4140 2034)
4(1954 2035 4141 4060)
4(4059 4060 4141 4140)
4(2034 4140 4141 2035)
4(1955 2036 4142 4061)
4(4060 4061 4142 4141)
4(2035 4141 4142 2036)
4(1956 2037 4143 4062)
4(4061 4062 4143 4142)
4(2036 4142 4143 2037)
4(1957 2038 4144 4063)
4(4062 4063 4144 4143)
4(2037 4143 4144 2038)
4(1958 2039 4145 4064)
4(4063 4064 4145 4144)
4(2038 4144 4145 2039)
4(1959 2040 4146 4065)
4(4064 4065 4146 4145)
4(2039 4145 4146 2040)
4(1960 2041 4147 4066)
4(4065 4066 4147 4146)
4(2040 4146 4147 2041)
4(1961 2042 4148 4067)
4(4066 4067 4148 4147)
4(2041 4147 4148 2042)
4(1962 2043 4149 4068)
4(4067 4068 4149 4148)
4(2042 4148 4149 2043)
4(1963 2044 4150 4069)
4(4068 4069 4150 4149)
4(2043 4149 4150 2044)
4(1964 2045 4151 4070)
4(4069 4070 4151 4150)
4(2044 4150 4151 2045)
4(1965 2046 4152 4071)
4(4070 4071 4152 4151)
4(2045 4151 4152 2046)
4(1966 2047 4153 4072)
4(4071 4072 4153 4152)
4(2046 4152 4153 2047)
4(1967 2048 4154 4073)
4(4072 4073 4154 4153)
4(2047 4153 4154 2048)
4(1968 2049 4155 4074)
4(4073 4074 4155 4154)
4(2048 4154 4155 2049)
4(1969 2050 4156 4075)
4(4074 4075 4156 4155)
4(2049 4155 4156 2050)
4(1970 2051 4157 4076)
4(4075 4076 4157 4156)
4(2050 4156 4157 2051)
4(1971 2052 4158 4077)
4(4076 4077 4158 4157)
4(2051 4157 4158 2052)
4(1972 2053 4159 4078)
4(4077 4078 4159 4158)
4(2052 4158 4159 2053)
4(1973 2054 4160 4079)
4(4078 4079 4160 4159)
4(2053 4159 4160 2054)
4(1974 2055 4161 4080)
4(4079 4080 4161 4160)
4(2054 4160 4161 2055)
4(1975 2056 4162 4081)
4(4080 4081 4162 4161)
4(2055 4161 4162 2056)
4(1976 2057 4163 4082)
4(4081 4082 4163 4162)
4(2056 4162 4163 2057)
4(1977 2058 4164 4083)
4(4082 4083 4164 4163)
4(2057 4163 4164 2058)
4(1978 2059 4165 4084)
4(4083 4084 4165 4164)
4(2058 4164 4165 2059)
4(1979 2060 4166 4085)
4(4084 4085 4166 4165)
4(2059 4165 4166 2060)
4(1980 2061 4167 4086)
4(4085 4086 4167 4166)
4(2060 4166 4167 2061)
4(1981 2062 4168 4087)
4(4086 4087 4168 4167)
4(2061 4167 4168 2062)
4(1982 2063 4169 4088)
4(4087 4088 4169 4168)
4(2062 4168 4169 2063)
4(1983 2064 4170 4089)
4(4088 4089 4170 4169)
4(2063 4169 4170 2064)
4(1984 2065 4171 4090)
4(4089 4090 4171 4170)
4(2064 4170 4171 2065)
4(1985 2066 4172 4091)
4(4090 4091 4172 4171)
4(2065 4171 4172 2066)
4(1986 2067 4173 4092)
4(4091 4092 4173 4172)
4(2066 4172 4173 2067)
4(1987 2068 4174 4093)
4(4092 4093 4174 4173)
4(2067 4173 4174 2068)
4(1988 2069 4175 4094)
4(4093 4094 4175 4174)
4(2068 4174 4175 2069)
4(1989 2070 4176 4095)
4(4094 4095 4176 4175)
4(2069 4175 4176 2070)
4(1990 2071 4177 4096)
4(4095 4096 4177 4176)
4(2070 4176 4177 2071)
4(1991 2072 4178 4097)
4(4096 4097 4178 4177)
4(2071 4177 4178 2072)
4(1992 2073 4179 4098)
4(4097 4098 4179 4178)
4(2072 4178 4179 2073)
4(1993 2074 4180 4099)
4(4098 4099 4180 4179)
4(2073 4179 4180 2074)
4(1994 2075 4181 4100)
4(4099 4100 4181 4180)
4(2074 4180 4181 2075)
4(1995 2076 4182 4101)
4(4100 4101 4182 4181)
4(2075 4181 4182 2076)
4(1996 2077 4183 4102)
4(4101 4102 4183 4182)
4(2076 4182 4183 2077)
4(1997 2078 4184 4103)
4(4102 4103 4184 4183)
4(2077 4183 4184 2078)
4(1998 2079 4185 4104)
4(4103 4104 4185 4184)
4(2078 4184 4185 2079)
4(1999 2080 4186 4105)
4(4104 4105 4186 4185)
4(2079 4185 4186 2080)
4(2000 2081 4187 4106)
4(4105 4106 4187 4186)
4(2080 4186 4187 2081)
4(2001 2082 4188 4107)
4(4106 4107 4188 4187)
4(2081 4187 4188 2082)
4(2002 2083 4189 4108)
4(4107 4108 4189 4188)
4(2082 4188 4189 2083)
4(2003 2084 4190 4109)
4(4108 4109 4190 4189)
4(2083 4189 4190 2084)
4(2004 2085 4191 4110)
4(4109 4110 4191 4190)
4(2084 4190 4191 2085)
4(2005 2086 4192 4111)
4(4110 4111 4192 4191)
4(2085 4191 4192 2086)
4(2006 2087 4193 4112)
4(4111 4112 4193 4192)
4(2086 4192 4193 2087)
4(2007 2088 4194 4113)
4(4112 4113 4194 4193)
4(2087 4193 4194 2088)
4(2008 2089 4195 4114)
4(4113 4114 4195 4194)
4(2088 4194 4195 2089)
4(2009 2090 4196 4115)
4(4114 4115 4196 4195)
4(2089 4195 4196 2090)
4(2010 2091 4197 4116)
4(4115 4116 4197 4196)
4(2090 4196 4197 2091)
4(2011 2092 4198 4117)
4(4116 4117 4198 4197)
4(2091 4197 4198 2092)
4(2012 2093 4199 4118)
4(4117 4118 4199 4198)
4(2092 4198 4199 2093)
4(2013 2094 4200 4119)
4(4118 4119 4200 4199)
4(2093 4199 4200 2094)
4(2014 2095 4201 4120)
4(4119 4120 4201 4200)
4(2094 4200 4201 2095)
4(2015 2096 4202 4121)
4(4120 4121 4202 4201)
4(2095 4201 4202 2096)
4(2016 2097 4203 4122)
4(4121 4122 4203 4202)
4(2096 4202 4203 2097)
4(2017 2098 4204 4123)
4(4122 4123 4204 4203)
4(2097 4203 4204 2098)
4(2018 2099 4205 4124)
4(4123 4124 4205 4204)
4(2098 4204 4205 2099)
4(2019 2100 4206 4125)
4(4124 4125 4206 4205)
4(2099 4205 4206 2100)
4(2020 2101 4207 4126)
4(4125 4126 4207 4206)
4(2100 4206 4207 2101)
4(2021 2102 4208 4127)
4(4126 4127 4208 4207)
4(2101 4207 4208 2102)
4(2022 2103 4209 4128)
4(4127 4128 4209 4208)
4(2102 4208 4209 2103)
4(2023 2104 4210 4129)
4(4128 4129 4210 4209)
4(2103 4209 4210 2104)
4(4129 4130 4211 4210)
4(2104 4210 4211 2105)
4(2107 2188 4294 4213)
4(2187 4293 4294 2188)
4(4212 4213 4294 4293)
4(2108 2189 4295 4214)
4(2188 4294 4295 2189)
4(4213 4214 4295 4294)
4(2109 2190 4296 4215)
4(2189 4295 4296 2190)
4(4214 4215 4296 4295)
4(2110 2191 4297 4216)
4(2190 4296 4297 2191)
4(4215 4216 4297 4296)
4(2111 2192 4298 4217)
4(2191 4297 4298 2192)
4(4216 4217 4298 4297)
4(2112 2193 4299 4218)
4(2192 4298 4299 2193)
4(4217 4218 4299 4298)
4(2113 2194 4300 4219)
4(2193 4299 4300 2194)
4(4218 4219 4300 4299)
4(2114 2195 4301 4220)
4(2194 4300 4301 2195)
4(4219 4220 4301 4300)
4(2115 2196 4302 4221)
4(2195 4301 4302 2196)
4(4220 4221 4302 4301)
4(2116 2197 4303 4222)
4(2196 4302 4303 2197)
4(4221 4222 4303 4302)
4(2117 2198 4304 4223)
4(2197 4303 4304 2198)
4(4222 4223 4304 4303)
4(2118 2199 4305 4224)
4(2198 4304 4305 2199)
4(4223 4224 4305 4304)
4(2119 2200 4306 4225)
4(2199 4305 4306 2200)
4(4224 4225 4306 4305)
4(2120 2201 4307 4226)
4(2200 4306 4307 2201)
4(4225 4226 4307 4306)
4(2121 2202 4308 4227)
4(2201 4307 4308 2202)
4(4226 4227 4308 4307)
4(2122 2203 4309 4228)
4(2202 4308 4309 2203)
4(4227 4228 4309 4308)
4(2123 2204 4310 4229)
4(2203 4309 4310 2204)
4(4228 4229 4310 4309)
4(2124 2205 4311 4230)
4(2204 4310 4311 2205)
4(4229 4230 4311 4310)
4(2125 2206 4312 4231)
4(2205 4311 4312 2206)
4(4230 4231 4312 4311)
4(2126 2207 4313 4232)
4(2206 4312 4313 2207)
4(4231 4232 4313 4312)
4(2127 2208 4314 4233)
4(2207 4313 4314 2208)
4(4232 4233 4314 4313)
4(2128 2209 4315 4234)
4(2208 4314 4315 2209)
4(4233 4234 4315 4314)
4(2129 2210 4316 4235)
4(2209 4315 4316 2210)
4(4234 4235 4316 4315)
4(2130 2211 4317 4236)
4(2210 4316 4317 2211)
4(4235 4236 4317 4316)
4(2131 2212 4318 4237)
4(2211 4317 4318 2212)
4(4236 4237 4318 4317)
4(2132 2213 4319 4238)
4(2212 4318 4319 2213)
4(4237 4238 4319 4318)
4(2133 2214 4320 4239)
4(2213 4319 4320 2214)
4(4238 4239 4320 4319)
4(2134 2215 4321 4240)
4(2214 4320 4321 2215)
4(4239 4240 4321 4320)
4(2135 2216 4322 4241)
4(2215 4321 4322 2216)
4(4240 4241 4322 4321)
4(2136 2217 4323 4242)
4(2216 4322 4323 2217)
4(4241 4242 4323 4322)
4(2137 2218 4324 4243)
4(2217 4323 4324 2218)
4(4242 4243 4324 4323)
4(2138 2219 4325 4244)
4(2218 4324 4325 2219)
4(4243 4244 4325 4324)
4(2139 2220 4326 4245)
4(2219 4325 4326 2220)
4(4244 4245 4326 4325)
4(2140 2221 4327 4246)
4(2220 4326 4327 2221)
4(4245 4246 4327 4326)
4(2141 2222 4328 4247)
4(2221 4327 4328 2222)
4(4246 4247 4328 4327)
4(2142 2223 4329 4248)
4(2222 4328 4329 2223)
4(4247 4248 4329 4328)
4(2143 2224 4330 4249)
4(2223 4329 4330 2224)
4(4248 4249 4330 4329)
4(2144 2225 4331 4250)
4(2224 4330 4331 2225)
4(4249 4250 4331 4330)
4(2145 2226 4332 4251)
4(2225 4331 4332 2226)
4(4250 4251 4332 4331)
4(2146 2227 4333 4252)
4(2226 4332 4333 2227)
4(4251 4252 4333 4332)
4(2147 2228 4334 4253)
4(2227 4333 4334 2228)
4(4252 4253 4334 4333)
4(2148 2229 4335 4254)
4(2228 4334 4335 2229)
4(4253 4254 4335 4334)
4(2149 2230 4336 4255)
4(2229 4335 4336 2230)
4(4254 4255 4336 4335)
4(2150 2231 4337 4256)
4(2230 4336 4337 2231)
4(4255 4256 4337 4336)
4(2151 2232 4338 4257)
4(2231 4337 4338 2232)
4(4256 4257 4338 4337)
4(2152 2233 4339 4258)
4(2232 4338 4339 2233)
4(4257 4258 4339 4338)
4(2153 2234 4340 4259)
4(2233 4339 4340 2234)
4(4258 4259 4340 4339)
4(2154 2235 4341 4260)
4(2234 4340 4341 2235)
4(4259 4260 4341 4340)
4(2155 2236 4342 4261)
4(2235 4341 4342 2236)
4(4260 4261 4342 4341)
4(2156 2237 4343 4262)
4(2236 4342 4343 2237)
4(4261 4262 4343 4342)
4(2157 2238 4344 4263)
4(2237 4343 4344 2238)
4(4262 4263 4344 4343)
4(2158 2239 4345 4264)
4(2238 4344 4345 2239)
4(4263 4264 4345 4344)
4(2159 2240 4346 4265)
4(2239 4345 4346 2240)
4(4264 4265 4346 4345)
4(2160 2241 4347 4266)
4(2240 4346 4347 2241)
4(4265 4266 4347 4346)
4(2161 2242 4348 4267)
4(2241 4347 4348 2242)
4(4266 4267 4348 4347)
4(2162 2243 4349 4268)
4(2242 4348 4349 2243)
4(4267 4268 4349 4348)
4(2163 2244 4350 4269)
4(2243 4349 4350 2244)
4(4268 4269 4350 4349)
4(2164 2245 4351 4270)
4(2244 4350 4351 2245)
4(4269 4270 4351 4350)
4(2165 2246 4352 4271)
4(2245 4351 4352 2246)
4(4270 4271 4352 4351)
4(2166 2247 4353 4272)
4(2246 4352 4353 2247)
4(4271 4272 4353 4352)
4(2167 2248 4354 4273)
4(2247 4353 4354 2248)
4(4272 4273 4354 4353)
4(2168 2249 4355 4274)
4(2248 4354 4355 2249)
4(4273 4274 4355 4354)
4(2169 2250 4356 4275)
4(2249 4355 4356 2250)
4(4274 4275 4356 4355)
4(2170 2251 4357 4276)
4(2250 4356 4357 2251)
4(4275 4276 4357 4356)
4(2171 2252 4358 4277)
4(2251 4357 4358 2252)
4(4276 4277 4358 4357)
4(2172 2253 4359 4278)
4(2252 4358 4359 2253)
4(4277 4278 4359 4358)
4(2173 2254 4360 4279)
4(2253 4359 4360 2254)
4(4278 4279 4360 4359)
4(2174 2255 4361 4280)
4(2254 4360 4361 2255)
4(4279 4280 4361 4360)
4(2175 2256 4362 4281)
4(2255 4361 4362 2256)
4(4280 4281 4362 4361)
4(2176 2257 4363 4282)
4(2256 4362 4363 2257)
4(4281 4282 4363 4362)
4(2177 2258 4364 4283)
4(2257 4363 4364 2258)
4(4282 4283 4364 4363)
4(2178 2259 4365 4284)
4(2258 4364 4365 2259)
4(4283 4284 4365 4364)
4(2179 2260 4366 4285)
4(2259 4365 4366 2260)
4(4284 4285 4366 4365)
4(2180 2261 4367 4286)
4(2260 4366 4367 2261)
4(4285 4286 4367 4366)
4(2181 2262 4368 4287)
4(2261 4367 4368 2262)
4(4286 4287 4368 4367)
4(2182 2263 4369 4288)
4(2262 4368 4369 2263)
4(4287 4288 4369 4368)
4(2183 2264 4370 4289)
4(2263 4369 4370 2264)
4(4288 4289 4370 4369)
4(2184 2265 4371 4290)
4(2264 4370 4371 2265)
4(4289 4290 4371 4370)
4(2185 2266 4372 4291)
4(2265 4371 4372 2266)
4(4290 4291 4372 4371)
4(2266 4372 4373 2267)
4(4291 4292 4373 4372)
4(2188 2269 4375 4294)
4(2268 4374 4375 2269)
4(4293 4294 4375 4374)
4(2189 2270 4376 4295)
4(2269 4375 4376 2270)
4(4294 4295 4376 4375)
4(2190 2271 4377 4296)
4(2270 4376 4377 2271)
4(4295 4296 4377 4376)
4(2191 2272 4378 4297)
4(2271 4377 4378 2272)
4(4296 4297 4378 4377)
4(2192 2273 4379 4298)
4(2272 4378 4379 2273)
4(4297 4298 4379 4378)
4(2193 2274 4380 4299)
4(2273 4379 4380 2274)
4(4298 4299 4380 4379)
4(2194 2275 4381 4300)
4(2274 4380 4381 2275)
4(4299 4300 4381 4380)
4(2195 2276 4382 4301)
4(2275 4381 4382 2276)
4(4300 4301 4382 4381)
4(2196 2277 4383 4302)
4(2276 4382 4383 2277)
4(4301 4302 4383 4382)
4(2197 2278 4384 4303)
4(2277 4383 4384 2278)
4(4302 4303 4384 4383)
4(2198 2279 4385 4304)
4(2278 4384 4385 2279)
4(4303 4304 4385 4384)
4(2199 2280 4386 4305)
4(2279 4385 4386 2280)
4(4304 4305 4386 4385)
4(2200 2281 4387 4306)
4(2280 4386 4387 2281)
4(4305 4306 4387 4386)
4(2201 2282 4388 4307)
4(2281 4387 4388 2282)
4(4306 4307 4388 4387)
4(2202 2283 4389 4308)
4(2282 4388 4389 2283)
4(4307 4308 4389 4388)
4(2203 2284 4390 4309)
4(2283 4389 4390 2284)
4(4308 4309 4390 4389)
4(2204 2285 4391 4310)
4(2284 4390 4391 2285)
4(4309 4310 4391 4390)
4(2205 2286 4392 4311)
4(2285 4391 4392 2286)
4(4310 4311 4392 4391)
4(2206 2287 4393 4312)
4(2286 4392 4393 2287)
4(4311 4312 4393 4392)
4(2207 2288 4394 4313)
4(2287 4393 4394 2288)
4(4312 4313 4394 4393)
4(2208 2289 4395 4314)
4(2288 4394 4395 2289)
4(4313 4314 4395 4394)
4(2209 2290 4396 4315)
4(2289 4395 4396 2290)
4(4314 4315 4396 4395)
4(2210 2291 4397 4316)
4(2290 4396 4397 2291)
4(4315 4316 4397 4396)
4(2211 2292 4398 4317)
4(2291 4397 4398 2292)
4(4316 4317 4398 4397)
4(2212 2293 4399 4318)
4(2292 4398 4399 2293)
4(4317 4318 4399 4398)
4(2213 2294 4400 4319)
4(2293 4399 4400 2294)
4(4318 4319 4400 4399)
4(2214 2295 4401 4320)
4(2294 4400 4401 2295)
4(4319 4320 4401 4400)
4(2215 2296 4402 4321)
4(2295 4401 4402 2296)
4(4320 4321 4402 4401)
4(2216 2297 4403 4322)
4(2296 4402 4403 2297)
4(4321 4322 4403 4402)
4(2217 2298 4404 4323)
4(2297 4403 4404 2298)
4(4322 4323 4404 4403)
4(2218 2299 4405 4324)
4(2298 4404 4405 2299)
4(4323 4324 4405 4404)
4(2219 2300 4406 4325)
4(2299 4405 4406 2300)
4(4324 4325 4406 4405)
4(2220 2301 4407 4326)
4(2300 4406 4407 2301)
4(4325 4326 4407 4406)
4(2221 2302 4408 4327)
4(2301 4407 4408 2302)
4(4326 4327 4408 4407)
4(2222 2303 4409 4328)
4(2302 4408 4409 2303)
4(4327 4328 4409 4408)
4(2223 2304 4410 4329)
4(2303 4409 4410 2304)
4(4328 4329 4410 4409)
4(2224 2305 4411 4330)
4(2304 4410 4411 2305)
4(4329 4330 4411 4410)
4(2225 2306 4412 4331)
4(2305 4411 4412 2306)
4(4330 4331 4412 4411)
4(2226 2307 4413 4332)
4(2306 4412 4413 2307)
4(4331 4332 4413 4412)
4(2227 2308 4414 4333)
4(2307 4413 4414 2308)
4(4332 4333 4414 4413)
4(2228 2309 4415 4334)
4(2308 4414 4415 2309)
4(4333 4334 4415 4414)
4(2229 2310 4416 4335)
4(2309 4415 4416 2310)
4(4334 4335 4416 4415)
4(2230 2311 4417 4336)
4(2310 4416 4417 2311)
4(4335 4336 4417 4416)
4(2231 2312 4418 4337)
4(2311 4417 4418 2312)
4(4336 4337 4418 4417)
4(2232 2313 4419 4338)
4(2312 4418 4419 2313)
4(4337 4338 4419 4418)
4(2233 2314 4420 4339)
4(2313 4419 4420 2314)
4(4338 4339 4420 4419)
4(2234 2315 4421 4340)
4(2314 4420 4421 2315)
4(4339 4340 4421 4420)
4(2235 2316 4422 4341)
4(2315 4421 4422 2316)
4(4340 4341 4422 4421)
4(2236 2317 4423 4342)
4(2316 4422 4423 2317)
4(4341 4342 4423 4422)
4(2237 2318 4424 4343)
4(2317 4423 4424 2318)
4(4342 4343 4424 4423)
4(2238 2319 4425 4344)
4(2318 4424 4425 2319)
4(4343 4344 4425 4424)
4(2239 2320 4426 4345)
4(2319 4425 4426 2320)
4(4344 4345 4426 4425)
4(2240 2321 4427 4346)
4(2320 4426 4427 2321)
4(4345 4346 4427 4426)
4(2241 2322 4428 4347)
4(2321 4427 4428 2322)
4(4346 4347 4428 4427)
4(2242 2323 4429 4348)
4(2322 4428 4429 2323)
4(4347 4348 4429 4428)
4(2243 2324 4430 4349)
4(2323 4429 4430 2324)
4(4348 4349 4430 4429)
4(2244 2325 4431 4350)
4(2324 4430 4431 2325)
4(4349 4350 4431 4430)
4(2245 2326 4432 4351)
4(2325 4431 4432 2326)
4(4350 4351 4432 4431)
4(2246 2327 4433 4352)
4(2326 4432 4433 2327)
4(4351 4352 4433 4432)
4(2247 2328 4434 4353)
4(2327 4433 4434 2328)
4(4352 4353 4434 4433)
4(2248 2329 4435 4354)
4(2328 4434 4435 2329)
4(4353 4354 4435 4434)
4(2249 2330 4436 4355)
4(2329 4435 4436 2330)
4(4354 4355 4436 4435)
4(2250 2331 4437 4356)
4(2330 4436 4437 2331)
4(4355 4356 4437 4436)
4(2251 2332 4438 4357)
4(2331 4437 4438 2332)
4(4356 4357 4438 4437)
4(2252 2333 4439 4358)
4(2332 4438 4439 2333)
4(4357 4358 4439 4438)
4(2253 2334 4440 4359)
4(2333 4439 4440 2334)
4(4358 4359 4440 4439)
4(2254 2335 4441 4360)
4(2334 4440 4441 2335)
4(4359 4360 4441 4440)
4(2255 2336 4442 4361)
4(2335 4441 4442 2336)
4(4360 4361 4442 4441)
4(2256 2337 4443 4362)
4(2336 4442 4443 2337)
4(4361 4362 4443 4442)
4(2257 2338 4444 4363)
4(2337 4443 4444 2338)
4(4362 4363 4444 4443)
4(2258 2339 4445 4364)
4(2338 4444 4445 2339)
4(4363 4364 4445 4444)
4(2259 2340 4446 4365)
4(2339 4445 4446 2340)
4(4364 4365 4446 4445)
4(2260 2341 4447 4366)
4(2340 4446 4447 2341)
4(4365 4366 4447 4446)
4(2261 2342 4448 4367)
4(2341 4447 4448 2342)
4(4366 4367 4448 4447)
4(2262 2343 4449 4368)
4(2342 4448 4449 2343)
4(4367 4368 4449 4448)
4(2263 2344 4450 4369)
4(2343 4449 4450 2344)
4(4368 4369 4450 4449)
4(2264 2345 4451 4370)
4(2344 4450 4451 2345)
4(4369 4370 4451 4450)
4(2265 2346 4452 4371)
4(2345 4451 4452 2346)
4(4370 4371 4452 4451)
4(2266 2347 4453 4372)
4(2346 4452 4453 2347)
4(4371 4372 4453 4452)
4(2347 4453 4454 2348)
4(4372 4373 4454 4453)
4(2269 2350 4456 4375)
4(2349 4455 4456 2350)
4(4374 4375 4456 4455)
4(2270 2351 4457 4376)
4(2350 4456 4457 2351)
4(4375 4376 4457 4456)
4(2271 2352 4458 4377)
4(2351 4457 4458 2352)
4(4376 4377 4458 4457)
4(2272 2353 4459 4378)
4(2352 4458 4459 2353)
4(4377 4378 4459 4458)
4(2273 2354 4460 4379)
4(2353 4459 4460 2354)
4(4378 4379 4460 4459)
4(2274 2355 4461 4380)
4(2354 4460 4461 2355)
4(4379 4380 4461 4460)
4(2275 2356 4462 4381)
4(2355 4461 4462 2356)
4(4380 4381 4462 4461)
4(2276 2357 4463 4382)
4(2356 4462 4463 2357)
4(4381 4382 4463 4462)
4(2277 2358 4464 4383)
4(2357 4463 4464 2358)
4(4382 4383 4464 4463)
4(2278 2359 4465 4384)
4(2358 4464 4465 2359)
4(4383 4384 4465 4464)
4(2279 2360 4466 4385)
4(2359 4465 4466 2360)
4(4384 4385 4466 4465)
4(2280 2361 4467 4386)
4(2360 4466 4467 2361)
4(4385 4386 4467 4466)
4(2281 2362 4468 4387)
4(2361 4467 4468 2362)
4(4386 4387 4468 4467)
4(2282 2363 4469 4388)
4(2362 4468 4469 2363)
4(4387 4388 4469 4468)
4(2283 2364 4470 4389)
4(2363 4469 4470 2364)
4(4388 4389 4470 4469)
4(2284 2365 4471 4390)
4(2364 4470 4471 2365)
4(4389 4390 4471 4470)
4(2285 2366 4472 4391)
4(2365 4471 4472 2366)
4(4390 4391 4472 4471)
4(2286 2367 4473 4392)
4(2366 4472 4473 2367)
4(4391 4392 4473 4472)
4(2287 2368 4474 4393)
4(2367 4473 4474 2368)
4(4392 4393 4474 4473)
4(2288 2369 4475 4394)
4(2368 4474 4475 2369)
4(4393 4394 4475 4474)
4(2289 2370 4476 4395)
4(2369 4475 4476 2370)
4(4394 4395 4476 4475)
4(2290 2371 4477 4396)
4(2370 4476 4477 2371)
4(4395 4396 4477 4476)
4(2291 2372 4478 4397)
4(2371 4477 4478 2372)
4(4396 4397 4478 4477)
4(2292 2373 4479 4398)
4(2372 4478 4479 2373)
4(4397 4398 4479 4478)
4(2293 2374 4480 4399)
4(2373 4479 4480 2374)
4(4398 4399 4480 4479)
4(2294 2375 4481 4400)
4(2374 4480 4481 2375)
4(4399 4400 4481 4480)
4(2295 2376 4482 4401)
4(2375 4481 4482 2376)
4(4400 4401 4482 4481)
4(2296 2377 4483 4402)
4(2376 4482 4483 2377)
4(4401 4402 4483 4482)
4(2297 2378 4484 4403)
4(2377 4483 4484 2378)
4(4402 4403 4484 4483)
4(2298 2379 4485 4404)
4(2378 4484 4485 2379)
4(4403 4404 4485 4484)
4(2299 2380 4486 4405)
4(2379 4485 4486 2380)
4(4404 4405 4486 4485)
4(2300 2381 4487 4406)
4(2380 4486 4487 2381)
4(4405 4406 4487 4486)
4(2301 2382 4488 4407)
4(2381 4487 4488 2382)
4(4406 4407 4488 4487)
4(2302 2383 4489 4408)
4(2382 4488 4489 2383)
4(4407 4408 4489 4488)
4(2303 2384 4490 4409)
4(2383 4489 4490 2384)
4(4408 4409 4490 4489)
4(2304 2385 4491 4410)
4(2384 4490 4491 2385)
4(4409 4410 4491 4490)
4(2305 2386 4492 4411)
4(2385 4491 4492 2386)
4(4410 4411 4492 4491)
4(2306 2387 4493 4412)
4(2386 4492 4493 2387)
4(4411 4412 4493 4492)
4(2307 2388 4494 4413)
4(2387 4493 4494 2388)
4(4412 4413 4494 4493)
4(2308 2389 4495 4414)
4(2388 4494 4495 2389)
4(4413 4414 4495 4494)
4(2309 2390 4496 4415)
4(2389 4495 4496 2390)
4(4414 4415 4496 4495)
4(2310 2391 4497 4416)
4(2390 4496 4497 2391)
4(4415 4416 4497 4496)
4(2311 2392 4498 4417)
4(2391 4497 4498 2392)
4(4416 4417 4498 4497)
4(2312 2393 4499 4418)
4(2392 4498 4499 2393)
4(4417 4418 4499 4498)
4(2313 2394 4500 4419)
4(2393 4499 4500 2394)
4(4418 4419 4500 4499)
4(2314 2395 4501 4420)
4(2394 4500 4501 2395)
4(4419 4420 4501 4500)
4(2315 2396 4502 4421)
4(2395 4501 4502 2396)
4(4420 4421 4502 4501)
4(2316 2397 4503 4422)
4(2396 4502 4503 2397)
4(4421 4422 4503 4502)
4(2317 2398 4504 4423)
4(2397 4503 4504 2398)
4(4422 4423 4504 4503)
4(2318 2399 4505 4424)
4(2398 4504 4505 2399)
4(4423 4424 4505 4504)
4(2319 2400 4506 4425)
4(2399 4505 4506 2400)
4(4424 4425 4506 4505)
4(2320 2401 4507 4426)
4(2400 4506 4507 2401)
4(4425 4426 4507 4506)
4(2321 2402 4508 4427)
4(2401 4507 4508 2402)
4(4426 4427 4508 4507)
4(2322 2403 4509 4428)
4(2402 4508 4509 2403)
4(4427 4428 4509 4508)
4(2323 2404 4510 4429)
4(2403 4509 4510 2404)
4(4428 4429 4510 4509)
4(2324 2405 4511 4430)
4(2404 4510 4511 2405)
4(4429 4430 4511 4510)
4(2325 2406 4512 4431)
4(2405 4511 4512 2406)
4(4430 4431 4512 4511)
4(2326 2407 4513 4432)
4(2406 4512 4513 2407)
4(4431 4432 4513 4512)
4(2327 2408 4514 4433)
4(2407 4513 4514 2408)
4(4432 4433 4514 4513)
4(2328 2409 4515 4434)
4(2408 4514 4515 2409)
4(4433 4434 4515 4514)
4(2329 2410 4516 4435)
4(2409 4515 4516 2410)
4(4434 4435 4516 4515)
4(2330 2411 4517 4436)
4(2410 4516 4517 2411)
4(4435 4436 4517 4516)
4(2331 2412 4518 4437)
4(2411 4517 4518 2412)
4(4436 4437 4518 4517)
4(2332 2413 4519 4438)
4(2412 4518 4519 2413)
4(4437 4438 4519 4518)
4(2333 2414 4520 4439)
4(2413 4519 4520 2414)
4(4438 4439 4520 4519)
4(2334 2415 4521 4440)
4(2414 4520 4521 2415)
4(4439 4440 4521 4520)
4(2335 2416 4522 4441)
4(2415 4521 4522 2416)
4(4440 4441 4522 4521)
4(2336 2417 4523 4442)
4(2416 4522 4523 2417)
4(4441 4442 4523 4522)
4(2337 2418 4524 4443)
4(2417 4523 4524 2418)
4(4442 4443 4524 4523)
4(2338 2419 4525 4444)
4(2418 4524 4525 2419)
4(4443 4444 4525 4524)
4(2339 2420 4526 4445)
4(2419 4525 4526 2420)
4(4444 4445 4526 4525)
4(2340 2421 4527 4446)
4(2420 4526 4527 2421)
4(4445 4446 4527 4526)
4(2341 2422 4528 4447)
4(2421 4527 4528 2422)
4(4446 4447 4528 4527)
4(2342 2423 4529 4448)
4(2422 4528 4529 2423)
4(4447 4448 4529 4528)
4(2343 2424 4530 4449)
4(2423 4529 4530 2424)
4(4448 4449 4530 4529)
4(2344 2425 4531 4450)
4(2424 4530 4531 2425)
4(4449 4450 4531 4530)
4(2345 2426 4532 4451)
4(2425 4531 4532 2426)
4(4450 4451 4532 4531)
4(2346 2427 4533 4452)
4(2426 4532 4533 2427)
4(4451 4452 4533 4532)
4(2347 2428 4534 4453)
4(2427 4533 4534 2428)
4(4452 4453 4534 4533)
4(2428 4534 4535 2429)
4(4453 4454 4535 4534)
4(2350 2431 4537 4456)
4(2430 4536 4537 2431)
4(4455 4456 4537 4536)
4(2351 2432 4538 4457)
4(2431 4537 4538 2432)
4(4456 4457 4538 4537)
4(2352 2433 4539 4458)
4(2432 4538 4539 2433)
4(4457 4458 4539 4538)
4(2353 2434 4540 4459)
4(2433 4539 4540 2434)
4(4458 4459 4540 4539)
4(2354 2435 4541 4460)
4(2434 4540 4541 2435)
4(4459 4460 4541 4540)
4(2355 2436 4542 4461)
4(2435 4541 4542 2436)
4(4460 4461 4542 4541)
4(2356 2437 4543 4462)
4(2436 4542 4543 2437)
4(4461 4462 4543 4542)
4(2357 2438 4544 4463)
4(2437 4543 4544 2438)
4(4462 4463 4544 4543)
4(2358 2439 4545 4464)
4(2438 4544 4545 2439)
4(4463 4464 4545 4544)
4(2359 2440 4546 4465)
4(2439 4545 4546 2440)
4(4464 4465 4546 4545)
4(2360 2441 4547 4466)
4(2440 4546 4547 2441)
4(4465 4466 4547 4546)
4(2361 2442 4548 4467)
4(2441 4547 4548 2442)
4(4466 4467 4548 4547)
4(2362 2443 4549 4468)
4(2442 4548 4549 2443)
4(4467 4468 4549 4548)
4(2363 2444 4550 4469)
4(2443 4549 4550 2444)
4(4468 4469 4550 4549)
4(2364 2445 4551 4470)
4(2444 4550 4551 2445)
4(4469 4470 4551 4550)
4(2365 2446 4552 4471)
4(2445 4551 4552 2446)
4(4470 4471 4552 4551)
4(2366 2447 4553 4472)
4(2446 4552 4553 2447)
4(4471 4472 4553 4552)
4(2367 2448 4554 4473)
4(2447 4553 4554 2448)
4(4472 4473 4554 4553)
4(2368 2449 4555 4474)
4(2448 4554 4555 2449)
4(4473 4474 4555 4554)
4(2369 2450 4556 4475)
4(2449 4555 4556 2450)
4(4474 4475 4556 4555)
4(2370 2451 4557 4476)
4(2450 4556 4557 2451)
4(4475 4476 4557 4556)
4(2371 2452 4558 4477)
4(2451 4557 4558 2452)
4(4476 4477 4558 4557)
4(2372 2453 4559 4478)
4(2452 4558 4559 2453)
4(4477 4478 4559 4558)
4(2373 2454 4560 4479)
4(2453 4559 4560 2454)
4(4478 4479 4560 4559)
4(2374 2455 4561 4480)
4(2454 4560 4561 2455)
4(4479 4480 4561 4560)
4(2375 2456 4562 4481)
4(2455 4561 4562 2456)
4(4480 4481 4562 4561)
4(2376 2457 4563 4482)
4(2456 4562 4563 2457)
4(4481 4482 4563 4562)
4(2377 2458 4564 4483)
4(2457 4563 4564 2458)
4(4482 4483 4564 4563)
4(2378 2459 4565 4484)
4(2458 4564 4565 2459)
4(4483 4484 4565 4564)
4(2379 2460 4566 4485)
4(2459 4565 4566 2460)
4(4484 4485 4566 4565)
4(2380 2461 4567 4486)
4(2460 4566 4567 2461)
4(4485 4486 4567 4566)
4(2381 2462 4568 4487)
4(2461 4567 4568 2462)
4(4486 4487 4568 4567)
4(2382 2463 4569 4488)
4(2462 4568 4569 2463)
4(4487 4488 4569 4568)
4(2383 2464 4570 4489)
4(2463 4569 4570 2464)
4(4488 4489 4570 4569)
4(2384 2465 4571 4490)
4(2464 4570 4571 2465)
4(4489 4490 4571 4570)
4(2385 2466 4572 4491)
4(2465 4571 4572 2466)
4(4490 4491 4572 4571)
4(2386 2467 4573 4492)
4(2466 4572 4573 2467)
4(4491 4492 4573 4572)
4(2387 2468 4574 4493)
4(2467 4573 4574 2468)
4(4492 4493 4574 4573)
4(2388 2469 4575 4494)
4(2468 4574 4575 2469)
4(4493 4494 4575 4574)
4(2389 2470 4576 4495)
4(2469 4575 4576 2470)
4(4494 4495 4576 4575)
4(2390 2471 4577 4496)
4(2470 4576 4577 2471)
4(4495 4496 4577 4576)
4(2391 2472 4578 4497)
4(2471 4577 4578 2472)
4(4496 4497 4578 4577)
4(2392 2473 4579 4498)
4(2472 4578 4579 2473)
4(4497 4498 4579 4578)
4(2393 2474 4580 4499)
4(2473 4579 4580 2474)
4(4498 4499 4580 4579)
4(2394 2475 4581 4500)
4(2474 4580 4581 2475)
4(4499 4500 4581 4580)
4(2395 2476 4582 4501)
4(2475 4581 4582 2476)
4(4500 4501 4582 4581)
4(2396 2477 4583 4502)
4(2476 4582 4583 2477)
4(4501 4502 4583 4582)
4(2397 2478 4584 4503)
4(2477 4583 4584 2478)
4(4502 4503 4584 4583)
4(2398 2479 4585 4504)
4(2478 4584 4585 2479)
4(4503 4504 4585 4584)
4(2399 2480 4586 4505)
4(2479 4585 4586 2480)
4(4504 4505 4586 4585)
4(2400 2481 4587 4506)
4(2480 4586 4587 2481)
4(4505 4506 4587 4586)
4(2401 2482 4588 4507)
4(2481 4587 4588 2482)
4(4506 4507 4588 4587)
4(2402 2483 4589 4508)
4(2482 4588 4589 2483)
4(4507 4508 4589 4588)
4(2403 2484 4590 4509)
4(2483 4589 4590 2484)
4(4508 4509 4590 4589)
4(2404 2485 4591 4510)
4(2484 4590 4591 2485)
4(4509 4510 4591 4590)
4(2405 2486 4592 4511)
4(2485 4591 4592 2486)
4(4510 4511 4592 4591)
4(2406 2487 4593 4512)
4(2486 4592 4593 2487)
4(4511 4512 4593 4592)
4(2407 2488 4594 4513)
4(2487 4593 4594 2488)
4(4512 4513 4594 4593)
4(2408 2489 4595 4514)
4(2488 4594 4595 2489)
4(4513 4514 4595 4594)
4(2409 2490 4596 4515)
4(2489 4595 4596 2490)
4(4514 4515 4596 4595)
4(2410 2491 4597 4516)
4(2490 4596 4597 2491)
4(4515 4516 4597 4596)
4(2411 2492 4598 4517)
4(2491 4597 4598 2492)
4(4516 4517 4598 4597)
4(2412 2493 4599 4518)
4(2492 4598 4599 2493)
4(4517 4518 4599 4598)
4(2413 2494 4600 4519)
4(2493 4599 4600 2494)
4(4518 4519 4600 4599)
4(2414 2495 4601 4520)
4(2494 4600 4601 2495)
4(4519 4520 4601 4600)
4(2415 2496 4602 4521)
4(2495 4601 4602 2496)
4(4520 4521 4602 4601)
4(2416 2497 4603 4522)
4(2496 4602 4603 2497)
4(4521 4522 4603 4602)
4(2417 2498 4604 4523)
4(2497 4603 4604 2498)
4(4522 4523 4604 4603)
4(2418 2499 4605 4524)
4(2498 4604 4605 2499)
4(4523 4524 4605 4604)
4(2419 2500 4606 4525)
4(2499 4605 4606 2500)
4(4524 4525 4606 4605)
4(2420 2501 4607 4526)
4(2500 4606 4607 2501)
4(4525 4526 4607 4606)
4(2421 2502 4608 4527)
4(2501 4607 4608 2502)
4(4526 4527 4608 4607)
4(2422 2503 4609 4528)
4(2502 4608 4609 2503)
4(4527 4528 4609 4608)
4(2423 2504 4610 4529)
4(2503 4609 4610 2504)
4(4528 4529 4610 4609)
4(2424 2505 4611 4530)
4(2504 4610 4611 2505)
4(4529 4530 4611 4610)
4(2425 2506 4612 4531)
4(2505 4611 4612 2506)
4(4530 4531 4612 4611)
4(2426 2507 4613 4532)
4(2506 4612 4613 2507)
4(4531 4532 4613 4612)
4(2427 2508 4614 4533)
4(2507 4613 4614 2508)
4(4532 4533 4614 4613)
4(2428 2509 4615 4534)
4(2508 4614 4615 2509)
4(4533 4534 4615 4614)
4(2509 4615 4616 2510)
4(4534 4535 4616 4615)
4(2431 2512 4618 4537)
4(2511 4617 4618 2512)
4(4536 4537 4618 4617)
4(2432 2513 4619 4538)
4(2512 4618 4619 2513)
4(4537 4538 4619 4618)
4(2433 2514 4620 4539)
4(2513 4619 4620 2514)
4(4538 4539 4620 4619)
4(2434 2515 4621 4540)
4(2514 4620 4621 2515)
4(4539 4540 4621 4620)
4(2435 2516 4622 4541)
4(2515 4621 4622 2516)
4(4540 4541 4622 4621)
4(2436 2517 4623 4542)
4(2516 4622 4623 2517)
4(4541 4542 4623 4622)
4(2437 2518 4624 4543)
4(2517 4623 4624 2518)
4(4542 4543 4624 4623)
4(2438 2519 4625 4544)
4(2518 4624 4625 2519)
4(4543 4544 4625 4624)
4(2439 2520 4626 4545)
4(2519 4625 4626 2520)
4(4544 4545 4626 4625)
4(2440 2521 4627 4546)
4(2520 4626 4627 2521)
4(4545 4546 4627 4626)
4(2441 2522 4628 4547)
4(2521 4627 4628 2522)
4(4546 4547 4628 4627)
4(2442 2523 4629 4548)
4(2522 4628 4629 2523)
4(4547 4548 4629 4628)
4(2443 2524 4630 4549)
4(2523 4629 4630 2524)
4(4548 4549 4630 4629)
4(2444 2525 4631 4550)
4(2524 4630 4631 2525)
4(4549 4550 4631 4630)
4(2445 2526 4632 4551)
4(2525 4631 4632 2526)
4(4550 4551 4632 4631)
4(2446 2527 4633 4552)
4(2526 4632 4633 2527)
4(4551 4552 4633 4632)
4(2447 2528 4634 4553)
4(2527 4633 4634 2528)
4(4552 4553 4634 4633)
4(2448 2529 4635 4554)
4(2528 4634 4635 2529)
4(4553 4554 4635 4634)
4(2449 2530 4636 4555)
4(2529 4635 4636 2530)
4(4554 4555 4636 4635)
4(2450 2531 4637 4556)
4(2530 4636 4637 2531)
4(4555 4556 4637 4636)
4(2451 2532 4638 4557)
4(2531 4637 4638 2532)
4(4556 4557 4638 4637)
4(2452 2533 4639 4558)
4(2532 4638 4639 2533)
4(4557 4558 4639 4638)
4(2453 2534 4640 4559)
4(2533 4639 4640 2534)
4(4558 4559 4640 4639)
4(2454 2535 4641 4560)
4(2534 4640 4641 2535)
4(4559 4560 4641 4640)
4(2455 2536 4642 4561)
4(2535 4641 4642 2536)
4(4560 4561 4642 4641)
4(2456 2537 4643 4562)
4(2536 4642 4643 2537)
4(4561 4562 4643 4642)
4(2457 2538 4644 4563)
4(2537 4643 4644 2538)
4(4562 4563 4644 4643)
4(2458 2539 4645 4564)
4(2538 4644 4645 2539)
4(4563 4564 4645 4644)
4(2459 2540 4646 4565)
4(2539 4645 4646 2540)
4(4564 4565 4646 4645)
4(2460 2541 4647 4566)
4(2540 4646 4647 2541)
4(4565 4566 4647 4646)
4(2461 2542 4648 4567)
4(2541 4647 4648 2542)
4(4566 4567 4648 4647)
4(2462 2543 4649 4568)
4(2542 4648 4649 2543)
4(4567 4568 4649 4648)
4(2463 2544 4650 4569)
4(2543 4649 4650 2544)
4(4568 4569 4650 4649)
4(2464 2545 4651 4570)
4(2544 4650 4651 2545)
4(4569 4570 4651 4650)
4(2465 2546 4652 4571)
4(2545 4651 4652 2546)
4(4570 4571 4652 4651)
4(2466 2547 4653 4572)
4(2546 4652 4653 2547)
4(4571 4572 4653 4652)
4(2467 2548 4654 4573)
4(2547 4653 4654 2548)
4(4572 4573 4654 4653)
4(2468 2549 4655 4574)
4(2548 4654 4655 2549)
4(4573 4574 4655 4654)
4(2469 2550 4656 4575)
4(2549 4655 4656 2550)
4(4574 4575 4656 4655)
4(2470 2551 4657 4576)
4(2550 4656 4657 2551)
4(4575 4576 4657 4656)
4(2471 2552 4658 4577)
4(2551 4657 4658 2552)
4(4576 4577 4658 4657)
4(2472 2553 4659 4578)
4(2552 4658 4659 2553)
4(4577 4578 4659 4658)
4(2473 2554 4660 4579)
4(2553 4659 4660 2554)
4(4578 4579 4660 4659)
4(2474 2555 4661 4580)
4(2554 4660 4661 2555)
4(4579 4580 4661 4660)
4(2475 2556 4662 4581)
4(2555 4661 4662 2556)
4(4580 4581 4662 4661)
4(2476 2557 4663 4582)
4(2556 4662 4663 2557)
4(4581 4582 4663 4662)
4(2477 2558 4664 4583)
4(2557 4663 4664 2558)
4(4582 4583 4664 4663)
4(2478 2559 4665 4584)
4(2558 4664 4665 2559)
4(4583 4584 4665 4664)
4(2479 2560 4666 4585)
4(2559 4665 4666 2560)
4(4584 4585 4666 4665)
4(2480 2561 4667 4586)
4(2560 4666 4667 2561)
4(4585 4586 4667 4666)
4(2481 2562 4668 4587)
4(2561 4667 4668 2562)
4(4586 4587 4668 4667)
4(2482 2563 4669 4588)
4(2562 4668 4669 2563)
4(4587 4588 4669 4668)
4(2483 2564 4670 4589)
4(2563 4669 4670 2564)
4(4588 4589 4670 4669)
4(2484 2565 4671 4590)
4(2564 4670 4671 2565)
4(4589 4590 4671 4670)
4(2485 2566 4672 4591)
4(2565 4671 4672 2566)
4(4590 4591 4672 4671)
4(2486 2567 4673 4592)
4(2566 4672 4673 2567)
4(4591 4592 4673 4672)
4(2487 2568 4674 4593)
4(2567 4673 4674 2568)
4(4592 4593 4674 4673)
4(2488 2569 4675 4594)
4(2568 4674 4675 2569)
4(4593 4594 4675 4674)
4(2489 2570 4676 4595)
4(2569 4675 4676 2570)
4(4594 4595 4676 4675)
4(2490 2571 4677 4596)
4(2570 4676 4677 2571)
4(4595 4596 4677 4676)
4(2491 2572 4678 4597)
4(2571 4677 4678 2572)
4(4596 4597 4678 4677)
4(2492 2573 4679 4598)
4(2572 4678 4679 2573)
4(4597 4598 4679 4678)
4(2493 2574 4680 4599)
4(2573 4679 4680 2574)
4(4598 4599 4680 4679)
4(2494 2575 4681 4600)
4(2574 4680 4681 2575)
4(4599 4600 4681 4680)
4(2495 2576 4682 4601)
4(2575 4681 4682 2576)
4(4600 4601 4682 4681)
4(2496 2577 4683 4602)
4(2576 4682 4683 2577)
4(4601 4602 4683 4682)
4(2497 2578 4684 4603)
4(2577 4683 4684 2578)
4(4602 4603 4684 4683)
4(2498 2579 4685 4604)
4(2578 4684 4685 2579)
4(4603 4604 4685 4684)
4(2499 2580 4686 4605)
4(2579 4685 4686 2580)
4(4604 4605 4686 4685)
4(2500 2581 4687 4606)
4(2580 4686 4687 2581)
4(4605 4606 4687 4686)
4(2501 2582 4688 4607)
4(2581 4687 4688 2582)
4(4606 4607 4688 4687)
4(2502 2583 4689 4608)
4(2582 4688 4689 2583)
4(4607 4608 4689 4688)
4(2503 2584 4690 4609)
4(2583 4689 4690 2584)
4(4608 4609 4690 4689)
4(2504 2585 4691 4610)
4(2584 4690 4691 2585)
4(4609 4610 4691 4690)
4(2505 2586 4692 4611)
4(2585 4691 4692 2586)
4(4610 4611 4692 4691)
4(2506 2587 4693 4612)
4(2586 4692 4693 2587)
4(4611 4612 4693 4692)
4(2507 2588 4694 4613)
4(2587 4693 4694 2588)
4(4612 4613 4694 4693)
4(2508 2589 4695 4614)
4(2588 4694 4695 2589)
4(4613 4614 4695 4694)
4(2509 2590 4696 4615)
4(2589 4695 4696 2590)
4(4614 4615 4696 4695)
4(2590 4696 4697 2591)
4(4615 4616 4697 4696)
4(2512 2593 4699 4618)
4(2592 4698 4699 2593)
4(4617 4618 4699 4698)
4(2513 2594 4700 4619)
4(2593 4699 4700 2594)
4(4618 4619 4700 4699)
4(2514 2595 4701 4620)
4(2594 4700 4701 2595)
4(4619 4620 4701 4700)
4(2515 2596 4702 4621)
4(2595 4701 4702 2596)
4(4620 4621 4702 4701)
4(2516 2597 4703 4622)
4(2596 4702 4703 2597)
4(4621 4622 4703 4702)
4(2517 2598 4704 4623)
4(2597 4703 4704 2598)
4(4622 4623 4704 4703)
4(2518 2599 4705 4624)
4(2598 4704 4705 2599)
4(4623 4624 4705 4704)
4(2519 2600 4706 4625)
4(2599 4705 4706 2600)
4(4624 4625 4706 4705)
4(2520 2601 4707 4626)
4(2600 4706 4707 2601)
4(4625 4626 4707 4706)
4(2521 2602 4708 4627)
4(2601 4707 4708 2602)
4(4626 4627 4708 4707)
4(2522 2603 4709 4628)
4(2602 4708 4709 2603)
4(4627 4628 4709 4708)
4(2523 2604 4710 4629)
4(2603 4709 4710 2604)
4(4628 4629 4710 4709)
4(2524 2605 4711 4630)
4(2604 4710 4711 2605)
4(4629 4630 4711 4710)
4(2525 2606 4712 4631)
4(2605 4711 4712 2606)
4(4630 4631 4712 4711)
4(2526 2607 4713 4632)
4(2606 4712 4713 2607)
4(4631 4632 4713 4712)
4(2527 2608 4714 4633)
4(2607 4713 4714 2608)
4(4632 4633 4714 4713)
4(2528 2609 4715 4634)
4(2608 4714 4715 2609)
4(4633 4634 4715 4714)
4(2529 2610 4716 4635)
4(2609 4715 4716 2610)
4(4634 4635 4716 4715)
4(2530 2611 4717 4636)
4(2610 4716 4717 2611)
4(4635 4636 4717 4716)
4(2531 2612 4718 4637)
4(2611 4717 4718 2612)
4(4636 4637 4718 4717)
4(2532 2613 4719 4638)
4(2612 4718 4719 2613)
4(4637 4638 4719 4718)
4(2533 2614 4720 4639)
4(2613 4719 4720 2614)
4(4638 4639 4720 4719)
4(2534 2615 4721 4640)
4(2614 4720 4721 2615)
4(4639 4640 4721 4720)
4(2535 2616 4722 4641)
4(2615 4721 4722 2616)
4(4640 4641 4722 4721)
4(2536 2617 4723 4642)
4(2616 4722 4723 2617)
4(4641 4642 4723 4722)
4(2537 2618 4724 4643)
4(2617 4723 4724 2618)
4(4642 4643 4724 4723)
4(2538 2619 4725 4644)
4(2618 4724 4725 2619)
4(4643 4644 4725 4724)
4(2539 2620 4726 4645)
4(2619 4725 4726 2620)
4(4644 4645 4726 4725)
4(2540 2621 4727 4646)
4(2620 4726 4727 2621)
4(4645 4646 4727 4726)
4(2541 2622 4728 4647)
4(2621 4727 4728 2622)
4(4646 4647 4728 4727)
4(2542 2623 4729 4648)
4(2622 4728 4729 2623)
4(4647 4648 4729 4728)
4(2543 2624 4730 4649)
4(2623 4729 4730 2624)
4(4648 4649 4730 4729)
4(2544 2625 4731 4650)
4(2624 4730 4731 2625)
4(4649 4650 4731 4730)
4(2545 2626 4732 4651)
4(2625 4731 4732 2626)
4(4650 4651 4732 4731)
4(2546 2627 4733 4652)
4(2626 4732 4733 2627)
4(4651 4652 4733 4732)
4(2547 2628 4734 4653)
4(2627 4733 4734 2628)
4(4652 4653 4734 4733)
4(2548 2629 4735 4654)
4(2628 4734 4735 2629)
4(4653 4654 4735 4734)
4(2549 2630 4736 4655)
4(2629 4735 4736 2630)
4(4654 4655 4736 4735)
4(2550 2631 4737 4656)
4(2630 4736 4737 2631)
4(4655 4656 4737 4736)
4(2551 2632 4738 4657)
4(2631 4737 4738 2632)
4(4656 4657 4738 4737)
4(2552 2633 4739 4658)
4(2632 4738 4739 2633)
4(4657 4658 4739 4738)
4(2553 2634 4740 4659)
4(2633 4739 4740 2634)
4(4658 4659 4740 4739)
4(2554 2635 4741 4660)
4(2634 4740 4741 2635)
4(4659 4660 4741 4740)
4(2555 2636 4742 4661)
4(2635 4741 4742 2636)
4(4660 4661 4742 4741)
4(2556 2637 4743 4662)
4(2636 4742 4743 2637)
4(4661 4662 4743 4742)
4(2557 2638 4744 4663)
4(2637 4743 4744 2638)
4(4662 4663 4744 4743)
4(2558 2639 4745 4664)
4(2638 4744 4745 2639)
4(4663 4664 4745 4744)
4(2559 2640 4746 4665)
4(2639 4745 4746 2640)
4(4664 4665 4746 4745)
4(2560 2641 4747 4666)
4(2640 4746 4747 2641)
4(4665 4666 4747 4746)
4(2561 2642 4748 4667)
4(2641 4747 4748 2642)
4(4666 4667 4748 4747)
4(2562 2643 4749 4668)
4(2642 4748 4749 2643)
4(4667 4668 4749 4748)
4(2563 2644 4750 4669)
4(2643 4749 4750 2644)
4(4668 4669 4750 4749)
4(2564 2645 4751 4670)
4(2644 4750 4751 2645)
4(4669 4670 4751 4750)
4(2565 2646 4752 4671)
4(2645 4751 4752 2646)
4(4670 4671 4752 4751)
4(2566 2647 4753 4672)
4(2646 4752 4753 2647)
4(4671 4672 4753 4752)
4(2567 2648 4754 4673)
4(2647 4753 4754 2648)
4(4672 4673 4754 4753)
4(2568 2649 4755 4674)
4(2648 4754 4755 2649)
4(4673 4674 4755 4754)
4(2569 2650 4756 4675)
4(2649 4755 4756 2650)
4(4674 4675 4756 4755)
4(2570 2651 4757 4676)
4(2650 4756 4757 2651)
4(4675 4676 4757 4756)
4(2571 2652 4758 4677)
4(2651 4757 4758 2652)
4(4676 4677 4758 4757)
4(2572 2653 4759 4678)
4(2652 4758 4759 2653)
4(4677 4678 4759 4758)
4(2573 2654 4760 4679)
4(2653 4759 4760 2654)
4(4678 4679 4760 4759)
4(2574 2655 4761 4680)
4(2654 4760 4761 2655)
4(4679 4680 4761 4760)
4(2575 2656 4762 4681)
4(2655 4761 4762 2656)
4(4680 4681 4762 4761)
4(2576 2657 4763 4682)
4(2656 4762 4763 2657)
4(4681 4682 4763 4762)
4(2577 2658 4764 4683)
4(2657 4763 4764 2658)
4(4682 4683 4764 4763)
4(2578 2659 4765 4684)
4(2658 4764 4765 2659)
4(4683 4684 4765 4764)
4(2579 2660 4766 4685)
4(2659 4765 4766 2660)
4(4684 4685 4766 4765)
4(2580 2661 4767 4686)
4(2660 4766 4767 2661)
4(4685 4686 4767 4766)
4(2581 2662 4768 4687)
4(2661 4767 4768 2662)
4(4686 4687 4768 4767)
4(2582 2663 4769 4688)
4(2662 4768 4769 2663)
4(4687 4688 4769 4768)
4(2583 2664 4770 4689)
4(2663 4769 4770 2664)
4(4688 4689 4770 4769)
4(2584 2665 4771 4690)
4(2664 4770 4771 2665)
4(4689 4690 4771 4770)
4(2585 2666 4772 4691)
4(2665 4771 4772 2666)
4(4690 4691 4772 4771)
4(2586 2667 4773 4692)
4(2666 4772 4773 2667)
4(4691 4692 4773 4772)
4(2587 2668 4774 4693)
4(2667 4773 4774 2668)
4(4692 4693 4774 4773)
4(2588 2669 4775 4694)
4(2668 4774 4775 2669)
4(4693 4694 4775 4774)
4(2589 2670 4776 4695)
4(2669 4775 4776 2670)
4(4694 4695 4776 4775)
4(2590 2671 4777 4696)
4(2670 4776 4777 2671)
4(4695 4696 4777 4776)
4(2671 4777 4778 2672)
4(4696 4697 4778 4777)
4(2593 2674 4780 4699)
4(2673 4779 4780 2674)
4(4698 4699 4780 4779)
4(2594 2675 4781 4700)
4(2674 4780 4781 2675)
4(4699 4700 4781 4780)
4(2595 2676 4782 4701)
4(2675 4781 4782 2676)
4(4700 4701 4782 4781)
4(2596 2677 4783 4702)
4(2676 4782 4783 2677)
4(4701 4702 4783 4782)
4(2597 2678 4784 4703)
4(2677 4783 4784 2678)
4(4702 4703 4784 4783)
4(2598 2679 4785 4704)
4(2678 4784 4785 2679)
4(4703 4704 4785 4784)
4(2599 2680 4786 4705)
4(2679 4785 4786 2680)
4(4704 4705 4786 4785)
4(2600 2681 4787 4706)
4(2680 4786 4787 2681)
4(4705 4706 4787 4786)
4(2601 2682 4788 4707)
4(2681 4787 4788 2682)
4(4706 4707 4788 4787)
4(2602 2683 4789 4708)
4(2682 4788 4789 2683)
4(4707 4708 4789 4788)
4(2603 2684 4790 4709)
4(2683 4789 4790 2684)
4(4708 4709 4790 4789)
4(2604 2685 4791 4710)
4(2684 4790 4791 2685)
4(4709 4710 4791 4790)
4(2605 2686 4792 4711)
4(2685 4791 4792 2686)
4(4710 4711 4792 4791)
4(2606 2687 4793 4712)
4(2686 4792 4793 2687)
4(4711 4712 4793 4792)
4(2607 2688 4794 4713)
4(2687 4793 4794 2688)
4(4712 4713 4794 4793)
4(2608 2689 4795 4714)
4(2688 4794 4795 2689)
4(4713 4714 4795 4794)
4(2609 2690 4796 4715)
4(2689 4795 4796 2690)
4(4714 4715 4796 4795)
4(2610 2691 4797 4716)
4(2690 4796 4797 2691)
4(4715 4716 4797 4796)
4(2611 2692 4798 4717)
4(2691 4797 4798 2692)
4(4716 4717 4798 4797)
4(2612 2693 4799 4718)
4(2692 4798 4799 2693)
4(4717 4718 4799 4798)
4(2613 2694 4800 4719)
4(2693 4799 4800 2694)
4(4718 4719 4800 4799)
4(2614 2695 4801 4720)
4(2694 4800 4801 2695)
4(4719 4720 4801 4800)
4(2615 2696 4802 4721)
4(2695 4801 4802 2696)
4(4720 4721 4802 4801)
4(2616 2697 4803 4722)
4(2696 4802 4803 2697)
4(4721 4722 4803 4802)
4(2617 2698 4804 4723)
4(2697 4803 4804 2698)
4(4722 4723 4804 4803)
4(2618 2699 4805 4724)
4(2698 4804 4805 2699)
4(4723 4724 4805 4804)
4(2619 2700 4806 4725)
4(2699 4805 4806 2700)
4(4724 4725 4806 4805)
4(2620 2701 4807 4726)
4(2700 4806 4807 2701)
4(4725 4726 4807 4806)
4(2621 2702 4808 4727)
4(2701 4807 4808 2702)
4(4726 4727 4808 4807)
4(2622 2703 4809 4728)
4(2702 4808 4809 2703)
4(4727 4728 4809 4808)
4(2623 2704 4810 4729)
4(2703 4809 4810 2704)
4(4728 4729 4810 4809)
4(2624 2705 4811 4730)
4(2704 4810 4811 2705)
4(4729 4730 4811 4810)
4(2625 2706 4812 4731)
4(2705 4811 4812 2706)
4(4730 4731 4812 4811)
4(2626 2707 4813 4732)
4(2706 4812 4813 2707)
4(4731 4732 4813 4812)
4(2627 2708 4814 4733)
4(2707 4813 4814 2708)
4(4732 4733 4814 4813)
4(2628 2709 4815 4734)
4(2708 4814 4815 2709)
4(4733 4734 4815 4814)
4(2629 2710 4816 4735)
4(2709 4815 4816 2710)
4(4734 4735 4816 4815)
4(2630 2711 4817 4736)
4(2710 4816 4817 2711)
4(4735 4736 4817 4816)
4(2631 2712 4818 4737)
4(2711 4817 4818 2712)
4(4736 4737 4818 4817)
4(2632 2713 4819 4738)
4(2712 4818 4819 2713)
4(4737 4738 4819 4818)
4(2633 2714 4820 4739)
4(2713 4819 4820 2714)
4(4738 4739 4820 4819)
4(2634 2715 4821 4740)
4(2714 4820 4821 2715)
4(4739 4740 4821 4820)
4(2635 2716 4822 4741)
4(2715 4821 4822 2716)
4(4740 4741 4822 4821)
4(2636 2717 4823 4742)
4(2716 4822 4823 2717)
4(4741 4742 4823 4822)
4(2637 2718 4824 4743)
4(2717 4823 4824 2718)
4(4742 4743 4824 4823)
4(2638 2719 4825 4744)
4(2718 4824 4825 2719)
4(4743 4744 4825 4824)
4(2639 2720 4826 4745)
4(2719 4825 4826 2720)
4(4744 4745 4826 4825)
4(2640 2721 4827 4746)
4(2720 4826 4827 2721)
4(4745 4746 4827 4826)
4(2641 2722 4828 4747)
4(2721 4827 4828 2722)
4(4746 4747 4828 4827)
4(2642 2723 4829 4748)
4(2722 4828 4829 2723)
4(4747 4748 4829 4828)
4(2643 2724 4830 4749)
4(2723 4829 4830 2724)
4(4748 4749 4830 4829)
4(2644 2725 4831 4750)
4(2724 4830 4831 2725)
4(4749 4750 4831 4830)
4(2645 2726 4832 4751)
4(2725 4831 4832 2726)
4(4750 4751 4832 4831)
4(2646 2727 4833 4752)
4(2726 4832 4833 2727)
4(4751 4752 4833 4832)
4(2647 2728 4834 4753)
4(2727 4833 4834 2728)
4(4752 4753 4834 4833)
4(2648 2729 4835 4754)
4(2728 4834 4835 2729)
4(4753 4754 4835 4834)
4(2649 2730 4836 4755)
4(2729 4835 4836 2730)
4(4754 4755 4836 4835)
4(2650 2731 4837 4756)
4(2730 4836 4837 2731)
4(4755 4756 4837 4836)
4(2651 2732 4838 4757)
4(2731 4837 4838 2732)
4(4756 4757 4838 4837)
4(2652 2733 4839 4758)
4(2732 4838 4839 2733)
4(4757 4758 4839 4838)
4(2653 2734 4840 4759)
4(2733 4839 4840 2734)
4(4758 4759 4840 4839)
4(2654 2735 4841 4760)
4(2734 4840 4841 2735)
4(4759 4760 4841 4840)
4(2655 2736 4842 4761)
4(2735 4841 4842 2736)
4(4760 4761 4842 4841)
4(2656 2737 4843 4762)
4(2736 4842 4843 2737)
4(4761 4762 4843 4842)
4(2657 2738 4844 4763)
4(2737 4843 4844 2738)
4(4762 4763 4844 4843)
4(2658 2739 4845 4764)
4(2738 4844 4845 2739)
4(4763 4764 4845 4844)
4(2659 2740 4846 4765)
4(2739 4845 4846 2740)
4(4764 4765 4846 4845)
4(2660 2741 4847 4766)
4(2740 4846 4847 2741)
4(4765 4766 4847 4846)
4(2661 2742 4848 4767)
4(2741 4847 4848 2742)
4(4766 4767 4848 4847)
4(2662 2743 4849 4768)
4(2742 4848 4849 2743)
4(4767 4768 4849 4848)
4(2663 2744 4850 4769)
4(2743 4849 4850 2744)
4(4768 4769 4850 4849)
4(2664 2745 4851 4770)
4(2744 4850 4851 2745)
4(4769 4770 4851 4850)
4(2665 2746 4852 4771)
4(2745 4851 4852 2746)
4(4770 4771 4852 4851)
4(2666 2747 4853 4772)
4(2746 4852 4853 2747)
4(4771 4772 4853 4852)
4(2667 2748 4854 4773)
4(2747 4853 4854 2748)
4(4772 4773 4854 4853)
4(2668 2749 4855 4774)
4(2748 4854 4855 2749)
4(4773 4774 4855 4854)
4(2669 2750 4856 4775)
4(2749 4855 4856 2750)
4(4774 4775 4856 4855)
4(2670 2751 4857 4776)
4(2750 4856 4857 2751)
4(4775 4776 4857 4856)
4(2671 2752 4858 4777)
4(2751 4857 4858 2752)
4(4776 4777 4858 4857)
4(2752 4858 4859 2753)
4(4777 4778 4859 4858)
4(2674 2755 4861 4780)
4(2754 4860 4861 2755)
4(4779 4780 4861 4860)
4(2675 2756 4862 4781)
4(2755 4861 4862 2756)
4(4780 4781 4862 4861)
4(2676 2757 4863 4782)
4(2756 4862 4863 2757)
4(4781 4782 4863 4862)
4(2677 2758 4864 4783)
4(2757 4863 4864 2758)
4(4782 4783 4864 4863)
4(2678 2759 4865 4784)
4(2758 4864 4865 2759)
4(4783 4784 4865 4864)
4(2679 2760 4866 4785)
4(2759 4865 4866 2760)
4(4784 4785 4866 4865)
4(2680 2761 4867 4786)
4(2760 4866 4867 2761)
4(4785 4786 4867 4866)
4(2681 2762 4868 4787)
4(2761 4867 4868 2762)
4(4786 4787 4868 4867)
4(2682 2763 4869 4788)
4(2762 4868 4869 2763)
4(4787 4788 4869 4868)
4(2683 2764 4870 4789)
4(2763 4869 4870 2764)
4(4788 4789 4870 4869)
4(2684 2765 4871 4790)
4(2764 4870 4871 2765)
4(4789 4790 4871 4870)
4(2685 2766 4872 4791)
4(2765 4871 4872 2766)
4(4790 4791 4872 4871)
4(2686 2767 4873 4792)
4(2766 4872 4873 2767)
4(4791 4792 4873 4872)
4(2687 2768 4874 4793)
4(2767 4873 4874 2768)
4(4792 4793 4874 4873)
4(2688 2769 4875 4794)
4(2768 4874 4875 2769)
4(4793 4794 4875 4874)
4(2689 2770 4876 4795)
4(2769 4875 4876 2770)
4(4794 4795 4876 4875)
4(2690 2771 4877 4796)
4(2770 4876 4877 2771)
4(4795 4796 4877 4876)
4(2691 2772 4878 4797)
4(2771 4877 4878 2772)
4(4796 4797 4878 4877)
4(2692 2773 4879 4798)
4(2772 4878 4879 2773)
4(4797 4798 4879 4878)
4(2693 2774 4880 4799)
4(2773 4879 4880 2774)
4(4798 4799 4880 4879)
4(2694 2775 4881 4800)
4(2774 4880 4881 2775)
4(4799 4800 4881 4880)
4(2695 2776 4882 4801)
4(2775 4881 4882 2776)
4(4800 4801 4882 4881)
4(2696 2777 4883 4802)
4(2776 4882 4883 2777)
4(4801 4802 4883 4882)
4(2697 2778 4884 4803)
4(2777 4883 4884 2778)
4(4802 4803 4884 4883)
4(2698 2779 4885 4804)
4(2778 4884 4885 2779)
4(4803 4804 4885 4884)
4(2699 2780 4886 4805)
4(2779 4885 4886 2780)
4(4804 4805 4886 4885)
4(2700 2781 4887 4806)
4(2780 4886 4887 2781)
4(4805 4806 4887 4886)
4(2701 2782 4888 4807)
4(2781 4887 4888 2782)
4(4806 4807 4888 4887)
4(2702 2783 4889 4808)
4(2782 4888 4889 2783)
4(4807 4808 4889 4888)
4(2703 2784 4890 4809)
4(2783 4889 4890 2784)
4(4808 4809 4890 4889)
4(2704 2785 4891 4810)
4(2784 4890 4891 2785)
4(4809 4810 4891 4890)
4(2705 2786 4892 4811)
4(2785 4891 4892 2786)
4(4810 4811 4892 4891)
4(2706 2787 4893 4812)
4(2786 4892 4893 2787)
4(4811 4812 4893 4892)
4(2707 2788 4894 4813)
4(2787 4893 4894 2788)
4(4812 4813 4894 4893)
4(2708 2789 4895 4814)
4(2788 4894 4895 2789)
4(4813 4814 4895 4894)
4(2709 2790 4896 4815)
4(2789 4895 4896 2790)
4(4814 4815 4896 4895)
4(2710 2791 4897 4816)
4(2790 4896 4897 2791)
4(4815 4816 4897 4896)
4(2711 2792 4898 4817)
4(2791 4897 4898 2792)
4(4816 4817 4898 4897)
4(2712 2793 4899 4818)
4(2792 4898 4899 2793)
4(4817 4818 4899 4898)
4(2713 2794 4900 4819)
4(2793 4899 4900 2794)
4(4818 4819 4900 4899)
4(2714 2795 4901 4820)
4(2794 4900 4901 2795)
4(4819 4820 4901 4900)
4(2715 2796 4902 4821)
4(2795 4901 4902 2796)
4(4820 4821 4902 4901)
4(2716 2797 4903 4822)
4(2796 4902 4903 2797)
4(4821 4822 4903 4902)
4(2717 2798 4904 4823)
4(2797 4903 4904 2798)
4(4822 4823 4904 4903)
4(2718 2799 4905 4824)
4(2798 4904 4905 2799)
4(4823 4824 4905 4904)
4(2719 2800 4906 4825)
4(2799 4905 4906 2800)
4(4824 4825 4906 4905)
4(2720 2801 4907 4826)
4(2800 4906 4907 2801)
4(4825 4826 4907 4906)
4(2721 2802 4908 4827)
4(2801 4907 4908 2802)
4(4826 4827 4908 4907)
4(2722 2803 4909 4828)
4(2802 4908 4909 2803)
4(4827 4828 4909 4908)
4(2723 2804 4910 4829)
4(2803 4909 4910 2804)
4(4828 4829 4910 4909)
4(2724 2805 4911 4830)
4(2804 4910 4911 2805)
4(4829 4830 4911 4910)
4(2725 2806 4912 4831)
4(2805 4911 4912 2806)
4(4830 4831 4912 4911)
4(2726 2807 4913 4832)
4(2806 4912 4913 2807)
4(4831 4832 4913 4912)
4(2727 2808 4914 4833)
4(2807 4913 4914 2808)
4(4832 4833 4914 4913)
4(2728 2809 4915 4834)
4(2808 4914 4915 2809)
4(4833 4834 4915 4914)
4(2729 2810 4916 4835)
4(2809 4915 4916 2810)
4(4834 4835 4916 4915)
4(2730 2811 4917 4836)
4(2810 4916 4917 2811)
4(4835 4836 4917 4916)
4(2731 2812 4918 4837)
4(2811 4917 4918 2812)
4(4836 4837 4918 4917)
4(2732 2813 4919 4838)
4(2812 4918 4919 2813)
4(4837 4838 4919 4918)
4(2733 2814 4920 4839)
4(2813 4919 4920 2814)
4(4838 4839 4920 4919)
4(2734 2815 4921 4840)
4(2814 4920 4921 2815)
4(4839 4840 4921 4920)
4(2735 2816 4922 4841)
4(2815 4921 4922 2816)
4(4840 4841 4922 4921)
4(2736 2817 4923 4842)
4(2816 4922 4923 2817)
4(4841 4842 4923 4922)
4(2737 2818 4924 4843)
4(2817 4923 4924 2818)
4(4842 4843 4924 4923)
4(2738 2819 4925 4844)
4(2818 4924 4925 2819)
4(4843 4844 4925 4924)
4(2739 2820 4926 4845)
4(2819 4925 4926 2820)
4(4844 4845 4926 4925)
4(2740 2821 4927 4846)
4(2820 4926 4927 2821)
4(4845 4846 4927 4926)
4(2741 2822 4928 4847)
4(2821 4927 4928 2822)
4(4846 4847 4928 4927)
4(2742 2823 4929 4848)
4(2822 4928 4929 2823)
4(4847 4848 4929 4928)
4(2743 2824 4930 4849)
4(2823 4929 4930 2824)
4(4848 4849 4930 4929)
4(2744 2825 4931 4850)
4(2824 4930 4931 2825)
4(4849 4850 4931 4930)
4(2745 2826 4932 4851)
4(2825 4931 4932 2826)
4(4850 4851 4932 4931)
4(2746 2827 4933 4852)
4(2826 4932 4933 2827)
4(4851 4852 4933 4932)
4(2747 2828 4934 4853)
4(2827 4933 4934 2828)
4(4852 4853 4934 4933)
4(2748 2829 4935 4854)
4(2828 4934 4935 2829)
4(4853 4854 4935 4934)
4(2749 2830 4936 4855)
4(2829 4935 4936 2830)
4(4854 4855 4936 4935)
4(2750 2831 4937 4856)
4(2830 4936 4937 2831)
4(4855 4856 4937 4936)
4(2751 2832 4938 4857)
4(2831 4937 4938 2832)
4(4856 4857 4938 4937)
4(2752 2833 4939 4858)
4(2832 4938 4939 2833)
4(4857 4858 4939 4938)
4(2833 4939 4940 2834)
4(4858 4859 4940 4939)
4(2755 2836 4942 4861)
4(2835 4941 4942 2836)
4(4860 4861 4942 4941)
4(2756 2837 4943 4862)
4(2836 4942 4943 2837)
4(4861 4862 4943 4942)
4(2757 2838 4944 4863)
4(2837 4943 4944 2838)
4(4862 4863 4944 4943)
4(2758 2839 4945 4864)
4(2838 4944 4945 2839)
4(4863 4864 4945 4944)
4(2759 2840 4946 4865)
4(2839 4945 4946 2840)
4(4864 4865 4946 4945)
4(2760 2841 4947 4866)
4(2840 4946 4947 2841)
4(4865 4866 4947 4946)
4(2761 2842 4948 4867)
4(2841 4947 4948 2842)
4(4866 4867 4948 4947)
4(2762 2843 4949 4868)
4(2842 4948 4949 2843)
4(4867 4868 4949 4948)
4(2763 2844 4950 4869)
4(2843 4949 4950 2844)
4(4868 4869 4950 4949)
4(2764 2845 4951 4870)
4(2844 4950 4951 2845)
4(4869 4870 4951 4950)
4(2765 2846 4952 4871)
4(2845 4951 4952 2846)
4(4870 4871 4952 4951)
4(2766 2847 4953 4872)
4(2846 4952 4953 2847)
4(4871 4872 4953 4952)
4(2767 2848 4954 4873)
4(2847 4953 4954 2848)
4(4872 4873 4954 4953)
4(2768 2849 4955 4874)
4(2848 4954 4955 2849)
4(4873 4874 4955 4954)
4(2769 2850 4956 4875)
4(2849 4955 4956 2850)
4(4874 4875 4956 4955)
4(2770 2851 4957 4876)
4(2850 4956 4957 2851)
4(4875 4876 4957 4956)
4(2771 2852 4958 4877)
4(2851 4957 4958 2852)
4(4876 4877 4958 4957)
4(2772 2853 4959 4878)
4(2852 4958 4959 2853)
4(4877 4878 4959 4958)
4(2773 2854 4960 4879)
4(2853 4959 4960 2854)
4(4878 4879 4960 4959)
4(2774 2855 4961 4880)
4(2854 4960 4961 2855)
4(4879 4880 4961 4960)
4(2775 2856 4962 4881)
4(2855 4961 4962 2856)
4(4880 4881 4962 4961)
4(2776 2857 4963 4882)
4(2856 4962 4963 2857)
4(4881 4882 4963 4962)
4(2777 2858 4964 4883)
4(2857 4963 4964 2858)
4(4882 4883 4964 4963)
4(2778 2859 4965 4884)
4(2858 4964 4965 2859)
4(4883 4884 4965 4964)
4(2779 2860 4966 4885)
4(2859 4965 4966 2860)
4(4884 4885 4966 4965)
4(2780 2861 4967 4886)
4(2860 4966 4967 2861)
4(4885 4886 4967 4966)
4(2781 2862 4968 4887)
4(2861 4967 4968 2862)
4(4886 4887 4968 4967)
4(2782 2863 4969 4888)
4(2862 4968 4969 2863)
4(4887 4888 4969 4968)
4(2783 2864 4970 4889)
4(2863 4969 4970 2864)
4(4888 4889 4970 4969)
4(2784 2865 4971 4890)
4(2864 4970 4971 2865)
4(4889 4890 4971 4970)
4(2785 2866 4972 4891)
4(2865 4971 4972 2866)
4(4890 4891 4972 4971)
4(2786 2867 4973 4892)
4(2866 4972 4973 2867)
4(4891 4892 4973 4972)
4(2787 2868 4974 4893)
4(2867 4973 4974 2868)
4(4892 4893 4974 4973)
4(2788 2869 4975 4894)
4(2868 4974 4975 2869)
4(4893 4894 4975 4974)
4(2789 2870 4976 4895)
4(2869 4975 4976 2870)
4(4894 4895 4976 4975)
4(2790 2871 4977 4896)
4(2870 4976 4977 2871)
4(4895 4896 4977 4976)
4(2791 2872 4978 4897)
4(2871 4977 4978 2872)
4(4896 4897 4978 4977)
4(2792 2873 4979 4898)
4(2872 4978 4979 2873)
4(4897 4898 4979 4978)
4(2793 2874 4980 4899)
4(2873 4979 4980 2874)
4(4898 4899 4980 4979)
4(2794 2875 4981 4900)
4(2874 4980 4981 2875)
4(4899 4900 4981 4980)
4(2795 2876 4982 4901)
4(2875 4981 4982 2876)
4(4900 4901 4982 4981)
4(2796 2877 4983 4902)
4(2876 4982 4983 2877)
4(4901 4902 4983 4982)
4(2797 2878 4984 4903)
4(2877 4983 4984 2878)
4(4902 4903 4984 4983)
4(2798 2879 4985 4904)
4(2878 4984 4985 2879)
4(4903 4904 4985 4984)
4(2799 2880 4986 4905)
4(2879 4985 4986 2880)
4(4904 4905 4986 4985)
4(2800 2881 4987 4906)
4(2880 4986 4987 2881)
4(4905 4906 4987 4986)
4(2801 2882 4988 4907)
4(2881 4987 4988 2882)
4(4906 4907 4988 4987)
4(2802 2883 4989 4908)
4(2882 4988 4989 2883)
4(4907 4908 4989 4988)
4(2803 2884 4990 4909)
4(2883 4989 4990 2884)
4(4908 4909 4990 4989)
4(2804 2885 4991 4910)
4(2884 4990 4991 2885)
4(4909 4910 4991 4990)
4(2805 2886 4992 4911)
4(2885 4991 4992 2886)
4(4910 4911 4992 4991)
4(2806 2887 4993 4912)
4(2886 4992 4993 2887)
4(4911 4912 4993 4992)
4(2807 2888 4994 4913)
4(2887 4993 4994 2888)
4(4912 4913 4994 4993)
4(2808 2889 4995 4914)
4(2888 4994 4995 2889)
4(4913 4914 4995 4994)
4(2809 2890 4996 4915)
4(2889 4995 4996 2890)
4(4914 4915 4996 4995)
4(2810 2891 4997 4916)
4(2890 4996 4997 2891)
4(4915 4916 4997 4996)
4(2811 2892 4998 4917)
4(2891 4997 4998 2892)
4(4916 4917 4998 4997)
4(2812 2893 4999 4918)
4(2892 4998 4999 2893)
4(4917 4918 4999 4998)
4(2813 2894 5000 4919)
4(2893 4999 5000 2894)
4(4918 4919 5000 4999)
4(2814 2895 5001 4920)
4(2894 5000 5001 2895)
4(4919 4920 5001 5000)
4(2815 2896 5002 4921)
4(2895 5001 5002 2896)
4(4920 4921 5002 5001)
4(2816 2897 5003 4922)
4(2896 5002 5003 2897)
4(4921 4922 5003 5002)
4(2817 2898 5004 4923)
4(2897 5003 5004 2898)
4(4922 4923 5004 5003)
4(2818 2899 5005 4924)
4(2898 5004 5005 2899)
4(4923 4924 5005 5004)
4(2819 2900 5006 4925)
4(2899 5005 5006 2900)
4(4924 4925 5006 5005)
4(2820 2901 5007 4926)
4(2900 5006 5007 2901)
4(4925 4926 5007 5006)
4(2821 2902 5008 4927)
4(2901 5007 5008 2902)
4(4926 4927 5008 5007)
4(2822 2903 5009 4928)
4(2902 5008 5009 2903)
4(4927 4928 5009 5008)
4(2823 2904 5010 4929)
4(2903 5009 5010 2904)
4(4928 4929 5010 5009)
4(2824 2905 5011 4930)
4(2904 5010 5011 2905)
4(4929 4930 5011 5010)
4(2825 2906 5012 4931)
4(2905 5011 5012 2906)
4(4930 4931 5012 5011)
4(2826 2907 5013 4932)
4(2906 5012 5013 2907)
4(4931 4932 5013 5012)
4(2827 2908 5014 4933)
4(2907 5013 5014 2908)
4(4932 4933 5014 5013)
4(2828 2909 5015 4934)
4(2908 5014 5015 2909)
4(4933 4934 5015 5014)
4(2829 2910 5016 4935)
4(2909 5015 5016 2910)
4(4934 4935 5016 5015)
4(2830 2911 5017 4936)
4(2910 5016 5017 2911)
4(4935 4936 5017 5016)
4(2831 2912 5018 4937)
4(2911 5017 5018 2912)
4(4936 4937 5018 5017)
4(2832 2913 5019 4938)
4(2912 5018 5019 2913)
4(4937 4938 5019 5018)
4(2833 2914 5020 4939)
4(2913 5019 5020 2914)
4(4938 4939 5020 5019)
4(2914 5020 5021 2915)
4(4939 4940 5021 5020)
4(2836 2917 5023 4942)
4(2916 5022 5023 2917)
4(4941 4942 5023 5022)
4(2837 2918 5024 4943)
4(2917 5023 5024 2918)
4(4942 4943 5024 5023)
4(2838 2919 5025 4944)
4(2918 5024 5025 2919)
4(4943 4944 5025 5024)
4(2839 2920 5026 4945)
4(2919 5025 5026 2920)
4(4944 4945 5026 5025)
4(2840 2921 5027 4946)
4(2920 5026 5027 2921)
4(4945 4946 5027 5026)
4(2841 2922 5028 4947)
4(2921 5027 5028 2922)
4(4946 4947 5028 5027)
4(2842 2923 5029 4948)
4(2922 5028 5029 2923)
4(4947 4948 5029 5028)
4(2843 2924 5030 4949)
4(2923 5029 5030 2924)
4(4948 4949 5030 5029)
4(2844 2925 5031 4950)
4(2924 5030 5031 2925)
4(4949 4950 5031 5030)
4(2845 2926 5032 4951)
4(2925 5031 5032 2926)
4(4950 4951 5032 5031)
4(2846 2927 5033 4952)
4(2926 5032 5033 2927)
4(4951 4952 5033 5032)
4(2847 2928 5034 4953)
4(2927 5033 5034 2928)
4(4952 4953 5034 5033)
4(2848 2929 5035 4954)
4(2928 5034 5035 2929)
4(4953 4954 5035 5034)
4(2849 2930 5036 4955)
4(2929 5035 5036 2930)
4(4954 4955 5036 5035)
4(2850 2931 5037 4956)
4(2930 5036 5037 2931)
4(4955 4956 5037 5036)
4(2851 2932 5038 4957)
4(2931 5037 5038 2932)
4(4956 4957 5038 5037)
4(2852 2933 5039 4958)
4(2932 5038 5039 2933)
4(4957 4958 5039 5038)
4(2853 2934 5040 4959)
4(2933 5039 5040 2934)
4(4958 4959 5040 5039)
4(2854 2935 5041 4960)
4(2934 5040 5041 2935)
4(4959 4960 5041 5040)
4(2855 2936 5042 4961)
4(2935 5041 5042 2936)
4(4960 4961 5042 5041)
4(2856 2937 5043 4962)
4(2936 5042 5043 2937)
4(4961 4962 5043 5042)
4(2857 2938 5044 4963)
4(2937 5043 5044 2938)
4(4962 4963 5044 5043)
4(2858 2939 5045 4964)
4(2938 5044 5045 2939)
4(4963 4964 5045 5044)
4(2859 2940 5046 4965)
4(2939 5045 5046 2940)
4(4964 4965 5046 5045)
4(2860 2941 5047 4966)
4(2940 5046 5047 2941)
4(4965 4966 5047 5046)
4(2861 2942 5048 4967)
4(2941 5047 5048 2942)
4(4966 4967 5048 5047)
4(2862 2943 5049 4968)
4(2942 5048 5049 2943)
4(4967 4968 5049 5048)
4(2863 2944 5050 4969)
4(2943 5049 5050 2944)
4(4968 4969 5050 5049)
4(2864 2945 5051 4970)
4(2944 5050 5051 2945)
4(4969 4970 5051 5050)
4(2865 2946 5052 4971)
4(2945 5051 5052 2946)
4(4970 4971 5052 5051)
4(2866 2947 5053 4972)
4(2946 5052 5053 2947)
4(4971 4972 5053 5052)
4(2867 2948 5054 4973)
4(2947 5053 5054 2948)
4(4972 4973 5054 5053)
4(2868 2949 5055 4974)
4(2948 5054 5055 2949)
4(4973 4974 5055 5054)
4(2869 2950 5056 4975)
4(2949 5055 5056 2950)
4(4974 4975 5056 5055)
4(2870 2951 5057 4976)
4(2950 5056 5057 2951)
4(4975 4976 5057 5056)
4(2871 2952 5058 4977)
4(2951 5057 5058 2952)
4(4976 4977 5058 5057)
4(2872 2953 5059 4978)
4(2952 5058 5059 2953)
4(4977 4978 5059 5058)
4(2873 2954 5060 4979)
4(2953 5059 5060 2954)
4(4978 4979 5060 5059)
4(2874 2955 5061 4980)
4(2954 5060 5061 2955)
4(4979 4980 5061 5060)
4(2875 2956 5062 4981)
4(2955 5061 5062 2956)
4(4980 4981 5062 5061)
4(2876 2957 5063 4982)
4(2956 5062 5063 2957)
4(4981 4982 5063 5062)
4(2877 2958 5064 4983)
4(2957 5063 5064 2958)
4(4982 4983 5064 5063)
4(2878 2959 5065 4984)
4(2958 5064 5065 2959)
4(4983 4984 5065 5064)
4(2879 2960 5066 4985)
4(2959 5065 5066 2960)
4(4984 4985 5066 5065)
4(2880 2961 5067 4986)
4(2960 5066 5067 2961)
4(4985 4986 5067 5066)
4(2881 2962 5068 4987)
4(2961 5067 5068 2962)
4(4986 4987 5068 5067)
4(2882 2963 5069 4988)
4(2962 5068 5069 2963)
4(4987 4988 5069 5068)
4(2883 2964 5070 4989)
4(2963 5069 5070 2964)
4(4988 4989 5070 5069)
4(2884 2965 5071 4990)
4(2964 5070 5071 2965)
4(4989 4990 5071 5070)
4(2885 2966 5072 4991)
4(2965 5071 5072 2966)
4(4990 4991 5072 5071)
4(2886 2967 5073 4992)
4(2966 5072 5073 2967)
4(4991 4992 5073 5072)
4(2887 2968 5074 4993)
4(2967 5073 5074 2968)
4(4992 4993 5074 5073)
4(2888 2969 5075 4994)
4(2968 5074 5075 2969)
4(4993 4994 5075 5074)
4(2889 2970 5076 4995)
4(2969 5075 5076 2970)
4(4994 4995 5076 5075)
4(2890 2971 5077 4996)
4(2970 5076 5077 2971)
4(4995 4996 5077 5076)
4(2891 2972 5078 4997)
4(2971 5077 5078 2972)
4(4996 4997 5078 5077)
4(2892 2973 5079 4998)
4(2972 5078 5079 2973)
4(4997 4998 5079 5078)
4(2893 2974 5080 4999)
4(2973 5079 5080 2974)
4(4998 4999 5080 5079)
4(2894 2975 5081 5000)
4(2974 5080 5081 2975)
4(4999 5000 5081 5080)
4(2895 2976 5082 5001)
4(2975 5081 5082 2976)
4(5000 5001 5082 5081)
4(2896 2977 5083 5002)
4(2976 5082 5083 2977)
4(5001 5002 5083 5082)
4(2897 2978 5084 5003)
4(2977 5083 5084 2978)
4(5002 5003 5084 5083)
4(2898 2979 5085 5004)
4(2978 5084 5085 2979)
4(5003 5004 5085 5084)
4(2899 2980 5086 5005)
4(2979 5085 5086 2980)
4(5004 5005 5086 5085)
4(2900 2981 5087 5006)
4(2980 5086 5087 2981)
4(5005 5006 5087 5086)
4(2901 2982 5088 5007)
4(2981 5087 5088 2982)
4(5006 5007 5088 5087)
4(2902 2983 5089 5008)
4(2982 5088 5089 2983)
4(5007 5008 5089 5088)
4(2903 2984 5090 5009)
4(2983 5089 5090 2984)
4(5008 5009 5090 5089)
4(2904 2985 5091 5010)
4(2984 5090 5091 2985)
4(5009 5010 5091 5090)
4(2905 2986 5092 5011)
4(2985 5091 5092 2986)
4(5010 5011 5092 5091)
4(2906 2987 5093 5012)
4(2986 5092 5093 2987)
4(5011 5012 5093 5092)
4(2907 2988 5094 5013)
4(2987 5093 5094 2988)
4(5012 5013 5094 5093)
4(2908 2989 5095 5014)
4(2988 5094 5095 2989)
4(5013 5014 5095 5094)
4(2909 2990 5096 5015)
4(2989 5095 5096 2990)
4(5014 5015 5096 5095)
4(2910 2991 5097 5016)
4(2990 5096 5097 2991)
4(5015 5016 5097 5096)
4(2911 2992 5098 5017)
4(2991 5097 5098 2992)
4(5016 5017 5098 5097)
4(2912 2993 5099 5018)
4(2992 5098 5099 2993)
4(5017 5018 5099 5098)
4(2913 2994 5100 5019)
4(2993 5099 5100 2994)
4(5018 5019 5100 5099)
4(2914 2995 5101 5020)
4(2994 5100 5101 2995)
4(5019 5020 5101 5100)
4(2995 5101 5102 2996)
4(5020 5021 5102 5101)
4(2917 2998 5104 5023)
4(2997 5103 5104 2998)
4(5022 5023 5104 5103)
4(2918 2999 5105 5024)
4(2998 5104 5105 2999)
4(5023 5024 5105 5104)
4(2919 3000 5106 5025)
4(2999 5105 5106 3000)
4(5024 5025 5106 5105)
4(2920 3001 5107 5026)
4(3000 5106 5107 3001)
4(5025 5026 5107 5106)
4(2921 3002 5108 5027)
4(3001 5107 5108 3002)
4(5026 5027 5108 5107)
4(2922 3003 5109 5028)
4(3002 5108 5109 3003)
4(5027 5028 5109 5108)
4(2923 3004 5110 5029)
4(3003 5109 5110 3004)
4(5028 5029 5110 5109)
4(2924 3005 5111 5030)
4(3004 5110 5111 3005)
4(5029 5030 5111 5110)
4(2925 3006 5112 5031)
4(3005 5111 5112 3006)
4(5030 5031 5112 5111)
4(2926 3007 5113 5032)
4(3006 5112 5113 3007)
4(5031 5032 5113 5112)
4(2927 3008 5114 5033)
4(3007 5113 5114 3008)
4(5032 5033 5114 5113)
4(2928 3009 5115 5034)
4(3008 5114 5115 3009)
4(5033 5034 5115 5114)
4(2929 3010 5116 5035)
4(3009 5115 5116 3010)
4(5034 5035 5116 5115)
4(2930 3011 5117 5036)
4(3010 5116 5117 3011)
4(5035 5036 5117 5116)
4(2931 3012 5118 5037)
4(3011 5117 5118 3012)
4(5036 5037 5118 5117)
4(2932 3013 5119 5038)
4(3012 5118 5119 3013)
4(5037 5038 5119 5118)
4(2933 3014 5120 5039)
4(3013 5119 5120 3014)
4(5038 5039 5120 5119)
4(2934 3015 5121 5040)
4(3014 5120 5121 3015)
4(5039 5040 5121 5120)
4(2935 3016 5122 5041)
4(3015 5121 5122 3016)
4(5040 5041 5122 5121)
4(2936 3017 5123 5042)
4(3016 5122 5123 3017)
4(5041 5042 5123 5122)
4(2937 3018 5124 5043)
4(3017 5123 5124 3018)
4(5042 5043 5124 5123)
4(2938 3019 5125 5044)
4(3018 5124 5125 3019)
4(5043 5044 5125 5124)
4(2939 3020 5126 5045)
4(3019 5125 5126 3020)
4(5044 5045 5126 5125)
4(2940 3021 5127 5046)
4(3020 5126 5127 3021)
4(5045 5046 5127 5126)
4(2941 3022 5128 5047)
4(3021 5127 5128 3022)
4(5046 5047 5128 5127)
4(2942 3023 5129 5048)
4(3022 5128 5129 3023)
4(5047 5048 5129 5128)
4(2943 3024 5130 5049)
4(3023 5129 5130 3024)
4(5048 5049 5130 5129)
4(2944 3025 5131 5050)
4(3024 5130 5131 3025)
4(5049 5050 5131 5130)
4(2945 3026 5132 5051)
4(3025 5131 5132 3026)
4(5050 5051 5132 5131)
4(2946 3027 5133 5052)
4(3026 5132 5133 3027)
4(5051 5052 5133 5132)
4(2947 3028 5134 5053)
4(3027 5133 5134 3028)
4(5052 5053 5134 5133)
4(2948 3029 5135 5054)
4(3028 5134 5135 3029)
4(5053 5054 5135 5134)
4(2949 3030 5136 5055)
4(3029 5135 5136 3030)
4(5054 5055 5136 5135)
4(2950 3031 5137 5056)
4(3030 5136 5137 3031)
4(5055 5056 5137 5136)
4(2951 3032 5138 5057)
4(3031 5137 5138 3032)
4(5056 5057 5138 5137)
4(2952 3033 5139 5058)
4(3032 5138 5139 3033)
4(5057 5058 5139 5138)
4(2953 3034 5140 5059)
4(3033 5139 5140 3034)
4(5058 5059 5140 5139)
4(2954 3035 5141 5060)
4(3034 5140 5141 3035)
4(5059 5060 5141 5140)
4(2955 3036 5142 5061)
4(3035 5141 5142 3036)
4(5060 5061 5142 5141)
4(2956 3037 5143 5062)
4(3036 5142 5143 3037)
4(5061 5062 5143 5142)
4(2957 3038 5144 5063)
4(3037 5143 5144 3038)
4(5062 5063 5144 5143)
4(2958 3039 5145 5064)
4(3038 5144 5145 3039)
4(5063 5064 5145 5144)
4(2959 3040 5146 5065)
4(3039 5145 5146 3040)
4(5064 5065 5146 5145)
4(2960 3041 5147 5066)
4(3040 5146 5147 3041)
4(5065 5066 5147 5146)
4(2961 3042 5148 5067)
4(3041 5147 5148 3042)
4(5066 5067 5148 5147)
4(2962 3043 5149 5068)
4(3042 5148 5149 3043)
4(5067 5068 5149 5148)
4(2963 3044 5150 5069)
4(3043 5149 5150 3044)
4(5068 5069 5150 5149)
4(2964 3045 5151 5070)
4(3044 5150 5151 3045)
4(5069 5070 5151 5150)
4(2965 3046 5152 5071)
4(3045 5151 5152 3046)
4(5070 5071 5152 5151)
4(2966 3047 5153 5072)
4(3046 5152 5153 3047)
4(5071 5072 5153 5152)
4(2967 3048 5154 5073)
4(3047 5153 5154 3048)
4(5072 5073 5154 5153)
4(2968 3049 5155 5074)
4(3048 5154 5155 3049)
4(5073 5074 5155 5154)
4(2969 3050 5156 5075)
4(3049 5155 5156 3050)
4(5074 5075 5156 5155)
4(2970 3051 5157 5076)
4(3050 5156 5157 3051)
4(5075 5076 5157 5156)
4(2971 3052 5158 5077)
4(3051 5157 5158 3052)
4(5076 5077 5158 5157)
4(2972 3053 5159 5078)
4(3052 5158 5159 3053)
4(5077 5078 5159 5158)
4(2973 3054 5160 5079)
4(3053 5159 5160 3054)
4(5078 5079 5160 5159)
4(2974 3055 5161 5080)
4(3054 5160 5161 3055)
4(5079 5080 5161 5160)
4(2975 3056 5162 5081)
4(3055 5161 5162 3056)
4(5080 5081 5162 5161)
4(2976 3057 5163 5082)
4(3056 5162 5163 3057)
4(5081 5082 5163 5162)
4(2977 3058 5164 5083)
4(3057 5163 5164 3058)
4(5082 5083 5164 5163)
4(2978 3059 5165 5084)
4(3058 5164 5165 3059)
4(5083 5084 5165 5164)
4(2979 3060 5166 5085)
4(3059 5165 5166 3060)
4(5084 5085 5166 5165)
4(2980 3061 5167 5086)
4(3060 5166 5167 3061)
4(5085 5086 5167 5166)
4(2981 3062 5168 5087)
4(3061 5167 5168 3062)
4(5086 5087 5168 5167)
4(2982 3063 5169 5088)
4(3062 5168 5169 3063)
4(5087 5088 5169 5168)
4(2983 3064 5170 5089)
4(3063 5169 5170 3064)
4(5088 5089 5170 5169)
4(2984 3065 5171 5090)
4(3064 5170 5171 3065)
4(5089 5090 5171 5170)
4(2985 3066 5172 5091)
4(3065 5171 5172 3066)
4(5090 5091 5172 5171)
4(2986 3067 5173 5092)
4(3066 5172 5173 3067)
4(5091 5092 5173 5172)
4(2987 3068 5174 5093)
4(3067 5173 5174 3068)
4(5092 5093 5174 5173)
4(2988 3069 5175 5094)
4(3068 5174 5175 3069)
4(5093 5094 5175 5174)
4(2989 3070 5176 5095)
4(3069 5175 5176 3070)
4(5094 5095 5176 5175)
4(2990 3071 5177 5096)
4(3070 5176 5177 3071)
4(5095 5096 5177 5176)
4(2991 3072 5178 5097)
4(3071 5177 5178 3072)
4(5096 5097 5178 5177)
4(2992 3073 5179 5098)
4(3072 5178 5179 3073)
4(5097 5098 5179 5178)
4(2993 3074 5180 5099)
4(3073 5179 5180 3074)
4(5098 5099 5180 5179)
4(2994 3075 5181 5100)
4(3074 5180 5181 3075)
4(5099 5100 5181 5180)
4(2995 3076 5182 5101)
4(3075 5181 5182 3076)
4(5100 5101 5182 5181)
4(3076 5182 5183 3077)
4(5101 5102 5183 5182)
4(2998 3079 5185 5104)
4(3078 5184 5185 3079)
4(5103 5104 5185 5184)
4(2999 3080 5186 5105)
4(3079 5185 5186 3080)
4(5104 5105 5186 5185)
4(3000 3081 5187 5106)
4(3080 5186 5187 3081)
4(5105 5106 5187 5186)
4(3001 3082 5188 5107)
4(3081 5187 5188 3082)
4(5106 5107 5188 5187)
4(3002 3083 5189 5108)
4(3082 5188 5189 3083)
4(5107 5108 5189 5188)
4(3003 3084 5190 5109)
4(3083 5189 5190 3084)
4(5108 5109 5190 5189)
4(3004 3085 5191 5110)
4(3084 5190 5191 3085)
4(5109 5110 5191 5190)
4(3005 3086 5192 5111)
4(3085 5191 5192 3086)
4(5110 5111 5192 5191)
4(3006 3087 5193 5112)
4(3086 5192 5193 3087)
4(5111 5112 5193 5192)
4(3007 3088 5194 5113)
4(3087 5193 5194 3088)
4(5112 5113 5194 5193)
4(3008 3089 5195 5114)
4(3088 5194 5195 3089)
4(5113 5114 5195 5194)
4(3009 3090 5196 5115)
4(3089 5195 5196 3090)
4(5114 5115 5196 5195)
4(3010 3091 5197 5116)
4(3090 5196 5197 3091)
4(5115 5116 5197 5196)
4(3011 3092 5198 5117)
4(3091 5197 5198 3092)
4(5116 5117 5198 5197)
4(3012 3093 5199 5118)
4(3092 5198 5199 3093)
4(5117 5118 5199 5198)
4(3013 3094 5200 5119)
4(3093 5199 5200 3094)
4(5118 5119 5200 5199)
4(3014 3095 5201 5120)
4(3094 5200 5201 3095)
4(5119 5120 5201 5200)
4(3015 3096 5202 5121)
4(3095 5201 5202 3096)
4(5120 5121 5202 5201)
4(3016 3097 5203 5122)
4(3096 5202 5203 3097)
4(5121 5122 5203 5202)
4(3017 3098 5204 5123)
4(3097 5203 5204 3098)
4(5122 5123 5204 5203)
4(3018 3099 5205 5124)
4(3098 5204 5205 3099)
4(5123 5124 5205 5204)
4(3019 3100 5206 5125)
4(3099 5205 5206 3100)
4(5124 5125 5206 5205)
4(3020 3101 5207 5126)
4(3100 5206 5207 3101)
4(5125 5126 5207 5206)
4(3021 3102 5208 5127)
4(3101 5207 5208 3102)
4(5126 5127 5208 5207)
4(3022 3103 5209 5128)
4(3102 5208 5209 3103)
4(5127 5128 5209 5208)
4(3023 3104 5210 5129)
4(3103 5209 5210 3104)
4(5128 5129 5210 5209)
4(3024 3105 5211 5130)
4(3104 5210 5211 3105)
4(5129 5130 5211 5210)
4(3025 3106 5212 5131)
4(3105 5211 5212 3106)
4(5130 5131 5212 5211)
4(3026 3107 5213 5132)
4(3106 5212 5213 3107)
4(5131 5132 5213 5212)
4(3027 3108 5214 5133)
4(3107 5213 5214 3108)
4(5132 5133 5214 5213)
4(3028 3109 5215 5134)
4(3108 5214 5215 3109)
4(5133 5134 5215 5214)
4(3029 3110 5216 5135)
4(3109 5215 5216 3110)
4(5134 5135 5216 5215)
4(3030 3111 5217 5136)
4(3110 5216 5217 3111)
4(5135 5136 5217 5216)
4(3031 3112 5218 5137)
4(3111 5217 5218 3112)
4(5136 5137 5218 5217)
4(3032 3113 5219 5138)
4(3112 5218 5219 3113)
4(5137 5138 5219 5218)
4(3033 3114 5220 5139)
4(3113 5219 5220 3114)
4(5138 5139 5220 5219)
4(3034 3115 5221 5140)
4(3114 5220 5221 3115)
4(5139 5140 5221 5220)
4(3035 3116 5222 5141)
4(3115 5221 5222 3116)
4(5140 5141 5222 5221)
4(3036 3117 5223 5142)
4(3116 5222 5223 3117)
4(5141 5142 5223 5222)
4(3037 3118 5224 5143)
4(3117 5223 5224 3118)
4(5142 5143 5224 5223)
4(3038 3119 5225 5144)
4(3118 5224 5225 3119)
4(5143 5144 5225 5224)
4(3039 3120 5226 5145)
4(3119 5225 5226 3120)
4(5144 5145 5226 5225)
4(3040 3121 5227 5146)
4(3120 5226 5227 3121)
4(5145 5146 5227 5226)
4(3041 3122 5228 5147)
4(3121 5227 5228 3122)
4(5146 5147 5228 5227)
4(3042 3123 5229 5148)
4(3122 5228 5229 3123)
4(5147 5148 5229 5228)
4(3043 3124 5230 5149)
4(3123 5229 5230 3124)
4(5148 5149 5230 5229)
4(3044 3125 5231 5150)
4(3124 5230 5231 3125)
4(5149 5150 5231 5230)
4(3045 3126 5232 5151)
4(3125 5231 5232 3126)
4(5150 5151 5232 5231)
4(3046 3127 5233 5152)
4(3126 5232 5233 3127)
4(5151 5152 5233 5232)
4(3047 3128 5234 5153)
4(3127 5233 5234 3128)
4(5152 5153 5234 5233)
4(3048 3129 5235 5154)
4(3128 5234 5235 3129)
4(5153 5154 5235 5234)
4(3049 3130 5236 5155)
4(3129 5235 5236 3130)
4(5154 5155 5236 5235)
4(3050 3131 5237 5156)
4(3130 5236 5237 3131)
4(5155 5156 5237 5236)
4(3051 3132 5238 5157)
4(3131 5237 5238 3132)
4(5156 5157 5238 5237)
4(3052 3133 5239 5158)
4(3132 5238 5239 3133)
4(5157 5158 5239 5238)
4(3053 3134 5240 5159)
4(3133 5239 5240 3134)
4(5158 5159 5240 5239)
4(3054 3135 5241 5160)
4(3134 5240 5241 3135)
4(5159 5160 5241 5240)
4(3055 3136 5242 5161)
4(3135 5241 5242 3136)
4(5160 5161 5242 5241)
4(3056 3137 5243 5162)
4(3136 5242 5243 3137)
4(5161 5162 5243 5242)
4(3057 3138 5244 5163)
4(3137 5243 5244 3138)
4(5162 5163 5244 5243)
4(3058 3139 5245 5164)
4(3138 5244 5245 3139)
4(5163 5164 5245 5244)
4(3059 3140 5246 5165)
4(3139 5245 5246 3140)
4(5164 5165 5246 5245)
4(3060 3141 5247 5166)
4(3140 5246 5247 3141)
4(5165 5166 5247 5246)
4(3061 3142 5248 5167)
4(3141 5247 5248 3142)
4(5166 5167 5248 5247)
4(3062 3143 5249 5168)
4(3142 5248 5249 3143)
4(5167 5168 5249 5248)
4(3063 3144 5250 5169)
4(3143 5249 5250 3144)
4(5168 5169 5250 5249)
4(3064 3145 5251 5170)
4(3144 5250 5251 3145)
4(5169 5170 5251 5250)
4(3065 3146 5252 5171)
4(3145 5251 5252 3146)
4(5170 5171 5252 5251)
4(3066 3147 5253 5172)
4(3146 5252 5253 3147)
4(5171 5172 5253 5252)
4(3067 3148 5254 5173)
4(3147 5253 5254 3148)
4(5172 5173 5254 5253)
4(3068 3149 5255 5174)
4(3148 5254 5255 3149)
4(5173 5174 5255 5254)
4(3069 3150 5256 5175)
4(3149 5255 5256 3150)
4(5174 5175 5256 5255)
4(3070 3151 5257 5176)
4(3150 5256 5257 3151)
4(5175 5176 5257 5256)
4(3071 3152 5258 5177)
4(3151 5257 5258 3152)
4(5176 5177 5258 5257)
4(3072 3153 5259 5178)
4(3152 5258 5259 3153)
4(5177 5178 5259 5258)
4(3073 3154 5260 5179)
4(3153 5259 5260 3154)
4(5178 5179 5260 5259)
4(3074 3155 5261 5180)
4(3154 5260 5261 3155)
4(5179 5180 5261 5260)
4(3075 3156 5262 5181)
4(3155 5261 5262 3156)
4(5180 5181 5262 5261)
4(3076 3157 5263 5182)
4(3156 5262 5263 3157)
4(5181 5182 5263 5262)
4(3157 5263 5264 3158)
4(5182 5183 5264 5263)
4(3079 3160 5266 5185)
4(3159 5265 5266 3160)
4(5184 5185 5266 5265)
4(3080 3161 5267 5186)
4(3160 5266 5267 3161)
4(5185 5186 5267 5266)
4(3081 3162 5268 5187)
4(3161 5267 5268 3162)
4(5186 5187 5268 5267)
4(3082 3163 5269 5188)
4(3162 5268 5269 3163)
4(5187 5188 5269 5268)
4(3083 3164 5270 5189)
4(3163 5269 5270 3164)
4(5188 5189 5270 5269)
4(3084 3165 5271 5190)
4(3164 5270 5271 3165)
4(5189 5190 5271 5270)
4(3085 3166 5272 5191)
4(3165 5271 5272 3166)
4(5190 5191 5272 5271)
4(3086 3167 5273 5192)
4(3166 5272 5273 3167)
4(5191 5192 5273 5272)
4(3087 3168 5274 5193)
4(3167 5273 5274 3168)
4(5192 5193 5274 5273)
4(3088 3169 5275 5194)
4(3168 5274 5275 3169)
4(5193 5194 5275 5274)
4(3089 3170 5276 5195)
4(3169 5275 5276 3170)
4(5194 5195 5276 5275)
4(3090 3171 5277 5196)
4(3170 5276 5277 3171)
4(5195 5196 5277 5276)
4(3091 3172 5278 5197)
4(3171 5277 5278 3172)
4(5196 5197 5278 5277)
4(3092 3173 5279 5198)
4(3172 5278 5279 3173)
4(5197 5198 5279 5278)
4(3093 3174 5280 5199)
4(3173 5279 5280 3174)
4(5198 5199 5280 5279)
4(3094 3175 5281 5200)
4(3174 5280 5281 3175)
4(5199 5200 5281 5280)
4(3095 3176 5282 5201)
4(3175 5281 5282 3176)
4(5200 5201 5282 5281)
4(3096 3177 5283 5202)
4(3176 5282 5283 3177)
4(5201 5202 5283 5282)
4(3097 3178 5284 5203)
4(3177 5283 5284 3178)
4(5202 5203 5284 5283)
4(3098 3179 5285 5204)
4(3178 5284 5285 3179)
4(5203 5204 5285 5284)
4(3099 3180 5286 5205)
4(3179 5285 5286 3180)
4(5204 5205 5286 5285)
4(3100 3181 5287 5206)
4(3180 5286 5287 3181)
4(5205 5206 5287 5286)
4(3101 3182 5288 5207)
4(3181 5287 5288 3182)
4(5206 5207 5288 5287)
4(3102 3183 5289 5208)
4(3182 5288 5289 3183)
4(5207 5208 5289 5288)
4(3103 3184 5290 5209)
4(3183 5289 5290 3184)
4(5208 5209 5290 5289)
4(3104 3185 5291 5210)
4(3184 5290 5291 3185)
4(5209 5210 5291 5290)
4(3105 3186 5292 5211)
4(3185 5291 5292 3186)
4(5210 5211 5292 5291)
4(3106 3187 5293 5212)
4(3186 5292 5293 3187)
4(5211 5212 5293 5292)
4(3107 3188 5294 5213)
4(3187 5293 5294 3188)
4(5212 5213 5294 5293)
4(3108 3189 5295 5214)
4(3188 5294 5295 3189)
4(5213 5214 5295 5294)
4(3109 3190 5296 5215)
4(3189 5295 5296 3190)
4(5214 5215 5296 5295)
4(3110 3191 5297 5216)
4(3190 5296 5297 3191)
4(5215 5216 5297 5296)
4(3111 3192 5298 5217)
4(3191 5297 5298 3192)
4(5216 5217 5298 5297)
4(3112 3193 5299 5218)
4(3192 5298 5299 3193)
4(5217 5218 5299 5298)
4(3113 3194 5300 5219)
4(3193 5299 5300 3194)
4(5218 5219 5300 5299)
4(3114 3195 5301 5220)
4(3194 5300 5301 3195)
4(5219 5220 5301 5300)
4(3115 3196 5302 5221)
4(3195 5301 5302 3196)
4(5220 5221 5302 5301)
4(3116 3197 5303 5222)
4(3196 5302 5303 3197)
4(5221 5222 5303 5302)
4(3117 3198 5304 5223)
4(3197 5303 5304 3198)
4(5222 5223 5304 5303)
4(3118 3199 5305 5224)
4(3198 5304 5305 3199)
4(5223 5224 5305 5304)
4(3119 3200 5306 5225)
4(3199 5305 5306 3200)
4(5224 5225 5306 5305)
4(3120 3201 5307 5226)
4(3200 5306 5307 3201)
4(5225 5226 5307 5306)
4(3121 3202 5308 5227)
4(3201 5307 5308 3202)
4(5226 5227 5308 5307)
4(3122 3203 5309 5228)
4(3202 5308 5309 3203)
4(5227 5228 5309 5308)
4(3123 3204 5310 5229)
4(3203 5309 5310 3204)
4(5228 5229 5310 5309)
4(3124 3205 5311 5230)
4(3204 5310 5311 3205)
4(5229 5230 5311 5310)
4(3125 3206 5312 5231)
4(3205 5311 5312 3206)
4(5230 5231 5312 5311)
4(3126 3207 5313 5232)
4(3206 5312 5313 3207)
4(5231 5232 5313 5312)
4(3127 3208 5314 5233)
4(3207 5313 5314 3208)
4(5232 5233 5314 5313)
4(3128 3209 5315 5234)
4(3208 5314 5315 3209)
4(5233 5234 5315 5314)
4(3129 3210 5316 5235)
4(3209 5315 5316 3210)
4(5234 5235 5316 5315)
4(3130 3211 5317 5236)
4(3210 5316 5317 3211)
4(5235 5236 5317 5316)
4(3131 3212 5318 5237)
4(3211 5317 5318 3212)
4(5236 5237 5318 5317)
4(3132 3213 5319 5238)
4(3212 5318 5319 3213)
4(5237 5238 5319 5318)
4(3133 3214 5320 5239)
4(3213 5319 5320 3214)
4(5238 5239 5320 5319)
4(3134 3215 5321 5240)
4(3214 5320 5321 3215)
4(5239 5240 5321 5320)
4(3135 3216 5322 5241)
4(3215 5321 5322 3216)
4(5240 5241 5322 5321)
4(3136 3217 5323 5242)
4(3216 5322 5323 3217)
4(5241 5242 5323 5322)
4(3137 3218 5324 5243)
4(3217 5323 5324 3218)
4(5242 5243 5324 5323)
4(3138 3219 5325 5244)
4(3218 5324 5325 3219)
4(5243 5244 5325 5324)
4(3139 3220 5326 5245)
4(3219 5325 5326 3220)
4(5244 5245 5326 5325)
4(3140 3221 5327 5246)
4(3220 5326 5327 3221)
4(5245 5246 5327 5326)
4(3141 3222 5328 5247)
4(3221 5327 5328 3222)
4(5246 5247 5328 5327)
4(3142 3223 5329 5248)
4(3222 5328 5329 3223)
4(5247 5248 5329 5328)
4(3143 3224 5330 5249)
4(3223 5329 5330 3224)
4(5248 5249 5330 5329)
4(3144 3225 5331 5250)
4(3224 5330 5331 3225)
4(5249 5250 5331 5330)
4(3145 3226 5332 5251)
4(3225 5331 5332 3226)
4(5250 5251 5332 5331)
4(3146 3227 5333 5252)
4(3226 5332 5333 3227)
4(5251 5252 5333 5332)
4(3147 3228 5334 5253)
4(3227 5333 5334 3228)
4(5252 5253 5334 5333)
4(3148 3229 5335 5254)
4(3228 5334 5335 3229)
4(5253 5254 5335 5334)
4(3149 3230 5336 5255)
4(3229 5335 5336 3230)
4(5254 5255 5336 5335)
4(3150 3231 5337 5256)
4(3230 5336 5337 3231)
4(5255 5256 5337 5336)
4(3151 3232 5338 5257)
4(3231 5337 5338 3232)
4(5256 5257 5338 5337)
4(3152 3233 5339 5258)
4(3232 5338 5339 3233)
4(5257 5258 5339 5338)
4(3153 3234 5340 5259)
4(3233 5339 5340 3234)
4(5258 5259 5340 5339)
4(3154 3235 5341 5260)
4(3234 5340 5341 3235)
4(5259 5260 5341 5340)
4(3155 3236 5342 5261)
4(3235 5341 5342 3236)
4(5260 5261 5342 5341)
4(3156 3237 5343 5262)
4(3236 5342 5343 3237)
4(5261 5262 5343 5342)
4(3157 3238 5344 5263)
4(3237 5343 5344 3238)
4(5262 5263 5344 5343)
4(3238 5344 5345 3239)
4(5263 5264 5345 5344)
4(3160 3241 5347 5266)
4(3240 5346 5347 3241)
4(5265 5266 5347 5346)
4(3161 3242 5348 5267)
4(3241 5347 5348 3242)
4(5266 5267 5348 5347)
4(3162 3243 5349 5268)
4(3242 5348 5349 3243)
4(5267 5268 5349 5348)
4(3163 3244 5350 5269)
4(3243 5349 5350 3244)
4(5268 5269 5350 5349)
4(3164 3245 5351 5270)
4(3244 5350 5351 3245)
4(5269 5270 5351 5350)
4(3165 3246 5352 5271)
4(3245 5351 5352 3246)
4(5270 5271 5352 5351)
4(3166 3247 5353 5272)
4(3246 5352 5353 3247)
4(5271 5272 5353 5352)
4(3167 3248 5354 5273)
4(3247 5353 5354 3248)
4(5272 5273 5354 5353)
4(3168 3249 5355 5274)
4(3248 5354 5355 3249)
4(5273 5274 5355 5354)
4(3169 3250 5356 5275)
4(3249 5355 5356 3250)
4(5274 5275 5356 5355)
4(3170 3251 5357 5276)
4(3250 5356 5357 3251)
4(5275 5276 5357 5356)
4(3171 3252 5358 5277)
4(3251 5357 5358 3252)
4(5276 5277 5358 5357)
4(3172 3253 5359 5278)
4(3252 5358 5359 3253)
4(5277 5278 5359 5358)
4(3173 3254 5360 5279)
4(3253 5359 5360 3254)
4(5278 5279 5360 5359)
4(3174 3255 5361 5280)
4(3254 5360 5361 3255)
4(5279 5280 5361 5360)
4(3175 3256 5362 5281)
4(3255 5361 5362 3256)
4(5280 5281 5362 5361)
4(3176 3257 5363 5282)
4(3256 5362 5363 3257)
4(5281 5282 5363 5362)
4(3177 3258 5364 5283)
4(3257 5363 5364 3258)
4(5282 5283 5364 5363)
4(3178 3259 5365 5284)
4(3258 5364 5365 3259)
4(5283 5284 5365 5364)
4(3179 3260 5366 5285)
4(3259 5365 5366 3260)
4(5284 5285 5366 5365)
4(3180 3261 5367 5286)
4(3260 5366 5367 3261)
4(5285 5286 5367 5366)
4(3181 3262 5368 5287)
4(3261 5367 5368 3262)
4(5286 5287 5368 5367)
4(3182 3263 5369 5288)
4(3262 5368 5369 3263)
4(5287 5288 5369 5368)
4(3183 3264 5370 5289)
4(3263 5369 5370 3264)
4(5288 5289 5370 5369)
4(3184 3265 5371 5290)
4(3264 5370 5371 3265)
4(5289 5290 5371 5370)
4(3185 3266 5372 5291)
4(3265 5371 5372 3266)
4(5290 5291 5372 5371)
4(3186 3267 5373 5292)
4(3266 5372 5373 3267)
4(5291 5292 5373 5372)
4(3187 3268 5374 5293)
4(3267 5373 5374 3268)
4(5292 5293 5374 5373)
4(3188 3269 5375 5294)
4(3268 5374 5375 3269)
4(5293 5294 5375 5374)
4(3189 3270 5376 5295)
4(3269 5375 5376 3270)
4(5294 5295 5376 5375)
4(3190 3271 5377 5296)
4(3270 5376 5377 3271)
4(5295 5296 5377 5376)
4(3191 3272 5378 5297)
4(3271 5377 5378 3272)
4(5296 5297 5378 5377)
4(3192 3273 5379 5298)
4(3272 5378 5379 3273)
4(5297 5298 5379 5378)
4(3193 3274 5380 5299)
4(3273 5379 5380 3274)
4(5298 5299 5380 5379)
4(3194 3275 5381 5300)
4(3274 5380 5381 3275)
4(5299 5300 5381 5380)
4(3195 3276 5382 5301)
4(3275 5381 5382 3276)
4(5300 5301 5382 5381)
4(3196 3277 5383 5302)
4(3276 5382 5383 3277)
4(5301 5302 5383 5382)
4(3197 3278 5384 5303)
4(3277 5383 5384 3278)
4(5302 5303 5384 5383)
4(3198 3279 5385 5304)
4(3278 5384 5385 3279)
4(5303 5304 5385 5384)
4(3199 3280 5386 5305)
4(3279 5385 5386 3280)
4(5304 5305 5386 5385)
4(3200 3281 5387 5306)
4(3280 5386 5387 3281)
4(5305 5306 5387 5386)
4(3201 3282 5388 5307)
4(3281 5387 5388 3282)
4(5306 5307 5388 5387)
4(3202 3283 5389 5308)
4(3282 5388 5389 3283)
4(5307 5308 5389 5388)
4(3203 3284 5390 5309)
4(3283 5389 5390 3284)
4(5308 5309 5390 5389)
4(3204 3285 5391 5310)
4(3284 5390 5391 3285)
4(5309 5310 5391 5390)
4(3205 3286 5392 5311)
4(3285 5391 5392 3286)
4(5310 5311 5392 5391)
4(3206 3287 5393 5312)
4(3286 5392 5393 3287)
4(5311 5312 5393 5392)
4(3207 3288 5394 5313)
4(3287 5393 5394 3288)
4(5312 5313 5394 5393)
4(3208 3289 5395 5314)
4(3288 5394 5395 3289)
4(5313 5314 5395 5394)
4(3209 3290 5396 5315)
4(3289 5395 5396 3290)
4(5314 5315 5396 5395)
4(3210 3291 5397 5316)
4(3290 5396 5397 3291)
4(5315 5316 5397 5396)
4(3211 3292 5398 5317)
4(3291 5397 5398 3292)
4(5316 5317 5398 5397)
4(3212 3293 5399 5318)
4(3292 5398 5399 3293)
4(5317 5318 5399 5398)
4(3213 3294 5400 5319)
4(3293 5399 5400 3294)
4(5318 5319 5400 5399)
4(3214 3295 5401 5320)
4(3294 5400 5401 3295)
4(5319 5320 5401 5400)
4(3215 3296 5402 5321)
4(3295 5401 5402 3296)
4(5320 5321 5402 5401)
4(3216 3297 5403 5322)
4(3296 5402 5403 3297)
4(5321 5322 5403 5402)
4(3217 3298 5404 5323)
4(3297 5403 5404 3298)
4(5322 5323 5404 5403)
4(3218 3299 5405 5324)
4(3298 5404 5405 3299)
4(5323 5324 5405 5404)
4(3219 3300 5406 5325)
4(3299 5405 5406 3300)
4(5324 5325 5406 5405)
4(3220 3301 5407 5326)
4(3300 5406 5407 3301)
4(5325 5326 5407 5406)
4(3221 3302 5408 5327)
4(3301 5407 5408 3302)
4(5326 5327 5408 5407)
4(3222 3303 5409 5328)
4(3302 5408 5409 3303)
4(5327 5328 5409 5408)
4(3223 3304 5410 5329)
4(3303 5409 5410 3304)
4(5328 5329 5410 5409)
4(3224 3305 5411 5330)
4(3304 5410 5411 3305)
4(5329 5330 5411 5410)
4(3225 3306 5412 5331)
4(3305 5411 5412 3306)
4(5330 5331 5412 5411)
4(3226 3307 5413 5332)
4(3306 5412 5413 3307)
4(5331 5332 5413 5412)
4(3227 3308 5414 5333)
4(3307 5413 5414 3308)
4(5332 5333 5414 5413)
4(3228 3309 5415 5334)
4(3308 5414 5415 3309)
4(5333 5334 5415 5414)
4(3229 3310 5416 5335)
4(3309 5415 5416 3310)
4(5334 5335 5416 5415)
4(3230 3311 5417 5336)
4(3310 5416 5417 3311)
4(5335 5336 5417 5416)
4(3231 3312 5418 5337)
4(3311 5417 5418 3312)
4(5336 5337 5418 5417)
4(3232 3313 5419 5338)
4(3312 5418 5419 3313)
4(5337 5338 5419 5418)
4(3233 3314 5420 5339)
4(3313 5419 5420 3314)
4(5338 5339 5420 5419)
4(3234 3315 5421 5340)
4(3314 5420 5421 3315)
4(5339 5340 5421 5420)
4(3235 3316 5422 5341)
4(3315 5421 5422 3316)
4(5340 5341 5422 5421)
4(3236 3317 5423 5342)
4(3316 5422 5423 3317)
4(5341 5342 5423 5422)
4(3237 3318 5424 5343)
4(3317 5423 5424 3318)
4(5342 5343 5424 5423)
4(3238 3319 5425 5344)
4(3318 5424 5425 3319)
4(5343 5344 5425 5424)
4(3319 5425 5426 3320)
4(5344 5345 5426 5425)
4(3241 3322 5428 5347)
4(3321 5427 5428 3322)
4(5346 5347 5428 5427)
4(3242 3323 5429 5348)
4(3322 5428 5429 3323)
4(5347 5348 5429 5428)
4(3243 3324 5430 5349)
4(3323 5429 5430 3324)
4(5348 5349 5430 5429)
4(3244 3325 5431 5350)
4(3324 5430 5431 3325)
4(5349 5350 5431 5430)
4(3245 3326 5432 5351)
4(3325 5431 5432 3326)
4(5350 5351 5432 5431)
4(3246 3327 5433 5352)
4(3326 5432 5433 3327)
4(5351 5352 5433 5432)
4(3247 3328 5434 5353)
4(3327 5433 5434 3328)
4(5352 5353 5434 5433)
4(3248 3329 5435 5354)
4(3328 5434 5435 3329)
4(5353 5354 5435 5434)
4(3249 3330 5436 5355)
4(3329 5435 5436 3330)
4(5354 5355 5436 5435)
4(3250 3331 5437 5356)
4(3330 5436 5437 3331)
4(5355 5356 5437 5436)
4(3251 3332 5438 5357)
4(3331 5437 5438 3332)
4(5356 5357 5438 5437)
4(3252 3333 5439 5358)
4(3332 5438 5439 3333)
4(5357 5358 5439 5438)
4(3253 3334 5440 5359)
4(3333 5439 5440 3334)
4(5358 5359 5440 5439)
4(3254 3335 5441 5360)
4(3334 5440 5441 3335)
4(5359 5360 5441 5440)
4(3255 3336 5442 5361)
4(3335 5441 5442 3336)
4(5360 5361 5442 5441)
4(3256 3337 5443 5362)
4(3336 5442 5443 3337)
4(5361 5362 5443 5442)
4(3257 3338 5444 5363)
4(3337 5443 5444 3338)
4(5362 5363 5444 5443)
4(3258 3339 5445 5364)
4(3338 5444 5445 3339)
4(5363 5364 5445 5444)
4(3259 3340 5446 5365)
4(3339 5445 5446 3340)
4(5364 5365 5446 5445)
4(3260 3341 5447 5366)
4(3340 5446 5447 3341)
4(5365 5366 5447 5446)
4(3261 3342 5448 5367)
4(3341 5447 5448 3342)
4(5366 5367 5448 5447)
4(3262 3343 5449 5368)
4(3342 5448 5449 3343)
4(5367 5368 5449 5448)
4(3263 3344 5450 5369)
4(3343 5449 5450 3344)
4(5368 5369 5450 5449)
4(3264 3345 5451 5370)
4(3344 5450 5451 3345)
4(5369 5370 5451 5450)
4(3265 3346 5452 5371)
4(3345 5451 5452 3346)
4(5370 5371 5452 5451)
4(3266 3347 5453 5372)
4(3346 5452 5453 3347)
4(5371 5372 5453 5452)
4(3267 3348 5454 5373)
4(3347 5453 5454 3348)
4(5372 5373 5454 5453)
4(3268 3349 5455 5374)
4(3348 5454 5455 3349)
4(5373 5374 5455 5454)
4(3269 3350 5456 5375)
4(3349 5455 5456 3350)
4(5374 5375 5456 5455)
4(3270 3351 5457 5376)
4(3350 5456 5457 3351)
4(5375 5376 5457 5456)
4(3271 3352 5458 5377)
4(3351 5457 5458 3352)
4(5376 5377 5458 5457)
4(3272 3353 5459 5378)
4(3352 5458 5459 3353)
4(5377 5378 5459 5458)
4(3273 3354 5460 5379)
4(3353 5459 5460 3354)
4(5378 5379 5460 5459)
4(3274 3355 5461 5380)
4(3354 5460 5461 3355)
4(5379 5380 5461 5460)
4(3275 3356 5462 5381)
4(3355 5461 5462 3356)
4(5380 5381 5462 5461)
4(3276 3357 5463 5382)
4(3356 5462 5463 3357)
4(5381 5382 5463 5462)
4(3277 3358 5464 5383)
4(3357 5463 5464 3358)
4(5382 5383 5464 5463)
4(3278 3359 5465 5384)
4(3358 5464 5465 3359)
4(5383 5384 5465 5464)
4(3279 3360 5466 5385)
4(3359 5465 5466 3360)
4(5384 5385 5466 5465)
4(3280 3361 5467 5386)
4(3360 5466 5467 3361)
4(5385 5386 5467 5466)
4(3281 3362 5468 5387)
4(3361 5467 5468 3362)
4(5386 5387 5468 5467)
4(3282 3363 5469 5388)
4(3362 5468 5469 3363)
4(5387 5388 5469 5468)
4(3283 3364 5470 5389)
4(3363 5469 5470 3364)
4(5388 5389 5470 5469)
4(3284 3365 5471 5390)
4(3364 5470 5471 3365)
4(5389 5390 5471 5470)
4(3285 3366 5472 5391)
4(3365 5471 5472 3366)
4(5390 5391 5472 5471)
4(3286 3367 5473 5392)
4(3366 5472 5473 3367)
4(5391 5392 5473 5472)
4(3287 3368 5474 5393)
4(3367 5473 5474 3368)
4(5392 5393 5474 5473)
4(3288 3369 5475 5394)
4(3368 5474 5475 3369)
4(5393 5394 5475 5474)
4(3289 3370 5476 5395)
4(3369 5475 5476 3370)
4(5394 5395 5476 5475)
4(3290 3371 5477 5396)
4(3370 5476 5477 3371)
4(5395 5396 5477 5476)
4(3291 3372 5478 5397)
4(3371 5477 5478 3372)
4(5396 5397 5478 5477)
4(3292 3373 5479 5398)
4(3372 5478 5479 3373)
4(5397 5398 5479 5478)
4(3293 3374 5480 5399)
4(3373 5479 5480 3374)
4(5398 5399 5480 5479)
4(3294 3375 5481 5400)
4(3374 5480 5481 3375)
4(5399 5400 5481 5480)
4(3295 3376 5482 5401)
4(3375 5481 5482 3376)
4(5400 5401 5482 5481)
4(3296 3377 5483 5402)
4(3376 5482 5483 3377)
4(5401 5402 5483 5482)
4(3297 3378 5484 5403)
4(3377 5483 5484 3378)
4(5402 5403 5484 5483)
4(3298 3379 5485 5404)
4(3378 5484 5485 3379)
4(5403 5404 5485 5484)
4(3299 3380 5486 5405)
4(3379 5485 5486 3380)
4(5404 5405 5486 5485)
4(3300 3381 5487 5406)
4(3380 5486 5487 3381)
4(5405 5406 5487 5486)
4(3301 3382 5488 5407)
4(3381 5487 5488 3382)
4(5406 5407 5488 5487)
4(3302 3383 5489 5408)
4(3382 5488 5489 3383)
4(5407 5408 5489 5488)
4(3303 3384 5490 5409)
4(3383 5489 5490 3384)
4(5408 5409 5490 5489)
4(3304 3385 5491 5410)
4(3384 5490 5491 3385)
4(5409 5410 5491 5490)
4(3305 3386 5492 5411)
4(3385 5491 5492 3386)
4(5410 5411 5492 5491)
4(3306 3387 5493 5412)
4(3386 5492 5493 3387)
4(5411 5412 5493 5492)
4(3307 3388 5494 5413)
4(3387 5493 5494 3388)
4(5412 5413 5494 5493)
4(3308 3389 5495 5414)
4(3388 5494 5495 3389)
4(5413 5414 5495 5494)
4(3309 3390 5496 5415)
4(3389 5495 5496 3390)
4(5414 5415 5496 5495)
4(3310 3391 5497 5416)
4(3390 5496 5497 3391)
4(5415 5416 5497 5496)
4(3311 3392 5498 5417)
4(3391 5497 5498 3392)
4(5416 5417 5498 5497)
4(3312 3393 5499 5418)
4(3392 5498 5499 3393)
4(5417 5418 5499 5498)
4(3313 3394 5500 5419)
4(3393 5499 5500 3394)
4(5418 5419 5500 5499)
4(3314 3395 5501 5420)
4(3394 5500 5501 3395)
4(5419 5420 5501 5500)
4(3315 3396 5502 5421)
4(3395 5501 5502 3396)
4(5420 5421 5502 5501)
4(3316 3397 5503 5422)
4(3396 5502 5503 3397)
4(5421 5422 5503 5502)
4(3317 3398 5504 5423)
4(3397 5503 5504 3398)
4(5422 5423 5504 5503)
4(3318 3399 5505 5424)
4(3398 5504 5505 3399)
4(5423 5424 5505 5504)
4(3319 3400 5506 5425)
4(3399 5505 5506 3400)
4(5424 5425 5506 5505)
4(3400 5506 5507 3401)
4(5425 5426 5507 5506)
4(3322 3403 5509 5428)
4(3402 5508 5509 3403)
4(5427 5428 5509 5508)
4(3323 3404 5510 5429)
4(3403 5509 5510 3404)
4(5428 5429 5510 5509)
4(3324 3405 5511 5430)
4(3404 5510 5511 3405)
4(5429 5430 5511 5510)
4(3325 3406 5512 5431)
4(3405 5511 5512 3406)
4(5430 5431 5512 5511)
4(3326 3407 5513 5432)
4(3406 5512 5513 3407)
4(5431 5432 5513 5512)
4(3327 3408 5514 5433)
4(3407 5513 5514 3408)
4(5432 5433 5514 5513)
4(3328 3409 5515 5434)
4(3408 5514 5515 3409)
4(5433 5434 5515 5514)
4(3329 3410 5516 5435)
4(3409 5515 5516 3410)
4(5434 5435 5516 5515)
4(3330 3411 5517 5436)
4(3410 5516 5517 3411)
4(5435 5436 5517 5516)
4(3331 3412 5518 5437)
4(3411 5517 5518 3412)
4(5436 5437 5518 5517)
4(3332 3413 5519 5438)
4(3412 5518 5519 3413)
4(5437 5438 5519 5518)
4(3333 3414 5520 5439)
4(3413 5519 5520 3414)
4(5438 5439 5520 5519)
4(3334 3415 5521 5440)
4(3414 5520 5521 3415)
4(5439 5440 5521 5520)
4(3335 3416 5522 5441)
4(3415 5521 5522 3416)
4(5440 5441 5522 5521)
4(3336 3417 5523 5442)
4(3416 5522 5523 3417)
4(5441 5442 5523 5522)
4(3337 3418 5524 5443)
4(3417 5523 5524 3418)
4(5442 5443 5524 5523)
4(3338 3419 5525 5444)
4(3418 5524 5525 3419)
4(5443 5444 5525 5524)
4(3339 3420 5526 5445)
4(3419 5525 5526 3420)
4(5444 5445 5526 5525)
4(3340 3421 5527 5446)
4(3420 5526 5527 3421)
4(5445 5446 5527 5526)
4(3341 3422 5528 5447)
4(3421 5527 5528 3422)
4(5446 5447 5528 5527)
4(3342 3423 5529 5448)
4(3422 5528 5529 3423)
4(5447 5448 5529 5528)
4(3343 3424 5530 5449)
4(3423 5529 5530 3424)
4(5448 5449 5530 5529)
4(3344 3425 5531 5450)
4(3424 5530 5531 3425)
4(5449 5450 5531 5530)
4(3345 3426 5532 5451)
4(3425 5531 5532 3426)
4(5450 5451 5532 5531)
4(3346 3427 5533 5452)
4(3426 5532 5533 3427)
4(5451 5452 5533 5532)
4(3347 3428 5534 5453)
4(3427 5533 5534 3428)
4(5452 5453 5534 5533)
4(3348 3429 5535 5454)
4(3428 5534 5535 3429)
4(5453 5454 5535 5534)
4(3349 3430 5536 5455)
4(3429 5535 5536 3430)
4(5454 5455 5536 5535)
4(3350 3431 5537 5456)
4(3430 5536 5537 3431)
4(5455 5456 5537 5536)
4(3351 3432 5538 5457)
4(3431 5537 5538 3432)
4(5456 5457 5538 5537)
4(3352 3433 5539 5458)
4(3432 5538 5539 3433)
4(5457 5458 5539 5538)
4(3353 3434 5540 5459)
4(3433 5539 5540 3434)
4(5458 5459 5540 5539)
4(3354 3435 5541 5460)
4(3434 5540 5541 3435)
4(5459 5460 5541 5540)
4(3355 3436 5542 5461)
4(3435 5541 5542 3436)
4(5460 5461 5542 5541)
4(3356 3437 5543 5462)
4(3436 5542 5543 3437)
4(5461 5462 5543 5542)
4(3357 3438 5544 5463)
4(3437 5543 5544 3438)
4(5462 5463 5544 5543)
4(3358 3439 5545 5464)
4(3438 5544 5545 3439)
4(5463 5464 5545 5544)
4(3359 3440 5546 5465)
4(3439 5545 5546 3440)
4(5464 5465 5546 5545)
4(3360 3441 5547 5466)
4(3440 5546 5547 3441)
4(5465 5466 5547 5546)
4(3361 3442 5548 5467)
4(3441 5547 5548 3442)
4(5466 5467 5548 5547)
4(3362 3443 5549 5468)
4(3442 5548 5549 3443)
4(5467 5468 5549 5548)
4(3363 3444 5550 5469)
4(3443 5549 5550 3444)
4(5468 5469 5550 5549)
4(3364 3445 5551 5470)
4(3444 5550 5551 3445)
4(5469 5470 5551 5550)
4(3365 3446 5552 5471)
4(3445 5551 5552 3446)
4(5470 5471 5552 5551)
4(3366 3447 5553 5472)
4(3446 5552 5553 3447)
4(5471 5472 5553 5552)
4(3367 3448 5554 5473)
4(3447 5553 5554 3448)
4(5472 5473 5554 5553)
4(3368 3449 5555 5474)
4(3448 5554 5555 3449)
4(5473 5474 5555 5554)
4(3369 3450 5556 5475)
4(3449 5555 5556 3450)
4(5474 5475 5556 5555)
4(3370 3451 5557 5476)
4(3450 5556 5557 3451)
4(5475 5476 5557 5556)
4(3371 3452 5558 5477)
4(3451 5557 5558 3452)
4(5476 5477 5558 5557)
4(3372 3453 5559 5478)
4(3452 5558 5559 3453)
4(5477 5478 5559 5558)
4(3373 3454 5560 5479)
4(3453 5559 5560 3454)
4(5478 5479 5560 5559)
4(3374 3455 5561 5480)
4(3454 5560 5561 3455)
4(5479 5480 5561 5560)
4(3375 3456 5562 5481)
4(3455 5561 5562 3456)
4(5480 5481 5562 5561)
4(3376 3457 5563 5482)
4(3456 5562 5563 3457)
4(5481 5482 5563 5562)
4(3377 3458 5564 5483)
4(3457 5563 5564 3458)
4(5482 5483 5564 5563)
4(3378 3459 5565 5484)
4(3458 5564 5565 3459)
4(5483 5484 5565 5564)
4(3379 3460 5566 5485)
4(3459 5565 5566 3460)
4(5484 5485 5566 5565)
4(3380 3461 5567 5486)
4(3460 5566 5567 3461)
4(5485 5486 5567 5566)
4(3381 3462 5568 5487)
4(3461 5567 5568 3462)
4(5486 5487 5568 5567)
4(3382 3463 5569 5488)
4(3462 5568 5569 3463)
4(5487 5488 5569 5568)
4(3383 3464 5570 5489)
4(3463 5569 5570 3464)
4(5488 5489 5570 5569)
4(3384 3465 5571 5490)
4(3464 5570 5571 3465)
4(5489 5490 5571 5570)
4(3385 3466 5572 5491)
4(3465 5571 5572 3466)
4(5490 5491 5572 5571)
4(3386 3467 5573 5492)
4(3466 5572 5573 3467)
4(5491 5492 5573 5572)
4(3387 3468 5574 5493)
4(3467 5573 5574 3468)
4(5492 5493 5574 5573)
4(3388 3469 5575 5494)
4(3468 5574 5575 3469)
4(5493 5494 5575 5574)
4(3389 3470 5576 5495)
4(3469 5575 5576 3470)
4(5494 5495 5576 5575)
4(3390 3471 5577 5496)
4(3470 5576 5577 3471)
4(5495 5496 5577 5576)
4(3391 3472 5578 5497)
4(3471 5577 5578 3472)
4(5496 5497 5578 5577)
4(3392 3473 5579 5498)
4(3472 5578 5579 3473)
4(5497 5498 5579 5578)
4(3393 3474 5580 5499)
4(3473 5579 5580 3474)
4(5498 5499 5580 5579)
4(3394 3475 5581 5500)
4(3474 5580 5581 3475)
4(5499 5500 5581 5580)
4(3395 3476 5582 5501)
4(3475 5581 5582 3476)
4(5500 5501 5582 5581)
4(3396 3477 5583 5502)
4(3476 5582 5583 3477)
4(5501 5502 5583 5582)
4(3397 3478 5584 5503)
4(3477 5583 5584 3478)
4(5502 5503 5584 5583)
4(3398 3479 5585 5504)
4(3478 5584 5585 3479)
4(5503 5504 5585 5584)
4(3399 3480 5586 5505)
4(3479 5585 5586 3480)
4(5504 5505 5586 5585)
4(3400 3481 5587 5506)
4(3480 5586 5587 3481)
4(5505 5506 5587 5586)
4(3481 5587 5588 3482)
4(5506 5507 5588 5587)
4(3403 3484 5590 5509)
4(3483 5589 5590 3484)
4(5508 5509 5590 5589)
4(3404 3485 5591 5510)
4(3484 5590 5591 3485)
4(5509 5510 5591 5590)
4(3405 3486 5592 5511)
4(3485 5591 5592 3486)
4(5510 5511 5592 5591)
4(3406 3487 5593 5512)
4(3486 5592 5593 3487)
4(5511 5512 5593 5592)
4(3407 3488 5594 5513)
4(3487 5593 5594 3488)
4(5512 5513 5594 5593)
4(3408 3489 5595 5514)
4(3488 5594 5595 3489)
4(5513 5514 5595 5594)
4(3409 3490 5596 5515)
4(3489 5595 5596 3490)
4(5514 5515 5596 5595)
4(3410 3491 5597 5516)
4(3490 5596 5597 3491)
4(5515 5516 5597 5596)
4(3411 3492 5598 5517)
4(3491 5597 5598 3492)
4(5516 5517 5598 5597)
4(3412 3493 5599 5518)
4(3492 5598 5599 3493)
4(5517 5518 5599 5598)
4(3413 3494 5600 5519)
4(3493 5599 5600 3494)
4(5518 5519 5600 5599)
4(3414 3495 5601 5520)
4(3494 5600 5601 3495)
4(5519 5520 5601 5600)
4(3415 3496 5602 5521)
4(3495 5601 5602 3496)
4(5520 5521 5602 5601)
4(3416 3497 5603 5522)
4(3496 5602 5603 3497)
4(5521 5522 5603 5602)
4(3417 3498 5604 5523)
4(3497 5603 5604 3498)
4(5522 5523 5604 5603)
4(3418 3499 5605 5524)
4(3498 5604 5605 3499)
4(5523 5524 5605 5604)
4(3419 3500 5606 5525)
4(3499 5605 5606 3500)
4(5524 5525 5606 5605)
4(3420 3501 5607 5526)
4(3500 5606 5607 3501)
4(5525 5526 5607 5606)
4(3421 3502 5608 5527)
4(3501 5607 5608 3502)
4(5526 5527 5608 5607)
4(3422 3503 5609 5528)
4(3502 5608 5609 3503)
4(5527 5528 5609 5608)
4(3423 3504 5610 5529)
4(3503 5609 5610 3504)
4(5528 5529 5610 5609)
4(3424 3505 5611 5530)
4(3504 5610 5611 3505)
4(5529 5530 5611 5610)
4(3425 3506 5612 5531)
4(3505 5611 5612 3506)
4(5530 5531 5612 5611)
4(3426 3507 5613 5532)
4(3506 5612 5613 3507)
4(5531 5532 5613 5612)
4(3427 3508 5614 5533)
4(3507 5613 5614 3508)
4(5532 5533 5614 5613)
4(3428 3509 5615 5534)
4(3508 5614 5615 3509)
4(5533 5534 5615 5614)
4(3429 3510 5616 5535)
4(3509 5615 5616 3510)
4(5534 5535 5616 5615)
4(3430 3511 5617 5536)
4(3510 5616 5617 3511)
4(5535 5536 5617 5616)
4(3431 3512 5618 5537)
4(3511 5617 5618 3512)
4(5536 5537 5618 5617)
4(3432 3513 5619 5538)
4(3512 5618 5619 3513)
4(5537 5538 5619 5618)
4(3433 3514 5620 5539)
4(3513 5619 5620 3514)
4(5538 5539 5620 5619)
4(3434 3515 5621 5540)
4(3514 5620 5621 3515)
4(5539 5540 5621 5620)
4(3435 3516 5622 5541)
4(3515 5621 5622 3516)
4(5540 5541 5622 5621)
4(3436 3517 5623 5542)
4(3516 5622 5623 3517)
4(5541 5542 5623 5622)
4(3437 3518 5624 5543)
4(3517 5623 5624 3518)
4(5542 5543 5624 5623)
4(3438 3519 5625 5544)
4(3518 5624 5625 3519)
4(5543 5544 5625 5624)
4(3439 3520 5626 5545)
4(3519 5625 5626 3520)
4(5544 5545 5626 5625)
4(3440 3521 5627 5546)
4(3520 5626 5627 3521)
4(5545 5546 5627 5626)
4(3441 3522 5628 5547)
4(3521 5627 5628 3522)
4(5546 5547 5628 5627)
4(3442 3523 5629 5548)
4(3522 5628 5629 3523)
4(5547 5548 5629 5628)
4(3443 3524 5630 5549)
4(3523 5629 5630 3524)
4(5548 5549 5630 5629)
4(3444 3525 5631 5550)
4(3524 5630 5631 3525)
4(5549 5550 5631 5630)
4(3445 3526 5632 5551)
4(3525 5631 5632 3526)
4(5550 5551 5632 5631)
4(3446 3527 5633 5552)
4(3526 5632 5633 3527)
4(5551 5552 5633 5632)
4(3447 3528 5634 5553)
4(3527 5633 5634 3528)
4(5552 5553 5634 5633)
4(3448 3529 5635 5554)
4(3528 5634 5635 3529)
4(5553 5554 5635 5634)
4(3449 3530 5636 5555)
4(3529 5635 5636 3530)
4(5554 5555 5636 5635)
4(3450 3531 5637 5556)
4(3530 5636 5637 3531)
4(5555 5556 5637 5636)
4(3451 3532 5638 5557)
4(3531 5637 5638 3532)
4(5556 5557 5638 5637)
4(3452 3533 5639 5558)
4(3532 5638 5639 3533)
4(5557 5558 5639 5638)
4(3453 3534 5640 5559)
4(3533 5639 5640 3534)
4(5558 5559 5640 5639)
4(3454 3535 5641 5560)
4(3534 5640 5641 3535)
4(5559 5560 5641 5640)
4(3455 3536 5642 5561)
4(3535 5641 5642 3536)
4(5560 5561 5642 5641)
4(3456 3537 5643 5562)
4(3536 5642 5643 3537)
4(5561 5562 5643 5642)
4(3457 3538 5644 5563)
4(3537 5643 5644 3538)
4(5562 5563 5644 5643)
4(3458 3539 5645 5564)
4(3538 5644 5645 3539)
4(5563 5564 5645 5644)
4(3459 3540 5646 5565)
4(3539 5645 5646 3540)
4(5564 5565 5646 5645)
4(3460 3541 5647 5566)
4(3540 5646 5647 3541)
4(5565 5566 5647 5646)
4(3461 3542 5648 5567)
4(3541 5647 5648 3542)
4(5566 5567 5648 5647)
4(3462 3543 5649 5568)
4(3542 5648 5649 3543)
4(5567 5568 5649 5648)
4(3463 3544 5650 5569)
4(3543 5649 5650 3544)
4(5568 5569 5650 5649)
4(3464 3545 5651 5570)
4(3544 5650 5651 3545)
4(5569 5570 5651 5650)
4(3465 3546 5652 5571)
4(3545 5651 5652 3546)
4(5570 5571 5652 5651)
4(3466 3547 5653 5572)
4(3546 5652 5653 3547)
4(5571 5572 5653 5652)
4(3467 3548 5654 5573)
4(3547 5653 5654 3548)
4(5572 5573 5654 5653)
4(3468 3549 5655 5574)
4(3548 5654 5655 3549)
4(5573 5574 5655 5654)
4(3469 3550 5656 5575)
4(3549 5655 5656 3550)
4(5574 5575 5656 5655)
4(3470 3551 5657 5576)
4(3550 5656 5657 3551)
4(5575 5576 5657 5656)
4(3471 3552 5658 5577)
4(3551 5657 5658 3552)
4(5576 5577 5658 5657)
4(3472 3553 5659 5578)
4(3552 5658 5659 3553)
4(5577 5578 5659 5658)
4(3473 3554 5660 5579)
4(3553 5659 5660 3554)
4(5578 5579 5660 5659)
4(3474 3555 5661 5580)
4(3554 5660 5661 3555)
4(5579 5580 5661 5660)
4(3475 3556 5662 5581)
4(3555 5661 5662 3556)
4(5580 5581 5662 5661)
4(3476 3557 5663 5582)
4(3556 5662 5663 3557)
4(5581 5582 5663 5662)
4(3477 3558 5664 5583)
4(3557 5663 5664 3558)
4(5582 5583 5664 5663)
4(3478 3559 5665 5584)
4(3558 5664 5665 3559)
4(5583 5584 5665 5664)
4(3479 3560 5666 5585)
4(3559 5665 5666 3560)
4(5584 5585 5666 5665)
4(3480 3561 5667 5586)
4(3560 5666 5667 3561)
4(5585 5586 5667 5666)
4(3481 3562 5668 5587)
4(3561 5667 5668 3562)
4(5586 5587 5668 5667)
4(3562 5668 5669 3563)
4(5587 5588 5669 5668)
4(3484 3565 5671 5590)
4(3564 5670 5671 3565)
4(5589 5590 5671 5670)
4(3485 3566 5672 5591)
4(3565 5671 5672 3566)
4(5590 5591 5672 5671)
4(3486 3567 5673 5592)
4(3566 5672 5673 3567)
4(5591 5592 5673 5672)
4(3487 3568 5674 5593)
4(3567 5673 5674 3568)
4(5592 5593 5674 5673)
4(3488 3569 5675 5594)
4(3568 5674 5675 3569)
4(5593 5594 5675 5674)
4(3489 3570 5676 5595)
4(3569 5675 5676 3570)
4(5594 5595 5676 5675)
4(3490 3571 5677 5596)
4(3570 5676 5677 3571)
4(5595 5596 5677 5676)
4(3491 3572 5678 5597)
4(3571 5677 5678 3572)
4(5596 5597 5678 5677)
4(3492 3573 5679 5598)
4(3572 5678 5679 3573)
4(5597 5598 5679 5678)
4(3493 3574 5680 5599)
4(3573 5679 5680 3574)
4(5598 5599 5680 5679)
4(3494 3575 5681 5600)
4(3574 5680 5681 3575)
4(5599 5600 5681 5680)
4(3495 3576 5682 5601)
4(3575 5681 5682 3576)
4(5600 5601 5682 5681)
4(3496 3577 5683 5602)
4(3576 5682 5683 3577)
4(5601 5602 5683 5682)
4(3497 3578 5684 5603)
4(3577 5683 5684 3578)
4(5602 5603 5684 5683)
4(3498 3579 5685 5604)
4(3578 5684 5685 3579)
4(5603 5604 5685 5684)
4(3499 3580 5686 5605)
4(3579 5685 5686 3580)
4(5604 5605 5686 5685)
4(3500 3581 5687 5606)
4(3580 5686 5687 3581)
4(5605 5606 5687 5686)
4(3501 3582 5688 5607)
4(3581 5687 5688 3582)
4(5606 5607 5688 5687)
4(3502 3583 5689 5608)
4(3582 5688 5689 3583)
4(5607 5608 5689 5688)
4(3503 3584 5690 5609)
4(3583 5689 5690 3584)
4(5608 5609 5690 5689)
4(3504 3585 5691 5610)
4(3584 5690 5691 3585)
4(5609 5610 5691 5690)
4(3505 3586 5692 5611)
4(3585 5691 5692 3586)
4(5610 5611 5692 5691)
4(3506 3587 5693 5612)
4(3586 5692 5693 3587)
4(5611 5612 5693 5692)
4(3507 3588 5694 5613)
4(3587 5693 5694 3588)
4(5612 5613 5694 5693)
4(3508 3589 5695 5614)
4(3588 5694 5695 3589)
4(5613 5614 5695 5694)
4(3509 3590 5696 5615)
4(3589 5695 5696 3590)
4(5614 5615 5696 5695)
4(3510 3591 5697 5616)
4(3590 5696 5697 3591)
4(5615 5616 5697 5696)
4(3511 3592 5698 5617)
4(3591 5697 5698 3592)
4(5616 5617 5698 5697)
4(3512 3593 5699 5618)
4(3592 5698 5699 3593)
4(5617 5618 5699 5698)
4(3513 3594 5700 5619)
4(3593 5699 5700 3594)
4(5618 5619 5700 5699)
4(3514 3595 5701 5620)
4(3594 5700 5701 3595)
4(5619 5620 5701 5700)
4(3515 3596 5702 5621)
4(3595 5701 5702 3596)
4(5620 5621 5702 5701)
4(3516 3597 5703 5622)
4(3596 5702 5703 3597)
4(5621 5622 5703 5702)
4(3517 3598 5704 5623)
4(3597 5703 5704 3598)
4(5622 5623 5704 5703)
4(3518 3599 5705 5624)
4(3598 5704 5705 3599)
4(5623 5624 5705 5704)
4(3519 3600 5706 5625)
4(3599 5705 5706 3600)
4(5624 5625 5706 5705)
4(3520 3601 5707 5626)
4(3600 5706 5707 3601)
4(5625 5626 5707 5706)
4(3521 3602 5708 5627)
4(3601 5707 5708 3602)
4(5626 5627 5708 5707)
4(3522 3603 5709 5628)
4(3602 5708 5709 3603)
4(5627 5628 5709 5708)
4(3523 3604 5710 5629)
4(3603 5709 5710 3604)
4(5628 5629 5710 5709)
4(3524 3605 5711 5630)
4(3604 5710 5711 3605)
4(5629 5630 5711 5710)
4(3525 3606 5712 5631)
4(3605 5711 5712 3606)
4(5630 5631 5712 5711)
4(3526 3607 5713 5632)
4(3606 5712 5713 3607)
4(5631 5632 5713 5712)
4(3527 3608 5714 5633)
4(3607 5713 5714 3608)
4(5632 5633 5714 5713)
4(3528 3609 5715 5634)
4(3608 5714 5715 3609)
4(5633 5634 5715 5714)
4(3529 3610 5716 5635)
4(3609 5715 5716 3610)
4(5634 5635 5716 5715)
4(3530 3611 5717 5636)
4(3610 5716 5717 3611)
4(5635 5636 5717 5716)
4(3531 3612 5718 5637)
4(3611 5717 5718 3612)
4(5636 5637 5718 5717)
4(3532 3613 5719 5638)
4(3612 5718 5719 3613)
4(5637 5638 5719 5718)
4(3533 3614 5720 5639)
4(3613 5719 5720 3614)
4(5638 5639 5720 5719)
4(3534 3615 5721 5640)
4(3614 5720 5721 3615)
4(5639 5640 5721 5720)
4(3535 3616 5722 5641)
4(3615 5721 5722 3616)
4(5640 5641 5722 5721)
4(3536 3617 5723 5642)
4(3616 5722 5723 3617)
4(5641 5642 5723 5722)
4(3537 3618 5724 5643)
4(3617 5723 5724 3618)
4(5642 5643 5724 5723)
4(3538 3619 5725 5644)
4(3618 5724 5725 3619)
4(5643 5644 5725 5724)
4(3539 3620 5726 5645)
4(3619 5725 5726 3620)
4(5644 5645 5726 5725)
4(3540 3621 5727 5646)
4(3620 5726 5727 3621)
4(5645 5646 5727 5726)
4(3541 3622 5728 5647)
4(3621 5727 5728 3622)
4(5646 5647 5728 5727)
4(3542 3623 5729 5648)
4(3622 5728 5729 3623)
4(5647 5648 5729 5728)
4(3543 3624 5730 5649)
4(3623 5729 5730 3624)
4(5648 5649 5730 5729)
4(3544 3625 5731 5650)
4(3624 5730 5731 3625)
4(5649 5650 5731 5730)
4(3545 3626 5732 5651)
4(3625 5731 5732 3626)
4(5650 5651 5732 5731)
4(3546 3627 5733 5652)
4(3626 5732 5733 3627)
4(5651 5652 5733 5732)
4(3547 3628 5734 5653)
4(3627 5733 5734 3628)
4(5652 5653 5734 5733)
4(3548 3629 5735 5654)
4(3628 5734 5735 3629)
4(5653 5654 5735 5734)
4(3549 3630 5736 5655)
4(3629 5735 5736 3630)
4(5654 5655 5736 5735)
4(3550 3631 5737 5656)
4(3630 5736 5737 3631)
4(5655 5656 5737 5736)
4(3551 3632 5738 5657)
4(3631 5737 5738 3632)
4(5656 5657 5738 5737)
4(3552 3633 5739 5658)
4(3632 5738 5739 3633)
4(5657 5658 5739 5738)
4(3553 3634 5740 5659)
4(3633 5739 5740 3634)
4(5658 5659 5740 5739)
4(3554 3635 5741 5660)
4(3634 5740 5741 3635)
4(5659 5660 5741 5740)
4(3555 3636 5742 5661)
4(3635 5741 5742 3636)
4(5660 5661 5742 5741)
4(3556 3637 5743 5662)
4(3636 5742 5743 3637)
4(5661 5662 5743 5742)
4(3557 3638 5744 5663)
4(3637 5743 5744 3638)
4(5662 5663 5744 5743)
4(3558 3639 5745 5664)
4(3638 5744 5745 3639)
4(5663 5664 5745 5744)
4(3559 3640 5746 5665)
4(3639 5745 5746 3640)
4(5664 5665 5746 5745)
4(3560 3641 5747 5666)
4(3640 5746 5747 3641)
4(5665 5666 5747 5746)
4(3561 3642 5748 5667)
4(3641 5747 5748 3642)
4(5666 5667 5748 5747)
4(3562 3643 5749 5668)
4(3642 5748 5749 3643)
4(5667 5668 5749 5748)
4(3643 5749 5750 3644)
4(5668 5669 5750 5749)
4(3565 3646 5752 5671)
4(3645 5751 5752 3646)
4(5670 5671 5752 5751)
4(3566 3647 5753 5672)
4(3646 5752 5753 3647)
4(5671 5672 5753 5752)
4(3567 3648 5754 5673)
4(3647 5753 5754 3648)
4(5672 5673 5754 5753)
4(3568 3649 5755 5674)
4(3648 5754 5755 3649)
4(5673 5674 5755 5754)
4(3569 3650 5756 5675)
4(3649 5755 5756 3650)
4(5674 5675 5756 5755)
4(3570 3651 5757 5676)
4(3650 5756 5757 3651)
4(5675 5676 5757 5756)
4(3571 3652 5758 5677)
4(3651 5757 5758 3652)
4(5676 5677 5758 5757)
4(3572 3653 5759 5678)
4(3652 5758 5759 3653)
4(5677 5678 5759 5758)
4(3573 3654 5760 5679)
4(3653 5759 5760 3654)
4(5678 5679 5760 5759)
4(3574 3655 5761 5680)
4(3654 5760 5761 3655)
4(5679 5680 5761 5760)
4(3575 3656 5762 5681)
4(3655 5761 5762 3656)
4(5680 5681 5762 5761)
4(3576 3657 5763 5682)
4(3656 5762 5763 3657)
4(5681 5682 5763 5762)
4(3577 3658 5764 5683)
4(3657 5763 5764 3658)
4(5682 5683 5764 5763)
4(3578 3659 5765 5684)
4(3658 5764 5765 3659)
4(5683 5684 5765 5764)
4(3579 3660 5766 5685)
4(3659 5765 5766 3660)
4(5684 5685 5766 5765)
4(3580 3661 5767 5686)
4(3660 5766 5767 3661)
4(5685 5686 5767 5766)
4(3581 3662 5768 5687)
4(3661 5767 5768 3662)
4(5686 5687 5768 5767)
4(3582 3663 5769 5688)
4(3662 5768 5769 3663)
4(5687 5688 5769 5768)
4(3583 3664 5770 5689)
4(3663 5769 5770 3664)
4(5688 5689 5770 5769)
4(3584 3665 5771 5690)
4(3664 5770 5771 3665)
4(5689 5690 5771 5770)
4(3585 3666 5772 5691)
4(3665 5771 5772 3666)
4(5690 5691 5772 5771)
4(3586 3667 5773 5692)
4(3666 5772 5773 3667)
4(5691 5692 5773 5772)
4(3587 3668 5774 5693)
4(3667 5773 5774 3668)
4(5692 5693 5774 5773)
4(3588 3669 5775 5694)
4(3668 5774 5775 3669)
4(5693 5694 5775 5774)
4(3589 3670 5776 5695)
4(3669 5775 5776 3670)
4(5694 5695 5776 5775)
4(3590 3671 5777 5696)
4(3670 5776 5777 3671)
4(5695 5696 5777 5776)
4(3591 3672 5778 5697)
4(3671 5777 5778 3672)
4(5696 5697 5778 5777)
4(3592 3673 5779 5698)
4(3672 5778 5779 3673)
4(5697 5698 5779 5778)
4(3593 3674 5780 5699)
4(3673 5779 5780 3674)
4(5698 5699 5780 5779)
4(3594 3675 5781 5700)
4(3674 5780 5781 3675)
4(5699 5700 5781 5780)
4(3595 3676 5782 5701)
4(3675 5781 5782 3676)
4(5700 5701 5782 5781)
4(3596 3677 5783 5702)
4(3676 5782 5783 3677)
4(5701 5702 5783 5782)
4(3597 3678 5784 5703)
4(3677 5783 5784 3678)
4(5702 5703 5784 5783)
4(3598 3679 5785 5704)
4(3678 5784 5785 3679)
4(5703 5704 5785 5784)
4(3599 3680 5786 5705)
4(3679 5785 5786 3680)
4(5704 5705 5786 5785)
4(3600 3681 5787 5706)
4(3680 5786 5787 3681)
4(5705 5706 5787 5786)
4(3601 3682 5788 5707)
4(3681 5787 5788 3682)
4(5706 5707 5788 5787)
4(3602 3683 5789 5708)
4(3682 5788 5789 3683)
4(5707 5708 5789 5788)
4(3603 3684 5790 5709)
4(3683 5789 5790 3684)
4(5708 5709 5790 5789)
4(3604 3685 5791 5710)
4(3684 5790 5791 3685)
4(5709 5710 5791 5790)
4(3605 3686 5792 5711)
4(3685 5791 5792 3686)
4(5710 5711 5792 5791)
4(3606 3687 5793 5712)
4(3686 5792 5793 3687)
4(5711 5712 5793 5792)
4(3607 3688 5794 5713)
4(3687 5793 5794 3688)
4(5712 5713 5794 5793)
4(3608 3689 5795 5714)
4(3688 5794 5795 3689)
4(5713 5714 5795 5794)
4(3609 3690 5796 5715)
4(3689 5795 5796 3690)
4(5714 5715 5796 5795)
4(3610 3691 5797 5716)
4(3690 5796 5797 3691)
4(5715 5716 5797 5796)
4(3611 3692 5798 5717)
4(3691 5797 5798 3692)
4(5716 5717 5798 5797)
4(3612 3693 5799 5718)
4(3692 5798 5799 3693)
4(5717 5718 5799 5798)
4(3613 3694 5800 5719)
4(3693 5799 5800 3694)
4(5718 5719 5800 5799)
4(3614 3695 5801 5720)
4(3694 5800 5801 3695)
4(5719 5720 5801 5800)
4(3615 3696 5802 5721)
4(3695 5801 5802 3696)
4(5720 5721 5802 5801)
4(3616 3697 5803 5722)
4(3696 5802 5803 3697)
4(5721 5722 5803 5802)
4(3617 3698 5804 5723)
4(3697 5803 5804 3698)
4(5722 5723 5804 5803)
4(3618 3699 5805 5724)
4(3698 5804 5805 3699)
4(5723 5724 5805 5804)
4(3619 3700 5806 5725)
4(3699 5805 5806 3700)
4(5724 5725 5806 5805)
4(3620 3701 5807 5726)
4(3700 5806 5807 3701)
4(5725 5726 5807 5806)
4(3621 3702 5808 5727)
4(3701 5807 5808 3702)
4(5726 5727 5808 5807)
4(3622 3703 5809 5728)
4(3702 5808 5809 3703)
4(5727 5728 5809 5808)
4(3623 3704 5810 5729)
4(3703 5809 5810 3704)
4(5728 5729 5810 5809)
4(3624 3705 5811 5730)
4(3704 5810 5811 3705)
4(5729 5730 5811 5810)
4(3625 3706 5812 5731)
4(3705 5811 5812 3706)
4(5730 5731 5812 5811)
4(3626 3707 5813 5732)
4(3706 5812 5813 3707)
4(5731 5732 5813 5812)
4(3627 3708 5814 5733)
4(3707 5813 5814 3708)
4(5732 5733 5814 5813)
4(3628 3709 5815 5734)
4(3708 5814 5815 3709)
4(5733 5734 5815 5814)
4(3629 3710 5816 5735)
4(3709 5815 5816 3710)
4(5734 5735 5816 5815)
4(3630 3711 5817 5736)
4(3710 5816 5817 3711)
4(5735 5736 5817 5816)
4(3631 3712 5818 5737)
4(3711 5817 5818 3712)
4(5736 5737 5818 5817)
4(3632 3713 5819 5738)
4(3712 5818 5819 3713)
4(5737 5738 5819 5818)
4(3633 3714 5820 5739)
4(3713 5819 5820 3714)
4(5738 5739 5820 5819)
4(3634 3715 5821 5740)
4(3714 5820 5821 3715)
4(5739 5740 5821 5820)
4(3635 3716 5822 5741)
4(3715 5821 5822 3716)
4(5740 5741 5822 5821)
4(3636 3717 5823 5742)
4(3716 5822 5823 3717)
4(5741 5742 5823 5822)
4(3637 3718 5824 5743)
4(3717 5823 5824 3718)
4(5742 5743 5824 5823)
4(3638 3719 5825 5744)
4(3718 5824 5825 3719)
4(5743 5744 5825 5824)
4(3639 3720 5826 5745)
4(3719 5825 5826 3720)
4(5744 5745 5826 5825)
4(3640 3721 5827 5746)
4(3720 5826 5827 3721)
4(5745 5746 5827 5826)
4(3641 3722 5828 5747)
4(3721 5827 5828 3722)
4(5746 5747 5828 5827)
4(3642 3723 5829 5748)
4(3722 5828 5829 3723)
4(5747 5748 5829 5828)
4(3643 3724 5830 5749)
4(3723 5829 5830 3724)
4(5748 5749 5830 5829)
4(3724 5830 5831 3725)
4(5749 5750 5831 5830)
4(3646 3727 5833 5752)
4(3726 5832 5833 3727)
4(5751 5752 5833 5832)
4(3647 3728 5834 5753)
4(3727 5833 5834 3728)
4(5752 5753 5834 5833)
4(3648 3729 5835 5754)
4(3728 5834 5835 3729)
4(5753 5754 5835 5834)
4(3649 3730 5836 5755)
4(3729 5835 5836 3730)
4(5754 5755 5836 5835)
4(3650 3731 5837 5756)
4(3730 5836 5837 3731)
4(5755 5756 5837 5836)
4(3651 3732 5838 5757)
4(3731 5837 5838 3732)
4(5756 5757 5838 5837)
4(3652 3733 5839 5758)
4(3732 5838 5839 3733)
4(5757 5758 5839 5838)
4(3653 3734 5840 5759)
4(3733 5839 5840 3734)
4(5758 5759 5840 5839)
4(3654 3735 5841 5760)
4(3734 5840 5841 3735)
4(5759 5760 5841 5840)
4(3655 3736 5842 5761)
4(3735 5841 5842 3736)
4(5760 5761 5842 5841)
4(3656 3737 5843 5762)
4(3736 5842 5843 3737)
4(5761 5762 5843 5842)
4(3657 3738 5844 5763)
4(3737 5843 5844 3738)
4(5762 5763 5844 5843)
4(3658 3739 5845 5764)
4(3738 5844 5845 3739)
4(5763 5764 5845 5844)
4(3659 3740 5846 5765)
4(3739 5845 5846 3740)
4(5764 5765 5846 5845)
4(3660 3741 5847 5766)
4(3740 5846 5847 3741)
4(5765 5766 5847 5846)
4(3661 3742 5848 5767)
4(3741 5847 5848 3742)
4(5766 5767 5848 5847)
4(3662 3743 5849 5768)
4(3742 5848 5849 3743)
4(5767 5768 5849 5848)
4(3663 3744 5850 5769)
4(3743 5849 5850 3744)
4(5768 5769 5850 5849)
4(3664 3745 5851 5770)
4(3744 5850 5851 3745)
4(5769 5770 5851 5850)
4(3665 3746 5852 5771)
4(3745 5851 5852 3746)
4(5770 5771 5852 5851)
4(3666 3747 5853 5772)
4(3746 5852 5853 3747)
4(5771 5772 5853 5852)
4(3667 3748 5854 5773)
4(3747 5853 5854 3748)
4(5772 5773 5854 5853)
4(3668 3749 5855 5774)
4(3748 5854 5855 3749)
4(5773 5774 5855 5854)
4(3669 3750 5856 5775)
4(3749 5855 5856 3750)
4(5774 5775 5856 5855)
4(3670 3751 5857 5776)
4(3750 5856 5857 3751)
4(5775 5776 5857 5856)
4(3671 3752 5858 5777)
4(3751 5857 5858 3752)
4(5776 5777 5858 5857)
4(3672 3753 5859 5778)
4(3752 5858 5859 3753)
4(5777 5778 5859 5858)
4(3673 3754 5860 5779)
4(3753 5859 5860 3754)
4(5778 5779 5860 5859)
4(3674 3755 5861 5780)
4(3754 5860 5861 3755)
4(5779 5780 5861 5860)
4(3675 3756 5862 5781)
4(3755 5861 5862 3756)
4(5780 5781 5862 5861)
4(3676 3757 5863 5782)
4(3756 5862 5863 3757)
4(5781 5782 5863 5862)
4(3677 3758 5864 5783)
4(3757 5863 5864 3758)
4(5782 5783 5864 5863)
4(3678 3759 5865 5784)
4(3758 5864 5865 3759)
4(5783 5784 5865 5864)
4(3679 3760 5866 5785)
4(3759 5865 5866 3760)
4(5784 5785 5866 5865)
4(3680 3761 5867 5786)
4(3760 5866 5867 3761)
4(5785 5786 5867 5866)
4(3681 3762 5868 5787)
4(3761 5867 5868 3762)
4(5786 5787 5868 5867)
4(3682 3763 5869 5788)
4(3762 5868 5869 3763)
4(5787 5788 5869 5868)
4(3683 3764 5870 5789)
4(3763 5869 5870 3764)
4(5788 5789 5870 5869)
4(3684 3765 5871 5790)
4(3764 5870 5871 3765)
4(5789 5790 5871 5870)
4(3685 3766 5872 5791)
4(3765 5871 5872 3766)
4(5790 5791 5872 5871)
4(3686 3767 5873 5792)
4(3766 5872 5873 3767)
4(5791 5792 5873 5872)
4(3687 3768 5874 5793)
4(3767 5873 5874 3768)
4(5792 5793 5874 5873)
4(3688 3769 5875 5794)
4(3768 5874 5875 3769)
4(5793 5794 5875 5874)
4(3689 3770 5876 5795)
4(3769 5875 5876 3770)
4(5794 5795 5876 5875)
4(3690 3771 5877 5796)
4(3770 5876 5877 3771)
4(5795 5796 5877 5876)
4(3691 3772 5878 5797)
4(3771 5877 5878 3772)
4(5796 5797 5878 5877)
4(3692 3773 5879 5798)
4(3772 5878 5879 3773)
4(5797 5798 5879 5878)
4(3693 3774 5880 5799)
4(3773 5879 5880 3774)
4(5798 5799 5880 5879)
4(3694 3775 5881 5800)
4(3774 5880 5881 3775)
4(5799 5800 5881 5880)
4(3695 3776 5882 5801)
4(3775 5881 5882 3776)
4(5800 5801 5882 5881)
4(3696 3777 5883 5802)
4(3776 5882 5883 3777)
4(5801 5802 5883 5882)
4(3697 3778 5884 5803)
4(3777 5883 5884 3778)
4(5802 5803 5884 5883)
4(3698 3779 5885 5804)
4(3778 5884 5885 3779)
4(5803 5804 5885 5884)
4(3699 3780 5886 5805)
4(3779 5885 5886 3780)
4(5804 5805 5886 5885)
4(3700 3781 5887 5806)
4(3780 5886 5887 3781)
4(5805 5806 5887 5886)
4(3701 3782 5888 5807)
4(3781 5887 5888 3782)
4(5806 5807 5888 5887)
4(3702 3783 5889 5808)
4(3782 5888 5889 3783)
4(5807 5808 5889 5888)
4(3703 3784 5890 5809)
4(3783 5889 5890 3784)
4(5808 5809 5890 5889)
4(3704 3785 5891 5810)
4(3784 5890 5891 3785)
4(5809 5810 5891 5890)
4(3705 3786 5892 5811)
4(3785 5891 5892 3786)
4(5810 5811 5892 5891)
4(3706 3787 5893 5812)
4(3786 5892 5893 3787)
4(5811 5812 5893 5892)
4(3707 3788 5894 5813)
4(3787 5893 5894 3788)
4(5812 5813 5894 5893)
4(3708 3789 5895 5814)
4(3788 5894 5895 3789)
4(5813 5814 5895 5894)
4(3709 3790 5896 5815)
4(3789 5895 5896 3790)
4(5814 5815 5896 5895)
4(3710 3791 5897 5816)
4(3790 5896 5897 3791)
4(5815 5816 5897 5896)
4(3711 3792 5898 5817)
4(3791 5897 5898 3792)
4(5816 5817 5898 5897)
4(3712 3793 5899 5818)
4(3792 5898 5899 3793)
4(5817 5818 5899 5898)
4(3713 3794 5900 5819)
4(3793 5899 5900 3794)
4(5818 5819 5900 5899)
4(3714 3795 5901 5820)
4(3794 5900 5901 3795)
4(5819 5820 5901 5900)
4(3715 3796 5902 5821)
4(3795 5901 5902 3796)
4(5820 5821 5902 5901)
4(3716 3797 5903 5822)
4(3796 5902 5903 3797)
4(5821 5822 5903 5902)
4(3717 3798 5904 5823)
4(3797 5903 5904 3798)
4(5822 5823 5904 5903)
4(3718 3799 5905 5824)
4(3798 5904 5905 3799)
4(5823 5824 5905 5904)
4(3719 3800 5906 5825)
4(3799 5905 5906 3800)
4(5824 5825 5906 5905)
4(3720 3801 5907 5826)
4(3800 5906 5907 3801)
4(5825 5826 5907 5906)
4(3721 3802 5908 5827)
4(3801 5907 5908 3802)
4(5826 5827 5908 5907)
4(3722 3803 5909 5828)
4(3802 5908 5909 3803)
4(5827 5828 5909 5908)
4(3723 3804 5910 5829)
4(3803 5909 5910 3804)
4(5828 5829 5910 5909)
4(3724 3805 5911 5830)
4(3804 5910 5911 3805)
4(5829 5830 5911 5910)
4(3805 5911 5912 3806)
4(5830 5831 5912 5911)
4(3727 3808 5914 5833)
4(3807 5913 5914 3808)
4(5832 5833 5914 5913)
4(3728 3809 5915 5834)
4(3808 5914 5915 3809)
4(5833 5834 5915 5914)
4(3729 3810 5916 5835)
4(3809 5915 5916 3810)
4(5834 5835 5916 5915)
4(3730 3811 5917 5836)
4(3810 5916 5917 3811)
4(5835 5836 5917 5916)
4(3731 3812 5918 5837)
4(3811 5917 5918 3812)
4(5836 5837 5918 5917)
4(3732 3813 5919 5838)
4(3812 5918 5919 3813)
4(5837 5838 5919 5918)
4(3733 3814 5920 5839)
4(3813 5919 5920 3814)
4(5838 5839 5920 5919)
4(3734 3815 5921 5840)
4(3814 5920 5921 3815)
4(5839 5840 5921 5920)
4(3735 3816 5922 5841)
4(3815 5921 5922 3816)
4(5840 5841 5922 5921)
4(3736 3817 5923 5842)
4(3816 5922 5923 3817)
4(5841 5842 5923 5922)
4(3737 3818 5924 5843)
4(3817 5923 5924 3818)
4(5842 5843 5924 5923)
4(3738 3819 5925 5844)
4(3818 5924 5925 3819)
4(5843 5844 5925 5924)
4(3739 3820 5926 5845)
4(3819 5925 5926 3820)
4(5844 5845 5926 5925)
4(3740 3821 5927 5846)
4(3820 5926 5927 3821)
4(5845 5846 5927 5926)
4(3741 3822 5928 5847)
4(3821 5927 5928 3822)
4(5846 5847 5928 5927)
4(3742 3823 5929 5848)
4(3822 5928 5929 3823)
4(5847 5848 5929 5928)
4(3743 3824 5930 5849)
4(3823 5929 5930 3824)
4(5848 5849 5930 5929)
4(3744 3825 5931 5850)
4(3824 5930 5931 3825)
4(5849 5850 5931 5930)
4(3745 3826 5932 5851)
4(3825 5931 5932 3826)
4(5850 5851 5932 5931)
4(3746 3827 5933 5852)
4(3826 5932 5933 3827)
4(5851 5852 5933 5932)
4(3747 3828 5934 5853)
4(3827 5933 5934 3828)
4(5852 5853 5934 5933)
4(3748 3829 5935 5854)
4(3828 5934 5935 3829)
4(5853 5854 5935 5934)
4(3749 3830 5936 5855)
4(3829 5935 5936 3830)
4(5854 5855 5936 5935)
4(3750 3831 5937 5856)
4(3830 5936 5937 3831)
4(5855 5856 5937 5936)
4(3751 3832 5938 5857)
4(3831 5937 5938 3832)
4(5856 5857 5938 5937)
4(3752 3833 5939 5858)
4(3832 5938 5939 3833)
4(5857 5858 5939 5938)
4(3753 3834 5940 5859)
4(3833 5939 5940 3834)
4(5858 5859 5940 5939)
4(3754 3835 5941 5860)
4(3834 5940 5941 3835)
4(5859 5860 5941 5940)
4(3755 3836 5942 5861)
4(3835 5941 5942 3836)
4(5860 5861 5942 5941)
4(3756 3837 5943 5862)
4(3836 5942 5943 3837)
4(5861 5862 5943 5942)
4(3757 3838 5944 5863)
4(3837 5943 5944 3838)
4(5862 5863 5944 5943)
4(3758 3839 5945 5864)
4(3838 5944 5945 3839)
4(5863 5864 5945 5944)
4(3759 3840 5946 5865)
4(3839 5945 5946 3840)
4(5864 5865 5946 5945)
4(3760 3841 5947 5866)
4(3840 5946 5947 3841)
4(5865 5866 5947 5946)
4(3761 3842 5948 5867)
4(3841 5947 5948 3842)
4(5866 5867 5948 5947)
4(3762 3843 5949 5868)
4(3842 5948 5949 3843)
4(5867 5868 5949 5948)
4(3763 3844 5950 5869)
4(3843 5949 5950 3844)
4(5868 5869 5950 5949)
4(3764 3845 5951 5870)
4(3844 5950 5951 3845)
4(5869 5870 5951 5950)
4(3765 3846 5952 5871)
4(3845 5951 5952 3846)
4(5870 5871 5952 5951)
4(3766 3847 5953 5872)
4(3846 5952 5953 3847)
4(5871 5872 5953 5952)
4(3767 3848 5954 5873)
4(3847 5953 5954 3848)
4(5872 5873 5954 5953)
4(3768 3849 5955 5874)
4(3848 5954 5955 3849)
4(5873 5874 5955 5954)
4(3769 3850 5956 5875)
4(3849 5955 5956 3850)
4(5874 5875 5956 5955)
4(3770 3851 5957 5876)
4(3850 5956 5957 3851)
4(5875 5876 5957 5956)
4(3771 3852 5958 5877)
4(3851 5957 5958 3852)
4(5876 5877 5958 5957)
4(3772 3853 5959 5878)
4(3852 5958 5959 3853)
4(5877 5878 5959 5958)
4(3773 3854 5960 5879)
4(3853 5959 5960 3854)
4(5878 5879 5960 5959)
4(3774 3855 5961 5880)
4(3854 5960 5961 3855)
4(5879 5880 5961 5960)
4(3775 3856 5962 5881)
4(3855 5961 5962 3856)
4(5880 5881 5962 5961)
4(3776 3857 5963 5882)
4(3856 5962 5963 3857)
4(5881 5882 5963 5962)
4(3777 3858 5964 5883)
4(3857 5963 5964 3858)
4(5882 5883 5964 5963)
4(3778 3859 5965 5884)
4(3858 5964 5965 3859)
4(5883 5884 5965 5964)
4(3779 3860 5966 5885)
4(3859 5965 5966 3860)
4(5884 5885 5966 5965)
4(3780 3861 5967 5886)
4(3860 5966 5967 3861)
4(5885 5886 5967 5966)
4(3781 3862 5968 5887)
4(3861 5967 5968 3862)
4(5886 5887 5968 5967)
4(3782 3863 5969 5888)
4(3862 5968 5969 3863)
4(5887 5888 5969 5968)
4(3783 3864 5970 5889)
4(3863 5969 5970 3864)
4(5888 5889 5970 5969)
4(3784 3865 5971 5890)
4(3864 5970 5971 3865)
4(5889 5890 5971 5970)
4(3785 3866 5972 5891)
4(3865 5971 5972 3866)
4(5890 5891 5972 5971)
4(3786 3867 5973 5892)
4(3866 5972 5973 3867)
4(5891 5892 5973 5972)
4(3787 3868 5974 5893)
4(3867 5973 5974 3868)
4(5892 5893 5974 5973)
4(3788 3869 5975 5894)
4(3868 5974 5975 3869)
4(5893 5894 5975 5974)
4(3789 3870 5976 5895)
4(3869 5975 5976 3870)
4(5894 5895 5976 5975)
4(3790 3871 5977 5896)
4(3870 5976 5977 3871)
4(5895 5896 5977 5976)
4(3791 3872 5978 5897)
4(3871 5977 5978 3872)
4(5896 5897 5978 5977)
4(3792 3873 5979 5898)
4(3872 5978 5979 3873)
4(5897 5898 5979 5978)
4(3793 3874 5980 5899)
4(3873 5979 5980 3874)
4(5898 5899 5980 5979)
4(3794 3875 5981 5900)
4(3874 5980 5981 3875)
4(5899 5900 5981 5980)
4(3795 3876 5982 5901)
4(3875 5981 5982 3876)
4(5900 5901 5982 5981)
4(3796 3877 5983 5902)
4(3876 5982 5983 3877)
4(5901 5902 5983 5982)
4(3797 3878 5984 5903)
4(3877 5983 5984 3878)
4(5902 5903 5984 5983)
4(3798 3879 5985 5904)
4(3878 5984 5985 3879)
4(5903 5904 5985 5984)
4(3799 3880 5986 5905)
4(3879 5985 5986 3880)
4(5904 5905 5986 5985)
4(3800 3881 5987 5906)
4(3880 5986 5987 3881)
4(5905 5906 5987 5986)
4(3801 3882 5988 5907)
4(3881 5987 5988 3882)
4(5906 5907 5988 5987)
4(3802 3883 5989 5908)
4(3882 5988 5989 3883)
4(5907 5908 5989 5988)
4(3803 3884 5990 5909)
4(3883 5989 5990 3884)
4(5908 5909 5990 5989)
4(3804 3885 5991 5910)
4(3884 5990 5991 3885)
4(5909 5910 5991 5990)
4(3805 3886 5992 5911)
4(3885 5991 5992 3886)
4(5910 5911 5992 5991)
4(3886 5992 5993 3887)
4(5911 5912 5993 5992)
4(3808 3889 5995 5914)
4(3888 5994 5995 3889)
4(5913 5914 5995 5994)
4(3809 3890 5996 5915)
4(3889 5995 5996 3890)
4(5914 5915 5996 5995)
4(3810 3891 5997 5916)
4(3890 5996 5997 3891)
4(5915 5916 5997 5996)
4(3811 3892 5998 5917)
4(3891 5997 5998 3892)
4(5916 5917 5998 5997)
4(3812 3893 5999 5918)
4(3892 5998 5999 3893)
4(5917 5918 5999 5998)
4(3813 3894 6000 5919)
4(3893 5999 6000 3894)
4(5918 5919 6000 5999)
4(3814 3895 6001 5920)
4(3894 6000 6001 3895)
4(5919 5920 6001 6000)
4(3815 3896 6002 5921)
4(3895 6001 6002 3896)
4(5920 5921 6002 6001)
4(3816 3897 6003 5922)
4(3896 6002 6003 3897)
4(5921 5922 6003 6002)
4(3817 3898 6004 5923)
4(3897 6003 6004 3898)
4(5922 5923 6004 6003)
4(3818 3899 6005 5924)
4(3898 6004 6005 3899)
4(5923 5924 6005 6004)
4(3819 3900 6006 5925)
4(3899 6005 6006 3900)
4(5924 5925 6006 6005)
4(3820 3901 6007 5926)
4(3900 6006 6007 3901)
4(5925 5926 6007 6006)
4(3821 3902 6008 5927)
4(3901 6007 6008 3902)
4(5926 5927 6008 6007)
4(3822 3903 6009 5928)
4(3902 6008 6009 3903)
4(5927 5928 6009 6008)
4(3823 3904 6010 5929)
4(3903 6009 6010 3904)
4(5928 5929 6010 6009)
4(3824 3905 6011 5930)
4(3904 6010 6011 3905)
4(5929 5930 6011 6010)
4(3825 3906 6012 5931)
4(3905 6011 6012 3906)
4(5930 5931 6012 6011)
4(3826 3907 6013 5932)
4(3906 6012 6013 3907)
4(5931 5932 6013 6012)
4(3827 3908 6014 5933)
4(3907 6013 6014 3908)
4(5932 5933 6014 6013)
4(3828 3909 6015 5934)
4(3908 6014 6015 3909)
4(5933 5934 6015 6014)
4(3829 3910 6016 5935)
4(3909 6015 6016 3910)
4(5934 5935 6016 6015)
4(3830 3911 6017 5936)
4(3910 6016 6017 3911)
4(5935 5936 6017 6016)
4(3831 3912 6018 5937)
4(3911 6017 6018 3912)
4(5936 5937 6018 6017)
4(3832 3913 6019 5938)
4(3912 6018 6019 3913)
4(5937 5938 6019 6018)
4(3833 3914 6020 5939)
4(3913 6019 6020 3914)
4(5938 5939 6020 6019)
4(3834 3915 6021 5940)
4(3914 6020 6021 3915)
4(5939 5940 6021 6020)
4(3835 3916 6022 5941)
4(3915 6021 6022 3916)
4(5940 5941 6022 6021)
4(3836 3917 6023 5942)
4(3916 6022 6023 3917)
4(5941 5942 6023 6022)
4(3837 3918 6024 5943)
4(3917 6023 6024 3918)
4(5942 5943 6024 6023)
4(3838 3919 6025 5944)
4(3918 6024 6025 3919)
4(5943 5944 6025 6024)
4(3839 3920 6026 5945)
4(3919 6025 6026 3920)
4(5944 5945 6026 6025)
4(3840 3921 6027 5946)
4(3920 6026 6027 3921)
4(5945 5946 6027 6026)
4(3841 3922 6028 5947)
4(3921 6027 6028 3922)
4(5946 5947 6028 6027)
4(3842 3923 6029 5948)
4(3922 6028 6029 3923)
4(5947 5948 6029 6028)
4(3843 3924 6030 5949)
4(3923 6029 6030 3924)
4(5948 5949 6030 6029)
4(3844 3925 6031 5950)
4(3924 6030 6031 3925)
4(5949 5950 6031 6030)
4(3845 3926 6032 5951)
4(3925 6031 6032 3926)
4(5950 5951 6032 6031)
4(3846 3927 6033 5952)
4(3926 6032 6033 3927)
4(5951 5952 6033 6032)
4(3847 3928 6034 5953)
4(3927 6033 6034 3928)
4(5952 5953 6034 6033)
4(3848 3929 6035 5954)
4(3928 6034 6035 3929)
4(5953 5954 6035 6034)
4(3849 3930 6036 5955)
4(3929 6035 6036 3930)
4(5954 5955 6036 6035)
4(3850 3931 6037 5956)
4(3930 6036 6037 3931)
4(5955 5956 6037 6036)
4(3851 3932 6038 5957)
4(3931 6037 6038 3932)
4(5956 5957 6038 6037)
4(3852 3933 6039 5958)
4(3932 6038 6039 3933)
4(5957 5958 6039 6038)
4(3853 3934 6040 5959)
4(3933 6039 6040 3934)
4(5958 5959 6040 6039)
4(3854 3935 6041 5960)
4(3934 6040 6041 3935)
4(5959 5960 6041 6040)
4(3855 3936 6042 5961)
4(3935 6041 6042 3936)
4(5960 5961 6042 6041)
4(3856 3937 6043 5962)
4(3936 6042 6043 3937)
4(5961 5962 6043 6042)
4(3857 3938 6044 5963)
4(3937 6043 6044 3938)
4(5962 5963 6044 6043)
4(3858 3939 6045 5964)
4(3938 6044 6045 3939)
4(5963 5964 6045 6044)
4(3859 3940 6046 5965)
4(3939 6045 6046 3940)
4(5964 5965 6046 6045)
4(3860 3941 6047 5966)
4(3940 6046 6047 3941)
4(5965 5966 6047 6046)
4(3861 3942 6048 5967)
4(3941 6047 6048 3942)
4(5966 5967 6048 6047)
4(3862 3943 6049 5968)
4(3942 6048 6049 3943)
4(5967 5968 6049 6048)
4(3863 3944 6050 5969)
4(3943 6049 6050 3944)
4(5968 5969 6050 6049)
4(3864 3945 6051 5970)
4(3944 6050 6051 3945)
4(5969 5970 6051 6050)
4(3865 3946 6052 5971)
4(3945 6051 6052 3946)
4(5970 5971 6052 6051)
4(3866 3947 6053 5972)
4(3946 6052 6053 3947)
4(5971 5972 6053 6052)
4(3867 3948 6054 5973)
4(3947 6053 6054 3948)
4(5972 5973 6054 6053)
4(3868 3949 6055 5974)
4(3948 6054 6055 3949)
4(5973 5974 6055 6054)
4(3869 3950 6056 5975)
4(3949 6055 6056 3950)
4(5974 5975 6056 6055)
4(3870 3951 6057 5976)
4(3950 6056 6057 3951)
4(5975 5976 6057 6056)
4(3871 3952 6058 5977)
4(3951 6057 6058 3952)
4(5976 5977 6058 6057)
4(3872 3953 6059 5978)
4(3952 6058 6059 3953)
4(5977 5978 6059 6058)
4(3873 3954 6060 5979)
4(3953 6059 6060 3954)
4(5978 5979 6060 6059)
4(3874 3955 6061 5980)
4(3954 6060 6061 3955)
4(5979 5980 6061 6060)
4(3875 3956 6062 5981)
4(3955 6061 6062 3956)
4(5980 5981 6062 6061)
4(3876 3957 6063 5982)
4(3956 6062 6063 3957)
4(5981 5982 6063 6062)
4(3877 3958 6064 5983)
4(3957 6063 6064 3958)
4(5982 5983 6064 6063)
4(3878 3959 6065 5984)
4(3958 6064 6065 3959)
4(5983 5984 6065 6064)
4(3879 3960 6066 5985)
4(3959 6065 6066 3960)
4(5984 5985 6066 6065)
4(3880 3961 6067 5986)
4(3960 6066 6067 3961)
4(5985 5986 6067 6066)
4(3881 3962 6068 5987)
4(3961 6067 6068 3962)
4(5986 5987 6068 6067)
4(3882 3963 6069 5988)
4(3962 6068 6069 3963)
4(5987 5988 6069 6068)
4(3883 3964 6070 5989)
4(3963 6069 6070 3964)
4(5988 5989 6070 6069)
4(3884 3965 6071 5990)
4(3964 6070 6071 3965)
4(5989 5990 6071 6070)
4(3885 3966 6072 5991)
4(3965 6071 6072 3966)
4(5990 5991 6072 6071)
4(3886 3967 6073 5992)
4(3966 6072 6073 3967)
4(5991 5992 6073 6072)
4(3967 6073 6074 3968)
4(5992 5993 6074 6073)
4(3889 3970 6076 5995)
4(3969 6075 6076 3970)
4(5994 5995 6076 6075)
4(3890 3971 6077 5996)
4(3970 6076 6077 3971)
4(5995 5996 6077 6076)
4(3891 3972 6078 5997)
4(3971 6077 6078 3972)
4(5996 5997 6078 6077)
4(3892 3973 6079 5998)
4(3972 6078 6079 3973)
4(5997 5998 6079 6078)
4(3893 3974 6080 5999)
4(3973 6079 6080 3974)
4(5998 5999 6080 6079)
4(3894 3975 6081 6000)
4(3974 6080 6081 3975)
4(5999 6000 6081 6080)
4(3895 3976 6082 6001)
4(3975 6081 6082 3976)
4(6000 6001 6082 6081)
4(3896 3977 6083 6002)
4(3976 6082 6083 3977)
4(6001 6002 6083 6082)
4(3897 3978 6084 6003)
4(3977 6083 6084 3978)
4(6002 6003 6084 6083)
4(3898 3979 6085 6004)
4(3978 6084 6085 3979)
4(6003 6004 6085 6084)
4(3899 3980 6086 6005)
4(3979 6085 6086 3980)
4(6004 6005 6086 6085)
4(3900 3981 6087 6006)
4(3980 6086 6087 3981)
4(6005 6006 6087 6086)
4(3901 3982 6088 6007)
4(3981 6087 6088 3982)
4(6006 6007 6088 6087)
4(3902 3983 6089 6008)
4(3982 6088 6089 3983)
4(6007 6008 6089 6088)
4(3903 3984 6090 6009)
4(3983 6089 6090 3984)
4(6008 6009 6090 6089)
4(3904 3985 6091 6010)
4(3984 6090 6091 3985)
4(6009 6010 6091 6090)
4(3905 3986 6092 6011)
4(3985 6091 6092 3986)
4(6010 6011 6092 6091)
4(3906 3987 6093 6012)
4(3986 6092 6093 3987)
4(6011 6012 6093 6092)
4(3907 3988 6094 6013)
4(3987 6093 6094 3988)
4(6012 6013 6094 6093)
4(3908 3989 6095 6014)
4(3988 6094 6095 3989)
4(6013 6014 6095 6094)
4(3909 3990 6096 6015)
4(3989 6095 6096 3990)
4(6014 6015 6096 6095)
4(3910 3991 6097 6016)
4(3990 6096 6097 3991)
4(6015 6016 6097 6096)
4(3911 3992 6098 6017)
4(3991 6097 6098 3992)
4(6016 6017 6098 6097)
4(3912 3993 6099 6018)
4(3992 6098 6099 3993)
4(6017 6018 6099 6098)
4(3913 3994 6100 6019)
4(3993 6099 6100 3994)
4(6018 6019 6100 6099)
4(3914 3995 6101 6020)
4(3994 6100 6101 3995)
4(6019 6020 6101 6100)
4(3915 3996 6102 6021)
4(3995 6101 6102 3996)
4(6020 6021 6102 6101)
4(3916 3997 6103 6022)
4(3996 6102 6103 3997)
4(6021 6022 6103 6102)
4(3917 3998 6104 6023)
4(3997 6103 6104 3998)
4(6022 6023 6104 6103)
4(3918 3999 6105 6024)
4(3998 6104 6105 3999)
4(6023 6024 6105 6104)
4(3919 4000 6106 6025)
4(3999 6105 6106 4000)
4(6024 6025 6106 6105)
4(3920 4001 6107 6026)
4(4000 6106 6107 4001)
4(6025 6026 6107 6106)
4(3921 4002 6108 6027)
4(4001 6107 6108 4002)
4(6026 6027 6108 6107)
4(3922 4003 6109 6028)
4(4002 6108 6109 4003)
4(6027 6028 6109 6108)
4(3923 4004 6110 6029)
4(4003 6109 6110 4004)
4(6028 6029 6110 6109)
4(3924 4005 6111 6030)
4(4004 6110 6111 4005)
4(6029 6030 6111 6110)
4(3925 4006 6112 6031)
4(4005 6111 6112 4006)
4(6030 6031 6112 6111)
4(3926 4007 6113 6032)
4(4006 6112 6113 4007)
4(6031 6032 6113 6112)
4(3927 4008 6114 6033)
4(4007 6113 6114 4008)
4(6032 6033 6114 6113)
4(3928 4009 6115 6034)
4(4008 6114 6115 4009)
4(6033 6034 6115 6114)
4(3929 4010 6116 6035)
4(4009 6115 6116 4010)
4(6034 6035 6116 6115)
4(3930 4011 6117 6036)
4(4010 6116 6117 4011)
4(6035 6036 6117 6116)
4(3931 4012 6118 6037)
4(4011 6117 6118 4012)
4(6036 6037 6118 6117)
4(3932 4013 6119 6038)
4(4012 6118 6119 4013)
4(6037 6038 6119 6118)
4(3933 4014 6120 6039)
4(4013 6119 6120 4014)
4(6038 6039 6120 6119)
4(3934 4015 6121 6040)
4(4014 6120 6121 4015)
4(6039 6040 6121 6120)
4(3935 4016 6122 6041)
4(4015 6121 6122 4016)
4(6040 6041 6122 6121)
4(3936 4017 6123 6042)
4(4016 6122 6123 4017)
4(6041 6042 6123 6122)
4(3937 4018 6124 6043)
4(4017 6123 6124 4018)
4(6042 6043 6124 6123)
4(3938 4019 6125 6044)
4(4018 6124 6125 4019)
4(6043 6044 6125 6124)
4(3939 4020 6126 6045)
4(4019 6125 6126 4020)
4(6044 6045 6126 6125)
4(3940 4021 6127 6046)
4(4020 6126 6127 4021)
4(6045 6046 6127 6126)
4(3941 4022 6128 6047)
4(4021 6127 6128 4022)
4(6046 6047 6128 6127)
4(3942 4023 6129 6048)
4(4022 6128 6129 4023)
4(6047 6048 6129 6128)
4(3943 4024 6130 6049)
4(4023 6129 6130 4024)
4(6048 6049 6130 6129)
4(3944 4025 6131 6050)
4(4024 6130 6131 4025)
4(6049 6050 6131 6130)
4(3945 4026 6132 6051)
4(4025 6131 6132 4026)
4(6050 6051 6132 6131)
4(3946 4027 6133 6052)
4(4026 6132 6133 4027)
4(6051 6052 6133 6132)
4(3947 4028 6134 6053)
4(4027 6133 6134 4028)
4(6052 6053 6134 6133)
4(3948 4029 6135 6054)
4(4028 6134 6135 4029)
4(6053 6054 6135 6134)
4(3949 4030 6136 6055)
4(4029 6135 6136 4030)
4(6054 6055 6136 6135)
4(3950 4031 6137 6056)
4(4030 6136 6137 4031)
4(6055 6056 6137 6136)
4(3951 4032 6138 6057)
4(4031 6137 6138 4032)
4(6056 6057 6138 6137)
4(3952 4033 6139 6058)
4(4032 6138 6139 4033)
4(6057 6058 6139 6138)
4(3953 4034 6140 6059)
4(4033 6139 6140 4034)
4(6058 6059 6140 6139)
4(3954 4035 6141 6060)
4(4034 6140 6141 4035)
4(6059 6060 6141 6140)
4(3955 4036 6142 6061)
4(4035 6141 6142 4036)
4(6060 6061 6142 6141)
4(3956 4037 6143 6062)
4(4036 6142 6143 4037)
4(6061 6062 6143 6142)
4(3957 4038 6144 6063)
4(4037 6143 6144 4038)
4(6062 6063 6144 6143)
4(3958 4039 6145 6064)
4(4038 6144 6145 4039)
4(6063 6064 6145 6144)
4(3959 4040 6146 6065)
4(4039 6145 6146 4040)
4(6064 6065 6146 6145)
4(3960 4041 6147 6066)
4(4040 6146 6147 4041)
4(6065 6066 6147 6146)
4(3961 4042 6148 6067)
4(4041 6147 6148 4042)
4(6066 6067 6148 6147)
4(3962 4043 6149 6068)
4(4042 6148 6149 4043)
4(6067 6068 6149 6148)
4(3963 4044 6150 6069)
4(4043 6149 6150 4044)
4(6068 6069 6150 6149)
4(3964 4045 6151 6070)
4(4044 6150 6151 4045)
4(6069 6070 6151 6150)
4(3965 4046 6152 6071)
4(4045 6151 6152 4046)
4(6070 6071 6152 6151)
4(3966 4047 6153 6072)
4(4046 6152 6153 4047)
4(6071 6072 6153 6152)
4(3967 4048 6154 6073)
4(4047 6153 6154 4048)
4(6072 6073 6154 6153)
4(4048 6154 6155 4049)
4(6073 6074 6155 6154)
4(3970 4051 6157 6076)
4(4050 6156 6157 4051)
4(6075 6076 6157 6156)
4(3971 4052 6158 6077)
4(4051 6157 6158 4052)
4(6076 6077 6158 6157)
4(3972 4053 6159 6078)
4(4052 6158 6159 4053)
4(6077 6078 6159 6158)
4(3973 4054 6160 6079)
4(4053 6159 6160 4054)
4(6078 6079 6160 6159)
4(3974 4055 6161 6080)
4(4054 6160 6161 4055)
4(6079 6080 6161 6160)
4(3975 4056 6162 6081)
4(4055 6161 6162 4056)
4(6080 6081 6162 6161)
4(3976 4057 6163 6082)
4(4056 6162 6163 4057)
4(6081 6082 6163 6162)
4(3977 4058 6164 6083)
4(4057 6163 6164 4058)
4(6082 6083 6164 6163)
4(3978 4059 6165 6084)
4(4058 6164 6165 4059)
4(6083 6084 6165 6164)
4(3979 4060 6166 6085)
4(4059 6165 6166 4060)
4(6084 6085 6166 6165)
4(3980 4061 6167 6086)
4(4060 6166 6167 4061)
4(6085 6086 6167 6166)
4(3981 4062 6168 6087)
4(4061 6167 6168 4062)
4(6086 6087 6168 6167)
4(3982 4063 6169 6088)
4(4062 6168 6169 4063)
4(6087 6088 6169 6168)
4(3983 4064 6170 6089)
4(4063 6169 6170 4064)
4(6088 6089 6170 6169)
4(3984 4065 6171 6090)
4(4064 6170 6171 4065)
4(6089 6090 6171 6170)
4(3985 4066 6172 6091)
4(4065 6171 6172 4066)
4(6090 6091 6172 6171)
4(3986 4067 6173 6092)
4(4066 6172 6173 4067)
4(6091 6092 6173 6172)
4(3987 4068 6174 6093)
4(4067 6173 6174 4068)
4(6092 6093 6174 6173)
4(3988 4069 6175 6094)
4(4068 6174 6175 4069)
4(6093 6094 6175 6174)
4(3989 4070 6176 6095)
4(4069 6175 6176 4070)
4(6094 6095 6176 6175)
4(3990 4071 6177 6096)
4(4070 6176 6177 4071)
4(6095 6096 6177 6176)
4(3991 4072 6178 6097)
4(4071 6177 6178 4072)
4(6096 6097 6178 6177)
4(3992 4073 6179 6098)
4(4072 6178 6179 4073)
4(6097 6098 6179 6178)
4(3993 4074 6180 6099)
4(4073 6179 6180 4074)
4(6098 6099 6180 6179)
4(3994 4075 6181 6100)
4(4074 6180 6181 4075)
4(6099 6100 6181 6180)
4(3995 4076 6182 6101)
4(4075 6181 6182 4076)
4(6100 6101 6182 6181)
4(3996 4077 6183 6102)
4(4076 6182 6183 4077)
4(6101 6102 6183 6182)
4(3997 4078 6184 6103)
4(4077 6183 6184 4078)
4(6102 6103 6184 6183)
4(3998 4079 6185 6104)
4(4078 6184 6185 4079)
4(6103 6104 6185 6184)
4(3999 4080 6186 6105)
4(4079 6185 6186 4080)
4(6104 6105 6186 6185)
4(4000 4081 6187 6106)
4(4080 6186 6187 4081)
4(6105 6106 6187 6186)
4(4001 4082 6188 6107)
4(4081 6187 6188 4082)
4(6106 6107 6188 6187)
4(4002 4083 6189 6108)
4(4082 6188 6189 4083)
4(6107 6108 6189 6188)
4(4003 4084 6190 6109)
4(4083 6189 6190 4084)
4(6108 6109 6190 6189)
4(4004 4085 6191 6110)
4(4084 6190 6191 4085)
4(6109 6110 6191 6190)
4(4005 4086 6192 6111)
4(4085 6191 6192 4086)
4(6110 6111 6192 6191)
4(4006 4087 6193 6112)
4(4086 6192 6193 4087)
4(6111 6112 6193 6192)
4(4007 4088 6194 6113)
4(4087 6193 6194 4088)
4(6112 6113 6194 6193)
4(4008 4089 6195 6114)
4(4088 6194 6195 4089)
4(6113 6114 6195 6194)
4(4009 4090 6196 6115)
4(4089 6195 6196 4090)
4(6114 6115 6196 6195)
4(4010 4091 6197 6116)
4(4090 6196 6197 4091)
4(6115 6116 6197 6196)
4(4011 4092 6198 6117)
4(4091 6197 6198 4092)
4(6116 6117 6198 6197)
4(4012 4093 6199 6118)
4(4092 6198 6199 4093)
4(6117 6118 6199 6198)
4(4013 4094 6200 6119)
4(4093 6199 6200 4094)
4(6118 6119 6200 6199)
4(4014 4095 6201 6120)
4(4094 6200 6201 4095)
4(6119 6120 6201 6200)
4(4015 4096 6202 6121)
4(4095 6201 6202 4096)
4(6120 6121 6202 6201)
4(4016 4097 6203 6122)
4(4096 6202 6203 4097)
4(6121 6122 6203 6202)
4(4017 4098 6204 6123)
4(4097 6203 6204 4098)
4(6122 6123 6204 6203)
4(4018 4099 6205 6124)
4(4098 6204 6205 4099)
4(6123 6124 6205 6204)
4(4019 4100 6206 6125)
4(4099 6205 6206 4100)
4(6124 6125 6206 6205)
4(4020 4101 6207 6126)
4(4100 6206 6207 4101)
4(6125 6126 6207 6206)
4(4021 4102 6208 6127)
4(4101 6207 6208 4102)
4(6126 6127 6208 6207)
4(4022 4103 6209 6128)
4(4102 6208 6209 4103)
4(6127 6128 6209 6208)
4(4023 4104 6210 6129)
4(4103 6209 6210 4104)
4(6128 6129 6210 6209)
4(4024 4105 6211 6130)
4(4104 6210 6211 4105)
4(6129 6130 6211 6210)
4(4025 4106 6212 6131)
4(4105 6211 6212 4106)
4(6130 6131 6212 6211)
4(4026 4107 6213 6132)
4(4106 6212 6213 4107)
4(6131 6132 6213 6212)
4(4027 4108 6214 6133)
4(4107 6213 6214 4108)
4(6132 6133 6214 6213)
4(4028 4109 6215 6134)
4(4108 6214 6215 4109)
4(6133 6134 6215 6214)
4(4029 4110 6216 6135)
4(4109 6215 6216 4110)
4(6134 6135 6216 6215)
4(4030 4111 6217 6136)
4(4110 6216 6217 4111)
4(6135 6136 6217 6216)
4(4031 4112 6218 6137)
4(4111 6217 6218 4112)
4(6136 6137 6218 6217)
4(4032 4113 6219 6138)
4(4112 6218 6219 4113)
4(6137 6138 6219 6218)
4(4033 4114 6220 6139)
4(4113 6219 6220 4114)
4(6138 6139 6220 6219)
4(4034 4115 6221 6140)
4(4114 6220 6221 4115)
4(6139 6140 6221 6220)
4(4035 4116 6222 6141)
4(4115 6221 6222 4116)
4(6140 6141 6222 6221)
4(4036 4117 6223 6142)
4(4116 6222 6223 4117)
4(6141 6142 6223 6222)
4(4037 4118 6224 6143)
4(4117 6223 6224 4118)
4(6142 6143 6224 6223)
4(4038 4119 6225 6144)
4(4118 6224 6225 4119)
4(6143 6144 6225 6224)
4(4039 4120 6226 6145)
4(4119 6225 6226 4120)
4(6144 6145 6226 6225)
4(4040 4121 6227 6146)
4(4120 6226 6227 4121)
4(6145 6146 6227 6226)
4(4041 4122 6228 6147)
4(4121 6227 6228 4122)
4(6146 6147 6228 6227)
4(4042 4123 6229 6148)
4(4122 6228 6229 4123)
4(6147 6148 6229 6228)
4(4043 4124 6230 6149)
4(4123 6229 6230 4124)
4(6148 6149 6230 6229)
4(4044 4125 6231 6150)
4(4124 6230 6231 4125)
4(6149 6150 6231 6230)
4(4045 4126 6232 6151)
4(4125 6231 6232 4126)
4(6150 6151 6232 6231)
4(4046 4127 6233 6152)
4(4126 6232 6233 4127)
4(6151 6152 6233 6232)
4(4047 4128 6234 6153)
4(4127 6233 6234 4128)
4(6152 6153 6234 6233)
4(4048 4129 6235 6154)
4(4128 6234 6235 4129)
4(6153 6154 6235 6234)
4(4129 6235 6236 4130)
4(6154 6155 6236 6235)
4(4051 4132 6238 6157)
4(6156 6157 6238 6237)
4(4131 6237 6238 4132)
4(4052 4133 6239 6158)
4(6157 6158 6239 6238)
4(4132 6238 6239 4133)
4(4053 4134 6240 6159)
4(6158 6159 6240 6239)
4(4133 6239 6240 4134)
4(4054 4135 6241 6160)
4(6159 6160 6241 6240)
4(4134 6240 6241 4135)
4(4055 4136 6242 6161)
4(6160 6161 6242 6241)
4(4135 6241 6242 4136)
4(4056 4137 6243 6162)
4(6161 6162 6243 6242)
4(4136 6242 6243 4137)
4(4057 4138 6244 6163)
4(6162 6163 6244 6243)
4(4137 6243 6244 4138)
4(4058 4139 6245 6164)
4(6163 6164 6245 6244)
4(4138 6244 6245 4139)
4(4059 4140 6246 6165)
4(6164 6165 6246 6245)
4(4139 6245 6246 4140)
4(4060 4141 6247 6166)
4(6165 6166 6247 6246)
4(4140 6246 6247 4141)
4(4061 4142 6248 6167)
4(6166 6167 6248 6247)
4(4141 6247 6248 4142)
4(4062 4143 6249 6168)
4(6167 6168 6249 6248)
4(4142 6248 6249 4143)
4(4063 4144 6250 6169)
4(6168 6169 6250 6249)
4(4143 6249 6250 4144)
4(4064 4145 6251 6170)
4(6169 6170 6251 6250)
4(4144 6250 6251 4145)
4(4065 4146 6252 6171)
4(6170 6171 6252 6251)
4(4145 6251 6252 4146)
4(4066 4147 6253 6172)
4(6171 6172 6253 6252)
4(4146 6252 6253 4147)
4(4067 4148 6254 6173)
4(6172 6173 6254 6253)
4(4147 6253 6254 4148)
4(4068 4149 6255 6174)
4(6173 6174 6255 6254)
4(4148 6254 6255 4149)
4(4069 4150 6256 6175)
4(6174 6175 6256 6255)
4(4149 6255 6256 4150)
4(4070 4151 6257 6176)
4(6175 6176 6257 6256)
4(4150 6256 6257 4151)
4(4071 4152 6258 6177)
4(6176 6177 6258 6257)
4(4151 6257 6258 4152)
4(4072 4153 6259 6178)
4(6177 6178 6259 6258)
4(4152 6258 6259 4153)
4(4073 4154 6260 6179)
4(6178 6179 6260 6259)
4(4153 6259 6260 4154)
4(4074 4155 6261 6180)
4(6179 6180 6261 6260)
4(4154 6260 6261 4155)
4(4075 4156 6262 6181)
4(6180 6181 6262 6261)
4(4155 6261 6262 4156)
4(4076 4157 6263 6182)
4(6181 6182 6263 6262)
4(4156 6262 6263 4157)
4(4077 4158 6264 6183)
4(6182 6183 6264 6263)
4(4157 6263 6264 4158)
4(4078 4159 6265 6184)
4(6183 6184 6265 6264)
4(4158 6264 6265 4159)
4(4079 4160 6266 6185)
4(6184 6185 6266 6265)
4(4159 6265 6266 4160)
4(4080 4161 6267 6186)
4(6185 6186 6267 6266)
4(4160 6266 6267 4161)
4(4081 4162 6268 6187)
4(6186 6187 6268 6267)
4(4161 6267 6268 4162)
4(4082 4163 6269 6188)
4(6187 6188 6269 6268)
4(4162 6268 6269 4163)
4(4083 4164 6270 6189)
4(6188 6189 6270 6269)
4(4163 6269 6270 4164)
4(4084 4165 6271 6190)
4(6189 6190 6271 6270)
4(4164 6270 6271 4165)
4(4085 4166 6272 6191)
4(6190 6191 6272 6271)
4(4165 6271 6272 4166)
4(4086 4167 6273 6192)
4(6191 6192 6273 6272)
4(4166 6272 6273 4167)
4(4087 4168 6274 6193)
4(6192 6193 6274 6273)
4(4167 6273 6274 4168)
4(4088 4169 6275 6194)
4(6193 6194 6275 6274)
4(4168 6274 6275 4169)
4(4089 4170 6276 6195)
4(6194 6195 6276 6275)
4(4169 6275 6276 4170)
4(4090 4171 6277 6196)
4(6195 6196 6277 6276)
4(4170 6276 6277 4171)
4(4091 4172 6278 6197)
4(6196 6197 6278 6277)
4(4171 6277 6278 4172)
4(4092 4173 6279 6198)
4(6197 6198 6279 6278)
4(4172 6278 6279 4173)
4(4093 4174 6280 6199)
4(6198 6199 6280 6279)
4(4173 6279 6280 4174)
4(4094 4175 6281 6200)
4(6199 6200 6281 6280)
4(4174 6280 6281 4175)
4(4095 4176 6282 6201)
4(6200 6201 6282 6281)
4(4175 6281 6282 4176)
4(4096 4177 6283 6202)
4(6201 6202 6283 6282)
4(4176 6282 6283 4177)
4(4097 4178 6284 6203)
4(6202 6203 6284 6283)
4(4177 6283 6284 4178)
4(4098 4179 6285 6204)
4(6203 6204 6285 6284)
4(4178 6284 6285 4179)
4(4099 4180 6286 6205)
4(6204 6205 6286 6285)
4(4179 6285 6286 4180)
4(4100 4181 6287 6206)
4(6205 6206 6287 6286)
4(4180 6286 6287 4181)
4(4101 4182 6288 6207)
4(6206 6207 6288 6287)
4(4181 6287 6288 4182)
4(4102 4183 6289 6208)
4(6207 6208 6289 6288)
4(4182 6288 6289 4183)
4(4103 4184 6290 6209)
4(6208 6209 6290 6289)
4(4183 6289 6290 4184)
4(4104 4185 6291 6210)
4(6209 6210 6291 6290)
4(4184 6290 6291 4185)
4(4105 4186 6292 6211)
4(6210 6211 6292 6291)
4(4185 6291 6292 4186)
4(4106 4187 6293 6212)
4(6211 6212 6293 6292)
4(4186 6292 6293 4187)
4(4107 4188 6294 6213)
4(6212 6213 6294 6293)
4(4187 6293 6294 4188)
4(4108 4189 6295 6214)
4(6213 6214 6295 6294)
4(4188 6294 6295 4189)
4(4109 4190 6296 6215)
4(6214 6215 6296 6295)
4(4189 6295 6296 4190)
4(4110 4191 6297 6216)
4(6215 6216 6297 6296)
4(4190 6296 6297 4191)
4(4111 4192 6298 6217)
4(6216 6217 6298 6297)
4(4191 6297 6298 4192)
4(4112 4193 6299 6218)
4(6217 6218 6299 6298)
4(4192 6298 6299 4193)
4(4113 4194 6300 6219)
4(6218 6219 6300 6299)
4(4193 6299 6300 4194)
4(4114 4195 6301 6220)
4(6219 6220 6301 6300)
4(4194 6300 6301 4195)
4(4115 4196 6302 6221)
4(6220 6221 6302 6301)
4(4195 6301 6302 4196)
4(4116 4197 6303 6222)
4(6221 6222 6303 6302)
4(4196 6302 6303 4197)
4(4117 4198 6304 6223)
4(6222 6223 6304 6303)
4(4197 6303 6304 4198)
4(4118 4199 6305 6224)
4(6223 6224 6305 6304)
4(4198 6304 6305 4199)
4(4119 4200 6306 6225)
4(6224 6225 6306 6305)
4(4199 6305 6306 4200)
4(4120 4201 6307 6226)
4(6225 6226 6307 6306)
4(4200 6306 6307 4201)
4(4121 4202 6308 6227)
4(6226 6227 6308 6307)
4(4201 6307 6308 4202)
4(4122 4203 6309 6228)
4(6227 6228 6309 6308)
4(4202 6308 6309 4203)
4(4123 4204 6310 6229)
4(6228 6229 6310 6309)
4(4203 6309 6310 4204)
4(4124 4205 6311 6230)
4(6229 6230 6311 6310)
4(4204 6310 6311 4205)
4(4125 4206 6312 6231)
4(6230 6231 6312 6311)
4(4205 6311 6312 4206)
4(4126 4207 6313 6232)
4(6231 6232 6313 6312)
4(4206 6312 6313 4207)
4(4127 4208 6314 6233)
4(6232 6233 6314 6313)
4(4207 6313 6314 4208)
4(4128 4209 6315 6234)
4(6233 6234 6315 6314)
4(4208 6314 6315 4209)
4(4129 4210 6316 6235)
4(6234 6235 6316 6315)
4(4209 6315 6316 4210)
4(6235 6236 6317 6316)
4(4210 6316 6317 4211)
4(4213 4294 6400 6319)
4(4293 6399 6400 4294)
4(4214 4295 6401 6320)
4(4294 6400 6401 4295)
4(4215 4296 6402 6321)
4(4295 6401 6402 4296)
4(4216 4297 6403 6322)
4(4296 6402 6403 4297)
4(4217 4298 6404 6323)
4(4297 6403 6404 4298)
4(4218 4299 6405 6324)
4(4298 6404 6405 4299)
4(4219 4300 6406 6325)
4(4299 6405 6406 4300)
4(4220 4301 6407 6326)
4(4300 6406 6407 4301)
4(4221 4302 6408 6327)
4(4301 6407 6408 4302)
4(4222 4303 6409 6328)
4(4302 6408 6409 4303)
4(4223 4304 6410 6329)
4(4303 6409 6410 4304)
4(4224 4305 6411 6330)
4(4304 6410 6411 4305)
4(4225 4306 6412 6331)
4(4305 6411 6412 4306)
4(4226 4307 6413 6332)
4(4306 6412 6413 4307)
4(4227 4308 6414 6333)
4(4307 6413 6414 4308)
4(4228 4309 6415 6334)
4(4308 6414 6415 4309)
4(4229 4310 6416 6335)
4(4309 6415 6416 4310)
4(4230 4311 6417 6336)
4(4310 6416 6417 4311)
4(4231 4312 6418 6337)
4(4311 6417 6418 4312)
4(4232 4313 6419 6338)
4(4312 6418 6419 4313)
4(4233 4314 6420 6339)
4(4313 6419 6420 4314)
4(4234 4315 6421 6340)
4(4314 6420 6421 4315)
4(4235 4316 6422 6341)
4(4315 6421 6422 4316)
4(4236 4317 6423 6342)
4(4316 6422 6423 4317)
4(4237 4318 6424 6343)
4(4317 6423 6424 4318)
4(4238 4319 6425 6344)
4(4318 6424 6425 4319)
4(4239 4320 6426 6345)
4(4319 6425 6426 4320)
4(4240 4321 6427 6346)
4(4320 6426 6427 4321)
4(4241 4322 6428 6347)
4(4321 6427 6428 4322)
4(4242 4323 6429 6348)
4(4322 6428 6429 4323)
4(4243 4324 6430 6349)
4(4323 6429 6430 4324)
4(4244 4325 6431 6350)
4(4324 6430 6431 4325)
4(4245 4326 6432 6351)
4(4325 6431 6432 4326)
4(4246 4327 6433 6352)
4(4326 6432 6433 4327)
4(4247 4328 6434 6353)
4(4327 6433 6434 4328)
4(4248 4329 6435 6354)
4(4328 6434 6435 4329)
4(4249 4330 6436 6355)
4(4329 6435 6436 4330)
4(4250 4331 6437 6356)
4(4330 6436 6437 4331)
4(4251 4332 6438 6357)
4(4331 6437 6438 4332)
4(4252 4333 6439 6358)
4(4332 6438 6439 4333)
4(4253 4334 6440 6359)
4(4333 6439 6440 4334)
4(4254 4335 6441 6360)
4(4334 6440 6441 4335)
4(4255 4336 6442 6361)
4(4335 6441 6442 4336)
4(4256 4337 6443 6362)
4(4336 6442 6443 4337)
4(4257 4338 6444 6363)
4(4337 6443 6444 4338)
4(4258 4339 6445 6364)
4(4338 6444 6445 4339)
4(4259 4340 6446 6365)
4(4339 6445 6446 4340)
4(4260 4341 6447 6366)
4(4340 6446 6447 4341)
4(4261 4342 6448 6367)
4(4341 6447 6448 4342)
4(4262 4343 6449 6368)
4(4342 6448 6449 4343)
4(4263 4344 6450 6369)
4(4343 6449 6450 4344)
4(4264 4345 6451 6370)
4(4344 6450 6451 4345)
4(4265 4346 6452 6371)
4(4345 6451 6452 4346)
4(4266 4347 6453 6372)
4(4346 6452 6453 4347)
4(4267 4348 6454 6373)
4(4347 6453 6454 4348)
4(4268 4349 6455 6374)
4(4348 6454 6455 4349)
4(4269 4350 6456 6375)
4(4349 6455 6456 4350)
4(4270 4351 6457 6376)
4(4350 6456 6457 4351)
4(4271 4352 6458 6377)
4(4351 6457 6458 4352)
4(4272 4353 6459 6378)
4(4352 6458 6459 4353)
4(4273 4354 6460 6379)
4(4353 6459 6460 4354)
4(4274 4355 6461 6380)
4(4354 6460 6461 4355)
4(4275 4356 6462 6381)
4(4355 6461 6462 4356)
4(4276 4357 6463 6382)
4(4356 6462 6463 4357)
4(4277 4358 6464 6383)
4(4357 6463 6464 4358)
4(4278 4359 6465 6384)
4(4358 6464 6465 4359)
4(4279 4360 6466 6385)
4(4359 6465 6466 4360)
4(4280 4361 6467 6386)
4(4360 6466 6467 4361)
4(4281 4362 6468 6387)
4(4361 6467 6468 4362)
4(4282 4363 6469 6388)
4(4362 6468 6469 4363)
4(4283 4364 6470 6389)
4(4363 6469 6470 4364)
4(4284 4365 6471 6390)
4(4364 6470 6471 4365)
4(4285 4366 6472 6391)
4(4365 6471 6472 4366)
4(4286 4367 6473 6392)
4(4366 6472 6473 4367)
4(4287 4368 6474 6393)
4(4367 6473 6474 4368)
4(4288 4369 6475 6394)
4(4368 6474 6475 4369)
4(4289 4370 6476 6395)
4(4369 6475 6476 4370)
4(4290 4371 6477 6396)
4(4370 6476 6477 4371)
4(4291 4372 6478 6397)
4(4371 6477 6478 4372)
4(4372 6478 6479 4373)
4(4294 4375 6481 6400)
4(4374 6480 6481 4375)
4(4295 4376 6482 6401)
4(4375 6481 6482 4376)
4(4296 4377 6483 6402)
4(4376 6482 6483 4377)
4(4297 4378 6484 6403)
4(4377 6483 6484 4378)
4(4298 4379 6485 6404)
4(4378 6484 6485 4379)
4(4299 4380 6486 6405)
4(4379 6485 6486 4380)
4(4300 4381 6487 6406)
4(4380 6486 6487 4381)
4(4301 4382 6488 6407)
4(4381 6487 6488 4382)
4(4302 4383 6489 6408)
4(4382 6488 6489 4383)
4(4303 4384 6490 6409)
4(4383 6489 6490 4384)
4(4304 4385 6491 6410)
4(4384 6490 6491 4385)
4(4305 4386 6492 6411)
4(4385 6491 6492 4386)
4(4306 4387 6493 6412)
4(4386 6492 6493 4387)
4(4307 4388 6494 6413)
4(4387 6493 6494 4388)
4(4308 4389 6495 6414)
4(4388 6494 6495 4389)
4(4309 4390 6496 6415)
4(4389 6495 6496 4390)
4(4310 4391 6497 6416)
4(4390 6496 6497 4391)
4(4311 4392 6498 6417)
4(4391 6497 6498 4392)
4(4312 4393 6499 6418)
4(4392 6498 6499 4393)
4(4313 4394 6500 6419)
4(4393 6499 6500 4394)
4(4314 4395 6501 6420)
4(4394 6500 6501 4395)
4(4315 4396 6502 6421)
4(4395 6501 6502 4396)
4(4316 4397 6503 6422)
4(4396 6502 6503 4397)
4(4317 4398 6504 6423)
4(4397 6503 6504 4398)
4(4318 4399 6505 6424)
4(4398 6504 6505 4399)
4(4319 4400 6506 6425)
4(4399 6505 6506 4400)
4(4320 4401 6507 6426)
4(4400 6506 6507 4401)
4(4321 4402 6508 6427)
4(4401 6507 6508 4402)
4(4322 4403 6509 6428)
4(4402 6508 6509 4403)
4(4323 4404 6510 6429)
4(4403 6509 6510 4404)
4(4324 4405 6511 6430)
4(4404 6510 6511 4405)
4(4325 4406 6512 6431)
4(4405 6511 6512 4406)
4(4326 4407 6513 6432)
4(4406 6512 6513 4407)
4(4327 4408 6514 6433)
4(4407 6513 6514 4408)
4(4328 4409 6515 6434)
4(4408 6514 6515 4409)
4(4329 4410 6516 6435)
4(4409 6515 6516 4410)
4(4330 4411 6517 6436)
4(4410 6516 6517 4411)
4(4331 4412 6518 6437)
4(4411 6517 6518 4412)
4(4332 4413 6519 6438)
4(4412 6518 6519 4413)
4(4333 4414 6520 6439)
4(4413 6519 6520 4414)
4(4334 4415 6521 6440)
4(4414 6520 6521 4415)
4(4335 4416 6522 6441)
4(4415 6521 6522 4416)
4(4336 4417 6523 6442)
4(4416 6522 6523 4417)
4(4337 4418 6524 6443)
4(4417 6523 6524 4418)
4(4338 4419 6525 6444)
4(4418 6524 6525 4419)
4(4339 4420 6526 6445)
4(4419 6525 6526 4420)
4(4340 4421 6527 6446)
4(4420 6526 6527 4421)
4(4341 4422 6528 6447)
4(4421 6527 6528 4422)
4(4342 4423 6529 6448)
4(4422 6528 6529 4423)
4(4343 4424 6530 6449)
4(4423 6529 6530 4424)
4(4344 4425 6531 6450)
4(4424 6530 6531 4425)
4(4345 4426 6532 6451)
4(4425 6531 6532 4426)
4(4346 4427 6533 6452)
4(4426 6532 6533 4427)
4(4347 4428 6534 6453)
4(4427 6533 6534 4428)
4(4348 4429 6535 6454)
4(4428 6534 6535 4429)
4(4349 4430 6536 6455)
4(4429 6535 6536 4430)
4(4350 4431 6537 6456)
4(4430 6536 6537 4431)
4(4351 4432 6538 6457)
4(4431 6537 6538 4432)
4(4352 4433 6539 6458)
4(4432 6538 6539 4433)
4(4353 4434 6540 6459)
4(4433 6539 6540 4434)
4(4354 4435 6541 6460)
4(4434 6540 6541 4435)
4(4355 4436 6542 6461)
4(4435 6541 6542 4436)
4(4356 4437 6543 6462)
4(4436 6542 6543 4437)
4(4357 4438 6544 6463)
4(4437 6543 6544 4438)
4(4358 4439 6545 6464)
4(4438 6544 6545 4439)
4(4359 4440 6546 6465)
4(4439 6545 6546 4440)
4(4360 4441 6547 6466)
4(4440 6546 6547 4441)
4(4361 4442 6548 6467)
4(4441 6547 6548 4442)
4(4362 4443 6549 6468)
4(4442 6548 6549 4443)
4(4363 4444 6550 6469)
4(4443 6549 6550 4444)
4(4364 4445 6551 6470)
4(4444 6550 6551 4445)
4(4365 4446 6552 6471)
4(4445 6551 6552 4446)
4(4366 4447 6553 6472)
4(4446 6552 6553 4447)
4(4367 4448 6554 6473)
4(4447 6553 6554 4448)
4(4368 4449 6555 6474)
4(4448 6554 6555 4449)
4(4369 4450 6556 6475)
4(4449 6555 6556 4450)
4(4370 4451 6557 6476)
4(4450 6556 6557 4451)
4(4371 4452 6558 6477)
4(4451 6557 6558 4452)
4(4372 4453 6559 6478)
4(4452 6558 6559 4453)
4(4453 6559 6560 4454)
4(4375 4456 6562 6481)
4(4455 6561 6562 4456)
4(4376 4457 6563 6482)
4(4456 6562 6563 4457)
4(4377 4458 6564 6483)
4(4457 6563 6564 4458)
4(4378 4459 6565 6484)
4(4458 6564 6565 4459)
4(4379 4460 6566 6485)
4(4459 6565 6566 4460)
4(4380 4461 6567 6486)
4(4460 6566 6567 4461)
4(4381 4462 6568 6487)
4(4461 6567 6568 4462)
4(4382 4463 6569 6488)
4(4462 6568 6569 4463)
4(4383 4464 6570 6489)
4(4463 6569 6570 4464)
4(4384 4465 6571 6490)
4(4464 6570 6571 4465)
4(4385 4466 6572 6491)
4(4465 6571 6572 4466)
4(4386 4467 6573 6492)
4(4466 6572 6573 4467)
4(4387 4468 6574 6493)
4(4467 6573 6574 4468)
4(4388 4469 6575 6494)
4(4468 6574 6575 4469)
4(4389 4470 6576 6495)
4(4469 6575 6576 4470)
4(4390 4471 6577 6496)
4(4470 6576 6577 4471)
4(4391 4472 6578 6497)
4(4471 6577 6578 4472)
4(4392 4473 6579 6498)
4(4472 6578 6579 4473)
4(4393 4474 6580 6499)
4(4473 6579 6580 4474)
4(4394 4475 6581 6500)
4(4474 6580 6581 4475)
4(4395 4476 6582 6501)
4(4475 6581 6582 4476)
4(4396 4477 6583 6502)
4(4476 6582 6583 4477)
4(4397 4478 6584 6503)
4(4477 6583 6584 4478)
4(4398 4479 6585 6504)
4(4478 6584 6585 4479)
4(4399 4480 6586 6505)
4(4479 6585 6586 4480)
4(4400 4481 6587 6506)
4(4480 6586 6587 4481)
4(4401 4482 6588 6507)
4(4481 6587 6588 4482)
4(4402 4483 6589 6508)
4(4482 6588 6589 4483)
4(4403 4484 6590 6509)
4(4483 6589 6590 4484)
4(4404 4485 6591 6510)
4(4484 6590 6591 4485)
4(4405 4486 6592 6511)
4(4485 6591 6592 4486)
4(4406 4487 6593 6512)
4(4486 6592 6593 4487)
4(4407 4488 6594 6513)
4(4487 6593 6594 4488)
4(4408 4489 6595 6514)
4(4488 6594 6595 4489)
4(4409 4490 6596 6515)
4(4489 6595 6596 4490)
4(4410 4491 6597 6516)
4(4490 6596 6597 4491)
4(4411 4492 6598 6517)
4(4491 6597 6598 4492)
4(4412 4493 6599 6518)
4(4492 6598 6599 4493)
4(4413 4494 6600 6519)
4(4493 6599 6600 4494)
4(4414 4495 6601 6520)
4(4494 6600 6601 4495)
4(4415 4496 6602 6521)
4(4495 6601 6602 4496)
4(4416 4497 6603 6522)
4(4496 6602 6603 4497)
4(4417 4498 6604 6523)
4(4497 6603 6604 4498)
4(4418 4499 6605 6524)
4(4498 6604 6605 4499)
4(4419 4500 6606 6525)
4(4499 6605 6606 4500)
4(4420 4501 6607 6526)
4(4500 6606 6607 4501)
4(4421 4502 6608 6527)
4(4501 6607 6608 4502)
4(4422 4503 6609 6528)
4(4502 6608 6609 4503)
4(4423 4504 6610 6529)
4(4503 6609 6610 4504)
4(4424 4505 6611 6530)
4(4504 6610 6611 4505)
4(4425 4506 6612 6531)
4(4505 6611 6612 4506)
4(4426 4507 6613 6532)
4(4506 6612 6613 4507)
4(4427 4508 6614 6533)
4(4507 6613 6614 4508)
4(4428 4509 6615 6534)
4(4508 6614 6615 4509)
4(4429 4510 6616 6535)
4(4509 6615 6616 4510)
4(4430 4511 6617 6536)
4(4510 6616 6617 4511)
4(4431 4512 6618 6537)
4(4511 6617 6618 4512)
4(4432 4513 6619 6538)
4(4512 6618 6619 4513)
4(4433 4514 6620 6539)
4(4513 6619 6620 4514)
4(4434 4515 6621 6540)
4(4514 6620 6621 4515)
4(4435 4516 6622 6541)
4(4515 6621 6622 4516)
4(4436 4517 6623 6542)
4(4516 6622 6623 4517)
4(4437 4518 6624 6543)
4(4517 6623 6624 4518)
4(4438 4519 6625 6544)
4(4518 6624 6625 4519)
4(4439 4520 6626 6545)
4(4519 6625 6626 4520)
4(4440 4521 6627 6546)
4(4520 6626 6627 4521)
4(4441 4522 6628 6547)
4(4521 6627 6628 4522)
4(4442 4523 6629 6548)
4(4522 6628 6629 4523)
4(4443 4524 6630 6549)
4(4523 6629 6630 4524)
4(4444 4525 6631 6550)
4(4524 6630 6631 4525)
4(4445 4526 6632 6551)
4(4525 6631 6632 4526)
4(4446 4527 6633 6552)
4(4526 6632 6633 4527)
4(4447 4528 6634 6553)
4(4527 6633 6634 4528)
4(4448 4529 6635 6554)
4(4528 6634 6635 4529)
4(4449 4530 6636 6555)
4(4529 6635 6636 4530)
4(4450 4531 6637 6556)
4(4530 6636 6637 4531)
4(4451 4532 6638 6557)
4(4531 6637 6638 4532)
4(4452 4533 6639 6558)
4(4532 6638 6639 4533)
4(4453 4534 6640 6559)
4(4533 6639 6640 4534)
4(4534 6640 6641 4535)
4(4456 4537 6643 6562)
4(4536 6642 6643 4537)
4(4457 4538 6644 6563)
4(4537 6643 6644 4538)
4(4458 4539 6645 6564)
4(4538 6644 6645 4539)
4(4459 4540 6646 6565)
4(4539 6645 6646 4540)
4(4460 4541 6647 6566)
4(4540 6646 6647 4541)
4(4461 4542 6648 6567)
4(4541 6647 6648 4542)
4(4462 4543 6649 6568)
4(4542 6648 6649 4543)
4(4463 4544 6650 6569)
4(4543 6649 6650 4544)
4(4464 4545 6651 6570)
4(4544 6650 6651 4545)
4(4465 4546 6652 6571)
4(4545 6651 6652 4546)
4(4466 4547 6653 6572)
4(4546 6652 6653 4547)
4(4467 4548 6654 6573)
4(4547 6653 6654 4548)
4(4468 4549 6655 6574)
4(4548 6654 6655 4549)
4(4469 4550 6656 6575)
4(4549 6655 6656 4550)
4(4470 4551 6657 6576)
4(4550 6656 6657 4551)
4(4471 4552 6658 6577)
4(4551 6657 6658 4552)
4(4472 4553 6659 6578)
4(4552 6658 6659 4553)
4(4473 4554 6660 6579)
4(4553 6659 6660 4554)
4(4474 4555 6661 6580)
4(4554 6660 6661 4555)
4(4475 4556 6662 6581)
4(4555 6661 6662 4556)
4(4476 4557 6663 6582)
4(4556 6662 6663 4557)
4(4477 4558 6664 6583)
4(4557 6663 6664 4558)
4(4478 4559 6665 6584)
4(4558 6664 6665 4559)
4(4479 4560 6666 6585)
4(4559 6665 6666 4560)
4(4480 4561 6667 6586)
4(4560 6666 6667 4561)
4(4481 4562 6668 6587)
4(4561 6667 6668 4562)
4(4482 4563 6669 6588)
4(4562 6668 6669 4563)
4(4483 4564 6670 6589)
4(4563 6669 6670 4564)
4(4484 4565 6671 6590)
4(4564 6670 6671 4565)
4(4485 4566 6672 6591)
4(4565 6671 6672 4566)
4(4486 4567 6673 6592)
4(4566 6672 6673 4567)
4(4487 4568 6674 6593)
4(4567 6673 6674 4568)
4(4488 4569 6675 6594)
4(4568 6674 6675 4569)
4(4489 4570 6676 6595)
4(4569 6675 6676 4570)
4(4490 4571 6677 6596)
4(4570 6676 6677 4571)
4(4491 4572 6678 6597)
4(4571 6677 6678 4572)
4(4492 4573 6679 6598)
4(4572 6678 6679 4573)
4(4493 4574 6680 6599)
4(4573 6679 6680 4574)
4(4494 4575 6681 6600)
4(4574 6680 6681 4575)
4(4495 4576 6682 6601)
4(4575 6681 6682 4576)
4(4496 4577 6683 6602)
4(4576 6682 6683 4577)
4(4497 4578 6684 6603)
4(4577 6683 6684 4578)
4(4498 4579 6685 6604)
4(4578 6684 6685 4579)
4(4499 4580 6686 6605)
4(4579 6685 6686 4580)
4(4500 4581 6687 6606)
4(4580 6686 6687 4581)
4(4501 4582 6688 6607)
4(4581 6687 6688 4582)
4(4502 4583 6689 6608)
4(4582 6688 6689 4583)
4(4503 4584 6690 6609)
4(4583 6689 6690 4584)
4(4504 4585 6691 6610)
4(4584 6690 6691 4585)
4(4505 4586 6692 6611)
4(4585 6691 6692 4586)
4(4506 4587 6693 6612)
4(4586 6692 6693 4587)
4(4507 4588 6694 6613)
4(4587 6693 6694 4588)
4(4508 4589 6695 6614)
4(4588 6694 6695 4589)
4(4509 4590 6696 6615)
4(4589 6695 6696 4590)
4(4510 4591 6697 6616)
4(4590 6696 6697 4591)
4(4511 4592 6698 6617)
4(4591 6697 6698 4592)
4(4512 4593 6699 6618)
4(4592 6698 6699 4593)
4(4513 4594 6700 6619)
4(4593 6699 6700 4594)
4(4514 4595 6701 6620)
4(4594 6700 6701 4595)
4(4515 4596 6702 6621)
4(4595 6701 6702 4596)
4(4516 4597 6703 6622)
4(4596 6702 6703 4597)
4(4517 4598 6704 6623)
4(4597 6703 6704 4598)
4(4518 4599 6705 6624)
4(4598 6704 6705 4599)
4(4519 4600 6706 6625)
4(4599 6705 6706 4600)
4(4520 4601 6707 6626)
4(4600 6706 6707 4601)
4(4521 4602 6708 6627)
4(4601 6707 6708 4602)
4(4522 4603 6709 6628)
4(4602 6708 6709 4603)
4(4523 4604 6710 6629)
4(4603 6709 6710 4604)
4(4524 4605 6711 6630)
4(4604 6710 6711 4605)
4(4525 4606 6712 6631)
4(4605 6711 6712 4606)
4(4526 4607 6713 6632)
4(4606 6712 6713 4607)
4(4527 4608 6714 6633)
4(4607 6713 6714 4608)
4(4528 4609 6715 6634)
4(4608 6714 6715 4609)
4(4529 4610 6716 6635)
4(4609 6715 6716 4610)
4(4530 4611 6717 6636)
4(4610 6716 6717 4611)
4(4531 4612 6718 6637)
4(4611 6717 6718 4612)
4(4532 4613 6719 6638)
4(4612 6718 6719 4613)
4(4533 4614 6720 6639)
4(4613 6719 6720 4614)
4(4534 4615 6721 6640)
4(4614 6720 6721 4615)
4(4615 6721 6722 4616)
4(4537 4618 6724 6643)
4(4617 6723 6724 4618)
4(4538 4619 6725 6644)
4(4618 6724 6725 4619)
4(4539 4620 6726 6645)
4(4619 6725 6726 4620)
4(4540 4621 6727 6646)
4(4620 6726 6727 4621)
4(4541 4622 6728 6647)
4(4621 6727 6728 4622)
4(4542 4623 6729 6648)
4(4622 6728 6729 4623)
4(4543 4624 6730 6649)
4(4623 6729 6730 4624)
4(4544 4625 6731 6650)
4(4624 6730 6731 4625)
4(4545 4626 6732 6651)
4(4625 6731 6732 4626)
4(4546 4627 6733 6652)
4(4626 6732 6733 4627)
4(4547 4628 6734 6653)
4(4627 6733 6734 4628)
4(4548 4629 6735 6654)
4(4628 6734 6735 4629)
4(4549 4630 6736 6655)
4(4629 6735 6736 4630)
4(4550 4631 6737 6656)
4(4630 6736 6737 4631)
4(4551 4632 6738 6657)
4(4631 6737 6738 4632)
4(4552 4633 6739 6658)
4(4632 6738 6739 4633)
4(4553 4634 6740 6659)
4(4633 6739 6740 4634)
4(4554 4635 6741 6660)
4(4634 6740 6741 4635)
4(4555 4636 6742 6661)
4(4635 6741 6742 4636)
4(4556 4637 6743 6662)
4(4636 6742 6743 4637)
4(4557 4638 6744 6663)
4(4637 6743 6744 4638)
4(4558 4639 6745 6664)
4(4638 6744 6745 4639)
4(4559 4640 6746 6665)
4(4639 6745 6746 4640)
4(4560 4641 6747 6666)
4(4640 6746 6747 4641)
4(4561 4642 6748 6667)
4(4641 6747 6748 4642)
4(4562 4643 6749 6668)
4(4642 6748 6749 4643)
4(4563 4644 6750 6669)
4(4643 6749 6750 4644)
4(4564 4645 6751 6670)
4(4644 6750 6751 4645)
4(4565 4646 6752 6671)
4(4645 6751 6752 4646)
4(4566 4647 6753 6672)
4(4646 6752 6753 4647)
4(4567 4648 6754 6673)
4(4647 6753 6754 4648)
4(4568 4649 6755 6674)
4(4648 6754 6755 4649)
4(4569 4650 6756 6675)
4(4649 6755 6756 4650)
4(4570 4651 6757 6676)
4(4650 6756 6757 4651)
4(4571 4652 6758 6677)
4(4651 6757 6758 4652)
4(4572 4653 6759 6678)
4(4652 6758 6759 4653)
4(4573 4654 6760 6679)
4(4653 6759 6760 4654)
4(4574 4655 6761 6680)
4(4654 6760 6761 4655)
4(4575 4656 6762 6681)
4(4655 6761 6762 4656)
4(4576 4657 6763 6682)
4(4656 6762 6763 4657)
4(4577 4658 6764 6683)
4(4657 6763 6764 4658)
4(4578 4659 6765 6684)
4(4658 6764 6765 4659)
4(4579 4660 6766 6685)
4(4659 6765 6766 4660)
4(4580 4661 6767 6686)
4(4660 6766 6767 4661)
4(4581 4662 6768 6687)
4(4661 6767 6768 4662)
4(4582 4663 6769 6688)
4(4662 6768 6769 4663)
4(4583 4664 6770 6689)
4(4663 6769 6770 4664)
4(4584 4665 6771 6690)
4(4664 6770 6771 4665)
4(4585 4666 6772 6691)
4(4665 6771 6772 4666)
4(4586 4667 6773 6692)
4(4666 6772 6773 4667)
4(4587 4668 6774 6693)
4(4667 6773 6774 4668)
4(4588 4669 6775 6694)
4(4668 6774 6775 4669)
4(4589 4670 6776 6695)
4(4669 6775 6776 4670)
4(4590 4671 6777 6696)
4(4670 6776 6777 4671)
4(4591 4672 6778 6697)
4(4671 6777 6778 4672)
4(4592 4673 6779 6698)
4(4672 6778 6779 4673)
4(4593 4674 6780 6699)
4(4673 6779 6780 4674)
4(4594 4675 6781 6700)
4(4674 6780 6781 4675)
4(4595 4676 6782 6701)
4(4675 6781 6782 4676)
4(4596 4677 6783 6702)
4(4676 6782 6783 4677)
4(4597 4678 6784 6703)
4(4677 6783 6784 4678)
4(4598 4679 6785 6704)
4(4678 6784 6785 4679)
4(4599 4680 6786 6705)
4(4679 6785 6786 4680)
4(4600 4681 6787 6706)
4(4680 6786 6787 4681)
4(4601 4682 6788 6707)
4(4681 6787 6788 4682)
4(4602 4683 6789 6708)
4(4682 6788 6789 4683)
4(4603 4684 6790 6709)
4(4683 6789 6790 4684)
4(4604 4685 6791 6710)
4(4684 6790 6791 4685)
4(4605 4686 6792 6711)
4(4685 6791 6792 4686)
4(4606 4687 6793 6712)
4(4686 6792 6793 4687)
4(4607 4688 6794 6713)
4(4687 6793 6794 4688)
4(4608 4689 6795 6714)
4(4688 6794 6795 4689)
4(4609 4690 6796 6715)
4(4689 6795 6796 4690)
4(4610 4691 6797 6716)
4(4690 6796 6797 4691)
4(4611 4692 6798 6717)
4(4691 6797 6798 4692)
4(4612 4693 6799 6718)
4(4692 6798 6799 4693)
4(4613 4694 6800 6719)
4(4693 6799 6800 4694)
4(4614 4695 6801 6720)
4(4694 6800 6801 4695)
4(4615 4696 6802 6721)
4(4695 6801 6802 4696)
4(4696 6802 6803 4697)
4(4618 4699 6805 6724)
4(4698 6804 6805 4699)
4(4619 4700 6806 6725)
4(4699 6805 6806 4700)
4(4620 4701 6807 6726)
4(4700 6806 6807 4701)
4(4621 4702 6808 6727)
4(4701 6807 6808 4702)
4(4622 4703 6809 6728)
4(4702 6808 6809 4703)
4(4623 4704 6810 6729)
4(4703 6809 6810 4704)
4(4624 4705 6811 6730)
4(4704 6810 6811 4705)
4(4625 4706 6812 6731)
4(4705 6811 6812 4706)
4(4626 4707 6813 6732)
4(4706 6812 6813 4707)
4(4627 4708 6814 6733)
4(4707 6813 6814 4708)
4(4628 4709 6815 6734)
4(4708 6814 6815 4709)
4(4629 4710 6816 6735)
4(4709 6815 6816 4710)
4(4630 4711 6817 6736)
4(4710 6816 6817 4711)
4(4631 4712 6818 6737)
4(4711 6817 6818 4712)
4(4632 4713 6819 6738)
4(4712 6818 6819 4713)
4(4633 4714 6820 6739)
4(4713 6819 6820 4714)
4(4634 4715 6821 6740)
4(4714 6820 6821 4715)
4(4635 4716 6822 6741)
4(4715 6821 6822 4716)
4(4636 4717 6823 6742)
4(4716 6822 6823 4717)
4(4637 4718 6824 6743)
4(4717 6823 6824 4718)
4(4638 4719 6825 6744)
4(4718 6824 6825 4719)
4(4639 4720 6826 6745)
4(4719 6825 6826 4720)
4(4640 4721 6827 6746)
4(4720 6826 6827 4721)
4(4641 4722 6828 6747)
4(4721 6827 6828 4722)
4(4642 4723 6829 6748)
4(4722 6828 6829 4723)
4(4643 4724 6830 6749)
4(4723 6829 6830 4724)
4(4644 4725 6831 6750)
4(4724 6830 6831 4725)
4(4645 4726 6832 6751)
4(4725 6831 6832 4726)
4(4646 4727 6833 6752)
4(4726 6832 6833 4727)
4(4647 4728 6834 6753)
4(4727 6833 6834 4728)
4(4648 4729 6835 6754)
4(4728 6834 6835 4729)
4(4649 4730 6836 6755)
4(4729 6835 6836 4730)
4(4650 4731 6837 6756)
4(4730 6836 6837 4731)
4(4651 4732 6838 6757)
4(4731 6837 6838 4732)
4(4652 4733 6839 6758)
4(4732 6838 6839 4733)
4(4653 4734 6840 6759)
4(4733 6839 6840 4734)
4(4654 4735 6841 6760)
4(4734 6840 6841 4735)
4(4655 4736 6842 6761)
4(4735 6841 6842 4736)
4(4656 4737 6843 6762)
4(4736 6842 6843 4737)
4(4657 4738 6844 6763)
4(4737 6843 6844 4738)
4(4658 4739 6845 6764)
4(4738 6844 6845 4739)
4(4659 4740 6846 6765)
4(4739 6845 6846 4740)
4(4660 4741 6847 6766)
4(4740 6846 6847 4741)
4(4661 4742 6848 6767)
4(4741 6847 6848 4742)
4(4662 4743 6849 6768)
4(4742 6848 6849 4743)
4(4663 4744 6850 6769)
4(4743 6849 6850 4744)
4(4664 4745 6851 6770)
4(4744 6850 6851 4745)
4(4665 4746 6852 6771)
4(4745 6851 6852 4746)
4(4666 4747 6853 6772)
4(4746 6852 6853 4747)
4(4667 4748 6854 6773)
4(4747 6853 6854 4748)
4(4668 4749 6855 6774)
4(4748 6854 6855 4749)
4(4669 4750 6856 6775)
4(4749 6855 6856 4750)
4(4670 4751 6857 6776)
4(4750 6856 6857 4751)
4(4671 4752 6858 6777)
4(4751 6857 6858 4752)
4(4672 4753 6859 6778)
4(4752 6858 6859 4753)
4(4673 4754 6860 6779)
4(4753 6859 6860 4754)
4(4674 4755 6861 6780)
4(4754 6860 6861 4755)
4(4675 4756 6862 6781)
4(4755 6861 6862 4756)
4(4676 4757 6863 6782)
4(4756 6862 6863 4757)
4(4677 4758 6864 6783)
4(4757 6863 6864 4758)
4(4678 4759 6865 6784)
4(4758 6864 6865 4759)
4(4679 4760 6866 6785)
4(4759 6865 6866 4760)
4(4680 4761 6867 6786)
4(4760 6866 6867 4761)
4(4681 4762 6868 6787)
4(4761 6867 6868 4762)
4(4682 4763 6869 6788)
4(4762 6868 6869 4763)
4(4683 4764 6870 6789)
4(4763 6869 6870 4764)
4(4684 4765 6871 6790)
4(4764 6870 6871 4765)
4(4685 4766 6872 6791)
4(4765 6871 6872 4766)
4(4686 4767 6873 6792)
4(4766 6872 6873 4767)
4(4687 4768 6874 6793)
4(4767 6873 6874 4768)
4(4688 4769 6875 6794)
4(4768 6874 6875 4769)
4(4689 4770 6876 6795)
4(4769 6875 6876 4770)
4(4690 4771 6877 6796)
4(4770 6876 6877 4771)
4(4691 4772 6878 6797)
4(4771 6877 6878 4772)
4(4692 4773 6879 6798)
4(4772 6878 6879 4773)
4(4693 4774 6880 6799)
4(4773 6879 6880 4774)
4(4694 4775 6881 6800)
4(4774 6880 6881 4775)
4(4695 4776 6882 6801)
4(4775 6881 6882 4776)
4(4696 4777 6883 6802)
4(4776 6882 6883 4777)
4(4777 6883 6884 4778)
4(4699 4780 6886 6805)
4(4779 6885 6886 4780)
4(4700 4781 6887 6806)
4(4780 6886 6887 4781)
4(4701 4782 6888 6807)
4(4781 6887 6888 4782)
4(4702 4783 6889 6808)
4(4782 6888 6889 4783)
4(4703 4784 6890 6809)
4(4783 6889 6890 4784)
4(4704 4785 6891 6810)
4(4784 6890 6891 4785)
4(4705 4786 6892 6811)
4(4785 6891 6892 4786)
4(4706 4787 6893 6812)
4(4786 6892 6893 4787)
4(4707 4788 6894 6813)
4(4787 6893 6894 4788)
4(4708 4789 6895 6814)
4(4788 6894 6895 4789)
4(4709 4790 6896 6815)
4(4789 6895 6896 4790)
4(4710 4791 6897 6816)
4(4790 6896 6897 4791)
4(4711 4792 6898 6817)
4(4791 6897 6898 4792)
4(4712 4793 6899 6818)
4(4792 6898 6899 4793)
4(4713 4794 6900 6819)
4(4793 6899 6900 4794)
4(4714 4795 6901 6820)
4(4794 6900 6901 4795)
4(4715 4796 6902 6821)
4(4795 6901 6902 4796)
4(4716 4797 6903 6822)
4(4796 6902 6903 4797)
4(4717 4798 6904 6823)
4(4797 6903 6904 4798)
4(4718 4799 6905 6824)
4(4798 6904 6905 4799)
4(4719 4800 6906 6825)
4(4799 6905 6906 4800)
4(4720 4801 6907 6826)
4(4800 6906 6907 4801)
4(4721 4802 6908 6827)
4(4801 6907 6908 4802)
4(4722 4803 6909 6828)
4(4802 6908 6909 4803)
4(4723 4804 6910 6829)
4(4803 6909 6910 4804)
4(4724 4805 6911 6830)
4(4804 6910 6911 4805)
4(4725 4806 6912 6831)
4(4805 6911 6912 4806)
4(4726 4807 6913 6832)
4(4806 6912 6913 4807)
4(4727 4808 6914 6833)
4(4807 6913 6914 4808)
4(4728 4809 6915 6834)
4(4808 6914 6915 4809)
4(4729 4810 6916 6835)
4(4809 6915 6916 4810)
4(4730 4811 6917 6836)
4(4810 6916 6917 4811)
4(4731 4812 6918 6837)
4(4811 6917 6918 4812)
4(4732 4813 6919 6838)
4(4812 6918 6919 4813)
4(4733 4814 6920 6839)
4(4813 6919 6920 4814)
4(4734 4815 6921 6840)
4(4814 6920 6921 4815)
4(4735 4816 6922 6841)
4(4815 6921 6922 4816)
4(4736 4817 6923 6842)
4(4816 6922 6923 4817)
4(4737 4818 6924 6843)
4(4817 6923 6924 4818)
4(4738 4819 6925 6844)
4(4818 6924 6925 4819)
4(4739 4820 6926 6845)
4(4819 6925 6926 4820)
4(4740 4821 6927 6846)
4(4820 6926 6927 4821)
4(4741 4822 6928 6847)
4(4821 6927 6928 4822)
4(4742 4823 6929 6848)
4(4822 6928 6929 4823)
4(4743 4824 6930 6849)
4(4823 6929 6930 4824)
4(4744 4825 6931 6850)
4(4824 6930 6931 4825)
4(4745 4826 6932 6851)
4(4825 6931 6932 4826)
4(4746 4827 6933 6852)
4(4826 6932 6933 4827)
4(4747 4828 6934 6853)
4(4827 6933 6934 4828)
4(4748 4829 6935 6854)
4(4828 6934 6935 4829)
4(4749 4830 6936 6855)
4(4829 6935 6936 4830)
4(4750 4831 6937 6856)
4(4830 6936 6937 4831)
4(4751 4832 6938 6857)
4(4831 6937 6938 4832)
4(4752 4833 6939 6858)
4(4832 6938 6939 4833)
4(4753 4834 6940 6859)
4(4833 6939 6940 4834)
4(4754 4835 6941 6860)
4(4834 6940 6941 4835)
4(4755 4836 6942 6861)
4(4835 6941 6942 4836)
4(4756 4837 6943 6862)
4(4836 6942 6943 4837)
4(4757 4838 6944 6863)
4(4837 6943 6944 4838)
4(4758 4839 6945 6864)
4(4838 6944 6945 4839)
4(4759 4840 6946 6865)
4(4839 6945 6946 4840)
4(4760 4841 6947 6866)
4(4840 6946 6947 4841)
4(4761 4842 6948 6867)
4(4841 6947 6948 4842)
4(4762 4843 6949 6868)
4(4842 6948 6949 4843)
4(4763 4844 6950 6869)
4(4843 6949 6950 4844)
4(4764 4845 6951 6870)
4(4844 6950 6951 4845)
4(4765 4846 6952 6871)
4(4845 6951 6952 4846)
4(4766 4847 6953 6872)
4(4846 6952 6953 4847)
4(4767 4848 6954 6873)
4(4847 6953 6954 4848)
4(4768 4849 6955 6874)
4(4848 6954 6955 4849)
4(4769 4850 6956 6875)
4(4849 6955 6956 4850)
4(4770 4851 6957 6876)
4(4850 6956 6957 4851)
4(4771 4852 6958 6877)
4(4851 6957 6958 4852)
4(4772 4853 6959 6878)
4(4852 6958 6959 4853)
4(4773 4854 6960 6879)
4(4853 6959 6960 4854)
4(4774 4855 6961 6880)
4(4854 6960 6961 4855)
4(4775 4856 6962 6881)
4(4855 6961 6962 4856)
4(4776 4857 6963 6882)
4(4856 6962 6963 4857)
4(4777 4858 6964 6883)
4(4857 6963 6964 4858)
4(4858 6964 6965 4859)
4(4780 4861 6967 6886)
4(4860 6966 6967 4861)
4(4781 4862 6968 6887)
4(4861 6967 6968 4862)
4(4782 4863 6969 6888)
4(4862 6968 6969 4863)
4(4783 4864 6970 6889)
4(4863 6969 6970 4864)
4(4784 4865 6971 6890)
4(4864 6970 6971 4865)
4(4785 4866 6972 6891)
4(4865 6971 6972 4866)
4(4786 4867 6973 6892)
4(4866 6972 6973 4867)
4(4787 4868 6974 6893)
4(4867 6973 6974 4868)
4(4788 4869 6975 6894)
4(4868 6974 6975 4869)
4(4789 4870 6976 6895)
4(4869 6975 6976 4870)
4(4790 4871 6977 6896)
4(4870 6976 6977 4871)
4(4791 4872 6978 6897)
4(4871 6977 6978 4872)
4(4792 4873 6979 6898)
4(4872 6978 6979 4873)
4(4793 4874 6980 6899)
4(4873 6979 6980 4874)
4(4794 4875 6981 6900)
4(4874 6980 6981 4875)
4(4795 4876 6982 6901)
4(4875 6981 6982 4876)
4(4796 4877 6983 6902)
4(4876 6982 6983 4877)
4(4797 4878 6984 6903)
4(4877 6983 6984 4878)
4(4798 4879 6985 6904)
4(4878 6984 6985 4879)
4(4799 4880 6986 6905)
4(4879 6985 6986 4880)
4(4800 4881 6987 6906)
4(4880 6986 6987 4881)
4(4801 4882 6988 6907)
4(4881 6987 6988 4882)
4(4802 4883 6989 6908)
4(4882 6988 6989 4883)
4(4803 4884 6990 6909)
4(4883 6989 6990 4884)
4(4804 4885 6991 6910)
4(4884 6990 6991 4885)
4(4805 4886 6992 6911)
4(4885 6991 6992 4886)
4(4806 4887 6993 6912)
4(4886 6992 6993 4887)
4(4807 4888 6994 6913)
4(4887 6993 6994 4888)
4(4808 4889 6995 6914)
4(4888 6994 6995 4889)
4(4809 4890 6996 6915)
4(4889 6995 6996 4890)
4(4810 4891 6997 6916)
4(4890 6996 6997 4891)
4(4811 4892 6998 6917)
4(4891 6997 6998 4892)
4(4812 4893 6999 6918)
4(4892 6998 6999 4893)
4(4813 4894 7000 6919)
4(4893 6999 7000 4894)
4(4814 4895 7001 6920)
4(4894 7000 7001 4895)
4(4815 4896 7002 6921)
4(4895 7001 7002 4896)
4(4816 4897 7003 6922)
4(4896 7002 7003 4897)
4(4817 4898 7004 6923)
4(4897 7003 7004 4898)
4(4818 4899 7005 6924)
4(4898 7004 7005 4899)
4(4819 4900 7006 6925)
4(4899 7005 7006 4900)
4(4820 4901 7007 6926)
4(4900 7006 7007 4901)
4(4821 4902 7008 6927)
4(4901 7007 7008 4902)
4(4822 4903 7009 6928)
4(4902 7008 7009 4903)
4(4823 4904 7010 6929)
4(4903 7009 7010 4904)
4(4824 4905 7011 6930)
4(4904 7010 7011 4905)
4(4825 4906 7012 6931)
4(4905 7011 7012 4906)
4(4826 4907 7013 6932)
4(4906 7012 7013 4907)
4(4827 4908 7014 6933)
4(4907 7013 7014 4908)
4(4828 4909 7015 6934)
4(4908 7014 7015 4909)
4(4829 4910 7016 6935)
4(4909 7015 7016 4910)
4(4830 4911 7017 6936)
4(4910 7016 7017 4911)
4(4831 4912 7018 6937)
4(4911 7017 7018 4912)
4(4832 4913 7019 6938)
4(4912 7018 7019 4913)
4(4833 4914 7020 6939)
4(4913 7019 7020 4914)
4(4834 4915 7021 6940)
4(4914 7020 7021 4915)
4(4835 4916 7022 6941)
4(4915 7021 7022 4916)
4(4836 4917 7023 6942)
4(4916 7022 7023 4917)
4(4837 4918 7024 6943)
4(4917 7023 7024 4918)
4(4838 4919 7025 6944)
4(4918 7024 7025 4919)
4(4839 4920 7026 6945)
4(4919 7025 7026 4920)
4(4840 4921 7027 6946)
4(4920 7026 7027 4921)
4(4841 4922 7028 6947)
4(4921 7027 7028 4922)
4(4842 4923 7029 6948)
4(4922 7028 7029 4923)
4(4843 4924 7030 6949)
4(4923 7029 7030 4924)
4(4844 4925 7031 6950)
4(4924 7030 7031 4925)
4(4845 4926 7032 6951)
4(4925 7031 7032 4926)
4(4846 4927 7033 6952)
4(4926 7032 7033 4927)
4(4847 4928 7034 6953)
4(4927 7033 7034 4928)
4(4848 4929 7035 6954)
4(4928 7034 7035 4929)
4(4849 4930 7036 6955)
4(4929 7035 7036 4930)
4(4850 4931 7037 6956)
4(4930 7036 7037 4931)
4(4851 4932 7038 6957)
4(4931 7037 7038 4932)
4(4852 4933 7039 6958)
4(4932 7038 7039 4933)
4(4853 4934 7040 6959)
4(4933 7039 7040 4934)
4(4854 4935 7041 6960)
4(4934 7040 7041 4935)
4(4855 4936 7042 6961)
4(4935 7041 7042 4936)
4(4856 4937 7043 6962)
4(4936 7042 7043 4937)
4(4857 4938 7044 6963)
4(4937 7043 7044 4938)
4(4858 4939 7045 6964)
4(4938 7044 7045 4939)
4(4939 7045 7046 4940)
4(4861 4942 7048 6967)
4(4941 7047 7048 4942)
4(4862 4943 7049 6968)
4(4942 7048 7049 4943)
4(4863 4944 7050 6969)
4(4943 7049 7050 4944)
4(4864 4945 7051 6970)
4(4944 7050 7051 4945)
4(4865 4946 7052 6971)
4(4945 7051 7052 4946)
4(4866 4947 7053 6972)
4(4946 7052 7053 4947)
4(4867 4948 7054 6973)
4(4947 7053 7054 4948)
4(4868 4949 7055 6974)
4(4948 7054 7055 4949)
4(4869 4950 7056 6975)
4(4949 7055 7056 4950)
4(4870 4951 7057 6976)
4(4950 7056 7057 4951)
4(4871 4952 7058 6977)
4(4951 7057 7058 4952)
4(4872 4953 7059 6978)
4(4952 7058 7059 4953)
4(4873 4954 7060 6979)
4(4953 7059 7060 4954)
4(4874 4955 7061 6980)
4(4954 7060 7061 4955)
4(4875 4956 7062 6981)
4(4955 7061 7062 4956)
4(4876 4957 7063 6982)
4(4956 7062 7063 4957)
4(4877 4958 7064 6983)
4(4957 7063 7064 4958)
4(4878 4959 7065 6984)
4(4958 7064 7065 4959)
4(4879 4960 7066 6985)
4(4959 7065 7066 4960)
4(4880 4961 7067 6986)
4(4960 7066 7067 4961)
4(4881 4962 7068 6987)
4(4961 7067 7068 4962)
4(4882 4963 7069 6988)
4(4962 7068 7069 4963)
4(4883 4964 7070 6989)
4(4963 7069 7070 4964)
4(4884 4965 7071 6990)
4(4964 7070 7071 4965)
4(4885 4966 7072 6991)
4(4965 7071 7072 4966)
4(4886 4967 7073 6992)
4(4966 7072 7073 4967)
4(4887 4968 7074 6993)
4(4967 7073 7074 4968)
4(4888 4969 7075 6994)
4(4968 7074 7075 4969)
4(4889 4970 7076 6995)
4(4969 7075 7076 4970)
4(4890 4971 7077 6996)
4(4970 7076 7077 4971)
4(4891 4972 7078 6997)
4(4971 7077 7078 4972)
4(4892 4973 7079 6998)
4(4972 7078 7079 4973)
4(4893 4974 7080 6999)
4(4973 7079 7080 4974)
4(4894 4975 7081 7000)
4(4974 7080 7081 4975)
4(4895 4976 7082 7001)
4(4975 7081 7082 4976)
4(4896 4977 7083 7002)
4(4976 7082 7083 4977)
4(4897 4978 7084 7003)
4(4977 7083 7084 4978)
4(4898 4979 7085 7004)
4(4978 7084 7085 4979)
4(4899 4980 7086 7005)
4(4979 7085 7086 4980)
4(4900 4981 7087 7006)
4(4980 7086 7087 4981)
4(4901 4982 7088 7007)
4(4981 7087 7088 4982)
4(4902 4983 7089 7008)
4(4982 7088 7089 4983)
4(4903 4984 7090 7009)
4(4983 7089 7090 4984)
4(4904 4985 7091 7010)
4(4984 7090 7091 4985)
4(4905 4986 7092 7011)
4(4985 7091 7092 4986)
4(4906 4987 7093 7012)
4(4986 7092 7093 4987)
4(4907 4988 7094 7013)
4(4987 7093 7094 4988)
4(4908 4989 7095 7014)
4(4988 7094 7095 4989)
4(4909 4990 7096 7015)
4(4989 7095 7096 4990)
4(4910 4991 7097 7016)
4(4990 7096 7097 4991)
4(4911 4992 7098 7017)
4(4991 7097 7098 4992)
4(4912 4993 7099 7018)
4(4992 7098 7099 4993)
4(4913 4994 7100 7019)
4(4993 7099 7100 4994)
4(4914 4995 7101 7020)
4(4994 7100 7101 4995)
4(4915 4996 7102 7021)
4(4995 7101 7102 4996)
4(4916 4997 7103 7022)
4(4996 7102 7103 4997)
4(4917 4998 7104 7023)
4(4997 7103 7104 4998)
4(4918 4999 7105 7024)
4(4998 7104 7105 4999)
4(4919 5000 7106 7025)
4(4999 7105 7106 5000)
4(4920 5001 7107 7026)
4(5000 7106 7107 5001)
4(4921 5002 7108 7027)
4(5001 7107 7108 5002)
4(4922 5003 7109 7028)
4(5002 7108 7109 5003)
4(4923 5004 7110 7029)
4(5003 7109 7110 5004)
4(4924 5005 7111 7030)
4(5004 7110 7111 5005)
4(4925 5006 7112 7031)
4(5005 7111 7112 5006)
4(4926 5007 7113 7032)
4(5006 7112 7113 5007)
4(4927 5008 7114 7033)
4(5007 7113 7114 5008)
4(4928 5009 7115 7034)
4(5008 7114 7115 5009)
4(4929 5010 7116 7035)
4(5009 7115 7116 5010)
4(4930 5011 7117 7036)
4(5010 7116 7117 5011)
4(4931 5012 7118 7037)
4(5011 7117 7118 5012)
4(4932 5013 7119 7038)
4(5012 7118 7119 5013)
4(4933 5014 7120 7039)
4(5013 7119 7120 5014)
4(4934 5015 7121 7040)
4(5014 7120 7121 5015)
4(4935 5016 7122 7041)
4(5015 7121 7122 5016)
4(4936 5017 7123 7042)
4(5016 7122 7123 5017)
4(4937 5018 7124 7043)
4(5017 7123 7124 5018)
4(4938 5019 7125 7044)
4(5018 7124 7125 5019)
4(4939 5020 7126 7045)
4(5019 7125 7126 5020)
4(5020 7126 7127 5021)
4(4942 5023 7129 7048)
4(5022 7128 7129 5023)
4(4943 5024 7130 7049)
4(5023 7129 7130 5024)
4(4944 5025 7131 7050)
4(5024 7130 7131 5025)
4(4945 5026 7132 7051)
4(5025 7131 7132 5026)
4(4946 5027 7133 7052)
4(5026 7132 7133 5027)
4(4947 5028 7134 7053)
4(5027 7133 7134 5028)
4(4948 5029 7135 7054)
4(5028 7134 7135 5029)
4(4949 5030 7136 7055)
4(5029 7135 7136 5030)
4(4950 5031 7137 7056)
4(5030 7136 7137 5031)
4(4951 5032 7138 7057)
4(5031 7137 7138 5032)
4(4952 5033 7139 7058)
4(5032 7138 7139 5033)
4(4953 5034 7140 7059)
4(5033 7139 7140 5034)
4(4954 5035 7141 7060)
4(5034 7140 7141 5035)
4(4955 5036 7142 7061)
4(5035 7141 7142 5036)
4(4956 5037 7143 7062)
4(5036 7142 7143 5037)
4(4957 5038 7144 7063)
4(5037 7143 7144 5038)
4(4958 5039 7145 7064)
4(5038 7144 7145 5039)
4(4959 5040 7146 7065)
4(5039 7145 7146 5040)
4(4960 5041 7147 7066)
4(5040 7146 7147 5041)
4(4961 5042 7148 7067)
4(5041 7147 7148 5042)
4(4962 5043 7149 7068)
4(5042 7148 7149 5043)
4(4963 5044 7150 7069)
4(5043 7149 7150 5044)
4(4964 5045 7151 7070)
4(5044 7150 7151 5045)
4(4965 5046 7152 7071)
4(5045 7151 7152 5046)
4(4966 5047 7153 7072)
4(5046 7152 7153 5047)
4(4967 5048 7154 7073)
4(5047 7153 7154 5048)
4(4968 5049 7155 7074)
4(5048 7154 7155 5049)
4(4969 5050 7156 7075)
4(5049 7155 7156 5050)
4(4970 5051 7157 7076)
4(5050 7156 7157 5051)
4(4971 5052 7158 7077)
4(5051 7157 7158 5052)
4(4972 5053 7159 7078)
4(5052 7158 7159 5053)
4(4973 5054 7160 7079)
4(5053 7159 7160 5054)
4(4974 5055 7161 7080)
4(5054 7160 7161 5055)
4(4975 5056 7162 7081)
4(5055 7161 7162 5056)
4(4976 5057 7163 7082)
4(5056 7162 7163 5057)
4(4977 5058 7164 7083)
4(5057 7163 7164 5058)
4(4978 5059 7165 7084)
4(5058 7164 7165 5059)
4(4979 5060 7166 7085)
4(5059 7165 7166 5060)
4(4980 5061 7167 7086)
4(5060 7166 7167 5061)
4(4981 5062 7168 7087)
4(5061 7167 7168 5062)
4(4982 5063 7169 7088)
4(5062 7168 7169 5063)
4(4983 5064 7170 7089)
4(5063 7169 7170 5064)
4(4984 5065 7171 7090)
4(5064 7170 7171 5065)
4(4985 5066 7172 7091)
4(5065 7171 7172 5066)
4(4986 5067 7173 7092)
4(5066 7172 7173 5067)
4(4987 5068 7174 7093)
4(5067 7173 7174 5068)
4(4988 5069 7175 7094)
4(5068 7174 7175 5069)
4(4989 5070 7176 7095)
4(5069 7175 7176 5070)
4(4990 5071 7177 7096)
4(5070 7176 7177 5071)
4(4991 5072 7178 7097)
4(5071 7177 7178 5072)
4(4992 5073 7179 7098)
4(5072 7178 7179 5073)
4(4993 5074 7180 7099)
4(5073 7179 7180 5074)
4(4994 5075 7181 7100)
4(5074 7180 7181 5075)
4(4995 5076 7182 7101)
4(5075 7181 7182 5076)
4(4996 5077 7183 7102)
4(5076 7182 7183 5077)
4(4997 5078 7184 7103)
4(5077 7183 7184 5078)
4(4998 5079 7185 7104)
4(5078 7184 7185 5079)
4(4999 5080 7186 7105)
4(5079 7185 7186 5080)
4(5000 5081 7187 7106)
4(5080 7186 7187 5081)
4(5001 5082 7188 7107)
4(5081 7187 7188 5082)
4(5002 5083 7189 7108)
4(5082 7188 7189 5083)
4(5003 5084 7190 7109)
4(5083 7189 7190 5084)
4(5004 5085 7191 7110)
4(5084 7190 7191 5085)
4(5005 5086 7192 7111)
4(5085 7191 7192 5086)
4(5006 5087 7193 7112)
4(5086 7192 7193 5087)
4(5007 5088 7194 7113)
4(5087 7193 7194 5088)
4(5008 5089 7195 7114)
4(5088 7194 7195 5089)
4(5009 5090 7196 7115)
4(5089 7195 7196 5090)
4(5010 5091 7197 7116)
4(5090 7196 7197 5091)
4(5011 5092 7198 7117)
4(5091 7197 7198 5092)
4(5012 5093 7199 7118)
4(5092 7198 7199 5093)
4(5013 5094 7200 7119)
4(5093 7199 7200 5094)
4(5014 5095 7201 7120)
4(5094 7200 7201 5095)
4(5015 5096 7202 7121)
4(5095 7201 7202 5096)
4(5016 5097 7203 7122)
4(5096 7202 7203 5097)
4(5017 5098 7204 7123)
4(5097 7203 7204 5098)
4(5018 5099 7205 7124)
4(5098 7204 7205 5099)
4(5019 5100 7206 7125)
4(5099 7205 7206 5100)
4(5020 5101 7207 7126)
4(5100 7206 7207 5101)
4(5101 7207 7208 5102)
4(5023 5104 7210 7129)
4(5103 7209 7210 5104)
4(5024 5105 7211 7130)
4(5104 7210 7211 5105)
4(5025 5106 7212 7131)
4(5105 7211 7212 5106)
4(5026 5107 7213 7132)
4(5106 7212 7213 5107)
4(5027 5108 7214 7133)
4(5107 7213 7214 5108)
4(5028 5109 7215 7134)
4(5108 7214 7215 5109)
4(5029 5110 7216 7135)
4(5109 7215 7216 5110)
4(5030 5111 7217 7136)
4(5110 7216 7217 5111)
4(5031 5112 7218 7137)
4(5111 7217 7218 5112)
4(5032 5113 7219 7138)
4(5112 7218 7219 5113)
4(5033 5114 7220 7139)
4(5113 7219 7220 5114)
4(5034 5115 7221 7140)
4(5114 7220 7221 5115)
4(5035 5116 7222 7141)
4(5115 7221 7222 5116)
4(5036 5117 7223 7142)
4(5116 7222 7223 5117)
4(5037 5118 7224 7143)
4(5117 7223 7224 5118)
4(5038 5119 7225 7144)
4(5118 7224 7225 5119)
4(5039 5120 7226 7145)
4(5119 7225 7226 5120)
4(5040 5121 7227 7146)
4(5120 7226 7227 5121)
4(5041 5122 7228 7147)
4(5121 7227 7228 5122)
4(5042 5123 7229 7148)
4(5122 7228 7229 5123)
4(5043 5124 7230 7149)
4(5123 7229 7230 5124)
4(5044 5125 7231 7150)
4(5124 7230 7231 5125)
4(5045 5126 7232 7151)
4(5125 7231 7232 5126)
4(5046 5127 7233 7152)
4(5126 7232 7233 5127)
4(5047 5128 7234 7153)
4(5127 7233 7234 5128)
4(5048 5129 7235 7154)
4(5128 7234 7235 5129)
4(5049 5130 7236 7155)
4(5129 7235 7236 5130)
4(5050 5131 7237 7156)
4(5130 7236 7237 5131)
4(5051 5132 7238 7157)
4(5131 7237 7238 5132)
4(5052 5133 7239 7158)
4(5132 7238 7239 5133)
4(5053 5134 7240 7159)
4(5133 7239 7240 5134)
4(5054 5135 7241 7160)
4(5134 7240 7241 5135)
4(5055 5136 7242 7161)
4(5135 7241 7242 5136)
4(5056 5137 7243 7162)
4(5136 7242 7243 5137)
4(5057 5138 7244 7163)
4(5137 7243 7244 5138)
4(5058 5139 7245 7164)
4(5138 7244 7245 5139)
4(5059 5140 7246 7165)
4(5139 7245 7246 5140)
4(5060 5141 7247 7166)
4(5140 7246 7247 5141)
4(5061 5142 7248 7167)
4(5141 7247 7248 5142)
4(5062 5143 7249 7168)
4(5142 7248 7249 5143)
4(5063 5144 7250 7169)
4(5143 7249 7250 5144)
4(5064 5145 7251 7170)
4(5144 7250 7251 5145)
4(5065 5146 7252 7171)
4(5145 7251 7252 5146)
4(5066 5147 7253 7172)
4(5146 7252 7253 5147)
4(5067 5148 7254 7173)
4(5147 7253 7254 5148)
4(5068 5149 7255 7174)
4(5148 7254 7255 5149)
4(5069 5150 7256 7175)
4(5149 7255 7256 5150)
4(5070 5151 7257 7176)
4(5150 7256 7257 5151)
4(5071 5152 7258 7177)
4(5151 7257 7258 5152)
4(5072 5153 7259 7178)
4(5152 7258 7259 5153)
4(5073 5154 7260 7179)
4(5153 7259 7260 5154)
4(5074 5155 7261 7180)
4(5154 7260 7261 5155)
4(5075 5156 7262 7181)
4(5155 7261 7262 5156)
4(5076 5157 7263 7182)
4(5156 7262 7263 5157)
4(5077 5158 7264 7183)
4(5157 7263 7264 5158)
4(5078 5159 7265 7184)
4(5158 7264 7265 5159)
4(5079 5160 7266 7185)
4(5159 7265 7266 5160)
4(5080 5161 7267 7186)
4(5160 7266 7267 5161)
4(5081 5162 7268 7187)
4(5161 7267 7268 5162)
4(5082 5163 7269 7188)
4(5162 7268 7269 5163)
4(5083 5164 7270 7189)
4(5163 7269 7270 5164)
4(5084 5165 7271 7190)
4(5164 7270 7271 5165)
4(5085 5166 7272 7191)
4(5165 7271 7272 5166)
4(5086 5167 7273 7192)
4(5166 7272 7273 5167)
4(5087 5168 7274 7193)
4(5167 7273 7274 5168)
4(5088 5169 7275 7194)
4(5168 7274 7275 5169)
4(5089 5170 7276 7195)
4(5169 7275 7276 5170)
4(5090 5171 7277 7196)
4(5170 7276 7277 5171)
4(5091 5172 7278 7197)
4(5171 7277 7278 5172)
4(5092 5173 7279 7198)
4(5172 7278 7279 5173)
4(5093 5174 7280 7199)
4(5173 7279 7280 5174)
4(5094 5175 7281 7200)
4(5174 7280 7281 5175)
4(5095 5176 7282 7201)
4(5175 7281 7282 5176)
4(5096 5177 7283 7202)
4(5176 7282 7283 5177)
4(5097 5178 7284 7203)
4(5177 7283 7284 5178)
4(5098 5179 7285 7204)
4(5178 7284 7285 5179)
4(5099 5180 7286 7205)
4(5179 7285 7286 5180)
4(5100 5181 7287 7206)
4(5180 7286 7287 5181)
4(5101 5182 7288 7207)
4(5181 7287 7288 5182)
4(5182 7288 7289 5183)
4(5104 5185 7291 7210)
4(5184 7290 7291 5185)
4(5105 5186 7292 7211)
4(5185 7291 7292 5186)
4(5106 5187 7293 7212)
4(5186 7292 7293 5187)
4(5107 5188 7294 7213)
4(5187 7293 7294 5188)
4(5108 5189 7295 7214)
4(5188 7294 7295 5189)
4(5109 5190 7296 7215)
4(5189 7295 7296 5190)
4(5110 5191 7297 7216)
4(5190 7296 7297 5191)
4(5111 5192 7298 7217)
4(5191 7297 7298 5192)
4(5112 5193 7299 7218)
4(5192 7298 7299 5193)
4(5113 5194 7300 7219)
4(5193 7299 7300 5194)
4(5114 5195 7301 7220)
4(5194 7300 7301 5195)
4(5115 5196 7302 7221)
4(5195 7301 7302 5196)
4(5116 5197 7303 7222)
4(5196 7302 7303 5197)
4(5117 5198 7304 7223)
4(5197 7303 7304 5198)
4(5118 5199 7305 7224)
4(5198 7304 7305 5199)
4(5119 5200 7306 7225)
4(5199 7305 7306 5200)
4(5120 5201 7307 7226)
4(5200 7306 7307 5201)
4(5121 5202 7308 7227)
4(5201 7307 7308 5202)
4(5122 5203 7309 7228)
4(5202 7308 7309 5203)
4(5123 5204 7310 7229)
4(5203 7309 7310 5204)
4(5124 5205 7311 7230)
4(5204 7310 7311 5205)
4(5125 5206 7312 7231)
4(5205 7311 7312 5206)
4(5126 5207 7313 7232)
4(5206 7312 7313 5207)
4(5127 5208 7314 7233)
4(5207 7313 7314 5208)
4(5128 5209 7315 7234)
4(5208 7314 7315 5209)
4(5129 5210 7316 7235)
4(5209 7315 7316 5210)
4(5130 5211 7317 7236)
4(5210 7316 7317 5211)
4(5131 5212 7318 7237)
4(5211 7317 7318 5212)
4(5132 5213 7319 7238)
4(5212 7318 7319 5213)
4(5133 5214 7320 7239)
4(5213 7319 7320 5214)
4(5134 5215 7321 7240)
4(5214 7320 7321 5215)
4(5135 5216 7322 7241)
4(5215 7321 7322 5216)
4(5136 5217 7323 7242)
4(5216 7322 7323 5217)
4(5137 5218 7324 7243)
4(5217 7323 7324 5218)
4(5138 5219 7325 7244)
4(5218 7324 7325 5219)
4(5139 5220 7326 7245)
4(5219 7325 7326 5220)
4(5140 5221 7327 7246)
4(5220 7326 7327 5221)
4(5141 5222 7328 7247)
4(5221 7327 7328 5222)
4(5142 5223 7329 7248)
4(5222 7328 7329 5223)
4(5143 5224 7330 7249)
4(5223 7329 7330 5224)
4(5144 5225 7331 7250)
4(5224 7330 7331 5225)
4(5145 5226 7332 7251)
4(5225 7331 7332 5226)
4(5146 5227 7333 7252)
4(5226 7332 7333 5227)
4(5147 5228 7334 7253)
4(5227 7333 7334 5228)
4(5148 5229 7335 7254)
4(5228 7334 7335 5229)
4(5149 5230 7336 7255)
4(5229 7335 7336 5230)
4(5150 5231 7337 7256)
4(5230 7336 7337 5231)
4(5151 5232 7338 7257)
4(5231 7337 7338 5232)
4(5152 5233 7339 7258)
4(5232 7338 7339 5233)
4(5153 5234 7340 7259)
4(5233 7339 7340 5234)
4(5154 5235 7341 7260)
4(5234 7340 7341 5235)
4(5155 5236 7342 7261)
4(5235 7341 7342 5236)
4(5156 5237 7343 7262)
4(5236 7342 7343 5237)
4(5157 5238 7344 7263)
4(5237 7343 7344 5238)
4(5158 5239 7345 7264)
4(5238 7344 7345 5239)
4(5159 5240 7346 7265)
4(5239 7345 7346 5240)
4(5160 5241 7347 7266)
4(5240 7346 7347 5241)
4(5161 5242 7348 7267)
4(5241 7347 7348 5242)
4(5162 5243 7349 7268)
4(5242 7348 7349 5243)
4(5163 5244 7350 7269)
4(5243 7349 7350 5244)
4(5164 5245 7351 7270)
4(5244 7350 7351 5245)
4(5165 5246 7352 7271)
4(5245 7351 7352 5246)
4(5166 5247 7353 7272)
4(5246 7352 7353 5247)
4(5167 5248 7354 7273)
4(5247 7353 7354 5248)
4(5168 5249 7355 7274)
4(5248 7354 7355 5249)
4(5169 5250 7356 7275)
4(5249 7355 7356 5250)
4(5170 5251 7357 7276)
4(5250 7356 7357 5251)
4(5171 5252 7358 7277)
4(5251 7357 7358 5252)
4(5172 5253 7359 7278)
4(5252 7358 7359 5253)
4(5173 5254 7360 7279)
4(5253 7359 7360 5254)
4(5174 5255 7361 7280)
4(5254 7360 7361 5255)
4(5175 5256 7362 7281)
4(5255 7361 7362 5256)
4(5176 5257 7363 7282)
4(5256 7362 7363 5257)
4(5177 5258 7364 7283)
4(5257 7363 7364 5258)
4(5178 5259 7365 7284)
4(5258 7364 7365 5259)
4(5179 5260 7366 7285)
4(5259 7365 7366 5260)
4(5180 5261 7367 7286)
4(5260 7366 7367 5261)
4(5181 5262 7368 7287)
4(5261 7367 7368 5262)
4(5182 5263 7369 7288)
4(5262 7368 7369 5263)
4(5263 7369 7370 5264)
4(5185 5266 7372 7291)
4(5265 7371 7372 5266)
4(5186 5267 7373 7292)
4(5266 7372 7373 5267)
4(5187 5268 7374 7293)
4(5267 7373 7374 5268)
4(5188 5269 7375 7294)
4(5268 7374 7375 5269)
4(5189 5270 7376 7295)
4(5269 7375 7376 5270)
4(5190 5271 7377 7296)
4(5270 7376 7377 5271)
4(5191 5272 7378 7297)
4(5271 7377 7378 5272)
4(5192 5273 7379 7298)
4(5272 7378 7379 5273)
4(5193 5274 7380 7299)
4(5273 7379 7380 5274)
4(5194 5275 7381 7300)
4(5274 7380 7381 5275)
4(5195 5276 7382 7301)
4(5275 7381 7382 5276)
4(5196 5277 7383 7302)
4(5276 7382 7383 5277)
4(5197 5278 7384 7303)
4(5277 7383 7384 5278)
4(5198 5279 7385 7304)
4(5278 7384 7385 5279)
4(5199 5280 7386 7305)
4(5279 7385 7386 5280)
4(5200 5281 7387 7306)
4(5280 7386 7387 5281)
4(5201 5282 7388 7307)
4(5281 7387 7388 5282)
4(5202 5283 7389 7308)
4(5282 7388 7389 5283)
4(5203 5284 7390 7309)
4(5283 7389 7390 5284)
4(5204 5285 7391 7310)
4(5284 7390 7391 5285)
4(5205 5286 7392 7311)
4(5285 7391 7392 5286)
4(5206 5287 7393 7312)
4(5286 7392 7393 5287)
4(5207 5288 7394 7313)
4(5287 7393 7394 5288)
4(5208 5289 7395 7314)
4(5288 7394 7395 5289)
4(5209 5290 7396 7315)
4(5289 7395 7396 5290)
4(5210 5291 7397 7316)
4(5290 7396 7397 5291)
4(5211 5292 7398 7317)
4(5291 7397 7398 5292)
4(5212 5293 7399 7318)
4(5292 7398 7399 5293)
4(5213 5294 7400 7319)
4(5293 7399 7400 5294)
4(5214 5295 7401 7320)
4(5294 7400 7401 5295)
4(5215 5296 7402 7321)
4(5295 7401 7402 5296)
4(5216 5297 7403 7322)
4(5296 7402 7403 5297)
4(5217 5298 7404 7323)
4(5297 7403 7404 5298)
4(5218 5299 7405 7324)
4(5298 7404 7405 5299)
4(5219 5300 7406 7325)
4(5299 7405 7406 5300)
4(5220 5301 7407 7326)
4(5300 7406 7407 5301)
4(5221 5302 7408 7327)
4(5301 7407 7408 5302)
4(5222 5303 7409 7328)
4(5302 7408 7409 5303)
4(5223 5304 7410 7329)
4(5303 7409 7410 5304)
4(5224 5305 7411 7330)
4(5304 7410 7411 5305)
4(5225 5306 7412 7331)
4(5305 7411 7412 5306)
4(5226 5307 7413 7332)
4(5306 7412 7413 5307)
4(5227 5308 7414 7333)
4(5307 7413 7414 5308)
4(5228 5309 7415 7334)
4(5308 7414 7415 5309)
4(5229 5310 7416 7335)
4(5309 7415 7416 5310)
4(5230 5311 7417 7336)
4(5310 7416 7417 5311)
4(5231 5312 7418 7337)
4(5311 7417 7418 5312)
4(5232 5313 7419 7338)
4(5312 7418 7419 5313)
4(5233 5314 7420 7339)
4(5313 7419 7420 5314)
4(5234 5315 7421 7340)
4(5314 7420 7421 5315)
4(5235 5316 7422 7341)
4(5315 7421 7422 5316)
4(5236 5317 7423 7342)
4(5316 7422 7423 5317)
4(5237 5318 7424 7343)
4(5317 7423 7424 5318)
4(5238 5319 7425 7344)
4(5318 7424 7425 5319)
4(5239 5320 7426 7345)
4(5319 7425 7426 5320)
4(5240 5321 7427 7346)
4(5320 7426 7427 5321)
4(5241 5322 7428 7347)
4(5321 7427 7428 5322)
4(5242 5323 7429 7348)
4(5322 7428 7429 5323)
4(5243 5324 7430 7349)
4(5323 7429 7430 5324)
4(5244 5325 7431 7350)
4(5324 7430 7431 5325)
4(5245 5326 7432 7351)
4(5325 7431 7432 5326)
4(5246 5327 7433 7352)
4(5326 7432 7433 5327)
4(5247 5328 7434 7353)
4(5327 7433 7434 5328)
4(5248 5329 7435 7354)
4(5328 7434 7435 5329)
4(5249 5330 7436 7355)
4(5329 7435 7436 5330)
4(5250 5331 7437 7356)
4(5330 7436 7437 5331)
4(5251 5332 7438 7357)
4(5331 7437 7438 5332)
4(5252 5333 7439 7358)
4(5332 7438 7439 5333)
4(5253 5334 7440 7359)
4(5333 7439 7440 5334)
4(5254 5335 7441 7360)
4(5334 7440 7441 5335)
4(5255 5336 7442 7361)
4(5335 7441 7442 5336)
4(5256 5337 7443 7362)
4(5336 7442 7443 5337)
4(5257 5338 7444 7363)
4(5337 7443 7444 5338)
4(5258 5339 7445 7364)
4(5338 7444 7445 5339)
4(5259 5340 7446 7365)
4(5339 7445 7446 5340)
4(5260 5341 7447 7366)
4(5340 7446 7447 5341)
4(5261 5342 7448 7367)
4(5341 7447 7448 5342)
4(5262 5343 7449 7368)
4(5342 7448 7449 5343)
4(5263 5344 7450 7369)
4(5343 7449 7450 5344)
4(5344 7450 7451 5345)
4(5266 5347 7453 7372)
4(5346 7452 7453 5347)
4(5267 5348 7454 7373)
4(5347 7453 7454 5348)
4(5268 5349 7455 7374)
4(5348 7454 7455 5349)
4(5269 5350 7456 7375)
4(5349 7455 7456 5350)
4(5270 5351 7457 7376)
4(5350 7456 7457 5351)
4(5271 5352 7458 7377)
4(5351 7457 7458 5352)
4(5272 5353 7459 7378)
4(5352 7458 7459 5353)
4(5273 5354 7460 7379)
4(5353 7459 7460 5354)
4(5274 5355 7461 7380)
4(5354 7460 7461 5355)
4(5275 5356 7462 7381)
4(5355 7461 7462 5356)
4(5276 5357 7463 7382)
4(5356 7462 7463 5357)
4(5277 5358 7464 7383)
4(5357 7463 7464 5358)
4(5278 5359 7465 7384)
4(5358 7464 7465 5359)
4(5279 5360 7466 7385)
4(5359 7465 7466 5360)
4(5280 5361 7467 7386)
4(5360 7466 7467 5361)
4(5281 5362 7468 7387)
4(5361 7467 7468 5362)
4(5282 5363 7469 7388)
4(5362 7468 7469 5363)
4(5283 5364 7470 7389)
4(5363 7469 7470 5364)
4(5284 5365 7471 7390)
4(5364 7470 7471 5365)
4(5285 5366 7472 7391)
4(5365 7471 7472 5366)
4(5286 5367 7473 7392)
4(5366 7472 7473 5367)
4(5287 5368 7474 7393)
4(5367 7473 7474 5368)
4(5288 5369 7475 7394)
4(5368 7474 7475 5369)
4(5289 5370 7476 7395)
4(5369 7475 7476 5370)
4(5290 5371 7477 7396)
4(5370 7476 7477 5371)
4(5291 5372 7478 7397)
4(5371 7477 7478 5372)
4(5292 5373 7479 7398)
4(5372 7478 7479 5373)
4(5293 5374 7480 7399)
4(5373 7479 7480 5374)
4(5294 5375 7481 7400)
4(5374 7480 7481 5375)
4(5295 5376 7482 7401)
4(5375 7481 7482 5376)
4(5296 5377 7483 7402)
4(5376 7482 7483 5377)
4(5297 5378 7484 7403)
4(5377 7483 7484 5378)
4(5298 5379 7485 7404)
4(5378 7484 7485 5379)
4(5299 5380 7486 7405)
4(5379 7485 7486 5380)
4(5300 5381 7487 7406)
4(5380 7486 7487 5381)
4(5301 5382 7488 7407)
4(5381 7487 7488 5382)
4(5302 5383 7489 7408)
4(5382 7488 7489 5383)
4(5303 5384 7490 7409)
4(5383 7489 7490 5384)
4(5304 5385 7491 7410)
4(5384 7490 7491 5385)
4(5305 5386 7492 7411)
4(5385 7491 7492 5386)
4(5306 5387 7493 7412)
4(5386 7492 7493 5387)
4(5307 5388 7494 7413)
4(5387 7493 7494 5388)
4(5308 5389 7495 7414)
4(5388 7494 7495 5389)
4(5309 5390 7496 7415)
4(5389 7495 7496 5390)
4(5310 5391 7497 7416)
4(5390 7496 7497 5391)
4(5311 5392 7498 7417)
4(5391 7497 7498 5392)
4(5312 5393 7499 7418)
4(5392 7498 7499 5393)
4(5313 5394 7500 7419)
4(5393 7499 7500 5394)
4(5314 5395 7501 7420)
4(5394 7500 7501 5395)
4(5315 5396 7502 7421)
4(5395 7501 7502 5396)
4(5316 5397 7503 7422)
4(5396 7502 7503 5397)
4(5317 5398 7504 7423)
4(5397 7503 7504 5398)
4(5318 5399 7505 7424)
4(5398 7504 7505 5399)
4(5319 5400 7506 7425)
4(5399 7505 7506 5400)
4(5320 5401 7507 7426)
4(5400 7506 7507 5401)
4(5321 5402 7508 7427)
4(5401 7507 7508 5402)
4(5322 5403 7509 7428)
4(5402 7508 7509 5403)
4(5323 5404 7510 7429)
4(5403 7509 7510 5404)
4(5324 5405 7511 7430)
4(5404 7510 7511 5405)
4(5325 5406 7512 7431)
4(5405 7511 7512 5406)
4(5326 5407 7513 7432)
4(5406 7512 7513 5407)
4(5327 5408 7514 7433)
4(5407 7513 7514 5408)
4(5328 5409 7515 7434)
4(5408 7514 7515 5409)
4(5329 5410 7516 7435)
4(5409 7515 7516 5410)
4(5330 5411 7517 7436)
4(5410 7516 7517 5411)
4(5331 5412 7518 7437)
4(5411 7517 7518 5412)
4(5332 5413 7519 7438)
4(5412 7518 7519 5413)
4(5333 5414 7520 7439)
4(5413 7519 7520 5414)
4(5334 5415 7521 7440)
4(5414 7520 7521 5415)
4(5335 5416 7522 7441)
4(5415 7521 7522 5416)
4(5336 5417 7523 7442)
4(5416 7522 7523 5417)
4(5337 5418 7524 7443)
4(5417 7523 7524 5418)
4(5338 5419 7525 7444)
4(5418 7524 7525 5419)
4(5339 5420 7526 7445)
4(5419 7525 7526 5420)
4(5340 5421 7527 7446)
4(5420 7526 7527 5421)
4(5341 5422 7528 7447)
4(5421 7527 7528 5422)
4(5342 5423 7529 7448)
4(5422 7528 7529 5423)
4(5343 5424 7530 7449)
4(5423 7529 7530 5424)
4(5344 5425 7531 7450)
4(5424 7530 7531 5425)
4(5425 7531 7532 5426)
4(5347 5428 7534 7453)
4(5427 7533 7534 5428)
4(5348 5429 7535 7454)
4(5428 7534 7535 5429)
4(5349 5430 7536 7455)
4(5429 7535 7536 5430)
4(5350 5431 7537 7456)
4(5430 7536 7537 5431)
4(5351 5432 7538 7457)
4(5431 7537 7538 5432)
4(5352 5433 7539 7458)
4(5432 7538 7539 5433)
4(5353 5434 7540 7459)
4(5433 7539 7540 5434)
4(5354 5435 7541 7460)
4(5434 7540 7541 5435)
4(5355 5436 7542 7461)
4(5435 7541 7542 5436)
4(5356 5437 7543 7462)
4(5436 7542 7543 5437)
4(5357 5438 7544 7463)
4(5437 7543 7544 5438)
4(5358 5439 7545 7464)
4(5438 7544 7545 5439)
4(5359 5440 7546 7465)
4(5439 7545 7546 5440)
4(5360 5441 7547 7466)
4(5440 7546 7547 5441)
4(5361 5442 7548 7467)
4(5441 7547 7548 5442)
4(5362 5443 7549 7468)
4(5442 7548 7549 5443)
4(5363 5444 7550 7469)
4(5443 7549 7550 5444)
4(5364 5445 7551 7470)
4(5444 7550 7551 5445)
4(5365 5446 7552 7471)
4(5445 7551 7552 5446)
4(5366 5447 7553 7472)
4(5446 7552 7553 5447)
4(5367 5448 7554 7473)
4(5447 7553 7554 5448)
4(5368 5449 7555 7474)
4(5448 7554 7555 5449)
4(5369 5450 7556 7475)
4(5449 7555 7556 5450)
4(5370 5451 7557 7476)
4(5450 7556 7557 5451)
4(5371 5452 7558 7477)
4(5451 7557 7558 5452)
4(5372 5453 7559 7478)
4(5452 7558 7559 5453)
4(5373 5454 7560 7479)
4(5453 7559 7560 5454)
4(5374 5455 7561 7480)
4(5454 7560 7561 5455)
4(5375 5456 7562 7481)
4(5455 7561 7562 5456)
4(5376 5457 7563 7482)
4(5456 7562 7563 5457)
4(5377 5458 7564 7483)
4(5457 7563 7564 5458)
4(5378 5459 7565 7484)
4(5458 7564 7565 5459)
4(5379 5460 7566 7485)
4(5459 7565 7566 5460)
4(5380 5461 7567 7486)
4(5460 7566 7567 5461)
4(5381 5462 7568 7487)
4(5461 7567 7568 5462)
4(5382 5463 7569 7488)
4(5462 7568 7569 5463)
4(5383 5464 7570 7489)
4(5463 7569 7570 5464)
4(5384 5465 7571 7490)
4(5464 7570 7571 5465)
4(5385 5466 7572 7491)
4(5465 7571 7572 5466)
4(5386 5467 7573 7492)
4(5466 7572 7573 5467)
4(5387 5468 7574 7493)
4(5467 7573 7574 5468)
4(5388 5469 7575 7494)
4(5468 7574 7575 5469)
4(5389 5470 7576 7495)
4(5469 7575 7576 5470)
4(5390 5471 7577 7496)
4(5470 7576 7577 5471)
4(5391 5472 7578 7497)
4(5471 7577 7578 5472)
4(5392 5473 7579 7498)
4(5472 7578 7579 5473)
4(5393 5474 7580 7499)
4(5473 7579 7580 5474)
4(5394 5475 7581 7500)
4(5474 7580 7581 5475)
4(5395 5476 7582 7501)
4(5475 7581 7582 5476)
4(5396 5477 7583 7502)
4(5476 7582 7583 5477)
4(5397 5478 7584 7503)
4(5477 7583 7584 5478)
4(5398 5479 7585 7504)
4(5478 7584 7585 5479)
4(5399 5480 7586 7505)
4(5479 7585 7586 5480)
4(5400 5481 7587 7506)
4(5480 7586 7587 5481)
4(5401 5482 7588 7507)
4(5481 7587 7588 5482)
4(5402 5483 7589 7508)
4(5482 7588 7589 5483)
4(5403 5484 7590 7509)
4(5483 7589 7590 5484)
4(5404 5485 7591 7510)
4(5484 7590 7591 5485)
4(5405 5486 7592 7511)
4(5485 7591 7592 5486)
4(5406 5487 7593 7512)
4(5486 7592 7593 5487)
4(5407 5488 7594 7513)
4(5487 7593 7594 5488)
4(5408 5489 7595 7514)
4(5488 7594 7595 5489)
4(5409 5490 7596 7515)
4(5489 7595 7596 5490)
4(5410 5491 7597 7516)
4(5490 7596 7597 5491)
4(5411 5492 7598 7517)
4(5491 7597 7598 5492)
4(5412 5493 7599 7518)
4(5492 7598 7599 5493)
4(5413 5494 7600 7519)
4(5493 7599 7600 5494)
4(5414 5495 7601 7520)
4(5494 7600 7601 5495)
4(5415 5496 7602 7521)
4(5495 7601 7602 5496)
4(5416 5497 7603 7522)
4(5496 7602 7603 5497)
4(5417 5498 7604 7523)
4(5497 7603 7604 5498)
4(5418 5499 7605 7524)
4(5498 7604 7605 5499)
4(5419 5500 7606 7525)
4(5499 7605 7606 5500)
4(5420 5501 7607 7526)
4(5500 7606 7607 5501)
4(5421 5502 7608 7527)
4(5501 7607 7608 5502)
4(5422 5503 7609 7528)
4(5502 7608 7609 5503)
4(5423 5504 7610 7529)
4(5503 7609 7610 5504)
4(5424 5505 7611 7530)
4(5504 7610 7611 5505)
4(5425 5506 7612 7531)
4(5505 7611 7612 5506)
4(5506 7612 7613 5507)
4(5428 5509 7615 7534)
4(5508 7614 7615 5509)
4(5429 5510 7616 7535)
4(5509 7615 7616 5510)
4(5430 5511 7617 7536)
4(5510 7616 7617 5511)
4(5431 5512 7618 7537)
4(5511 7617 7618 5512)
4(5432 5513 7619 7538)
4(5512 7618 7619 5513)
4(5433 5514 7620 7539)
4(5513 7619 7620 5514)
4(5434 5515 7621 7540)
4(5514 7620 7621 5515)
4(5435 5516 7622 7541)
4(5515 7621 7622 5516)
4(5436 5517 7623 7542)
4(5516 7622 7623 5517)
4(5437 5518 7624 7543)
4(5517 7623 7624 5518)
4(5438 5519 7625 7544)
4(5518 7624 7625 5519)
4(5439 5520 7626 7545)
4(5519 7625 7626 5520)
4(5440 5521 7627 7546)
4(5520 7626 7627 5521)
4(5441 5522 7628 7547)
4(5521 7627 7628 5522)
4(5442 5523 7629 7548)
4(5522 7628 7629 5523)
4(5443 5524 7630 7549)
4(5523 7629 7630 5524)
4(5444 5525 7631 7550)
4(5524 7630 7631 5525)
4(5445 5526 7632 7551)
4(5525 7631 7632 5526)
4(5446 5527 7633 7552)
4(5526 7632 7633 5527)
4(5447 5528 7634 7553)
4(5527 7633 7634 5528)
4(5448 5529 7635 7554)
4(5528 7634 7635 5529)
4(5449 5530 7636 7555)
4(5529 7635 7636 5530)
4(5450 5531 7637 7556)
4(5530 7636 7637 5531)
4(5451 5532 7638 7557)
4(5531 7637 7638 5532)
4(5452 5533 7639 7558)
4(5532 7638 7639 5533)
4(5453 5534 7640 7559)
4(5533 7639 7640 5534)
4(5454 5535 7641 7560)
4(5534 7640 7641 5535)
4(5455 5536 7642 7561)
4(5535 7641 7642 5536)
4(5456 5537 7643 7562)
4(5536 7642 7643 5537)
4(5457 5538 7644 7563)
4(5537 7643 7644 5538)
4(5458 5539 7645 7564)
4(5538 7644 7645 5539)
4(5459 5540 7646 7565)
4(5539 7645 7646 5540)
4(5460 5541 7647 7566)
4(5540 7646 7647 5541)
4(5461 5542 7648 7567)
4(5541 7647 7648 5542)
4(5462 5543 7649 7568)
4(5542 7648 7649 5543)
4(5463 5544 7650 7569)
4(5543 7649 7650 5544)
4(5464 5545 7651 7570)
4(5544 7650 7651 5545)
4(5465 5546 7652 7571)
4(5545 7651 7652 5546)
4(5466 5547 7653 7572)
4(5546 7652 7653 5547)
4(5467 5548 7654 7573)
4(5547 7653 7654 5548)
4(5468 5549 7655 7574)
4(5548 7654 7655 5549)
4(5469 5550 7656 7575)
4(5549 7655 7656 5550)
4(5470 5551 7657 7576)
4(5550 7656 7657 5551)
4(5471 5552 7658 7577)
4(5551 7657 7658 5552)
4(5472 5553 7659 7578)
4(5552 7658 7659 5553)
4(5473 5554 7660 7579)
4(5553 7659 7660 5554)
4(5474 5555 7661 7580)
4(5554 7660 7661 5555)
4(5475 5556 7662 7581)
4(5555 7661 7662 5556)
4(5476 5557 7663 7582)
4(5556 7662 7663 5557)
4(5477 5558 7664 7583)
4(5557 7663 7664 5558)
4(5478 5559 7665 7584)
4(5558 7664 7665 5559)
4(5479 5560 7666 7585)
4(5559 7665 7666 5560)
4(5480 5561 7667 7586)
4(5560 7666 7667 5561)
4(5481 5562 7668 7587)
4(5561 7667 7668 5562)
4(5482 5563 7669 7588)
4(5562 7668 7669 5563)
4(5483 5564 7670 7589)
4(5563 7669 7670 5564)
4(5484 5565 7671 7590)
4(5564 7670 7671 5565)
4(5485 5566 7672 7591)
4(5565 7671 7672 5566)
4(5486 5567 7673 7592)
4(5566 7672 7673 5567)
4(5487 5568 7674 7593)
4(5567 7673 7674 5568)
4(5488 5569 7675 7594)
4(5568 7674 7675 5569)
4(5489 5570 7676 7595)
4(5569 7675 7676 5570)
4(5490 5571 7677 7596)
4(5570 7676 7677 5571)
4(5491 5572 7678 7597)
4(5571 7677 7678 5572)
4(5492 5573 7679 7598)
4(5572 7678 7679 5573)
4(5493 5574 7680 7599)
4(5573 7679 7680 5574)
4(5494 5575 7681 7600)
4(5574 7680 7681 5575)
4(5495 5576 7682 7601)
4(5575 7681 7682 5576)
4(5496 5577 7683 7602)
4(5576 7682 7683 5577)
4(5497 5578 7684 7603)
4(5577 7683 7684 5578)
4(5498 5579 7685 7604)
4(5578 7684 7685 5579)
4(5499 5580 7686 7605)
4(5579 7685 7686 5580)
4(5500 5581 7687 7606)
4(5580 7686 7687 5581)
4(5501 5582 7688 7607)
4(5581 7687 7688 5582)
4(5502 5583 7689 7608)
4(5582 7688 7689 5583)
4(5503 5584 7690 7609)
4(5583 7689 7690 5584)
4(5504 5585 7691 7610)
4(5584 7690 7691 5585)
4(5505 5586 7692 7611)
4(5585 7691 7692 5586)
4(5506 5587 7693 7612)
4(5586 7692 7693 5587)
4(5587 7693 7694 5588)
4(5509 5590 7696 7615)
4(5589 7695 7696 5590)
4(5510 5591 7697 7616)
4(5590 7696 7697 5591)
4(5511 5592 7698 7617)
4(5591 7697 7698 5592)
4(5512 5593 7699 7618)
4(5592 7698 7699 5593)
4(5513 5594 7700 7619)
4(5593 7699 7700 5594)
4(5514 5595 7701 7620)
4(5594 7700 7701 5595)
4(5515 5596 7702 7621)
4(5595 7701 7702 5596)
4(5516 5597 7703 7622)
4(5596 7702 7703 5597)
4(5517 5598 7704 7623)
4(5597 7703 7704 5598)
4(5518 5599 7705 7624)
4(5598 7704 7705 5599)
4(5519 5600 7706 7625)
4(5599 7705 7706 5600)
4(5520 5601 7707 7626)
4(5600 7706 7707 5601)
4(5521 5602 7708 7627)
4(5601 7707 7708 5602)
4(5522 5603 7709 7628)
4(5602 7708 7709 5603)
4(5523 5604 7710 7629)
4(5603 7709 7710 5604)
4(5524 5605 7711 7630)
4(5604 7710 7711 5605)
4(5525 5606 7712 7631)
4(5605 7711 7712 5606)
4(5526 5607 7713 7632)
4(5606 7712 7713 5607)
4(5527 5608 7714 7633)
4(5607 7713 7714 5608)
4(5528 5609 7715 7634)
4(5608 7714 7715 5609)
4(5529 5610 7716 7635)
4(5609 7715 7716 5610)
4(5530 5611 7717 7636)
4(5610 7716 7717 5611)
4(5531 5612 7718 7637)
4(5611 7717 7718 5612)
4(5532 5613 7719 7638)
4(5612 7718 7719 5613)
4(5533 5614 7720 7639)
4(5613 7719 7720 5614)
4(5534 5615 7721 7640)
4(5614 7720 7721 5615)
4(5535 5616 7722 7641)
4(5615 7721 7722 5616)
4(5536 5617 7723 7642)
4(5616 7722 7723 5617)
4(5537 5618 7724 7643)
4(5617 7723 7724 5618)
4(5538 5619 7725 7644)
4(5618 7724 7725 5619)
4(5539 5620 7726 7645)
4(5619 7725 7726 5620)
4(5540 5621 7727 7646)
4(5620 7726 7727 5621)
4(5541 5622 7728 7647)
4(5621 7727 7728 5622)
4(5542 5623 7729 7648)
4(5622 7728 7729 5623)
4(5543 5624 7730 7649)
4(5623 7729 7730 5624)
4(5544 5625 7731 7650)
4(5624 7730 7731 5625)
4(5545 5626 7732 7651)
4(5625 7731 7732 5626)
4(5546 5627 7733 7652)
4(5626 7732 7733 5627)
4(5547 5628 7734 7653)
4(5627 7733 7734 5628)
4(5548 5629 7735 7654)
4(5628 7734 7735 5629)
4(5549 5630 7736 7655)
4(5629 7735 7736 5630)
4(5550 5631 7737 7656)
4(5630 7736 7737 5631)
4(5551 5632 7738 7657)
4(5631 7737 7738 5632)
4(5552 5633 7739 7658)
4(5632 7738 7739 5633)
4(5553 5634 7740 7659)
4(5633 7739 7740 5634)
4(5554 5635 7741 7660)
4(5634 7740 7741 5635)
4(5555 5636 7742 7661)
4(5635 7741 7742 5636)
4(5556 5637 7743 7662)
4(5636 7742 7743 5637)
4(5557 5638 7744 7663)
4(5637 7743 7744 5638)
4(5558 5639 7745 7664)
4(5638 7744 7745 5639)
4(5559 5640 7746 7665)
4(5639 7745 7746 5640)
4(5560 5641 7747 7666)
4(5640 7746 7747 5641)
4(5561 5642 7748 7667)
4(5641 7747 7748 5642)
4(5562 5643 7749 7668)
4(5642 7748 7749 5643)
4(5563 5644 7750 7669)
4(5643 7749 7750 5644)
4(5564 5645 7751 7670)
4(5644 7750 7751 5645)
4(5565 5646 7752 7671)
4(5645 7751 7752 5646)
4(5566 5647 7753 7672)
4(5646 7752 7753 5647)
4(5567 5648 7754 7673)
4(5647 7753 7754 5648)
4(5568 5649 7755 7674)
4(5648 7754 7755 5649)
4(5569 5650 7756 7675)
4(5649 7755 7756 5650)
4(5570 5651 7757 7676)
4(5650 7756 7757 5651)
4(5571 5652 7758 7677)
4(5651 7757 7758 5652)
4(5572 5653 7759 7678)
4(5652 7758 7759 5653)
4(5573 5654 7760 7679)
4(5653 7759 7760 5654)
4(5574 5655 7761 7680)
4(5654 7760 7761 5655)
4(5575 5656 7762 7681)
4(5655 7761 7762 5656)
4(5576 5657 7763 7682)
4(5656 7762 7763 5657)
4(5577 5658 7764 7683)
4(5657 7763 7764 5658)
4(5578 5659 7765 7684)
4(5658 7764 7765 5659)
4(5579 5660 7766 7685)
4(5659 7765 7766 5660)
4(5580 5661 7767 7686)
4(5660 7766 7767 5661)
4(5581 5662 7768 7687)
4(5661 7767 7768 5662)
4(5582 5663 7769 7688)
4(5662 7768 7769 5663)
4(5583 5664 7770 7689)
4(5663 7769 7770 5664)
4(5584 5665 7771 7690)
4(5664 7770 7771 5665)
4(5585 5666 7772 7691)
4(5665 7771 7772 5666)
4(5586 5667 7773 7692)
4(5666 7772 7773 5667)
4(5587 5668 7774 7693)
4(5667 7773 7774 5668)
4(5668 7774 7775 5669)
4(5590 5671 7777 7696)
4(5670 7776 7777 5671)
4(5591 5672 7778 7697)
4(5671 7777 7778 5672)
4(5592 5673 7779 7698)
4(5672 7778 7779 5673)
4(5593 5674 7780 7699)
4(5673 7779 7780 5674)
4(5594 5675 7781 7700)
4(5674 7780 7781 5675)
4(5595 5676 7782 7701)
4(5675 7781 7782 5676)
4(5596 5677 7783 7702)
4(5676 7782 7783 5677)
4(5597 5678 7784 7703)
4(5677 7783 7784 5678)
4(5598 5679 7785 7704)
4(5678 7784 7785 5679)
4(5599 5680 7786 7705)
4(5679 7785 7786 5680)
4(5600 5681 7787 7706)
4(5680 7786 7787 5681)
4(5601 5682 7788 7707)
4(5681 7787 7788 5682)
4(5602 5683 7789 7708)
4(5682 7788 7789 5683)
4(5603 5684 7790 7709)
4(5683 7789 7790 5684)
4(5604 5685 7791 7710)
4(5684 7790 7791 5685)
4(5605 5686 7792 7711)
4(5685 7791 7792 5686)
4(5606 5687 7793 7712)
4(5686 7792 7793 5687)
4(5607 5688 7794 7713)
4(5687 7793 7794 5688)
4(5608 5689 7795 7714)
4(5688 7794 7795 5689)
4(5609 5690 7796 7715)
4(5689 7795 7796 5690)
4(5610 5691 7797 7716)
4(5690 7796 7797 5691)
4(5611 5692 7798 7717)
4(5691 7797 7798 5692)
4(5612 5693 7799 7718)
4(5692 7798 7799 5693)
4(5613 5694 7800 7719)
4(5693 7799 7800 5694)
4(5614 5695 7801 7720)
4(5694 7800 7801 5695)
4(5615 5696 7802 7721)
4(5695 7801 7802 5696)
4(5616 5697 7803 7722)
4(5696 7802 7803 5697)
4(5617 5698 7804 7723)
4(5697 7803 7804 5698)
4(5618 5699 7805 7724)
4(5698 7804 7805 5699)
4(5619 5700 7806 7725)
4(5699 7805 7806 5700)
4(5620 5701 7807 7726)
4(5700 7806 7807 5701)
4(5621 5702 7808 7727)
4(5701 7807 7808 5702)
4(5622 5703 7809 7728)
4(5702 7808 7809 5703)
4(5623 5704 7810 7729)
4(5703 7809 7810 5704)
4(5624 5705 7811 7730)
4(5704 7810 7811 5705)
4(5625 5706 7812 7731)
4(5705 7811 7812 5706)
4(5626 5707 7813 7732)
4(5706 7812 7813 5707)
4(5627 5708 7814 7733)
4(5707 7813 7814 5708)
4(5628 5709 7815 7734)
4(5708 7814 7815 5709)
4(5629 5710 7816 7735)
4(5709 7815 7816 5710)
4(5630 5711 7817 7736)
4(5710 7816 7817 5711)
4(5631 5712 7818 7737)
4(5711 7817 7818 5712)
4(5632 5713 7819 7738)
4(5712 7818 7819 5713)
4(5633 5714 7820 7739)
4(5713 7819 7820 5714)
4(5634 5715 7821 7740)
4(5714 7820 7821 5715)
4(5635 5716 7822 7741)
4(5715 7821 7822 5716)
4(5636 5717 7823 7742)
4(5716 7822 7823 5717)
4(5637 5718 7824 7743)
4(5717 7823 7824 5718)
4(5638 5719 7825 7744)
4(5718 7824 7825 5719)
4(5639 5720 7826 7745)
4(5719 7825 7826 5720)
4(5640 5721 7827 7746)
4(5720 7826 7827 5721)
4(5641 5722 7828 7747)
4(5721 7827 7828 5722)
4(5642 5723 7829 7748)
4(5722 7828 7829 5723)
4(5643 5724 7830 7749)
4(5723 7829 7830 5724)
4(5644 5725 7831 7750)
4(5724 7830 7831 5725)
4(5645 5726 7832 7751)
4(5725 7831 7832 5726)
4(5646 5727 7833 7752)
4(5726 7832 7833 5727)
4(5647 5728 7834 7753)
4(5727 7833 7834 5728)
4(5648 5729 7835 7754)
4(5728 7834 7835 5729)
4(5649 5730 7836 7755)
4(5729 7835 7836 5730)
4(5650 5731 7837 7756)
4(5730 7836 7837 5731)
4(5651 5732 7838 7757)
4(5731 7837 7838 5732)
4(5652 5733 7839 7758)
4(5732 7838 7839 5733)
4(5653 5734 7840 7759)
4(5733 7839 7840 5734)
4(5654 5735 7841 7760)
4(5734 7840 7841 5735)
4(5655 5736 7842 7761)
4(5735 7841 7842 5736)
4(5656 5737 7843 7762)
4(5736 7842 7843 5737)
4(5657 5738 7844 7763)
4(5737 7843 7844 5738)
4(5658 5739 7845 7764)
4(5738 7844 7845 5739)
4(5659 5740 7846 7765)
4(5739 7845 7846 5740)
4(5660 5741 7847 7766)
4(5740 7846 7847 5741)
4(5661 5742 7848 7767)
4(5741 7847 7848 5742)
4(5662 5743 7849 7768)
4(5742 7848 7849 5743)
4(5663 5744 7850 7769)
4(5743 7849 7850 5744)
4(5664 5745 7851 7770)
4(5744 7850 7851 5745)
4(5665 5746 7852 7771)
4(5745 7851 7852 5746)
4(5666 5747 7853 7772)
4(5746 7852 7853 5747)
4(5667 5748 7854 7773)
4(5747 7853 7854 5748)
4(5668 5749 7855 7774)
4(5748 7854 7855 5749)
4(5749 7855 7856 5750)
4(5671 5752 7858 7777)
4(5751 7857 7858 5752)
4(5672 5753 7859 7778)
4(5752 7858 7859 5753)
4(5673 5754 7860 7779)
4(5753 7859 7860 5754)
4(5674 5755 7861 7780)
4(5754 7860 7861 5755)
4(5675 5756 7862 7781)
4(5755 7861 7862 5756)
4(5676 5757 7863 7782)
4(5756 7862 7863 5757)
4(5677 5758 7864 7783)
4(5757 7863 7864 5758)
4(5678 5759 7865 7784)
4(5758 7864 7865 5759)
4(5679 5760 7866 7785)
4(5759 7865 7866 5760)
4(5680 5761 7867 7786)
4(5760 7866 7867 5761)
4(5681 5762 7868 7787)
4(5761 7867 7868 5762)
4(5682 5763 7869 7788)
4(5762 7868 7869 5763)
4(5683 5764 7870 7789)
4(5763 7869 7870 5764)
4(5684 5765 7871 7790)
4(5764 7870 7871 5765)
4(5685 5766 7872 7791)
4(5765 7871 7872 5766)
4(5686 5767 7873 7792)
4(5766 7872 7873 5767)
4(5687 5768 7874 7793)
4(5767 7873 7874 5768)
4(5688 5769 7875 7794)
4(5768 7874 7875 5769)
4(5689 5770 7876 7795)
4(5769 7875 7876 5770)
4(5690 5771 7877 7796)
4(5770 7876 7877 5771)
4(5691 5772 7878 7797)
4(5771 7877 7878 5772)
4(5692 5773 7879 7798)
4(5772 7878 7879 5773)
4(5693 5774 7880 7799)
4(5773 7879 7880 5774)
4(5694 5775 7881 7800)
4(5774 7880 7881 5775)
4(5695 5776 7882 7801)
4(5775 7881 7882 5776)
4(5696 5777 7883 7802)
4(5776 7882 7883 5777)
4(5697 5778 7884 7803)
4(5777 7883 7884 5778)
4(5698 5779 7885 7804)
4(5778 7884 7885 5779)
4(5699 5780 7886 7805)
4(5779 7885 7886 5780)
4(5700 5781 7887 7806)
4(5780 7886 7887 5781)
4(5701 5782 7888 7807)
4(5781 7887 7888 5782)
4(5702 5783 7889 7808)
4(5782 7888 7889 5783)
4(5703 5784 7890 7809)
4(5783 7889 7890 5784)
4(5704 5785 7891 7810)
4(5784 7890 7891 5785)
4(5705 5786 7892 7811)
4(5785 7891 7892 5786)
4(5706 5787 7893 7812)
4(5786 7892 7893 5787)
4(5707 5788 7894 7813)
4(5787 7893 7894 5788)
4(5708 5789 7895 7814)
4(5788 7894 7895 5789)
4(5709 5790 7896 7815)
4(5789 7895 7896 5790)
4(5710 5791 7897 7816)
4(5790 7896 7897 5791)
4(5711 5792 7898 7817)
4(5791 7897 7898 5792)
4(5712 5793 7899 7818)
4(5792 7898 7899 5793)
4(5713 5794 7900 7819)
4(5793 7899 7900 5794)
4(5714 5795 7901 7820)
4(5794 7900 7901 5795)
4(5715 5796 7902 7821)
4(5795 7901 7902 5796)
4(5716 5797 7903 7822)
4(5796 7902 7903 5797)
4(5717 5798 7904 7823)
4(5797 7903 7904 5798)
4(5718 5799 7905 7824)
4(5798 7904 7905 5799)
4(5719 5800 7906 7825)
4(5799 7905 7906 5800)
4(5720 5801 7907 7826)
4(5800 7906 7907 5801)
4(5721 5802 7908 7827)
4(5801 7907 7908 5802)
4(5722 5803 7909 7828)
4(5802 7908 7909 5803)
4(5723 5804 7910 7829)
4(5803 7909 7910 5804)
4(5724 5805 7911 7830)
4(5804 7910 7911 5805)
4(5725 5806 7912 7831)
4(5805 7911 7912 5806)
4(5726 5807 7913 7832)
4(5806 7912 7913 5807)
4(5727 5808 7914 7833)
4(5807 7913 7914 5808)
4(5728 5809 7915 7834)
4(5808 7914 7915 5809)
4(5729 5810 7916 7835)
4(5809 7915 7916 5810)
4(5730 5811 7917 7836)
4(5810 7916 7917 5811)
4(5731 5812 7918 7837)
4(5811 7917 7918 5812)
4(5732 5813 7919 7838)
4(5812 7918 7919 5813)
4(5733 5814 7920 7839)
4(5813 7919 7920 5814)
4(5734 5815 7921 7840)
4(5814 7920 7921 5815)
4(5735 5816 7922 7841)
4(5815 7921 7922 5816)
4(5736 5817 7923 7842)
4(5816 7922 7923 5817)
4(5737 5818 7924 7843)
4(5817 7923 7924 5818)
4(5738 5819 7925 7844)
4(5818 7924 7925 5819)
4(5739 5820 7926 7845)
4(5819 7925 7926 5820)
4(5740 5821 7927 7846)
4(5820 7926 7927 5821)
4(5741 5822 7928 7847)
4(5821 7927 7928 5822)
4(5742 5823 7929 7848)
4(5822 7928 7929 5823)
4(5743 5824 7930 7849)
4(5823 7929 7930 5824)
4(5744 5825 7931 7850)
4(5824 7930 7931 5825)
4(5745 5826 7932 7851)
4(5825 7931 7932 5826)
4(5746 5827 7933 7852)
4(5826 7932 7933 5827)
4(5747 5828 7934 7853)
4(5827 7933 7934 5828)
4(5748 5829 7935 7854)
4(5828 7934 7935 5829)
4(5749 5830 7936 7855)
4(5829 7935 7936 5830)
4(5830 7936 7937 5831)
4(5752 5833 7939 7858)
4(5832 7938 7939 5833)
4(5753 5834 7940 7859)
4(5833 7939 7940 5834)
4(5754 5835 7941 7860)
4(5834 7940 7941 5835)
4(5755 5836 7942 7861)
4(5835 7941 7942 5836)
4(5756 5837 7943 7862)
4(5836 7942 7943 5837)
4(5757 5838 7944 7863)
4(5837 7943 7944 5838)
4(5758 5839 7945 7864)
4(5838 7944 7945 5839)
4(5759 5840 7946 7865)
4(5839 7945 7946 5840)
4(5760 5841 7947 7866)
4(5840 7946 7947 5841)
4(5761 5842 7948 7867)
4(5841 7947 7948 5842)
4(5762 5843 7949 7868)
4(5842 7948 7949 5843)
4(5763 5844 7950 7869)
4(5843 7949 7950 5844)
4(5764 5845 7951 7870)
4(5844 7950 7951 5845)
4(5765 5846 7952 7871)
4(5845 7951 7952 5846)
4(5766 5847 7953 7872)
4(5846 7952 7953 5847)
4(5767 5848 7954 7873)
4(5847 7953 7954 5848)
4(5768 5849 7955 7874)
4(5848 7954 7955 5849)
4(5769 5850 7956 7875)
4(5849 7955 7956 5850)
4(5770 5851 7957 7876)
4(5850 7956 7957 5851)
4(5771 5852 7958 7877)
4(5851 7957 7958 5852)
4(5772 5853 7959 7878)
4(5852 7958 7959 5853)
4(5773 5854 7960 7879)
4(5853 7959 7960 5854)
4(5774 5855 7961 7880)
4(5854 7960 7961 5855)
4(5775 5856 7962 7881)
4(5855 7961 7962 5856)
4(5776 5857 7963 7882)
4(5856 7962 7963 5857)
4(5777 5858 7964 7883)
4(5857 7963 7964 5858)
4(5778 5859 7965 7884)
4(5858 7964 7965 5859)
4(5779 5860 7966 7885)
4(5859 7965 7966 5860)
4(5780 5861 7967 7886)
4(5860 7966 7967 5861)
4(5781 5862 7968 7887)
4(5861 7967 7968 5862)
4(5782 5863 7969 7888)
4(5862 7968 7969 5863)
4(5783 5864 7970 7889)
4(5863 7969 7970 5864)
4(5784 5865 7971 7890)
4(5864 7970 7971 5865)
4(5785 5866 7972 7891)
4(5865 7971 7972 5866)
4(5786 5867 7973 7892)
4(5866 7972 7973 5867)
4(5787 5868 7974 7893)
4(5867 7973 7974 5868)
4(5788 5869 7975 7894)
4(5868 7974 7975 5869)
4(5789 5870 7976 7895)
4(5869 7975 7976 5870)
4(5790 5871 7977 7896)
4(5870 7976 7977 5871)
4(5791 5872 7978 7897)
4(5871 7977 7978 5872)
4(5792 5873 7979 7898)
4(5872 7978 7979 5873)
4(5793 5874 7980 7899)
4(5873 7979 7980 5874)
4(5794 5875 7981 7900)
4(5874 7980 7981 5875)
4(5795 5876 7982 7901)
4(5875 7981 7982 5876)
4(5796 5877 7983 7902)
4(5876 7982 7983 5877)
4(5797 5878 7984 7903)
4(5877 7983 7984 5878)
4(5798 5879 7985 7904)
4(5878 7984 7985 5879)
4(5799 5880 7986 7905)
4(5879 7985 7986 5880)
4(5800 5881 7987 7906)
4(5880 7986 7987 5881)
4(5801 5882 7988 7907)
4(5881 7987 7988 5882)
4(5802 5883 7989 7908)
4(5882 7988 7989 5883)
4(5803 5884 7990 7909)
4(5883 7989 7990 5884)
4(5804 5885 7991 7910)
4(5884 7990 7991 5885)
4(5805 5886 7992 7911)
4(5885 7991 7992 5886)
4(5806 5887 7993 7912)
4(5886 7992 7993 5887)
4(5807 5888 7994 7913)
4(5887 7993 7994 5888)
4(5808 5889 7995 7914)
4(5888 7994 7995 5889)
4(5809 5890 7996 7915)
4(5889 7995 7996 5890)
4(5810 5891 7997 7916)
4(5890 7996 7997 5891)
4(5811 5892 7998 7917)
4(5891 7997 7998 5892)
4(5812 5893 7999 7918)
4(5892 7998 7999 5893)
4(5813 5894 8000 7919)
4(5893 7999 8000 5894)
4(5814 5895 8001 7920)
4(5894 8000 8001 5895)
4(5815 5896 8002 7921)
4(5895 8001 8002 5896)
4(5816 5897 8003 7922)
4(5896 8002 8003 5897)
4(5817 5898 8004 7923)
4(5897 8003 8004 5898)
4(5818 5899 8005 7924)
4(5898 8004 8005 5899)
4(5819 5900 8006 7925)
4(5899 8005 8006 5900)
4(5820 5901 8007 7926)
4(5900 8006 8007 5901)
4(5821 5902 8008 7927)
4(5901 8007 8008 5902)
4(5822 5903 8009 7928)
4(5902 8008 8009 5903)
4(5823 5904 8010 7929)
4(5903 8009 8010 5904)
4(5824 5905 8011 7930)
4(5904 8010 8011 5905)
4(5825 5906 8012 7931)
4(5905 8011 8012 5906)
4(5826 5907 8013 7932)
4(5906 8012 8013 5907)
4(5827 5908 8014 7933)
4(5907 8013 8014 5908)
4(5828 5909 8015 7934)
4(5908 8014 8015 5909)
4(5829 5910 8016 7935)
4(5909 8015 8016 5910)
4(5830 5911 8017 7936)
4(5910 8016 8017 5911)
4(5911 8017 8018 5912)
4(5833 5914 8020 7939)
4(5913 8019 8020 5914)
4(5834 5915 8021 7940)
4(5914 8020 8021 5915)
4(5835 5916 8022 7941)
4(5915 8021 8022 5916)
4(5836 5917 8023 7942)
4(5916 8022 8023 5917)
4(5837 5918 8024 7943)
4(5917 8023 8024 5918)
4(5838 5919 8025 7944)
4(5918 8024 8025 5919)
4(5839 5920 8026 7945)
4(5919 8025 8026 5920)
4(5840 5921 8027 7946)
4(5920 8026 8027 5921)
4(5841 5922 8028 7947)
4(5921 8027 8028 5922)
4(5842 5923 8029 7948)
4(5922 8028 8029 5923)
4(5843 5924 8030 7949)
4(5923 8029 8030 5924)
4(5844 5925 8031 7950)
4(5924 8030 8031 5925)
4(5845 5926 8032 7951)
4(5925 8031 8032 5926)
4(5846 5927 8033 7952)
4(5926 8032 8033 5927)
4(5847 5928 8034 7953)
4(5927 8033 8034 5928)
4(5848 5929 8035 7954)
4(5928 8034 8035 5929)
4(5849 5930 8036 7955)
4(5929 8035 8036 5930)
4(5850 5931 8037 7956)
4(5930 8036 8037 5931)
4(5851 5932 8038 7957)
4(5931 8037 8038 5932)
4(5852 5933 8039 7958)
4(5932 8038 8039 5933)
4(5853 5934 8040 7959)
4(5933 8039 8040 5934)
4(5854 5935 8041 7960)
4(5934 8040 8041 5935)
4(5855 5936 8042 7961)
4(5935 8041 8042 5936)
4(5856 5937 8043 7962)
4(5936 8042 8043 5937)
4(5857 5938 8044 7963)
4(5937 8043 8044 5938)
4(5858 5939 8045 7964)
4(5938 8044 8045 5939)
4(5859 5940 8046 7965)
4(5939 8045 8046 5940)
4(5860 5941 8047 7966)
4(5940 8046 8047 5941)
4(5861 5942 8048 7967)
4(5941 8047 8048 5942)
4(5862 5943 8049 7968)
4(5942 8048 8049 5943)
4(5863 5944 8050 7969)
4(5943 8049 8050 5944)
4(5864 5945 8051 7970)
4(5944 8050 8051 5945)
4(5865 5946 8052 7971)
4(5945 8051 8052 5946)
4(5866 5947 8053 7972)
4(5946 8052 8053 5947)
4(5867 5948 8054 7973)
4(5947 8053 8054 5948)
4(5868 5949 8055 7974)
4(5948 8054 8055 5949)
4(5869 5950 8056 7975)
4(5949 8055 8056 5950)
4(5870 5951 8057 7976)
4(5950 8056 8057 5951)
4(5871 5952 8058 7977)
4(5951 8057 8058 5952)
4(5872 5953 8059 7978)
4(5952 8058 8059 5953)
4(5873 5954 8060 7979)
4(5953 8059 8060 5954)
4(5874 5955 8061 7980)
4(5954 8060 8061 5955)
4(5875 5956 8062 7981)
4(5955 8061 8062 5956)
4(5876 5957 8063 7982)
4(5956 8062 8063 5957)
4(5877 5958 8064 7983)
4(5957 8063 8064 5958)
4(5878 5959 8065 7984)
4(5958 8064 8065 5959)
4(5879 5960 8066 7985)
4(5959 8065 8066 5960)
4(5880 5961 8067 7986)
4(5960 8066 8067 5961)
4(5881 5962 8068 7987)
4(5961 8067 8068 5962)
4(5882 5963 8069 7988)
4(5962 8068 8069 5963)
4(5883 5964 8070 7989)
4(5963 8069 8070 5964)
4(5884 5965 8071 7990)
4(5964 8070 8071 5965)
4(5885 5966 8072 7991)
4(5965 8071 8072 5966)
4(5886 5967 8073 7992)
4(5966 8072 8073 5967)
4(5887 5968 8074 7993)
4(5967 8073 8074 5968)
4(5888 5969 8075 7994)
4(5968 8074 8075 5969)
4(5889 5970 8076 7995)
4(5969 8075 8076 5970)
4(5890 5971 8077 7996)
4(5970 8076 8077 5971)
4(5891 5972 8078 7997)
4(5971 8077 8078 5972)
4(5892 5973 8079 7998)
4(5972 8078 8079 5973)
4(5893 5974 8080 7999)
4(5973 8079 8080 5974)
4(5894 5975 8081 8000)
4(5974 8080 8081 5975)
4(5895 5976 8082 8001)
4(5975 8081 8082 5976)
4(5896 5977 8083 8002)
4(5976 8082 8083 5977)
4(5897 5978 8084 8003)
4(5977 8083 8084 5978)
4(5898 5979 8085 8004)
4(5978 8084 8085 5979)
4(5899 5980 8086 8005)
4(5979 8085 8086 5980)
4(5900 5981 8087 8006)
4(5980 8086 8087 5981)
4(5901 5982 8088 8007)
4(5981 8087 8088 5982)
4(5902 5983 8089 8008)
4(5982 8088 8089 5983)
4(5903 5984 8090 8009)
4(5983 8089 8090 5984)
4(5904 5985 8091 8010)
4(5984 8090 8091 5985)
4(5905 5986 8092 8011)
4(5985 8091 8092 5986)
4(5906 5987 8093 8012)
4(5986 8092 8093 5987)
4(5907 5988 8094 8013)
4(5987 8093 8094 5988)
4(5908 5989 8095 8014)
4(5988 8094 8095 5989)
4(5909 5990 8096 8015)
4(5989 8095 8096 5990)
4(5910 5991 8097 8016)
4(5990 8096 8097 5991)
4(5911 5992 8098 8017)
4(5991 8097 8098 5992)
4(5992 8098 8099 5993)
4(5914 5995 8101 8020)
4(5994 8100 8101 5995)
4(5915 5996 8102 8021)
4(5995 8101 8102 5996)
4(5916 5997 8103 8022)
4(5996 8102 8103 5997)
4(5917 5998 8104 8023)
4(5997 8103 8104 5998)
4(5918 5999 8105 8024)
4(5998 8104 8105 5999)
4(5919 6000 8106 8025)
4(5999 8105 8106 6000)
4(5920 6001 8107 8026)
4(6000 8106 8107 6001)
4(5921 6002 8108 8027)
4(6001 8107 8108 6002)
4(5922 6003 8109 8028)
4(6002 8108 8109 6003)
4(5923 6004 8110 8029)
4(6003 8109 8110 6004)
4(5924 6005 8111 8030)
4(6004 8110 8111 6005)
4(5925 6006 8112 8031)
4(6005 8111 8112 6006)
4(5926 6007 8113 8032)
4(6006 8112 8113 6007)
4(5927 6008 8114 8033)
4(6007 8113 8114 6008)
4(5928 6009 8115 8034)
4(6008 8114 8115 6009)
4(5929 6010 8116 8035)
4(6009 8115 8116 6010)
4(5930 6011 8117 8036)
4(6010 8116 8117 6011)
4(5931 6012 8118 8037)
4(6011 8117 8118 6012)
4(5932 6013 8119 8038)
4(6012 8118 8119 6013)
4(5933 6014 8120 8039)
4(6013 8119 8120 6014)
4(5934 6015 8121 8040)
4(6014 8120 8121 6015)
4(5935 6016 8122 8041)
4(6015 8121 8122 6016)
4(5936 6017 8123 8042)
4(6016 8122 8123 6017)
4(5937 6018 8124 8043)
4(6017 8123 8124 6018)
4(5938 6019 8125 8044)
4(6018 8124 8125 6019)
4(5939 6020 8126 8045)
4(6019 8125 8126 6020)
4(5940 6021 8127 8046)
4(6020 8126 8127 6021)
4(5941 6022 8128 8047)
4(6021 8127 8128 6022)
4(5942 6023 8129 8048)
4(6022 8128 8129 6023)
4(5943 6024 8130 8049)
4(6023 8129 8130 6024)
4(5944 6025 8131 8050)
4(6024 8130 8131 6025)
4(5945 6026 8132 8051)
4(6025 8131 8132 6026)
4(5946 6027 8133 8052)
4(6026 8132 8133 6027)
4(5947 6028 8134 8053)
4(6027 8133 8134 6028)
4(5948 6029 8135 8054)
4(6028 8134 8135 6029)
4(5949 6030 8136 8055)
4(6029 8135 8136 6030)
4(5950 6031 8137 8056)
4(6030 8136 8137 6031)
4(5951 6032 8138 8057)
4(6031 8137 8138 6032)
4(5952 6033 8139 8058)
4(6032 8138 8139 6033)
4(5953 6034 8140 8059)
4(6033 8139 8140 6034)
4(5954 6035 8141 8060)
4(6034 8140 8141 6035)
4(5955 6036 8142 8061)
4(6035 8141 8142 6036)
4(5956 6037 8143 8062)
4(6036 8142 8143 6037)
4(5957 6038 8144 8063)
4(6037 8143 8144 6038)
4(5958 6039 8145 8064)
4(6038 8144 8145 6039)
4(5959 6040 8146 8065)
4(6039 8145 8146 6040)
4(5960 6041 8147 8066)
4(6040 8146 8147 6041)
4(5961 6042 8148 8067)
4(6041 8147 8148 6042)
4(5962 6043 8149 8068)
4(6042 8148 8149 6043)
4(5963 6044 8150 8069)
4(6043 8149 8150 6044)
4(5964 6045 8151 8070)
4(6044 8150 8151 6045)
4(5965 6046 8152 8071)
4(6045 8151 8152 6046)
4(5966 6047 8153 8072)
4(6046 8152 8153 6047)
4(5967 6048 8154 8073)
4(6047 8153 8154 6048)
4(5968 6049 8155 8074)
4(6048 8154 8155 6049)
4(5969 6050 8156 8075)
4(6049 8155 8156 6050)
4(5970 6051 8157 8076)
4(6050 8156 8157 6051)
4(5971 6052 8158 8077)
4(6051 8157 8158 6052)
4(5972 6053 8159 8078)
4(6052 8158 8159 6053)
4(5973 6054 8160 8079)
4(6053 8159 8160 6054)
4(5974 6055 8161 8080)
4(6054 8160 8161 6055)
4(5975 6056 8162 8081)
4(6055 8161 8162 6056)
4(5976 6057 8163 8082)
4(6056 8162 8163 6057)
4(5977 6058 8164 8083)
4(6057 8163 8164 6058)
4(5978 6059 8165 8084)
4(6058 8164 8165 6059)
4(5979 6060 8166 8085)
4(6059 8165 8166 6060)
4(5980 6061 8167 8086)
4(6060 8166 8167 6061)
4(5981 6062 8168 8087)
4(6061 8167 8168 6062)
4(5982 6063 8169 8088)
4(6062 8168 8169 6063)
4(5983 6064 8170 8089)
4(6063 8169 8170 6064)
4(5984 6065 8171 8090)
4(6064 8170 8171 6065)
4(5985 6066 8172 8091)
4(6065 8171 8172 6066)
4(5986 6067 8173 8092)
4(6066 8172 8173 6067)
4(5987 6068 8174 8093)
4(6067 8173 8174 6068)
4(5988 6069 8175 8094)
4(6068 8174 8175 6069)
4(5989 6070 8176 8095)
4(6069 8175 8176 6070)
4(5990 6071 8177 8096)
4(6070 8176 8177 6071)
4(5991 6072 8178 8097)
4(6071 8177 8178 6072)
4(5992 6073 8179 8098)
4(6072 8178 8179 6073)
4(6073 8179 8180 6074)
4(5995 6076 8182 8101)
4(6075 8181 8182 6076)
4(5996 6077 8183 8102)
4(6076 8182 8183 6077)
4(5997 6078 8184 8103)
4(6077 8183 8184 6078)
4(5998 6079 8185 8104)
4(6078 8184 8185 6079)
4(5999 6080 8186 8105)
4(6079 8185 8186 6080)
4(6000 6081 8187 8106)
4(6080 8186 8187 6081)
4(6001 6082 8188 8107)
4(6081 8187 8188 6082)
4(6002 6083 8189 8108)
4(6082 8188 8189 6083)
4(6003 6084 8190 8109)
4(6083 8189 8190 6084)
4(6004 6085 8191 8110)
4(6084 8190 8191 6085)
4(6005 6086 8192 8111)
4(6085 8191 8192 6086)
4(6006 6087 8193 8112)
4(6086 8192 8193 6087)
4(6007 6088 8194 8113)
4(6087 8193 8194 6088)
4(6008 6089 8195 8114)
4(6088 8194 8195 6089)
4(6009 6090 8196 8115)
4(6089 8195 8196 6090)
4(6010 6091 8197 8116)
4(6090 8196 8197 6091)
4(6011 6092 8198 8117)
4(6091 8197 8198 6092)
4(6012 6093 8199 8118)
4(6092 8198 8199 6093)
4(6013 6094 8200 8119)
4(6093 8199 8200 6094)
4(6014 6095 8201 8120)
4(6094 8200 8201 6095)
4(6015 6096 8202 8121)
4(6095 8201 8202 6096)
4(6016 6097 8203 8122)
4(6096 8202 8203 6097)
4(6017 6098 8204 8123)
4(6097 8203 8204 6098)
4(6018 6099 8205 8124)
4(6098 8204 8205 6099)
4(6019 6100 8206 8125)
4(6099 8205 8206 6100)
4(6020 6101 8207 8126)
4(6100 8206 8207 6101)
4(6021 6102 8208 8127)
4(6101 8207 8208 6102)
4(6022 6103 8209 8128)
4(6102 8208 8209 6103)
4(6023 6104 8210 8129)
4(6103 8209 8210 6104)
4(6024 6105 8211 8130)
4(6104 8210 8211 6105)
4(6025 6106 8212 8131)
4(6105 8211 8212 6106)
4(6026 6107 8213 8132)
4(6106 8212 8213 6107)
4(6027 6108 8214 8133)
4(6107 8213 8214 6108)
4(6028 6109 8215 8134)
4(6108 8214 8215 6109)
4(6029 6110 8216 8135)
4(6109 8215 8216 6110)
4(6030 6111 8217 8136)
4(6110 8216 8217 6111)
4(6031 6112 8218 8137)
4(6111 8217 8218 6112)
4(6032 6113 8219 8138)
4(6112 8218 8219 6113)
4(6033 6114 8220 8139)
4(6113 8219 8220 6114)
4(6034 6115 8221 8140)
4(6114 8220 8221 6115)
4(6035 6116 8222 8141)
4(6115 8221 8222 6116)
4(6036 6117 8223 8142)
4(6116 8222 8223 6117)
4(6037 6118 8224 8143)
4(6117 8223 8224 6118)
4(6038 6119 8225 8144)
4(6118 8224 8225 6119)
4(6039 6120 8226 8145)
4(6119 8225 8226 6120)
4(6040 6121 8227 8146)
4(6120 8226 8227 6121)
4(6041 6122 8228 8147)
4(6121 8227 8228 6122)
4(6042 6123 8229 8148)
4(6122 8228 8229 6123)
4(6043 6124 8230 8149)
4(6123 8229 8230 6124)
4(6044 6125 8231 8150)
4(6124 8230 8231 6125)
4(6045 6126 8232 8151)
4(6125 8231 8232 6126)
4(6046 6127 8233 8152)
4(6126 8232 8233 6127)
4(6047 6128 8234 8153)
4(6127 8233 8234 6128)
4(6048 6129 8235 8154)
4(6128 8234 8235 6129)
4(6049 6130 8236 8155)
4(6129 8235 8236 6130)
4(6050 6131 8237 8156)
4(6130 8236 8237 6131)
4(6051 6132 8238 8157)
4(6131 8237 8238 6132)
4(6052 6133 8239 8158)
4(6132 8238 8239 6133)
4(6053 6134 8240 8159)
4(6133 8239 8240 6134)
4(6054 6135 8241 8160)
4(6134 8240 8241 6135)
4(6055 6136 8242 8161)
4(6135 8241 8242 6136)
4(6056 6137 8243 8162)
4(6136 8242 8243 6137)
4(6057 6138 8244 8163)
4(6137 8243 8244 6138)
4(6058 6139 8245 8164)
4(6138 8244 8245 6139)
4(6059 6140 8246 8165)
4(6139 8245 8246 6140)
4(6060 6141 8247 8166)
4(6140 8246 8247 6141)
4(6061 6142 8248 8167)
4(6141 8247 8248 6142)
4(6062 6143 8249 8168)
4(6142 8248 8249 6143)
4(6063 6144 8250 8169)
4(6143 8249 8250 6144)
4(6064 6145 8251 8170)
4(6144 8250 8251 6145)
4(6065 6146 8252 8171)
4(6145 8251 8252 6146)
4(6066 6147 8253 8172)
4(6146 8252 8253 6147)
4(6067 6148 8254 8173)
4(6147 8253 8254 6148)
4(6068 6149 8255 8174)
4(6148 8254 8255 6149)
4(6069 6150 8256 8175)
4(6149 8255 8256 6150)
4(6070 6151 8257 8176)
4(6150 8256 8257 6151)
4(6071 6152 8258 8177)
4(6151 8257 8258 6152)
4(6072 6153 8259 8178)
4(6152 8258 8259 6153)
4(6073 6154 8260 8179)
4(6153 8259 8260 6154)
4(6154 8260 8261 6155)
4(6076 6157 8263 8182)
4(6156 8262 8263 6157)
4(6077 6158 8264 8183)
4(6157 8263 8264 6158)
4(6078 6159 8265 8184)
4(6158 8264 8265 6159)
4(6079 6160 8266 8185)
4(6159 8265 8266 6160)
4(6080 6161 8267 8186)
4(6160 8266 8267 6161)
4(6081 6162 8268 8187)
4(6161 8267 8268 6162)
4(6082 6163 8269 8188)
4(6162 8268 8269 6163)
4(6083 6164 8270 8189)
4(6163 8269 8270 6164)
4(6084 6165 8271 8190)
4(6164 8270 8271 6165)
4(6085 6166 8272 8191)
4(6165 8271 8272 6166)
4(6086 6167 8273 8192)
4(6166 8272 8273 6167)
4(6087 6168 8274 8193)
4(6167 8273 8274 6168)
4(6088 6169 8275 8194)
4(6168 8274 8275 6169)
4(6089 6170 8276 8195)
4(6169 8275 8276 6170)
4(6090 6171 8277 8196)
4(6170 8276 8277 6171)
4(6091 6172 8278 8197)
4(6171 8277 8278 6172)
4(6092 6173 8279 8198)
4(6172 8278 8279 6173)
4(6093 6174 8280 8199)
4(6173 8279 8280 6174)
4(6094 6175 8281 8200)
4(6174 8280 8281 6175)
4(6095 6176 8282 8201)
4(6175 8281 8282 6176)
4(6096 6177 8283 8202)
4(6176 8282 8283 6177)
4(6097 6178 8284 8203)
4(6177 8283 8284 6178)
4(6098 6179 8285 8204)
4(6178 8284 8285 6179)
4(6099 6180 8286 8205)
4(6179 8285 8286 6180)
4(6100 6181 8287 8206)
4(6180 8286 8287 6181)
4(6101 6182 8288 8207)
4(6181 8287 8288 6182)
4(6102 6183 8289 8208)
4(6182 8288 8289 6183)
4(6103 6184 8290 8209)
4(6183 8289 8290 6184)
4(6104 6185 8291 8210)
4(6184 8290 8291 6185)
4(6105 6186 8292 8211)
4(6185 8291 8292 6186)
4(6106 6187 8293 8212)
4(6186 8292 8293 6187)
4(6107 6188 8294 8213)
4(6187 8293 8294 6188)
4(6108 6189 8295 8214)
4(6188 8294 8295 6189)
4(6109 6190 8296 8215)
4(6189 8295 8296 6190)
4(6110 6191 8297 8216)
4(6190 8296 8297 6191)
4(6111 6192 8298 8217)
4(6191 8297 8298 6192)
4(6112 6193 8299 8218)
4(6192 8298 8299 6193)
4(6113 6194 8300 8219)
4(6193 8299 8300 6194)
4(6114 6195 8301 8220)
4(6194 8300 8301 6195)
4(6115 6196 8302 8221)
4(6195 8301 8302 6196)
4(6116 6197 8303 8222)
4(6196 8302 8303 6197)
4(6117 6198 8304 8223)
4(6197 8303 8304 6198)
4(6118 6199 8305 8224)
4(6198 8304 8305 6199)
4(6119 6200 8306 8225)
4(6199 8305 8306 6200)
4(6120 6201 8307 8226)
4(6200 8306 8307 6201)
4(6121 6202 8308 8227)
4(6201 8307 8308 6202)
4(6122 6203 8309 8228)
4(6202 8308 8309 6203)
4(6123 6204 8310 8229)
4(6203 8309 8310 6204)
4(6124 6205 8311 8230)
4(6204 8310 8311 6205)
4(6125 6206 8312 8231)
4(6205 8311 8312 6206)
4(6126 6207 8313 8232)
4(6206 8312 8313 6207)
4(6127 6208 8314 8233)
4(6207 8313 8314 6208)
4(6128 6209 8315 8234)
4(6208 8314 8315 6209)
4(6129 6210 8316 8235)
4(6209 8315 8316 6210)
4(6130 6211 8317 8236)
4(6210 8316 8317 6211)
4(6131 6212 8318 8237)
4(6211 8317 8318 6212)
4(6132 6213 8319 8238)
4(6212 8318 8319 6213)
4(6133 6214 8320 8239)
4(6213 8319 8320 6214)
4(6134 6215 8321 8240)
4(6214 8320 8321 6215)
4(6135 6216 8322 8241)
4(6215 8321 8322 6216)
4(6136 6217 8323 8242)
4(6216 8322 8323 6217)
4(6137 6218 8324 8243)
4(6217 8323 8324 6218)
4(6138 6219 8325 8244)
4(6218 8324 8325 6219)
4(6139 6220 8326 8245)
4(6219 8325 8326 6220)
4(6140 6221 8327 8246)
4(6220 8326 8327 6221)
4(6141 6222 8328 8247)
4(6221 8327 8328 6222)
4(6142 6223 8329 8248)
4(6222 8328 8329 6223)
4(6143 6224 8330 8249)
4(6223 8329 8330 6224)
4(6144 6225 8331 8250)
4(6224 8330 8331 6225)
4(6145 6226 8332 8251)
4(6225 8331 8332 6226)
4(6146 6227 8333 8252)
4(6226 8332 8333 6227)
4(6147 6228 8334 8253)
4(6227 8333 8334 6228)
4(6148 6229 8335 8254)
4(6228 8334 8335 6229)
4(6149 6230 8336 8255)
4(6229 8335 8336 6230)
4(6150 6231 8337 8256)
4(6230 8336 8337 6231)
4(6151 6232 8338 8257)
4(6231 8337 8338 6232)
4(6152 6233 8339 8258)
4(6232 8338 8339 6233)
4(6153 6234 8340 8259)
4(6233 8339 8340 6234)
4(6154 6235 8341 8260)
4(6234 8340 8341 6235)
4(6235 8341 8342 6236)
4(6157 6238 8344 8263)
4(6237 8343 8344 6238)
4(6158 6239 8345 8264)
4(6238 8344 8345 6239)
4(6159 6240 8346 8265)
4(6239 8345 8346 6240)
4(6160 6241 8347 8266)
4(6240 8346 8347 6241)
4(6161 6242 8348 8267)
4(6241 8347 8348 6242)
4(6162 6243 8349 8268)
4(6242 8348 8349 6243)
4(6163 6244 8350 8269)
4(6243 8349 8350 6244)
4(6164 6245 8351 8270)
4(6244 8350 8351 6245)
4(6165 6246 8352 8271)
4(6245 8351 8352 6246)
4(6166 6247 8353 8272)
4(6246 8352 8353 6247)
4(6167 6248 8354 8273)
4(6247 8353 8354 6248)
4(6168 6249 8355 8274)
4(6248 8354 8355 6249)
4(6169 6250 8356 8275)
4(6249 8355 8356 6250)
4(6170 6251 8357 8276)
4(6250 8356 8357 6251)
4(6171 6252 8358 8277)
4(6251 8357 8358 6252)
4(6172 6253 8359 8278)
4(6252 8358 8359 6253)
4(6173 6254 8360 8279)
4(6253 8359 8360 6254)
4(6174 6255 8361 8280)
4(6254 8360 8361 6255)
4(6175 6256 8362 8281)
4(6255 8361 8362 6256)
4(6176 6257 8363 8282)
4(6256 8362 8363 6257)
4(6177 6258 8364 8283)
4(6257 8363 8364 6258)
4(6178 6259 8365 8284)
4(6258 8364 8365 6259)
4(6179 6260 8366 8285)
4(6259 8365 8366 6260)
4(6180 6261 8367 8286)
4(6260 8366 8367 6261)
4(6181 6262 8368 8287)
4(6261 8367 8368 6262)
4(6182 6263 8369 8288)
4(6262 8368 8369 6263)
4(6183 6264 8370 8289)
4(6263 8369 8370 6264)
4(6184 6265 8371 8290)
4(6264 8370 8371 6265)
4(6185 6266 8372 8291)
4(6265 8371 8372 6266)
4(6186 6267 8373 8292)
4(6266 8372 8373 6267)
4(6187 6268 8374 8293)
4(6267 8373 8374 6268)
4(6188 6269 8375 8294)
4(6268 8374 8375 6269)
4(6189 6270 8376 8295)
4(6269 8375 8376 6270)
4(6190 6271 8377 8296)
4(6270 8376 8377 6271)
4(6191 6272 8378 8297)
4(6271 8377 8378 6272)
4(6192 6273 8379 8298)
4(6272 8378 8379 6273)
4(6193 6274 8380 8299)
4(6273 8379 8380 6274)
4(6194 6275 8381 8300)
4(6274 8380 8381 6275)
4(6195 6276 8382 8301)
4(6275 8381 8382 6276)
4(6196 6277 8383 8302)
4(6276 8382 8383 6277)
4(6197 6278 8384 8303)
4(6277 8383 8384 6278)
4(6198 6279 8385 8304)
4(6278 8384 8385 6279)
4(6199 6280 8386 8305)
4(6279 8385 8386 6280)
4(6200 6281 8387 8306)
4(6280 8386 8387 6281)
4(6201 6282 8388 8307)
4(6281 8387 8388 6282)
4(6202 6283 8389 8308)
4(6282 8388 8389 6283)
4(6203 6284 8390 8309)
4(6283 8389 8390 6284)
4(6204 6285 8391 8310)
4(6284 8390 8391 6285)
4(6205 6286 8392 8311)
4(6285 8391 8392 6286)
4(6206 6287 8393 8312)
4(6286 8392 8393 6287)
4(6207 6288 8394 8313)
4(6287 8393 8394 6288)
4(6208 6289 8395 8314)
4(6288 8394 8395 6289)
4(6209 6290 8396 8315)
4(6289 8395 8396 6290)
4(6210 6291 8397 8316)
4(6290 8396 8397 6291)
4(6211 6292 8398 8317)
4(6291 8397 8398 6292)
4(6212 6293 8399 8318)
4(6292 8398 8399 6293)
4(6213 6294 8400 8319)
4(6293 8399 8400 6294)
4(6214 6295 8401 8320)
4(6294 8400 8401 6295)
4(6215 6296 8402 8321)
4(6295 8401 8402 6296)
4(6216 6297 8403 8322)
4(6296 8402 8403 6297)
4(6217 6298 8404 8323)
4(6297 8403 8404 6298)
4(6218 6299 8405 8324)
4(6298 8404 8405 6299)
4(6219 6300 8406 8325)
4(6299 8405 8406 6300)
4(6220 6301 8407 8326)
4(6300 8406 8407 6301)
4(6221 6302 8408 8327)
4(6301 8407 8408 6302)
4(6222 6303 8409 8328)
4(6302 8408 8409 6303)
4(6223 6304 8410 8329)
4(6303 8409 8410 6304)
4(6224 6305 8411 8330)
4(6304 8410 8411 6305)
4(6225 6306 8412 8331)
4(6305 8411 8412 6306)
4(6226 6307 8413 8332)
4(6306 8412 8413 6307)
4(6227 6308 8414 8333)
4(6307 8413 8414 6308)
4(6228 6309 8415 8334)
4(6308 8414 8415 6309)
4(6229 6310 8416 8335)
4(6309 8415 8416 6310)
4(6230 6311 8417 8336)
4(6310 8416 8417 6311)
4(6231 6312 8418 8337)
4(6311 8417 8418 6312)
4(6232 6313 8419 8338)
4(6312 8418 8419 6313)
4(6233 6314 8420 8339)
4(6313 8419 8420 6314)
4(6234 6315 8421 8340)
4(6314 8420 8421 6315)
4(6235 6316 8422 8341)
4(6315 8421 8422 6316)
4(6316 8422 8423 6317)
4(2026 8425 10450 4132)
4(8424 10449 10450 8425)
4(4131 4132 10450 10449)
4(2027 8426 10451 4133)
4(8425 10450 10451 8426)
4(4132 4133 10451 10450)
4(2028 8427 10452 4134)
4(8426 10451 10452 8427)
4(4133 4134 10452 10451)
4(2029 8428 10453 4135)
4(8427 10452 10453 8428)
4(4134 4135 10453 10452)
4(2030 8429 10454 4136)
4(8428 10453 10454 8429)
4(4135 4136 10454 10453)
4(2031 8430 10455 4137)
4(8429 10454 10455 8430)
4(4136 4137 10455 10454)
4(2032 8431 10456 4138)
4(8430 10455 10456 8431)
4(4137 4138 10456 10455)
4(2033 8432 10457 4139)
4(8431 10456 10457 8432)
4(4138 4139 10457 10456)
4(2034 8433 10458 4140)
4(8432 10457 10458 8433)
4(4139 4140 10458 10457)
4(2035 8434 10459 4141)
4(8433 10458 10459 8434)
4(4140 4141 10459 10458)
4(2036 8435 10460 4142)
4(8434 10459 10460 8435)
4(4141 4142 10460 10459)
4(2037 8436 10461 4143)
4(8435 10460 10461 8436)
4(4142 4143 10461 10460)
4(2038 8437 10462 4144)
4(8436 10461 10462 8437)
4(4143 4144 10462 10461)
4(2039 8438 10463 4145)
4(8437 10462 10463 8438)
4(4144 4145 10463 10462)
4(2040 8439 10464 4146)
4(8438 10463 10464 8439)
4(4145 4146 10464 10463)
4(2041 8440 10465 4147)
4(8439 10464 10465 8440)
4(4146 4147 10465 10464)
4(2042 8441 10466 4148)
4(8440 10465 10466 8441)
4(4147 4148 10466 10465)
4(2043 8442 10467 4149)
4(8441 10466 10467 8442)
4(4148 4149 10467 10466)
4(2044 8443 10468 4150)
4(8442 10467 10468 8443)
4(4149 4150 10468 10467)
4(2045 8444 10469 4151)
4(8443 10468 10469 8444)
4(4150 4151 10469 10468)
4(2046 8445 10470 4152)
4(8444 10469 10470 8445)
4(4151 4152 10470 10469)
4(2047 8446 10471 4153)
4(8445 10470 10471 8446)
4(4152 4153 10471 10470)
4(2048 8447 10472 4154)
4(8446 10471 10472 8447)
4(4153 4154 10472 10471)
4(2049 8448 10473 4155)
4(8447 10472 10473 8448)
4(4154 4155 10473 10472)
4(2050 8449 10474 4156)
4(8448 10473 10474 8449)
4(4155 4156 10474 10473)
4(2051 8450 10475 4157)
4(8449 10474 10475 8450)
4(4156 4157 10475 10474)
4(2052 8451 10476 4158)
4(8450 10475 10476 8451)
4(4157 4158 10476 10475)
4(2053 8452 10477 4159)
4(8451 10476 10477 8452)
4(4158 4159 10477 10476)
4(2054 8453 10478 4160)
4(8452 10477 10478 8453)
4(4159 4160 10478 10477)
4(2055 8454 10479 4161)
4(8453 10478 10479 8454)
4(4160 4161 10479 10478)
4(2056 8455 10480 4162)
4(8454 10479 10480 8455)
4(4161 4162 10480 10479)
4(2057 8456 10481 4163)
4(8455 10480 10481 8456)
4(4162 4163 10481 10480)
4(2058 8457 10482 4164)
4(8456 10481 10482 8457)
4(4163 4164 10482 10481)
4(2059 8458 10483 4165)
4(8457 10482 10483 8458)
4(4164 4165 10483 10482)
4(2060 8459 10484 4166)
4(8458 10483 10484 8459)
4(4165 4166 10484 10483)
4(2061 8460 10485 4167)
4(8459 10484 10485 8460)
4(4166 4167 10485 10484)
4(2062 8461 10486 4168)
4(8460 10485 10486 8461)
4(4167 4168 10486 10485)
4(2063 8462 10487 4169)
4(8461 10486 10487 8462)
4(4168 4169 10487 10486)
4(2064 8463 10488 4170)
4(8462 10487 10488 8463)
4(4169 4170 10488 10487)
4(2065 8464 10489 4171)
4(8463 10488 10489 8464)
4(4170 4171 10489 10488)
4(2066 8465 10490 4172)
4(8464 10489 10490 8465)
4(4171 4172 10490 10489)
4(2067 8466 10491 4173)
4(8465 10490 10491 8466)
4(4172 4173 10491 10490)
4(2068 8467 10492 4174)
4(8466 10491 10492 8467)
4(4173 4174 10492 10491)
4(2069 8468 10493 4175)
4(8467 10492 10493 8468)
4(4174 4175 10493 10492)
4(2070 8469 10494 4176)
4(8468 10493 10494 8469)
4(4175 4176 10494 10493)
4(2071 8470 10495 4177)
4(8469 10494 10495 8470)
4(4176 4177 10495 10494)
4(2072 8471 10496 4178)
4(8470 10495 10496 8471)
4(4177 4178 10496 10495)
4(2073 8472 10497 4179)
4(8471 10496 10497 8472)
4(4178 4179 10497 10496)
4(2074 8473 10498 4180)
4(8472 10497 10498 8473)
4(4179 4180 10498 10497)
4(2075 8474 10499 4181)
4(8473 10498 10499 8474)
4(4180 4181 10499 10498)
4(2076 8475 10500 4182)
4(8474 10499 10500 8475)
4(4181 4182 10500 10499)
4(2077 8476 10501 4183)
4(8475 10500 10501 8476)
4(4182 4183 10501 10500)
4(2078 8477 10502 4184)
4(8476 10501 10502 8477)
4(4183 4184 10502 10501)
4(2079 8478 10503 4185)
4(8477 10502 10503 8478)
4(4184 4185 10503 10502)
4(2080 8479 10504 4186)
4(8478 10503 10504 8479)
4(4185 4186 10504 10503)
4(2081 8480 10505 4187)
4(8479 10504 10505 8480)
4(4186 4187 10505 10504)
4(2082 8481 10506 4188)
4(8480 10505 10506 8481)
4(4187 4188 10506 10505)
4(2083 8482 10507 4189)
4(8481 10506 10507 8482)
4(4188 4189 10507 10506)
4(2084 8483 10508 4190)
4(8482 10507 10508 8483)
4(4189 4190 10508 10507)
4(2085 8484 10509 4191)
4(8483 10508 10509 8484)
4(4190 4191 10509 10508)
4(2086 8485 10510 4192)
4(8484 10509 10510 8485)
4(4191 4192 10510 10509)
4(2087 8486 10511 4193)
4(8485 10510 10511 8486)
4(4192 4193 10511 10510)
4(2088 8487 10512 4194)
4(8486 10511 10512 8487)
4(4193 4194 10512 10511)
4(2089 8488 10513 4195)
4(8487 10512 10513 8488)
4(4194 4195 10513 10512)
4(2090 8489 10514 4196)
4(8488 10513 10514 8489)
4(4195 4196 10514 10513)
4(2091 8490 10515 4197)
4(8489 10514 10515 8490)
4(4196 4197 10515 10514)
4(2092 8491 10516 4198)
4(8490 10515 10516 8491)
4(4197 4198 10516 10515)
4(2093 8492 10517 4199)
4(8491 10516 10517 8492)
4(4198 4199 10517 10516)
4(2094 8493 10518 4200)
4(8492 10517 10518 8493)
4(4199 4200 10518 10517)
4(2095 8494 10519 4201)
4(8493 10518 10519 8494)
4(4200 4201 10519 10518)
4(2096 8495 10520 4202)
4(8494 10519 10520 8495)
4(4201 4202 10520 10519)
4(2097 8496 10521 4203)
4(8495 10520 10521 8496)
4(4202 4203 10521 10520)
4(2098 8497 10522 4204)
4(8496 10521 10522 8497)
4(4203 4204 10522 10521)
4(2099 8498 10523 4205)
4(8497 10522 10523 8498)
4(4204 4205 10523 10522)
4(2100 8499 10524 4206)
4(8498 10523 10524 8499)
4(4205 4206 10524 10523)
4(2101 8500 10525 4207)
4(8499 10524 10525 8500)
4(4206 4207 10525 10524)
4(2102 8501 10526 4208)
4(8500 10525 10526 8501)
4(4207 4208 10526 10525)
4(2103 8502 10527 4209)
4(8501 10526 10527 8502)
4(4208 4209 10527 10526)
4(2104 8503 10528 4210)
4(8502 10527 10528 8503)
4(4209 4210 10528 10527)
4(8503 10528 10529 8504)
4(4210 4211 10529 10528)
4(8425 8506 10531 10450)
4(8505 10530 10531 8506)
4(10449 10450 10531 10530)
4(8426 8507 10532 10451)
4(8506 10531 10532 8507)
4(10450 10451 10532 10531)
4(8427 8508 10533 10452)
4(8507 10532 10533 8508)
4(10451 10452 10533 10532)
4(8428 8509 10534 10453)
4(8508 10533 10534 8509)
4(10452 10453 10534 10533)
4(8429 8510 10535 10454)
4(8509 10534 10535 8510)
4(10453 10454 10535 10534)
4(8430 8511 10536 10455)
4(8510 10535 10536 8511)
4(10454 10455 10536 10535)
4(8431 8512 10537 10456)
4(8511 10536 10537 8512)
4(10455 10456 10537 10536)
4(8432 8513 10538 10457)
4(8512 10537 10538 8513)
4(10456 10457 10538 10537)
4(8433 8514 10539 10458)
4(8513 10538 10539 8514)
4(10457 10458 10539 10538)
4(8434 8515 10540 10459)
4(8514 10539 10540 8515)
4(10458 10459 10540 10539)
4(8435 8516 10541 10460)
4(8515 10540 10541 8516)
4(10459 10460 10541 10540)
4(8436 8517 10542 10461)
4(8516 10541 10542 8517)
4(10460 10461 10542 10541)
4(8437 8518 10543 10462)
4(8517 10542 10543 8518)
4(10461 10462 10543 10542)
4(8438 8519 10544 10463)
4(8518 10543 10544 8519)
4(10462 10463 10544 10543)
4(8439 8520 10545 10464)
4(8519 10544 10545 8520)
4(10463 10464 10545 10544)
4(8440 8521 10546 10465)
4(8520 10545 10546 8521)
4(10464 10465 10546 10545)
4(8441 8522 10547 10466)
4(8521 10546 10547 8522)
4(10465 10466 10547 10546)
4(8442 8523 10548 10467)
4(8522 10547 10548 8523)
4(10466 10467 10548 10547)
4(8443 8524 10549 10468)
4(8523 10548 10549 8524)
4(10467 10468 10549 10548)
4(8444 8525 10550 10469)
4(8524 10549 10550 8525)
4(10468 10469 10550 10549)
4(8445 8526 10551 10470)
4(8525 10550 10551 8526)
4(10469 10470 10551 10550)
4(8446 8527 10552 10471)
4(8526 10551 10552 8527)
4(10470 10471 10552 10551)
4(8447 8528 10553 10472)
4(8527 10552 10553 8528)
4(10471 10472 10553 10552)
4(8448 8529 10554 10473)
4(8528 10553 10554 8529)
4(10472 10473 10554 10553)
4(8449 8530 10555 10474)
4(8529 10554 10555 8530)
4(10473 10474 10555 10554)
4(8450 8531 10556 10475)
4(8530 10555 10556 8531)
4(10474 10475 10556 10555)
4(8451 8532 10557 10476)
4(8531 10556 10557 8532)
4(10475 10476 10557 10556)
4(8452 8533 10558 10477)
4(8532 10557 10558 8533)
4(10476 10477 10558 10557)
4(8453 8534 10559 10478)
4(8533 10558 10559 8534)
4(10477 10478 10559 10558)
4(8454 8535 10560 10479)
4(8534 10559 10560 8535)
4(10478 10479 10560 10559)
4(8455 8536 10561 10480)
4(8535 10560 10561 8536)
4(10479 10480 10561 10560)
4(8456 8537 10562 10481)
4(8536 10561 10562 8537)
4(10480 10481 10562 10561)
4(8457 8538 10563 10482)
4(8537 10562 10563 8538)
4(10481 10482 10563 10562)
4(8458 8539 10564 10483)
4(8538 10563 10564 8539)
4(10482 10483 10564 10563)
4(8459 8540 10565 10484)
4(8539 10564 10565 8540)
4(10483 10484 10565 10564)
4(8460 8541 10566 10485)
4(8540 10565 10566 8541)
4(10484 10485 10566 10565)
4(8461 8542 10567 10486)
4(8541 10566 10567 8542)
4(10485 10486 10567 10566)
4(8462 8543 10568 10487)
4(8542 10567 10568 8543)
4(10486 10487 10568 10567)
4(8463 8544 10569 10488)
4(8543 10568 10569 8544)
4(10487 10488 10569 10568)
4(8464 8545 10570 10489)
4(8544 10569 10570 8545)
4(10488 10489 10570 10569)
4(8465 8546 10571 10490)
4(8545 10570 10571 8546)
4(10489 10490 10571 10570)
4(8466 8547 10572 10491)
4(8546 10571 10572 8547)
4(10490 10491 10572 10571)
4(8467 8548 10573 10492)
4(8547 10572 10573 8548)
4(10491 10492 10573 10572)
4(8468 8549 10574 10493)
4(8548 10573 10574 8549)
4(10492 10493 10574 10573)
4(8469 8550 10575 10494)
4(8549 10574 10575 8550)
4(10493 10494 10575 10574)
4(8470 8551 10576 10495)
4(8550 10575 10576 8551)
4(10494 10495 10576 10575)
4(8471 8552 10577 10496)
4(8551 10576 10577 8552)
4(10495 10496 10577 10576)
4(8472 8553 10578 10497)
4(8552 10577 10578 8553)
4(10496 10497 10578 10577)
4(8473 8554 10579 10498)
4(8553 10578 10579 8554)
4(10497 10498 10579 10578)
4(8474 8555 10580 10499)
4(8554 10579 10580 8555)
4(10498 10499 10580 10579)
4(8475 8556 10581 10500)
4(8555 10580 10581 8556)
4(10499 10500 10581 10580)
4(8476 8557 10582 10501)
4(8556 10581 10582 8557)
4(10500 10501 10582 10581)
4(8477 8558 10583 10502)
4(8557 10582 10583 8558)
4(10501 10502 10583 10582)
4(8478 8559 10584 10503)
4(8558 10583 10584 8559)
4(10502 10503 10584 10583)
4(8479 8560 10585 10504)
4(8559 10584 10585 8560)
4(10503 10504 10585 10584)
4(8480 8561 10586 10505)
4(8560 10585 10586 8561)
4(10504 10505 10586 10585)
4(8481 8562 10587 10506)
4(8561 10586 10587 8562)
4(10505 10506 10587 10586)
4(8482 8563 10588 10507)
4(8562 10587 10588 8563)
4(10506 10507 10588 10587)
4(8483 8564 10589 10508)
4(8563 10588 10589 8564)
4(10507 10508 10589 10588)
4(8484 8565 10590 10509)
4(8564 10589 10590 8565)
4(10508 10509 10590 10589)
4(8485 8566 10591 10510)
4(8565 10590 10591 8566)
4(10509 10510 10591 10590)
4(8486 8567 10592 10511)
4(8566 10591 10592 8567)
4(10510 10511 10592 10591)
4(8487 8568 10593 10512)
4(8567 10592 10593 8568)
4(10511 10512 10593 10592)
4(8488 8569 10594 10513)
4(8568 10593 10594 8569)
4(10512 10513 10594 10593)
4(8489 8570 10595 10514)
4(8569 10594 10595 8570)
4(10513 10514 10595 10594)
4(8490 8571 10596 10515)
4(8570 10595 10596 8571)
4(10514 10515 10596 10595)
4(8491 8572 10597 10516)
4(8571 10596 10597 8572)
4(10515 10516 10597 10596)
4(8492 8573 10598 10517)
4(8572 10597 10598 8573)
4(10516 10517 10598 10597)
4(8493 8574 10599 10518)
4(8573 10598 10599 8574)
4(10517 10518 10599 10598)
4(8494 8575 10600 10519)
4(8574 10599 10600 8575)
4(10518 10519 10600 10599)
4(8495 8576 10601 10520)
4(8575 10600 10601 8576)
4(10519 10520 10601 10600)
4(8496 8577 10602 10521)
4(8576 10601 10602 8577)
4(10520 10521 10602 10601)
4(8497 8578 10603 10522)
4(8577 10602 10603 8578)
4(10521 10522 10603 10602)
4(8498 8579 10604 10523)
4(8578 10603 10604 8579)
4(10522 10523 10604 10603)
4(8499 8580 10605 10524)
4(8579 10604 10605 8580)
4(10523 10524 10605 10604)
4(8500 8581 10606 10525)
4(8580 10605 10606 8581)
4(10524 10525 10606 10605)
4(8501 8582 10607 10526)
4(8581 10606 10607 8582)
4(10525 10526 10607 10606)
4(8502 8583 10608 10527)
4(8582 10607 10608 8583)
4(10526 10527 10608 10607)
4(8503 8584 10609 10528)
4(8583 10608 10609 8584)
4(10527 10528 10609 10608)
4(8584 10609 10610 8585)
4(10528 10529 10610 10609)
4(8506 8587 10612 10531)
4(8586 10611 10612 8587)
4(10530 10531 10612 10611)
4(8507 8588 10613 10532)
4(8587 10612 10613 8588)
4(10531 10532 10613 10612)
4(8508 8589 10614 10533)
4(8588 10613 10614 8589)
4(10532 10533 10614 10613)
4(8509 8590 10615 10534)
4(8589 10614 10615 8590)
4(10533 10534 10615 10614)
4(8510 8591 10616 10535)
4(8590 10615 10616 8591)
4(10534 10535 10616 10615)
4(8511 8592 10617 10536)
4(8591 10616 10617 8592)
4(10535 10536 10617 10616)
4(8512 8593 10618 10537)
4(8592 10617 10618 8593)
4(10536 10537 10618 10617)
4(8513 8594 10619 10538)
4(8593 10618 10619 8594)
4(10537 10538 10619 10618)
4(8514 8595 10620 10539)
4(8594 10619 10620 8595)
4(10538 10539 10620 10619)
4(8515 8596 10621 10540)
4(8595 10620 10621 8596)
4(10539 10540 10621 10620)
4(8516 8597 10622 10541)
4(8596 10621 10622 8597)
4(10540 10541 10622 10621)
4(8517 8598 10623 10542)
4(8597 10622 10623 8598)
4(10541 10542 10623 10622)
4(8518 8599 10624 10543)
4(8598 10623 10624 8599)
4(10542 10543 10624 10623)
4(8519 8600 10625 10544)
4(8599 10624 10625 8600)
4(10543 10544 10625 10624)
4(8520 8601 10626 10545)
4(8600 10625 10626 8601)
4(10544 10545 10626 10625)
4(8521 8602 10627 10546)
4(8601 10626 10627 8602)
4(10545 10546 10627 10626)
4(8522 8603 10628 10547)
4(8602 10627 10628 8603)
4(10546 10547 10628 10627)
4(8523 8604 10629 10548)
4(8603 10628 10629 8604)
4(10547 10548 10629 10628)
4(8524 8605 10630 10549)
4(8604 10629 10630 8605)
4(10548 10549 10630 10629)
4(8525 8606 10631 10550)
4(8605 10630 10631 8606)
4(10549 10550 10631 10630)
4(8526 8607 10632 10551)
4(8606 10631 10632 8607)
4(10550 10551 10632 10631)
4(8527 8608 10633 10552)
4(8607 10632 10633 8608)
4(10551 10552 10633 10632)
4(8528 8609 10634 10553)
4(8608 10633 10634 8609)
4(10552 10553 10634 10633)
4(8529 8610 10635 10554)
4(8609 10634 10635 8610)
4(10553 10554 10635 10634)
4(8530 8611 10636 10555)
4(8610 10635 10636 8611)
4(10554 10555 10636 10635)
4(8531 8612 10637 10556)
4(8611 10636 10637 8612)
4(10555 10556 10637 10636)
4(8532 8613 10638 10557)
4(8612 10637 10638 8613)
4(10556 10557 10638 10637)
4(8533 8614 10639 10558)
4(8613 10638 10639 8614)
4(10557 10558 10639 10638)
4(8534 8615 10640 10559)
4(8614 10639 10640 8615)
4(10558 10559 10640 10639)
4(8535 8616 10641 10560)
4(8615 10640 10641 8616)
4(10559 10560 10641 10640)
4(8536 8617 10642 10561)
4(8616 10641 10642 8617)
4(10560 10561 10642 10641)
4(8537 8618 10643 10562)
4(8617 10642 10643 8618)
4(10561 10562 10643 10642)
4(8538 8619 10644 10563)
4(8618 10643 10644 8619)
4(10562 10563 10644 10643)
4(8539 8620 10645 10564)
4(8619 10644 10645 8620)
4(10563 10564 10645 10644)
4(8540 8621 10646 10565)
4(8620 10645 10646 8621)
4(10564 10565 10646 10645)
4(8541 8622 10647 10566)
4(8621 10646 10647 8622)
4(10565 10566 10647 10646)
4(8542 8623 10648 10567)
4(8622 10647 10648 8623)
4(10566 10567 10648 10647)
4(8543 8624 10649 10568)
4(8623 10648 10649 8624)
4(10567 10568 10649 10648)
4(8544 8625 10650 10569)
4(8624 10649 10650 8625)
4(10568 10569 10650 10649)
4(8545 8626 10651 10570)
4(8625 10650 10651 8626)
4(10569 10570 10651 10650)
4(8546 8627 10652 10571)
4(8626 10651 10652 8627)
4(10570 10571 10652 10651)
4(8547 8628 10653 10572)
4(8627 10652 10653 8628)
4(10571 10572 10653 10652)
4(8548 8629 10654 10573)
4(8628 10653 10654 8629)
4(10572 10573 10654 10653)
4(8549 8630 10655 10574)
4(8629 10654 10655 8630)
4(10573 10574 10655 10654)
4(8550 8631 10656 10575)
4(8630 10655 10656 8631)
4(10574 10575 10656 10655)
4(8551 8632 10657 10576)
4(8631 10656 10657 8632)
4(10575 10576 10657 10656)
4(8552 8633 10658 10577)
4(8632 10657 10658 8633)
4(10576 10577 10658 10657)
4(8553 8634 10659 10578)
4(8633 10658 10659 8634)
4(10577 10578 10659 10658)
4(8554 8635 10660 10579)
4(8634 10659 10660 8635)
4(10578 10579 10660 10659)
4(8555 8636 10661 10580)
4(8635 10660 10661 8636)
4(10579 10580 10661 10660)
4(8556 8637 10662 10581)
4(8636 10661 10662 8637)
4(10580 10581 10662 10661)
4(8557 8638 10663 10582)
4(8637 10662 10663 8638)
4(10581 10582 10663 10662)
4(8558 8639 10664 10583)
4(8638 10663 10664 8639)
4(10582 10583 10664 10663)
4(8559 8640 10665 10584)
4(8639 10664 10665 8640)
4(10583 10584 10665 10664)
4(8560 8641 10666 10585)
4(8640 10665 10666 8641)
4(10584 10585 10666 10665)
4(8561 8642 10667 10586)
4(8641 10666 10667 8642)
4(10585 10586 10667 10666)
4(8562 8643 10668 10587)
4(8642 10667 10668 8643)
4(10586 10587 10668 10667)
4(8563 8644 10669 10588)
4(8643 10668 10669 8644)
4(10587 10588 10669 10668)
4(8564 8645 10670 10589)
4(8644 10669 10670 8645)
4(10588 10589 10670 10669)
4(8565 8646 10671 10590)
4(8645 10670 10671 8646)
4(10589 10590 10671 10670)
4(8566 8647 10672 10591)
4(8646 10671 10672 8647)
4(10590 10591 10672 10671)
4(8567 8648 10673 10592)
4(8647 10672 10673 8648)
4(10591 10592 10673 10672)
4(8568 8649 10674 10593)
4(8648 10673 10674 8649)
4(10592 10593 10674 10673)
4(8569 8650 10675 10594)
4(8649 10674 10675 8650)
4(10593 10594 10675 10674)
4(8570 8651 10676 10595)
4(8650 10675 10676 8651)
4(10594 10595 10676 10675)
4(8571 8652 10677 10596)
4(8651 10676 10677 8652)
4(10595 10596 10677 10676)
4(8572 8653 10678 10597)
4(8652 10677 10678 8653)
4(10596 10597 10678 10677)
4(8573 8654 10679 10598)
4(8653 10678 10679 8654)
4(10597 10598 10679 10678)
4(8574 8655 10680 10599)
4(8654 10679 10680 8655)
4(10598 10599 10680 10679)
4(8575 8656 10681 10600)
4(8655 10680 10681 8656)
4(10599 10600 10681 10680)
4(8576 8657 10682 10601)
4(8656 10681 10682 8657)
4(10600 10601 10682 10681)
4(8577 8658 10683 10602)
4(8657 10682 10683 8658)
4(10601 10602 10683 10682)
4(8578 8659 10684 10603)
4(8658 10683 10684 8659)
4(10602 10603 10684 10683)
4(8579 8660 10685 10604)
4(8659 10684 10685 8660)
4(10603 10604 10685 10684)
4(8580 8661 10686 10605)
4(8660 10685 10686 8661)
4(10604 10605 10686 10685)
4(8581 8662 10687 10606)
4(8661 10686 10687 8662)
4(10605 10606 10687 10686)
4(8582 8663 10688 10607)
4(8662 10687 10688 8663)
4(10606 10607 10688 10687)
4(8583 8664 10689 10608)
4(8663 10688 10689 8664)
4(10607 10608 10689 10688)
4(8584 8665 10690 10609)
4(8664 10689 10690 8665)
4(10608 10609 10690 10689)
4(8665 10690 10691 8666)
4(10609 10610 10691 10690)
4(8587 8668 10693 10612)
4(8667 10692 10693 8668)
4(10611 10612 10693 10692)
4(8588 8669 10694 10613)
4(8668 10693 10694 8669)
4(10612 10613 10694 10693)
4(8589 8670 10695 10614)
4(8669 10694 10695 8670)
4(10613 10614 10695 10694)
4(8590 8671 10696 10615)
4(8670 10695 10696 8671)
4(10614 10615 10696 10695)
4(8591 8672 10697 10616)
4(8671 10696 10697 8672)
4(10615 10616 10697 10696)
4(8592 8673 10698 10617)
4(8672 10697 10698 8673)
4(10616 10617 10698 10697)
4(8593 8674 10699 10618)
4(8673 10698 10699 8674)
4(10617 10618 10699 10698)
4(8594 8675 10700 10619)
4(8674 10699 10700 8675)
4(10618 10619 10700 10699)
4(8595 8676 10701 10620)
4(8675 10700 10701 8676)
4(10619 10620 10701 10700)
4(8596 8677 10702 10621)
4(8676 10701 10702 8677)
4(10620 10621 10702 10701)
4(8597 8678 10703 10622)
4(8677 10702 10703 8678)
4(10621 10622 10703 10702)
4(8598 8679 10704 10623)
4(8678 10703 10704 8679)
4(10622 10623 10704 10703)
4(8599 8680 10705 10624)
4(8679 10704 10705 8680)
4(10623 10624 10705 10704)
4(8600 8681 10706 10625)
4(8680 10705 10706 8681)
4(10624 10625 10706 10705)
4(8601 8682 10707 10626)
4(8681 10706 10707 8682)
4(10625 10626 10707 10706)
4(8602 8683 10708 10627)
4(8682 10707 10708 8683)
4(10626 10627 10708 10707)
4(8603 8684 10709 10628)
4(8683 10708 10709 8684)
4(10627 10628 10709 10708)
4(8604 8685 10710 10629)
4(8684 10709 10710 8685)
4(10628 10629 10710 10709)
4(8605 8686 10711 10630)
4(8685 10710 10711 8686)
4(10629 10630 10711 10710)
4(8606 8687 10712 10631)
4(8686 10711 10712 8687)
4(10630 10631 10712 10711)
4(8607 8688 10713 10632)
4(8687 10712 10713 8688)
4(10631 10632 10713 10712)
4(8608 8689 10714 10633)
4(8688 10713 10714 8689)
4(10632 10633 10714 10713)
4(8609 8690 10715 10634)
4(8689 10714 10715 8690)
4(10633 10634 10715 10714)
4(8610 8691 10716 10635)
4(8690 10715 10716 8691)
4(10634 10635 10716 10715)
4(8611 8692 10717 10636)
4(8691 10716 10717 8692)
4(10635 10636 10717 10716)
4(8612 8693 10718 10637)
4(8692 10717 10718 8693)
4(10636 10637 10718 10717)
4(8613 8694 10719 10638)
4(8693 10718 10719 8694)
4(10637 10638 10719 10718)
4(8614 8695 10720 10639)
4(8694 10719 10720 8695)
4(10638 10639 10720 10719)
4(8615 8696 10721 10640)
4(8695 10720 10721 8696)
4(10639 10640 10721 10720)
4(8616 8697 10722 10641)
4(8696 10721 10722 8697)
4(10640 10641 10722 10721)
4(8617 8698 10723 10642)
4(8697 10722 10723 8698)
4(10641 10642 10723 10722)
4(8618 8699 10724 10643)
4(8698 10723 10724 8699)
4(10642 10643 10724 10723)
4(8619 8700 10725 10644)
4(8699 10724 10725 8700)
4(10643 10644 10725 10724)
4(8620 8701 10726 10645)
4(8700 10725 10726 8701)
4(10644 10645 10726 10725)
4(8621 8702 10727 10646)
4(8701 10726 10727 8702)
4(10645 10646 10727 10726)
4(8622 8703 10728 10647)
4(8702 10727 10728 8703)
4(10646 10647 10728 10727)
4(8623 8704 10729 10648)
4(8703 10728 10729 8704)
4(10647 10648 10729 10728)
4(8624 8705 10730 10649)
4(8704 10729 10730 8705)
4(10648 10649 10730 10729)
4(8625 8706 10731 10650)
4(8705 10730 10731 8706)
4(10649 10650 10731 10730)
4(8626 8707 10732 10651)
4(8706 10731 10732 8707)
4(10650 10651 10732 10731)
4(8627 8708 10733 10652)
4(8707 10732 10733 8708)
4(10651 10652 10733 10732)
4(8628 8709 10734 10653)
4(8708 10733 10734 8709)
4(10652 10653 10734 10733)
4(8629 8710 10735 10654)
4(8709 10734 10735 8710)
4(10653 10654 10735 10734)
4(8630 8711 10736 10655)
4(8710 10735 10736 8711)
4(10654 10655 10736 10735)
4(8631 8712 10737 10656)
4(8711 10736 10737 8712)
4(10655 10656 10737 10736)
4(8632 8713 10738 10657)
4(8712 10737 10738 8713)
4(10656 10657 10738 10737)
4(8633 8714 10739 10658)
4(8713 10738 10739 8714)
4(10657 10658 10739 10738)
4(8634 8715 10740 10659)
4(8714 10739 10740 8715)
4(10658 10659 10740 10739)
4(8635 8716 10741 10660)
4(8715 10740 10741 8716)
4(10659 10660 10741 10740)
4(8636 8717 10742 10661)
4(8716 10741 10742 8717)
4(10660 10661 10742 10741)
4(8637 8718 10743 10662)
4(8717 10742 10743 8718)
4(10661 10662 10743 10742)
4(8638 8719 10744 10663)
4(8718 10743 10744 8719)
4(10662 10663 10744 10743)
4(8639 8720 10745 10664)
4(8719 10744 10745 8720)
4(10663 10664 10745 10744)
4(8640 8721 10746 10665)
4(8720 10745 10746 8721)
4(10664 10665 10746 10745)
4(8641 8722 10747 10666)
4(8721 10746 10747 8722)
4(10665 10666 10747 10746)
4(8642 8723 10748 10667)
4(8722 10747 10748 8723)
4(10666 10667 10748 10747)
4(8643 8724 10749 10668)
4(8723 10748 10749 8724)
4(10667 10668 10749 10748)
4(8644 8725 10750 10669)
4(8724 10749 10750 8725)
4(10668 10669 10750 10749)
4(8645 8726 10751 10670)
4(8725 10750 10751 8726)
4(10669 10670 10751 10750)
4(8646 8727 10752 10671)
4(8726 10751 10752 8727)
4(10670 10671 10752 10751)
4(8647 8728 10753 10672)
4(8727 10752 10753 8728)
4(10671 10672 10753 10752)
4(8648 8729 10754 10673)
4(8728 10753 10754 8729)
4(10672 10673 10754 10753)
4(8649 8730 10755 10674)
4(8729 10754 10755 8730)
4(10673 10674 10755 10754)
4(8650 8731 10756 10675)
4(8730 10755 10756 8731)
4(10674 10675 10756 10755)
4(8651 8732 10757 10676)
4(8731 10756 10757 8732)
4(10675 10676 10757 10756)
4(8652 8733 10758 10677)
4(8732 10757 10758 8733)
4(10676 10677 10758 10757)
4(8653 8734 10759 10678)
4(8733 10758 10759 8734)
4(10677 10678 10759 10758)
4(8654 8735 10760 10679)
4(8734 10759 10760 8735)
4(10678 10679 10760 10759)
4(8655 8736 10761 10680)
4(8735 10760 10761 8736)
4(10679 10680 10761 10760)
4(8656 8737 10762 10681)
4(8736 10761 10762 8737)
4(10680 10681 10762 10761)
4(8657 8738 10763 10682)
4(8737 10762 10763 8738)
4(10681 10682 10763 10762)
4(8658 8739 10764 10683)
4(8738 10763 10764 8739)
4(10682 10683 10764 10763)
4(8659 8740 10765 10684)
4(8739 10764 10765 8740)
4(10683 10684 10765 10764)
4(8660 8741 10766 10685)
4(8740 10765 10766 8741)
4(10684 10685 10766 10765)
4(8661 8742 10767 10686)
4(8741 10766 10767 8742)
4(10685 10686 10767 10766)
4(8662 8743 10768 10687)
4(8742 10767 10768 8743)
4(10686 10687 10768 10767)
4(8663 8744 10769 10688)
4(8743 10768 10769 8744)
4(10687 10688 10769 10768)
4(8664 8745 10770 10689)
4(8744 10769 10770 8745)
4(10688 10689 10770 10769)
4(8665 8746 10771 10690)
4(8745 10770 10771 8746)
4(10689 10690 10771 10770)
4(8746 10771 10772 8747)
4(10690 10691 10772 10771)
4(8668 8749 10774 10693)
4(8748 10773 10774 8749)
4(10692 10693 10774 10773)
4(8669 8750 10775 10694)
4(8749 10774 10775 8750)
4(10693 10694 10775 10774)
4(8670 8751 10776 10695)
4(8750 10775 10776 8751)
4(10694 10695 10776 10775)
4(8671 8752 10777 10696)
4(8751 10776 10777 8752)
4(10695 10696 10777 10776)
4(8672 8753 10778 10697)
4(8752 10777 10778 8753)
4(10696 10697 10778 10777)
4(8673 8754 10779 10698)
4(8753 10778 10779 8754)
4(10697 10698 10779 10778)
4(8674 8755 10780 10699)
4(8754 10779 10780 8755)
4(10698 10699 10780 10779)
4(8675 8756 10781 10700)
4(8755 10780 10781 8756)
4(10699 10700 10781 10780)
4(8676 8757 10782 10701)
4(8756 10781 10782 8757)
4(10700 10701 10782 10781)
4(8677 8758 10783 10702)
4(8757 10782 10783 8758)
4(10701 10702 10783 10782)
4(8678 8759 10784 10703)
4(8758 10783 10784 8759)
4(10702 10703 10784 10783)
4(8679 8760 10785 10704)
4(8759 10784 10785 8760)
4(10703 10704 10785 10784)
4(8680 8761 10786 10705)
4(8760 10785 10786 8761)
4(10704 10705 10786 10785)
4(8681 8762 10787 10706)
4(8761 10786 10787 8762)
4(10705 10706 10787 10786)
4(8682 8763 10788 10707)
4(8762 10787 10788 8763)
4(10706 10707 10788 10787)
4(8683 8764 10789 10708)
4(8763 10788 10789 8764)
4(10707 10708 10789 10788)
4(8684 8765 10790 10709)
4(8764 10789 10790 8765)
4(10708 10709 10790 10789)
4(8685 8766 10791 10710)
4(8765 10790 10791 8766)
4(10709 10710 10791 10790)
4(8686 8767 10792 10711)
4(8766 10791 10792 8767)
4(10710 10711 10792 10791)
4(8687 8768 10793 10712)
4(8767 10792 10793 8768)
4(10711 10712 10793 10792)
4(8688 8769 10794 10713)
4(8768 10793 10794 8769)
4(10712 10713 10794 10793)
4(8689 8770 10795 10714)
4(8769 10794 10795 8770)
4(10713 10714 10795 10794)
4(8690 8771 10796 10715)
4(8770 10795 10796 8771)
4(10714 10715 10796 10795)
4(8691 8772 10797 10716)
4(8771 10796 10797 8772)
4(10715 10716 10797 10796)
4(8692 8773 10798 10717)
4(8772 10797 10798 8773)
4(10716 10717 10798 10797)
4(8693 8774 10799 10718)
4(8773 10798 10799 8774)
4(10717 10718 10799 10798)
4(8694 8775 10800 10719)
4(8774 10799 10800 8775)
4(10718 10719 10800 10799)
4(8695 8776 10801 10720)
4(8775 10800 10801 8776)
4(10719 10720 10801 10800)
4(8696 8777 10802 10721)
4(8776 10801 10802 8777)
4(10720 10721 10802 10801)
4(8697 8778 10803 10722)
4(8777 10802 10803 8778)
4(10721 10722 10803 10802)
4(8698 8779 10804 10723)
4(8778 10803 10804 8779)
4(10722 10723 10804 10803)
4(8699 8780 10805 10724)
4(8779 10804 10805 8780)
4(10723 10724 10805 10804)
4(8700 8781 10806 10725)
4(8780 10805 10806 8781)
4(10724 10725 10806 10805)
4(8701 8782 10807 10726)
4(8781 10806 10807 8782)
4(10725 10726 10807 10806)
4(8702 8783 10808 10727)
4(8782 10807 10808 8783)
4(10726 10727 10808 10807)
4(8703 8784 10809 10728)
4(8783 10808 10809 8784)
4(10727 10728 10809 10808)
4(8704 8785 10810 10729)
4(8784 10809 10810 8785)
4(10728 10729 10810 10809)
4(8705 8786 10811 10730)
4(8785 10810 10811 8786)
4(10729 10730 10811 10810)
4(8706 8787 10812 10731)
4(8786 10811 10812 8787)
4(10730 10731 10812 10811)
4(8707 8788 10813 10732)
4(8787 10812 10813 8788)
4(10731 10732 10813 10812)
4(8708 8789 10814 10733)
4(8788 10813 10814 8789)
4(10732 10733 10814 10813)
4(8709 8790 10815 10734)
4(8789 10814 10815 8790)
4(10733 10734 10815 10814)
4(8710 8791 10816 10735)
4(8790 10815 10816 8791)
4(10734 10735 10816 10815)
4(8711 8792 10817 10736)
4(8791 10816 10817 8792)
4(10735 10736 10817 10816)
4(8712 8793 10818 10737)
4(8792 10817 10818 8793)
4(10736 10737 10818 10817)
4(8713 8794 10819 10738)
4(8793 10818 10819 8794)
4(10737 10738 10819 10818)
4(8714 8795 10820 10739)
4(8794 10819 10820 8795)
4(10738 10739 10820 10819)
4(8715 8796 10821 10740)
4(8795 10820 10821 8796)
4(10739 10740 10821 10820)
4(8716 8797 10822 10741)
4(8796 10821 10822 8797)
4(10740 10741 10822 10821)
4(8717 8798 10823 10742)
4(8797 10822 10823 8798)
4(10741 10742 10823 10822)
4(8718 8799 10824 10743)
4(8798 10823 10824 8799)
4(10742 10743 10824 10823)
4(8719 8800 10825 10744)
4(8799 10824 10825 8800)
4(10743 10744 10825 10824)
4(8720 8801 10826 10745)
4(8800 10825 10826 8801)
4(10744 10745 10826 10825)
4(8721 8802 10827 10746)
4(8801 10826 10827 8802)
4(10745 10746 10827 10826)
4(8722 8803 10828 10747)
4(8802 10827 10828 8803)
4(10746 10747 10828 10827)
4(8723 8804 10829 10748)
4(8803 10828 10829 8804)
4(10747 10748 10829 10828)
4(8724 8805 10830 10749)
4(8804 10829 10830 8805)
4(10748 10749 10830 10829)
4(8725 8806 10831 10750)
4(8805 10830 10831 8806)
4(10749 10750 10831 10830)
4(8726 8807 10832 10751)
4(8806 10831 10832 8807)
4(10750 10751 10832 10831)
4(8727 8808 10833 10752)
4(8807 10832 10833 8808)
4(10751 10752 10833 10832)
4(8728 8809 10834 10753)
4(8808 10833 10834 8809)
4(10752 10753 10834 10833)
4(8729 8810 10835 10754)
4(8809 10834 10835 8810)
4(10753 10754 10835 10834)
4(8730 8811 10836 10755)
4(8810 10835 10836 8811)
4(10754 10755 10836 10835)
4(8731 8812 10837 10756)
4(8811 10836 10837 8812)
4(10755 10756 10837 10836)
4(8732 8813 10838 10757)
4(8812 10837 10838 8813)
4(10756 10757 10838 10837)
4(8733 8814 10839 10758)
4(8813 10838 10839 8814)
4(10757 10758 10839 10838)
4(8734 8815 10840 10759)
4(8814 10839 10840 8815)
4(10758 10759 10840 10839)
4(8735 8816 10841 10760)
4(8815 10840 10841 8816)
4(10759 10760 10841 10840)
4(8736 8817 10842 10761)
4(8816 10841 10842 8817)
4(10760 10761 10842 10841)
4(8737 8818 10843 10762)
4(8817 10842 10843 8818)
4(10761 10762 10843 10842)
4(8738 8819 10844 10763)
4(8818 10843 10844 8819)
4(10762 10763 10844 10843)
4(8739 8820 10845 10764)
4(8819 10844 10845 8820)
4(10763 10764 10845 10844)
4(8740 8821 10846 10765)
4(8820 10845 10846 8821)
4(10764 10765 10846 10845)
4(8741 8822 10847 10766)
4(8821 10846 10847 8822)
4(10765 10766 10847 10846)
4(8742 8823 10848 10767)
4(8822 10847 10848 8823)
4(10766 10767 10848 10847)
4(8743 8824 10849 10768)
4(8823 10848 10849 8824)
4(10767 10768 10849 10848)
4(8744 8825 10850 10769)
4(8824 10849 10850 8825)
4(10768 10769 10850 10849)
4(8745 8826 10851 10770)
4(8825 10850 10851 8826)
4(10769 10770 10851 10850)
4(8746 8827 10852 10771)
4(8826 10851 10852 8827)
4(10770 10771 10852 10851)
4(8827 10852 10853 8828)
4(10771 10772 10853 10852)
4(8749 8830 10855 10774)
4(8829 10854 10855 8830)
4(10773 10774 10855 10854)
4(8750 8831 10856 10775)
4(8830 10855 10856 8831)
4(10774 10775 10856 10855)
4(8751 8832 10857 10776)
4(8831 10856 10857 8832)
4(10775 10776 10857 10856)
4(8752 8833 10858 10777)
4(8832 10857 10858 8833)
4(10776 10777 10858 10857)
4(8753 8834 10859 10778)
4(8833 10858 10859 8834)
4(10777 10778 10859 10858)
4(8754 8835 10860 10779)
4(8834 10859 10860 8835)
4(10778 10779 10860 10859)
4(8755 8836 10861 10780)
4(8835 10860 10861 8836)
4(10779 10780 10861 10860)
4(8756 8837 10862 10781)
4(8836 10861 10862 8837)
4(10780 10781 10862 10861)
4(8757 8838 10863 10782)
4(8837 10862 10863 8838)
4(10781 10782 10863 10862)
4(8758 8839 10864 10783)
4(8838 10863 10864 8839)
4(10782 10783 10864 10863)
4(8759 8840 10865 10784)
4(8839 10864 10865 8840)
4(10783 10784 10865 10864)
4(8760 8841 10866 10785)
4(8840 10865 10866 8841)
4(10784 10785 10866 10865)
4(8761 8842 10867 10786)
4(8841 10866 10867 8842)
4(10785 10786 10867 10866)
4(8762 8843 10868 10787)
4(8842 10867 10868 8843)
4(10786 10787 10868 10867)
4(8763 8844 10869 10788)
4(8843 10868 10869 8844)
4(10787 10788 10869 10868)
4(8764 8845 10870 10789)
4(8844 10869 10870 8845)
4(10788 10789 10870 10869)
4(8765 8846 10871 10790)
4(8845 10870 10871 8846)
4(10789 10790 10871 10870)
4(8766 8847 10872 10791)
4(8846 10871 10872 8847)
4(10790 10791 10872 10871)
4(8767 8848 10873 10792)
4(8847 10872 10873 8848)
4(10791 10792 10873 10872)
4(8768 8849 10874 10793)
4(8848 10873 10874 8849)
4(10792 10793 10874 10873)
4(8769 8850 10875 10794)
4(8849 10874 10875 8850)
4(10793 10794 10875 10874)
4(8770 8851 10876 10795)
4(8850 10875 10876 8851)
4(10794 10795 10876 10875)
4(8771 8852 10877 10796)
4(8851 10876 10877 8852)
4(10795 10796 10877 10876)
4(8772 8853 10878 10797)
4(8852 10877 10878 8853)
4(10796 10797 10878 10877)
4(8773 8854 10879 10798)
4(8853 10878 10879 8854)
4(10797 10798 10879 10878)
4(8774 8855 10880 10799)
4(8854 10879 10880 8855)
4(10798 10799 10880 10879)
4(8775 8856 10881 10800)
4(8855 10880 10881 8856)
4(10799 10800 10881 10880)
4(8776 8857 10882 10801)
4(8856 10881 10882 8857)
4(10800 10801 10882 10881)
4(8777 8858 10883 10802)
4(8857 10882 10883 8858)
4(10801 10802 10883 10882)
4(8778 8859 10884 10803)
4(8858 10883 10884 8859)
4(10802 10803 10884 10883)
4(8779 8860 10885 10804)
4(8859 10884 10885 8860)
4(10803 10804 10885 10884)
4(8780 8861 10886 10805)
4(8860 10885 10886 8861)
4(10804 10805 10886 10885)
4(8781 8862 10887 10806)
4(8861 10886 10887 8862)
4(10805 10806 10887 10886)
4(8782 8863 10888 10807)
4(8862 10887 10888 8863)
4(10806 10807 10888 10887)
4(8783 8864 10889 10808)
4(8863 10888 10889 8864)
4(10807 10808 10889 10888)
4(8784 8865 10890 10809)
4(8864 10889 10890 8865)
4(10808 10809 10890 10889)
4(8785 8866 10891 10810)
4(8865 10890 10891 8866)
4(10809 10810 10891 10890)
4(8786 8867 10892 10811)
4(8866 10891 10892 8867)
4(10810 10811 10892 10891)
4(8787 8868 10893 10812)
4(8867 10892 10893 8868)
4(10811 10812 10893 10892)
4(8788 8869 10894 10813)
4(8868 10893 10894 8869)
4(10812 10813 10894 10893)
4(8789 8870 10895 10814)
4(8869 10894 10895 8870)
4(10813 10814 10895 10894)
4(8790 8871 10896 10815)
4(8870 10895 10896 8871)
4(10814 10815 10896 10895)
4(8791 8872 10897 10816)
4(8871 10896 10897 8872)
4(10815 10816 10897 10896)
4(8792 8873 10898 10817)
4(8872 10897 10898 8873)
4(10816 10817 10898 10897)
4(8793 8874 10899 10818)
4(8873 10898 10899 8874)
4(10817 10818 10899 10898)
4(8794 8875 10900 10819)
4(8874 10899 10900 8875)
4(10818 10819 10900 10899)
4(8795 8876 10901 10820)
4(8875 10900 10901 8876)
4(10819 10820 10901 10900)
4(8796 8877 10902 10821)
4(8876 10901 10902 8877)
4(10820 10821 10902 10901)
4(8797 8878 10903 10822)
4(8877 10902 10903 8878)
4(10821 10822 10903 10902)
4(8798 8879 10904 10823)
4(8878 10903 10904 8879)
4(10822 10823 10904 10903)
4(8799 8880 10905 10824)
4(8879 10904 10905 8880)
4(10823 10824 10905 10904)
4(8800 8881 10906 10825)
4(8880 10905 10906 8881)
4(10824 10825 10906 10905)
4(8801 8882 10907 10826)
4(8881 10906 10907 8882)
4(10825 10826 10907 10906)
4(8802 8883 10908 10827)
4(8882 10907 10908 8883)
4(10826 10827 10908 10907)
4(8803 8884 10909 10828)
4(8883 10908 10909 8884)
4(10827 10828 10909 10908)
4(8804 8885 10910 10829)
4(8884 10909 10910 8885)
4(10828 10829 10910 10909)
4(8805 8886 10911 10830)
4(8885 10910 10911 8886)
4(10829 10830 10911 10910)
4(8806 8887 10912 10831)
4(8886 10911 10912 8887)
4(10830 10831 10912 10911)
4(8807 8888 10913 10832)
4(8887 10912 10913 8888)
4(10831 10832 10913 10912)
4(8808 8889 10914 10833)
4(8888 10913 10914 8889)
4(10832 10833 10914 10913)
4(8809 8890 10915 10834)
4(8889 10914 10915 8890)
4(10833 10834 10915 10914)
4(8810 8891 10916 10835)
4(8890 10915 10916 8891)
4(10834 10835 10916 10915)
4(8811 8892 10917 10836)
4(8891 10916 10917 8892)
4(10835 10836 10917 10916)
4(8812 8893 10918 10837)
4(8892 10917 10918 8893)
4(10836 10837 10918 10917)
4(8813 8894 10919 10838)
4(8893 10918 10919 8894)
4(10837 10838 10919 10918)
4(8814 8895 10920 10839)
4(8894 10919 10920 8895)
4(10838 10839 10920 10919)
4(8815 8896 10921 10840)
4(8895 10920 10921 8896)
4(10839 10840 10921 10920)
4(8816 8897 10922 10841)
4(8896 10921 10922 8897)
4(10840 10841 10922 10921)
4(8817 8898 10923 10842)
4(8897 10922 10923 8898)
4(10841 10842 10923 10922)
4(8818 8899 10924 10843)
4(8898 10923 10924 8899)
4(10842 10843 10924 10923)
4(8819 8900 10925 10844)
4(8899 10924 10925 8900)
4(10843 10844 10925 10924)
4(8820 8901 10926 10845)
4(8900 10925 10926 8901)
4(10844 10845 10926 10925)
4(8821 8902 10927 10846)
4(8901 10926 10927 8902)
4(10845 10846 10927 10926)
4(8822 8903 10928 10847)
4(8902 10927 10928 8903)
4(10846 10847 10928 10927)
4(8823 8904 10929 10848)
4(8903 10928 10929 8904)
4(10847 10848 10929 10928)
4(8824 8905 10930 10849)
4(8904 10929 10930 8905)
4(10848 10849 10930 10929)
4(8825 8906 10931 10850)
4(8905 10930 10931 8906)
4(10849 10850 10931 10930)
4(8826 8907 10932 10851)
4(8906 10931 10932 8907)
4(10850 10851 10932 10931)
4(8827 8908 10933 10852)
4(8907 10932 10933 8908)
4(10851 10852 10933 10932)
4(8908 10933 10934 8909)
4(10852 10853 10934 10933)
4(8830 8911 10936 10855)
4(8910 10935 10936 8911)
4(10854 10855 10936 10935)
4(8831 8912 10937 10856)
4(8911 10936 10937 8912)
4(10855 10856 10937 10936)
4(8832 8913 10938 10857)
4(8912 10937 10938 8913)
4(10856 10857 10938 10937)
4(8833 8914 10939 10858)
4(8913 10938 10939 8914)
4(10857 10858 10939 10938)
4(8834 8915 10940 10859)
4(8914 10939 10940 8915)
4(10858 10859 10940 10939)
4(8835 8916 10941 10860)
4(8915 10940 10941 8916)
4(10859 10860 10941 10940)
4(8836 8917 10942 10861)
4(8916 10941 10942 8917)
4(10860 10861 10942 10941)
4(8837 8918 10943 10862)
4(8917 10942 10943 8918)
4(10861 10862 10943 10942)
4(8838 8919 10944 10863)
4(8918 10943 10944 8919)
4(10862 10863 10944 10943)
4(8839 8920 10945 10864)
4(8919 10944 10945 8920)
4(10863 10864 10945 10944)
4(8840 8921 10946 10865)
4(8920 10945 10946 8921)
4(10864 10865 10946 10945)
4(8841 8922 10947 10866)
4(8921 10946 10947 8922)
4(10865 10866 10947 10946)
4(8842 8923 10948 10867)
4(8922 10947 10948 8923)
4(10866 10867 10948 10947)
4(8843 8924 10949 10868)
4(8923 10948 10949 8924)
4(10867 10868 10949 10948)
4(8844 8925 10950 10869)
4(8924 10949 10950 8925)
4(10868 10869 10950 10949)
4(8845 8926 10951 10870)
4(8925 10950 10951 8926)
4(10869 10870 10951 10950)
4(8846 8927 10952 10871)
4(8926 10951 10952 8927)
4(10870 10871 10952 10951)
4(8847 8928 10953 10872)
4(8927 10952 10953 8928)
4(10871 10872 10953 10952)
4(8848 8929 10954 10873)
4(8928 10953 10954 8929)
4(10872 10873 10954 10953)
4(8849 8930 10955 10874)
4(8929 10954 10955 8930)
4(10873 10874 10955 10954)
4(8850 8931 10956 10875)
4(8930 10955 10956 8931)
4(10874 10875 10956 10955)
4(8851 8932 10957 10876)
4(8931 10956 10957 8932)
4(10875 10876 10957 10956)
4(8852 8933 10958 10877)
4(8932 10957 10958 8933)
4(10876 10877 10958 10957)
4(8853 8934 10959 10878)
4(8933 10958 10959 8934)
4(10877 10878 10959 10958)
4(8854 8935 10960 10879)
4(8934 10959 10960 8935)
4(10878 10879 10960 10959)
4(8855 8936 10961 10880)
4(8935 10960 10961 8936)
4(10879 10880 10961 10960)
4(8856 8937 10962 10881)
4(8936 10961 10962 8937)
4(10880 10881 10962 10961)
4(8857 8938 10963 10882)
4(8937 10962 10963 8938)
4(10881 10882 10963 10962)
4(8858 8939 10964 10883)
4(8938 10963 10964 8939)
4(10882 10883 10964 10963)
4(8859 8940 10965 10884)
4(8939 10964 10965 8940)
4(10883 10884 10965 10964)
4(8860 8941 10966 10885)
4(8940 10965 10966 8941)
4(10884 10885 10966 10965)
4(8861 8942 10967 10886)
4(8941 10966 10967 8942)
4(10885 10886 10967 10966)
4(8862 8943 10968 10887)
4(8942 10967 10968 8943)
4(10886 10887 10968 10967)
4(8863 8944 10969 10888)
4(8943 10968 10969 8944)
4(10887 10888 10969 10968)
4(8864 8945 10970 10889)
4(8944 10969 10970 8945)
4(10888 10889 10970 10969)
4(8865 8946 10971 10890)
4(8945 10970 10971 8946)
4(10889 10890 10971 10970)
4(8866 8947 10972 10891)
4(8946 10971 10972 8947)
4(10890 10891 10972 10971)
4(8867 8948 10973 10892)
4(8947 10972 10973 8948)
4(10891 10892 10973 10972)
4(8868 8949 10974 10893)
4(8948 10973 10974 8949)
4(10892 10893 10974 10973)
4(8869 8950 10975 10894)
4(8949 10974 10975 8950)
4(10893 10894 10975 10974)
4(8870 8951 10976 10895)
4(8950 10975 10976 8951)
4(10894 10895 10976 10975)
4(8871 8952 10977 10896)
4(8951 10976 10977 8952)
4(10895 10896 10977 10976)
4(8872 8953 10978 10897)
4(8952 10977 10978 8953)
4(10896 10897 10978 10977)
4(8873 8954 10979 10898)
4(8953 10978 10979 8954)
4(10897 10898 10979 10978)
4(8874 8955 10980 10899)
4(8954 10979 10980 8955)
4(10898 10899 10980 10979)
4(8875 8956 10981 10900)
4(8955 10980 10981 8956)
4(10899 10900 10981 10980)
4(8876 8957 10982 10901)
4(8956 10981 10982 8957)
4(10900 10901 10982 10981)
4(8877 8958 10983 10902)
4(8957 10982 10983 8958)
4(10901 10902 10983 10982)
4(8878 8959 10984 10903)
4(8958 10983 10984 8959)
4(10902 10903 10984 10983)
4(8879 8960 10985 10904)
4(8959 10984 10985 8960)
4(10903 10904 10985 10984)
4(8880 8961 10986 10905)
4(8960 10985 10986 8961)
4(10904 10905 10986 10985)
4(8881 8962 10987 10906)
4(8961 10986 10987 8962)
4(10905 10906 10987 10986)
4(8882 8963 10988 10907)
4(8962 10987 10988 8963)
4(10906 10907 10988 10987)
4(8883 8964 10989 10908)
4(8963 10988 10989 8964)
4(10907 10908 10989 10988)
4(8884 8965 10990 10909)
4(8964 10989 10990 8965)
4(10908 10909 10990 10989)
4(8885 8966 10991 10910)
4(8965 10990 10991 8966)
4(10909 10910 10991 10990)
4(8886 8967 10992 10911)
4(8966 10991 10992 8967)
4(10910 10911 10992 10991)
4(8887 8968 10993 10912)
4(8967 10992 10993 8968)
4(10911 10912 10993 10992)
4(8888 8969 10994 10913)
4(8968 10993 10994 8969)
4(10912 10913 10994 10993)
4(8889 8970 10995 10914)
4(8969 10994 10995 8970)
4(10913 10914 10995 10994)
4(8890 8971 10996 10915)
4(8970 10995 10996 8971)
4(10914 10915 10996 10995)
4(8891 8972 10997 10916)
4(8971 10996 10997 8972)
4(10915 10916 10997 10996)
4(8892 8973 10998 10917)
4(8972 10997 10998 8973)
4(10916 10917 10998 10997)
4(8893 8974 10999 10918)
4(8973 10998 10999 8974)
4(10917 10918 10999 10998)
4(8894 8975 11000 10919)
4(8974 10999 11000 8975)
4(10918 10919 11000 10999)
4(8895 8976 11001 10920)
4(8975 11000 11001 8976)
4(10919 10920 11001 11000)
4(8896 8977 11002 10921)
4(8976 11001 11002 8977)
4(10920 10921 11002 11001)
4(8897 8978 11003 10922)
4(8977 11002 11003 8978)
4(10921 10922 11003 11002)
4(8898 8979 11004 10923)
4(8978 11003 11004 8979)
4(10922 10923 11004 11003)
4(8899 8980 11005 10924)
4(8979 11004 11005 8980)
4(10923 10924 11005 11004)
4(8900 8981 11006 10925)
4(8980 11005 11006 8981)
4(10924 10925 11006 11005)
4(8901 8982 11007 10926)
4(8981 11006 11007 8982)
4(10925 10926 11007 11006)
4(8902 8983 11008 10927)
4(8982 11007 11008 8983)
4(10926 10927 11008 11007)
4(8903 8984 11009 10928)
4(8983 11008 11009 8984)
4(10927 10928 11009 11008)
4(8904 8985 11010 10929)
4(8984 11009 11010 8985)
4(10928 10929 11010 11009)
4(8905 8986 11011 10930)
4(8985 11010 11011 8986)
4(10929 10930 11011 11010)
4(8906 8987 11012 10931)
4(8986 11011 11012 8987)
4(10930 10931 11012 11011)
4(8907 8988 11013 10932)
4(8987 11012 11013 8988)
4(10931 10932 11013 11012)
4(8908 8989 11014 10933)
4(8988 11013 11014 8989)
4(10932 10933 11014 11013)
4(8989 11014 11015 8990)
4(10933 10934 11015 11014)
4(8911 8992 11017 10936)
4(8991 11016 11017 8992)
4(10935 10936 11017 11016)
4(8912 8993 11018 10937)
4(8992 11017 11018 8993)
4(10936 10937 11018 11017)
4(8913 8994 11019 10938)
4(8993 11018 11019 8994)
4(10937 10938 11019 11018)
4(8914 8995 11020 10939)
4(8994 11019 11020 8995)
4(10938 10939 11020 11019)
4(8915 8996 11021 10940)
4(8995 11020 11021 8996)
4(10939 10940 11021 11020)
4(8916 8997 11022 10941)
4(8996 11021 11022 8997)
4(10940 10941 11022 11021)
4(8917 8998 11023 10942)
4(8997 11022 11023 8998)
4(10941 10942 11023 11022)
4(8918 8999 11024 10943)
4(8998 11023 11024 8999)
4(10942 10943 11024 11023)
4(8919 9000 11025 10944)
4(8999 11024 11025 9000)
4(10943 10944 11025 11024)
4(8920 9001 11026 10945)
4(9000 11025 11026 9001)
4(10944 10945 11026 11025)
4(8921 9002 11027 10946)
4(9001 11026 11027 9002)
4(10945 10946 11027 11026)
4(8922 9003 11028 10947)
4(9002 11027 11028 9003)
4(10946 10947 11028 11027)
4(8923 9004 11029 10948)
4(9003 11028 11029 9004)
4(10947 10948 11029 11028)
4(8924 9005 11030 10949)
4(9004 11029 11030 9005)
4(10948 10949 11030 11029)
4(8925 9006 11031 10950)
4(9005 11030 11031 9006)
4(10949 10950 11031 11030)
4(8926 9007 11032 10951)
4(9006 11031 11032 9007)
4(10950 10951 11032 11031)
4(8927 9008 11033 10952)
4(9007 11032 11033 9008)
4(10951 10952 11033 11032)
4(8928 9009 11034 10953)
4(9008 11033 11034 9009)
4(10952 10953 11034 11033)
4(8929 9010 11035 10954)
4(9009 11034 11035 9010)
4(10953 10954 11035 11034)
4(8930 9011 11036 10955)
4(9010 11035 11036 9011)
4(10954 10955 11036 11035)
4(8931 9012 11037 10956)
4(9011 11036 11037 9012)
4(10955 10956 11037 11036)
4(8932 9013 11038 10957)
4(9012 11037 11038 9013)
4(10956 10957 11038 11037)
4(8933 9014 11039 10958)
4(9013 11038 11039 9014)
4(10957 10958 11039 11038)
4(8934 9015 11040 10959)
4(9014 11039 11040 9015)
4(10958 10959 11040 11039)
4(8935 9016 11041 10960)
4(9015 11040 11041 9016)
4(10959 10960 11041 11040)
4(8936 9017 11042 10961)
4(9016 11041 11042 9017)
4(10960 10961 11042 11041)
4(8937 9018 11043 10962)
4(9017 11042 11043 9018)
4(10961 10962 11043 11042)
4(8938 9019 11044 10963)
4(9018 11043 11044 9019)
4(10962 10963 11044 11043)
4(8939 9020 11045 10964)
4(9019 11044 11045 9020)
4(10963 10964 11045 11044)
4(8940 9021 11046 10965)
4(9020 11045 11046 9021)
4(10964 10965 11046 11045)
4(8941 9022 11047 10966)
4(9021 11046 11047 9022)
4(10965 10966 11047 11046)
4(8942 9023 11048 10967)
4(9022 11047 11048 9023)
4(10966 10967 11048 11047)
4(8943 9024 11049 10968)
4(9023 11048 11049 9024)
4(10967 10968 11049 11048)
4(8944 9025 11050 10969)
4(9024 11049 11050 9025)
4(10968 10969 11050 11049)
4(8945 9026 11051 10970)
4(9025 11050 11051 9026)
4(10969 10970 11051 11050)
4(8946 9027 11052 10971)
4(9026 11051 11052 9027)
4(10970 10971 11052 11051)
4(8947 9028 11053 10972)
4(9027 11052 11053 9028)
4(10971 10972 11053 11052)
4(8948 9029 11054 10973)
4(9028 11053 11054 9029)
4(10972 10973 11054 11053)
4(8949 9030 11055 10974)
4(9029 11054 11055 9030)
4(10973 10974 11055 11054)
4(8950 9031 11056 10975)
4(9030 11055 11056 9031)
4(10974 10975 11056 11055)
4(8951 9032 11057 10976)
4(9031 11056 11057 9032)
4(10975 10976 11057 11056)
4(8952 9033 11058 10977)
4(9032 11057 11058 9033)
4(10976 10977 11058 11057)
4(8953 9034 11059 10978)
4(9033 11058 11059 9034)
4(10977 10978 11059 11058)
4(8954 9035 11060 10979)
4(9034 11059 11060 9035)
4(10978 10979 11060 11059)
4(8955 9036 11061 10980)
4(9035 11060 11061 9036)
4(10979 10980 11061 11060)
4(8956 9037 11062 10981)
4(9036 11061 11062 9037)
4(10980 10981 11062 11061)
4(8957 9038 11063 10982)
4(9037 11062 11063 9038)
4(10981 10982 11063 11062)
4(8958 9039 11064 10983)
4(9038 11063 11064 9039)
4(10982 10983 11064 11063)
4(8959 9040 11065 10984)
4(9039 11064 11065 9040)
4(10983 10984 11065 11064)
4(8960 9041 11066 10985)
4(9040 11065 11066 9041)
4(10984 10985 11066 11065)
4(8961 9042 11067 10986)
4(9041 11066 11067 9042)
4(10985 10986 11067 11066)
4(8962 9043 11068 10987)
4(9042 11067 11068 9043)
4(10986 10987 11068 11067)
4(8963 9044 11069 10988)
4(9043 11068 11069 9044)
4(10987 10988 11069 11068)
4(8964 9045 11070 10989)
4(9044 11069 11070 9045)
4(10988 10989 11070 11069)
4(8965 9046 11071 10990)
4(9045 11070 11071 9046)
4(10989 10990 11071 11070)
4(8966 9047 11072 10991)
4(9046 11071 11072 9047)
4(10990 10991 11072 11071)
4(8967 9048 11073 10992)
4(9047 11072 11073 9048)
4(10991 10992 11073 11072)
4(8968 9049 11074 10993)
4(9048 11073 11074 9049)
4(10992 10993 11074 11073)
4(8969 9050 11075 10994)
4(9049 11074 11075 9050)
4(10993 10994 11075 11074)
4(8970 9051 11076 10995)
4(9050 11075 11076 9051)
4(10994 10995 11076 11075)
4(8971 9052 11077 10996)
4(9051 11076 11077 9052)
4(10995 10996 11077 11076)
4(8972 9053 11078 10997)
4(9052 11077 11078 9053)
4(10996 10997 11078 11077)
4(8973 9054 11079 10998)
4(9053 11078 11079 9054)
4(10997 10998 11079 11078)
4(8974 9055 11080 10999)
4(9054 11079 11080 9055)
4(10998 10999 11080 11079)
4(8975 9056 11081 11000)
4(9055 11080 11081 9056)
4(10999 11000 11081 11080)
4(8976 9057 11082 11001)
4(9056 11081 11082 9057)
4(11000 11001 11082 11081)
4(8977 9058 11083 11002)
4(9057 11082 11083 9058)
4(11001 11002 11083 11082)
4(8978 9059 11084 11003)
4(9058 11083 11084 9059)
4(11002 11003 11084 11083)
4(8979 9060 11085 11004)
4(9059 11084 11085 9060)
4(11003 11004 11085 11084)
4(8980 9061 11086 11005)
4(9060 11085 11086 9061)
4(11004 11005 11086 11085)
4(8981 9062 11087 11006)
4(9061 11086 11087 9062)
4(11005 11006 11087 11086)
4(8982 9063 11088 11007)
4(9062 11087 11088 9063)
4(11006 11007 11088 11087)
4(8983 9064 11089 11008)
4(9063 11088 11089 9064)
4(11007 11008 11089 11088)
4(8984 9065 11090 11009)
4(9064 11089 11090 9065)
4(11008 11009 11090 11089)
4(8985 9066 11091 11010)
4(9065 11090 11091 9066)
4(11009 11010 11091 11090)
4(8986 9067 11092 11011)
4(9066 11091 11092 9067)
4(11010 11011 11092 11091)
4(8987 9068 11093 11012)
4(9067 11092 11093 9068)
4(11011 11012 11093 11092)
4(8988 9069 11094 11013)
4(9068 11093 11094 9069)
4(11012 11013 11094 11093)
4(8989 9070 11095 11014)
4(9069 11094 11095 9070)
4(11013 11014 11095 11094)
4(9070 11095 11096 9071)
4(11014 11015 11096 11095)
4(8992 9073 11098 11017)
4(9072 11097 11098 9073)
4(11016 11017 11098 11097)
4(8993 9074 11099 11018)
4(9073 11098 11099 9074)
4(11017 11018 11099 11098)
4(8994 9075 11100 11019)
4(9074 11099 11100 9075)
4(11018 11019 11100 11099)
4(8995 9076 11101 11020)
4(9075 11100 11101 9076)
4(11019 11020 11101 11100)
4(8996 9077 11102 11021)
4(9076 11101 11102 9077)
4(11020 11021 11102 11101)
4(8997 9078 11103 11022)
4(9077 11102 11103 9078)
4(11021 11022 11103 11102)
4(8998 9079 11104 11023)
4(9078 11103 11104 9079)
4(11022 11023 11104 11103)
4(8999 9080 11105 11024)
4(9079 11104 11105 9080)
4(11023 11024 11105 11104)
4(9000 9081 11106 11025)
4(9080 11105 11106 9081)
4(11024 11025 11106 11105)
4(9001 9082 11107 11026)
4(9081 11106 11107 9082)
4(11025 11026 11107 11106)
4(9002 9083 11108 11027)
4(9082 11107 11108 9083)
4(11026 11027 11108 11107)
4(9003 9084 11109 11028)
4(9083 11108 11109 9084)
4(11027 11028 11109 11108)
4(9004 9085 11110 11029)
4(9084 11109 11110 9085)
4(11028 11029 11110 11109)
4(9005 9086 11111 11030)
4(9085 11110 11111 9086)
4(11029 11030 11111 11110)
4(9006 9087 11112 11031)
4(9086 11111 11112 9087)
4(11030 11031 11112 11111)
4(9007 9088 11113 11032)
4(9087 11112 11113 9088)
4(11031 11032 11113 11112)
4(9008 9089 11114 11033)
4(9088 11113 11114 9089)
4(11032 11033 11114 11113)
4(9009 9090 11115 11034)
4(9089 11114 11115 9090)
4(11033 11034 11115 11114)
4(9010 9091 11116 11035)
4(9090 11115 11116 9091)
4(11034 11035 11116 11115)
4(9011 9092 11117 11036)
4(9091 11116 11117 9092)
4(11035 11036 11117 11116)
4(9012 9093 11118 11037)
4(9092 11117 11118 9093)
4(11036 11037 11118 11117)
4(9013 9094 11119 11038)
4(9093 11118 11119 9094)
4(11037 11038 11119 11118)
4(9014 9095 11120 11039)
4(9094 11119 11120 9095)
4(11038 11039 11120 11119)
4(9015 9096 11121 11040)
4(9095 11120 11121 9096)
4(11039 11040 11121 11120)
4(9016 9097 11122 11041)
4(9096 11121 11122 9097)
4(11040 11041 11122 11121)
4(9017 9098 11123 11042)
4(9097 11122 11123 9098)
4(11041 11042 11123 11122)
4(9018 9099 11124 11043)
4(9098 11123 11124 9099)
4(11042 11043 11124 11123)
4(9019 9100 11125 11044)
4(9099 11124 11125 9100)
4(11043 11044 11125 11124)
4(9020 9101 11126 11045)
4(9100 11125 11126 9101)
4(11044 11045 11126 11125)
4(9021 9102 11127 11046)
4(9101 11126 11127 9102)
4(11045 11046 11127 11126)
4(9022 9103 11128 11047)
4(9102 11127 11128 9103)
4(11046 11047 11128 11127)
4(9023 9104 11129 11048)
4(9103 11128 11129 9104)
4(11047 11048 11129 11128)
4(9024 9105 11130 11049)
4(9104 11129 11130 9105)
4(11048 11049 11130 11129)
4(9025 9106 11131 11050)
4(9105 11130 11131 9106)
4(11049 11050 11131 11130)
4(9026 9107 11132 11051)
4(9106 11131 11132 9107)
4(11050 11051 11132 11131)
4(9027 9108 11133 11052)
4(9107 11132 11133 9108)
4(11051 11052 11133 11132)
4(9028 9109 11134 11053)
4(9108 11133 11134 9109)
4(11052 11053 11134 11133)
4(9029 9110 11135 11054)
4(9109 11134 11135 9110)
4(11053 11054 11135 11134)
4(9030 9111 11136 11055)
4(9110 11135 11136 9111)
4(11054 11055 11136 11135)
4(9031 9112 11137 11056)
4(9111 11136 11137 9112)
4(11055 11056 11137 11136)
4(9032 9113 11138 11057)
4(9112 11137 11138 9113)
4(11056 11057 11138 11137)
4(9033 9114 11139 11058)
4(9113 11138 11139 9114)
4(11057 11058 11139 11138)
4(9034 9115 11140 11059)
4(9114 11139 11140 9115)
4(11058 11059 11140 11139)
4(9035 9116 11141 11060)
4(9115 11140 11141 9116)
4(11059 11060 11141 11140)
4(9036 9117 11142 11061)
4(9116 11141 11142 9117)
4(11060 11061 11142 11141)
4(9037 9118 11143 11062)
4(9117 11142 11143 9118)
4(11061 11062 11143 11142)
4(9038 9119 11144 11063)
4(9118 11143 11144 9119)
4(11062 11063 11144 11143)
4(9039 9120 11145 11064)
4(9119 11144 11145 9120)
4(11063 11064 11145 11144)
4(9040 9121 11146 11065)
4(9120 11145 11146 9121)
4(11064 11065 11146 11145)
4(9041 9122 11147 11066)
4(9121 11146 11147 9122)
4(11065 11066 11147 11146)
4(9042 9123 11148 11067)
4(9122 11147 11148 9123)
4(11066 11067 11148 11147)
4(9043 9124 11149 11068)
4(9123 11148 11149 9124)
4(11067 11068 11149 11148)
4(9044 9125 11150 11069)
4(9124 11149 11150 9125)
4(11068 11069 11150 11149)
4(9045 9126 11151 11070)
4(9125 11150 11151 9126)
4(11069 11070 11151 11150)
4(9046 9127 11152 11071)
4(9126 11151 11152 9127)
4(11070 11071 11152 11151)
4(9047 9128 11153 11072)
4(9127 11152 11153 9128)
4(11071 11072 11153 11152)
4(9048 9129 11154 11073)
4(9128 11153 11154 9129)
4(11072 11073 11154 11153)
4(9049 9130 11155 11074)
4(9129 11154 11155 9130)
4(11073 11074 11155 11154)
4(9050 9131 11156 11075)
4(9130 11155 11156 9131)
4(11074 11075 11156 11155)
4(9051 9132 11157 11076)
4(9131 11156 11157 9132)
4(11075 11076 11157 11156)
4(9052 9133 11158 11077)
4(9132 11157 11158 9133)
4(11076 11077 11158 11157)
4(9053 9134 11159 11078)
4(9133 11158 11159 9134)
4(11077 11078 11159 11158)
4(9054 9135 11160 11079)
4(9134 11159 11160 9135)
4(11078 11079 11160 11159)
4(9055 9136 11161 11080)
4(9135 11160 11161 9136)
4(11079 11080 11161 11160)
4(9056 9137 11162 11081)
4(9136 11161 11162 9137)
4(11080 11081 11162 11161)
4(9057 9138 11163 11082)
4(9137 11162 11163 9138)
4(11081 11082 11163 11162)
4(9058 9139 11164 11083)
4(9138 11163 11164 9139)
4(11082 11083 11164 11163)
4(9059 9140 11165 11084)
4(9139 11164 11165 9140)
4(11083 11084 11165 11164)
4(9060 9141 11166 11085)
4(9140 11165 11166 9141)
4(11084 11085 11166 11165)
4(9061 9142 11167 11086)
4(9141 11166 11167 9142)
4(11085 11086 11167 11166)
4(9062 9143 11168 11087)
4(9142 11167 11168 9143)
4(11086 11087 11168 11167)
4(9063 9144 11169 11088)
4(9143 11168 11169 9144)
4(11087 11088 11169 11168)
4(9064 9145 11170 11089)
4(9144 11169 11170 9145)
4(11088 11089 11170 11169)
4(9065 9146 11171 11090)
4(9145 11170 11171 9146)
4(11089 11090 11171 11170)
4(9066 9147 11172 11091)
4(9146 11171 11172 9147)
4(11090 11091 11172 11171)
4(9067 9148 11173 11092)
4(9147 11172 11173 9148)
4(11091 11092 11173 11172)
4(9068 9149 11174 11093)
4(9148 11173 11174 9149)
4(11092 11093 11174 11173)
4(9069 9150 11175 11094)
4(9149 11174 11175 9150)
4(11093 11094 11175 11174)
4(9070 9151 11176 11095)
4(9150 11175 11176 9151)
4(11094 11095 11176 11175)
4(9151 11176 11177 9152)
4(11095 11096 11177 11176)
4(9073 9154 11179 11098)
4(9153 11178 11179 9154)
4(11097 11098 11179 11178)
4(9074 9155 11180 11099)
4(9154 11179 11180 9155)
4(11098 11099 11180 11179)
4(9075 9156 11181 11100)
4(9155 11180 11181 9156)
4(11099 11100 11181 11180)
4(9076 9157 11182 11101)
4(9156 11181 11182 9157)
4(11100 11101 11182 11181)
4(9077 9158 11183 11102)
4(9157 11182 11183 9158)
4(11101 11102 11183 11182)
4(9078 9159 11184 11103)
4(9158 11183 11184 9159)
4(11102 11103 11184 11183)
4(9079 9160 11185 11104)
4(9159 11184 11185 9160)
4(11103 11104 11185 11184)
4(9080 9161 11186 11105)
4(9160 11185 11186 9161)
4(11104 11105 11186 11185)
4(9081 9162 11187 11106)
4(9161 11186 11187 9162)
4(11105 11106 11187 11186)
4(9082 9163 11188 11107)
4(9162 11187 11188 9163)
4(11106 11107 11188 11187)
4(9083 9164 11189 11108)
4(9163 11188 11189 9164)
4(11107 11108 11189 11188)
4(9084 9165 11190 11109)
4(9164 11189 11190 9165)
4(11108 11109 11190 11189)
4(9085 9166 11191 11110)
4(9165 11190 11191 9166)
4(11109 11110 11191 11190)
4(9086 9167 11192 11111)
4(9166 11191 11192 9167)
4(11110 11111 11192 11191)
4(9087 9168 11193 11112)
4(9167 11192 11193 9168)
4(11111 11112 11193 11192)
4(9088 9169 11194 11113)
4(9168 11193 11194 9169)
4(11112 11113 11194 11193)
4(9089 9170 11195 11114)
4(9169 11194 11195 9170)
4(11113 11114 11195 11194)
4(9090 9171 11196 11115)
4(9170 11195 11196 9171)
4(11114 11115 11196 11195)
4(9091 9172 11197 11116)
4(9171 11196 11197 9172)
4(11115 11116 11197 11196)
4(9092 9173 11198 11117)
4(9172 11197 11198 9173)
4(11116 11117 11198 11197)
4(9093 9174 11199 11118)
4(9173 11198 11199 9174)
4(11117 11118 11199 11198)
4(9094 9175 11200 11119)
4(9174 11199 11200 9175)
4(11118 11119 11200 11199)
4(9095 9176 11201 11120)
4(9175 11200 11201 9176)
4(11119 11120 11201 11200)
4(9096 9177 11202 11121)
4(9176 11201 11202 9177)
4(11120 11121 11202 11201)
4(9097 9178 11203 11122)
4(9177 11202 11203 9178)
4(11121 11122 11203 11202)
4(9098 9179 11204 11123)
4(9178 11203 11204 9179)
4(11122 11123 11204 11203)
4(9099 9180 11205 11124)
4(9179 11204 11205 9180)
4(11123 11124 11205 11204)
4(9100 9181 11206 11125)
4(9180 11205 11206 9181)
4(11124 11125 11206 11205)
4(9101 9182 11207 11126)
4(9181 11206 11207 9182)
4(11125 11126 11207 11206)
4(9102 9183 11208 11127)
4(9182 11207 11208 9183)
4(11126 11127 11208 11207)
4(9103 9184 11209 11128)
4(9183 11208 11209 9184)
4(11127 11128 11209 11208)
4(9104 9185 11210 11129)
4(9184 11209 11210 9185)
4(11128 11129 11210 11209)
4(9105 9186 11211 11130)
4(9185 11210 11211 9186)
4(11129 11130 11211 11210)
4(9106 9187 11212 11131)
4(9186 11211 11212 9187)
4(11130 11131 11212 11211)
4(9107 9188 11213 11132)
4(9187 11212 11213 9188)
4(11131 11132 11213 11212)
4(9108 9189 11214 11133)
4(9188 11213 11214 9189)
4(11132 11133 11214 11213)
4(9109 9190 11215 11134)
4(9189 11214 11215 9190)
4(11133 11134 11215 11214)
4(9110 9191 11216 11135)
4(9190 11215 11216 9191)
4(11134 11135 11216 11215)
4(9111 9192 11217 11136)
4(9191 11216 11217 9192)
4(11135 11136 11217 11216)
4(9112 9193 11218 11137)
4(9192 11217 11218 9193)
4(11136 11137 11218 11217)
4(9113 9194 11219 11138)
4(9193 11218 11219 9194)
4(11137 11138 11219 11218)
4(9114 9195 11220 11139)
4(9194 11219 11220 9195)
4(11138 11139 11220 11219)
4(9115 9196 11221 11140)
4(9195 11220 11221 9196)
4(11139 11140 11221 11220)
4(9116 9197 11222 11141)
4(9196 11221 11222 9197)
4(11140 11141 11222 11221)
4(9117 9198 11223 11142)
4(9197 11222 11223 9198)
4(11141 11142 11223 11222)
4(9118 9199 11224 11143)
4(9198 11223 11224 9199)
4(11142 11143 11224 11223)
4(9119 9200 11225 11144)
4(9199 11224 11225 9200)
4(11143 11144 11225 11224)
4(9120 9201 11226 11145)
4(9200 11225 11226 9201)
4(11144 11145 11226 11225)
4(9121 9202 11227 11146)
4(9201 11226 11227 9202)
4(11145 11146 11227 11226)
4(9122 9203 11228 11147)
4(9202 11227 11228 9203)
4(11146 11147 11228 11227)
4(9123 9204 11229 11148)
4(9203 11228 11229 9204)
4(11147 11148 11229 11228)
4(9124 9205 11230 11149)
4(9204 11229 11230 9205)
4(11148 11149 11230 11229)
4(9125 9206 11231 11150)
4(9205 11230 11231 9206)
4(11149 11150 11231 11230)
4(9126 9207 11232 11151)
4(9206 11231 11232 9207)
4(11150 11151 11232 11231)
4(9127 9208 11233 11152)
4(9207 11232 11233 9208)
4(11151 11152 11233 11232)
4(9128 9209 11234 11153)
4(9208 11233 11234 9209)
4(11152 11153 11234 11233)
4(9129 9210 11235 11154)
4(9209 11234 11235 9210)
4(11153 11154 11235 11234)
4(9130 9211 11236 11155)
4(9210 11235 11236 9211)
4(11154 11155 11236 11235)
4(9131 9212 11237 11156)
4(9211 11236 11237 9212)
4(11155 11156 11237 11236)
4(9132 9213 11238 11157)
4(9212 11237 11238 9213)
4(11156 11157 11238 11237)
4(9133 9214 11239 11158)
4(9213 11238 11239 9214)
4(11157 11158 11239 11238)
4(9134 9215 11240 11159)
4(9214 11239 11240 9215)
4(11158 11159 11240 11239)
4(9135 9216 11241 11160)
4(9215 11240 11241 9216)
4(11159 11160 11241 11240)
4(9136 9217 11242 11161)
4(9216 11241 11242 9217)
4(11160 11161 11242 11241)
4(9137 9218 11243 11162)
4(9217 11242 11243 9218)
4(11161 11162 11243 11242)
4(9138 9219 11244 11163)
4(9218 11243 11244 9219)
4(11162 11163 11244 11243)
4(9139 9220 11245 11164)
4(9219 11244 11245 9220)
4(11163 11164 11245 11244)
4(9140 9221 11246 11165)
4(9220 11245 11246 9221)
4(11164 11165 11246 11245)
4(9141 9222 11247 11166)
4(9221 11246 11247 9222)
4(11165 11166 11247 11246)
4(9142 9223 11248 11167)
4(9222 11247 11248 9223)
4(11166 11167 11248 11247)
4(9143 9224 11249 11168)
4(9223 11248 11249 9224)
4(11167 11168 11249 11248)
4(9144 9225 11250 11169)
4(9224 11249 11250 9225)
4(11168 11169 11250 11249)
4(9145 9226 11251 11170)
4(9225 11250 11251 9226)
4(11169 11170 11251 11250)
4(9146 9227 11252 11171)
4(9226 11251 11252 9227)
4(11170 11171 11252 11251)
4(9147 9228 11253 11172)
4(9227 11252 11253 9228)
4(11171 11172 11253 11252)
4(9148 9229 11254 11173)
4(9228 11253 11254 9229)
4(11172 11173 11254 11253)
4(9149 9230 11255 11174)
4(9229 11254 11255 9230)
4(11173 11174 11255 11254)
4(9150 9231 11256 11175)
4(9230 11255 11256 9231)
4(11174 11175 11256 11255)
4(9151 9232 11257 11176)
4(9231 11256 11257 9232)
4(11175 11176 11257 11256)
4(9232 11257 11258 9233)
4(11176 11177 11258 11257)
4(9154 9235 11260 11179)
4(9234 11259 11260 9235)
4(11178 11179 11260 11259)
4(9155 9236 11261 11180)
4(9235 11260 11261 9236)
4(11179 11180 11261 11260)
4(9156 9237 11262 11181)
4(9236 11261 11262 9237)
4(11180 11181 11262 11261)
4(9157 9238 11263 11182)
4(9237 11262 11263 9238)
4(11181 11182 11263 11262)
4(9158 9239 11264 11183)
4(9238 11263 11264 9239)
4(11182 11183 11264 11263)
4(9159 9240 11265 11184)
4(9239 11264 11265 9240)
4(11183 11184 11265 11264)
4(9160 9241 11266 11185)
4(9240 11265 11266 9241)
4(11184 11185 11266 11265)
4(9161 9242 11267 11186)
4(9241 11266 11267 9242)
4(11185 11186 11267 11266)
4(9162 9243 11268 11187)
4(9242 11267 11268 9243)
4(11186 11187 11268 11267)
4(9163 9244 11269 11188)
4(9243 11268 11269 9244)
4(11187 11188 11269 11268)
4(9164 9245 11270 11189)
4(9244 11269 11270 9245)
4(11188 11189 11270 11269)
4(9165 9246 11271 11190)
4(9245 11270 11271 9246)
4(11189 11190 11271 11270)
4(9166 9247 11272 11191)
4(9246 11271 11272 9247)
4(11190 11191 11272 11271)
4(9167 9248 11273 11192)
4(9247 11272 11273 9248)
4(11191 11192 11273 11272)
4(9168 9249 11274 11193)
4(9248 11273 11274 9249)
4(11192 11193 11274 11273)
4(9169 9250 11275 11194)
4(9249 11274 11275 9250)
4(11193 11194 11275 11274)
4(9170 9251 11276 11195)
4(9250 11275 11276 9251)
4(11194 11195 11276 11275)
4(9171 9252 11277 11196)
4(9251 11276 11277 9252)
4(11195 11196 11277 11276)
4(9172 9253 11278 11197)
4(9252 11277 11278 9253)
4(11196 11197 11278 11277)
4(9173 9254 11279 11198)
4(9253 11278 11279 9254)
4(11197 11198 11279 11278)
4(9174 9255 11280 11199)
4(9254 11279 11280 9255)
4(11198 11199 11280 11279)
4(9175 9256 11281 11200)
4(9255 11280 11281 9256)
4(11199 11200 11281 11280)
4(9176 9257 11282 11201)
4(9256 11281 11282 9257)
4(11200 11201 11282 11281)
4(9177 9258 11283 11202)
4(9257 11282 11283 9258)
4(11201 11202 11283 11282)
4(9178 9259 11284 11203)
4(9258 11283 11284 9259)
4(11202 11203 11284 11283)
4(9179 9260 11285 11204)
4(9259 11284 11285 9260)
4(11203 11204 11285 11284)
4(9180 9261 11286 11205)
4(9260 11285 11286 9261)
4(11204 11205 11286 11285)
4(9181 9262 11287 11206)
4(9261 11286 11287 9262)
4(11205 11206 11287 11286)
4(9182 9263 11288 11207)
4(9262 11287 11288 9263)
4(11206 11207 11288 11287)
4(9183 9264 11289 11208)
4(9263 11288 11289 9264)
4(11207 11208 11289 11288)
4(9184 9265 11290 11209)
4(9264 11289 11290 9265)
4(11208 11209 11290 11289)
4(9185 9266 11291 11210)
4(9265 11290 11291 9266)
4(11209 11210 11291 11290)
4(9186 9267 11292 11211)
4(9266 11291 11292 9267)
4(11210 11211 11292 11291)
4(9187 9268 11293 11212)
4(9267 11292 11293 9268)
4(11211 11212 11293 11292)
4(9188 9269 11294 11213)
4(9268 11293 11294 9269)
4(11212 11213 11294 11293)
4(9189 9270 11295 11214)
4(9269 11294 11295 9270)
4(11213 11214 11295 11294)
4(9190 9271 11296 11215)
4(9270 11295 11296 9271)
4(11214 11215 11296 11295)
4(9191 9272 11297 11216)
4(9271 11296 11297 9272)
4(11215 11216 11297 11296)
4(9192 9273 11298 11217)
4(9272 11297 11298 9273)
4(11216 11217 11298 11297)
4(9193 9274 11299 11218)
4(9273 11298 11299 9274)
4(11217 11218 11299 11298)
4(9194 9275 11300 11219)
4(9274 11299 11300 9275)
4(11218 11219 11300 11299)
4(9195 9276 11301 11220)
4(9275 11300 11301 9276)
4(11219 11220 11301 11300)
4(9196 9277 11302 11221)
4(9276 11301 11302 9277)
4(11220 11221 11302 11301)
4(9197 9278 11303 11222)
4(9277 11302 11303 9278)
4(11221 11222 11303 11302)
4(9198 9279 11304 11223)
4(9278 11303 11304 9279)
4(11222 11223 11304 11303)
4(9199 9280 11305 11224)
4(9279 11304 11305 9280)
4(11223 11224 11305 11304)
4(9200 9281 11306 11225)
4(9280 11305 11306 9281)
4(11224 11225 11306 11305)
4(9201 9282 11307 11226)
4(9281 11306 11307 9282)
4(11225 11226 11307 11306)
4(9202 9283 11308 11227)
4(9282 11307 11308 9283)
4(11226 11227 11308 11307)
4(9203 9284 11309 11228)
4(9283 11308 11309 9284)
4(11227 11228 11309 11308)
4(9204 9285 11310 11229)
4(9284 11309 11310 9285)
4(11228 11229 11310 11309)
4(9205 9286 11311 11230)
4(9285 11310 11311 9286)
4(11229 11230 11311 11310)
4(9206 9287 11312 11231)
4(9286 11311 11312 9287)
4(11230 11231 11312 11311)
4(9207 9288 11313 11232)
4(9287 11312 11313 9288)
4(11231 11232 11313 11312)
4(9208 9289 11314 11233)
4(9288 11313 11314 9289)
4(11232 11233 11314 11313)
4(9209 9290 11315 11234)
4(9289 11314 11315 9290)
4(11233 11234 11315 11314)
4(9210 9291 11316 11235)
4(9290 11315 11316 9291)
4(11234 11235 11316 11315)
4(9211 9292 11317 11236)
4(9291 11316 11317 9292)
4(11235 11236 11317 11316)
4(9212 9293 11318 11237)
4(9292 11317 11318 9293)
4(11236 11237 11318 11317)
4(9213 9294 11319 11238)
4(9293 11318 11319 9294)
4(11237 11238 11319 11318)
4(9214 9295 11320 11239)
4(9294 11319 11320 9295)
4(11238 11239 11320 11319)
4(9215 9296 11321 11240)
4(9295 11320 11321 9296)
4(11239 11240 11321 11320)
4(9216 9297 11322 11241)
4(9296 11321 11322 9297)
4(11240 11241 11322 11321)
4(9217 9298 11323 11242)
4(9297 11322 11323 9298)
4(11241 11242 11323 11322)
4(9218 9299 11324 11243)
4(9298 11323 11324 9299)
4(11242 11243 11324 11323)
4(9219 9300 11325 11244)
4(9299 11324 11325 9300)
4(11243 11244 11325 11324)
4(9220 9301 11326 11245)
4(9300 11325 11326 9301)
4(11244 11245 11326 11325)
4(9221 9302 11327 11246)
4(9301 11326 11327 9302)
4(11245 11246 11327 11326)
4(9222 9303 11328 11247)
4(9302 11327 11328 9303)
4(11246 11247 11328 11327)
4(9223 9304 11329 11248)
4(9303 11328 11329 9304)
4(11247 11248 11329 11328)
4(9224 9305 11330 11249)
4(9304 11329 11330 9305)
4(11248 11249 11330 11329)
4(9225 9306 11331 11250)
4(9305 11330 11331 9306)
4(11249 11250 11331 11330)
4(9226 9307 11332 11251)
4(9306 11331 11332 9307)
4(11250 11251 11332 11331)
4(9227 9308 11333 11252)
4(9307 11332 11333 9308)
4(11251 11252 11333 11332)
4(9228 9309 11334 11253)
4(9308 11333 11334 9309)
4(11252 11253 11334 11333)
4(9229 9310 11335 11254)
4(9309 11334 11335 9310)
4(11253 11254 11335 11334)
4(9230 9311 11336 11255)
4(9310 11335 11336 9311)
4(11254 11255 11336 11335)
4(9231 9312 11337 11256)
4(9311 11336 11337 9312)
4(11255 11256 11337 11336)
4(9232 9313 11338 11257)
4(9312 11337 11338 9313)
4(11256 11257 11338 11337)
4(9313 11338 11339 9314)
4(11257 11258 11339 11338)
4(9235 9316 11341 11260)
4(9315 11340 11341 9316)
4(11259 11260 11341 11340)
4(9236 9317 11342 11261)
4(9316 11341 11342 9317)
4(11260 11261 11342 11341)
4(9237 9318 11343 11262)
4(9317 11342 11343 9318)
4(11261 11262 11343 11342)
4(9238 9319 11344 11263)
4(9318 11343 11344 9319)
4(11262 11263 11344 11343)
4(9239 9320 11345 11264)
4(9319 11344 11345 9320)
4(11263 11264 11345 11344)
4(9240 9321 11346 11265)
4(9320 11345 11346 9321)
4(11264 11265 11346 11345)
4(9241 9322 11347 11266)
4(9321 11346 11347 9322)
4(11265 11266 11347 11346)
4(9242 9323 11348 11267)
4(9322 11347 11348 9323)
4(11266 11267 11348 11347)
4(9243 9324 11349 11268)
4(9323 11348 11349 9324)
4(11267 11268 11349 11348)
4(9244 9325 11350 11269)
4(9324 11349 11350 9325)
4(11268 11269 11350 11349)
4(9245 9326 11351 11270)
4(9325 11350 11351 9326)
4(11269 11270 11351 11350)
4(9246 9327 11352 11271)
4(9326 11351 11352 9327)
4(11270 11271 11352 11351)
4(9247 9328 11353 11272)
4(9327 11352 11353 9328)
4(11271 11272 11353 11352)
4(9248 9329 11354 11273)
4(9328 11353 11354 9329)
4(11272 11273 11354 11353)
4(9249 9330 11355 11274)
4(9329 11354 11355 9330)
4(11273 11274 11355 11354)
4(9250 9331 11356 11275)
4(9330 11355 11356 9331)
4(11274 11275 11356 11355)
4(9251 9332 11357 11276)
4(9331 11356 11357 9332)
4(11275 11276 11357 11356)
4(9252 9333 11358 11277)
4(9332 11357 11358 9333)
4(11276 11277 11358 11357)
4(9253 9334 11359 11278)
4(9333 11358 11359 9334)
4(11277 11278 11359 11358)
4(9254 9335 11360 11279)
4(9334 11359 11360 9335)
4(11278 11279 11360 11359)
4(9255 9336 11361 11280)
4(9335 11360 11361 9336)
4(11279 11280 11361 11360)
4(9256 9337 11362 11281)
4(9336 11361 11362 9337)
4(11280 11281 11362 11361)
4(9257 9338 11363 11282)
4(9337 11362 11363 9338)
4(11281 11282 11363 11362)
4(9258 9339 11364 11283)
4(9338 11363 11364 9339)
4(11282 11283 11364 11363)
4(9259 9340 11365 11284)
4(9339 11364 11365 9340)
4(11283 11284 11365 11364)
4(9260 9341 11366 11285)
4(9340 11365 11366 9341)
4(11284 11285 11366 11365)
4(9261 9342 11367 11286)
4(9341 11366 11367 9342)
4(11285 11286 11367 11366)
4(9262 9343 11368 11287)
4(9342 11367 11368 9343)
4(11286 11287 11368 11367)
4(9263 9344 11369 11288)
4(9343 11368 11369 9344)
4(11287 11288 11369 11368)
4(9264 9345 11370 11289)
4(9344 11369 11370 9345)
4(11288 11289 11370 11369)
4(9265 9346 11371 11290)
4(9345 11370 11371 9346)
4(11289 11290 11371 11370)
4(9266 9347 11372 11291)
4(9346 11371 11372 9347)
4(11290 11291 11372 11371)
4(9267 9348 11373 11292)
4(9347 11372 11373 9348)
4(11291 11292 11373 11372)
4(9268 9349 11374 11293)
4(9348 11373 11374 9349)
4(11292 11293 11374 11373)
4(9269 9350 11375 11294)
4(9349 11374 11375 9350)
4(11293 11294 11375 11374)
4(9270 9351 11376 11295)
4(9350 11375 11376 9351)
4(11294 11295 11376 11375)
4(9271 9352 11377 11296)
4(9351 11376 11377 9352)
4(11295 11296 11377 11376)
4(9272 9353 11378 11297)
4(9352 11377 11378 9353)
4(11296 11297 11378 11377)
4(9273 9354 11379 11298)
4(9353 11378 11379 9354)
4(11297 11298 11379 11378)
4(9274 9355 11380 11299)
4(9354 11379 11380 9355)
4(11298 11299 11380 11379)
4(9275 9356 11381 11300)
4(9355 11380 11381 9356)
4(11299 11300 11381 11380)
4(9276 9357 11382 11301)
4(9356 11381 11382 9357)
4(11300 11301 11382 11381)
4(9277 9358 11383 11302)
4(9357 11382 11383 9358)
4(11301 11302 11383 11382)
4(9278 9359 11384 11303)
4(9358 11383 11384 9359)
4(11302 11303 11384 11383)
4(9279 9360 11385 11304)
4(9359 11384 11385 9360)
4(11303 11304 11385 11384)
4(9280 9361 11386 11305)
4(9360 11385 11386 9361)
4(11304 11305 11386 11385)
4(9281 9362 11387 11306)
4(9361 11386 11387 9362)
4(11305 11306 11387 11386)
4(9282 9363 11388 11307)
4(9362 11387 11388 9363)
4(11306 11307 11388 11387)
4(9283 9364 11389 11308)
4(9363 11388 11389 9364)
4(11307 11308 11389 11388)
4(9284 9365 11390 11309)
4(9364 11389 11390 9365)
4(11308 11309 11390 11389)
4(9285 9366 11391 11310)
4(9365 11390 11391 9366)
4(11309 11310 11391 11390)
4(9286 9367 11392 11311)
4(9366 11391 11392 9367)
4(11310 11311 11392 11391)
4(9287 9368 11393 11312)
4(9367 11392 11393 9368)
4(11311 11312 11393 11392)
4(9288 9369 11394 11313)
4(9368 11393 11394 9369)
4(11312 11313 11394 11393)
4(9289 9370 11395 11314)
4(9369 11394 11395 9370)
4(11313 11314 11395 11394)
4(9290 9371 11396 11315)
4(9370 11395 11396 9371)
4(11314 11315 11396 11395)
4(9291 9372 11397 11316)
4(9371 11396 11397 9372)
4(11315 11316 11397 11396)
4(9292 9373 11398 11317)
4(9372 11397 11398 9373)
4(11316 11317 11398 11397)
4(9293 9374 11399 11318)
4(9373 11398 11399 9374)
4(11317 11318 11399 11398)
4(9294 9375 11400 11319)
4(9374 11399 11400 9375)
4(11318 11319 11400 11399)
4(9295 9376 11401 11320)
4(9375 11400 11401 9376)
4(11319 11320 11401 11400)
4(9296 9377 11402 11321)
4(9376 11401 11402 9377)
4(11320 11321 11402 11401)
4(9297 9378 11403 11322)
4(9377 11402 11403 9378)
4(11321 11322 11403 11402)
4(9298 9379 11404 11323)
4(9378 11403 11404 9379)
4(11322 11323 11404 11403)
4(9299 9380 11405 11324)
4(9379 11404 11405 9380)
4(11323 11324 11405 11404)
4(9300 9381 11406 11325)
4(9380 11405 11406 9381)
4(11324 11325 11406 11405)
4(9301 9382 11407 11326)
4(9381 11406 11407 9382)
4(11325 11326 11407 11406)
4(9302 9383 11408 11327)
4(9382 11407 11408 9383)
4(11326 11327 11408 11407)
4(9303 9384 11409 11328)
4(9383 11408 11409 9384)
4(11327 11328 11409 11408)
4(9304 9385 11410 11329)
4(9384 11409 11410 9385)
4(11328 11329 11410 11409)
4(9305 9386 11411 11330)
4(9385 11410 11411 9386)
4(11329 11330 11411 11410)
4(9306 9387 11412 11331)
4(9386 11411 11412 9387)
4(11330 11331 11412 11411)
4(9307 9388 11413 11332)
4(9387 11412 11413 9388)
4(11331 11332 11413 11412)
4(9308 9389 11414 11333)
4(9388 11413 11414 9389)
4(11332 11333 11414 11413)
4(9309 9390 11415 11334)
4(9389 11414 11415 9390)
4(11333 11334 11415 11414)
4(9310 9391 11416 11335)
4(9390 11415 11416 9391)
4(11334 11335 11416 11415)
4(9311 9392 11417 11336)
4(9391 11416 11417 9392)
4(11335 11336 11417 11416)
4(9312 9393 11418 11337)
4(9392 11417 11418 9393)
4(11336 11337 11418 11417)
4(9313 9394 11419 11338)
4(9393 11418 11419 9394)
4(11337 11338 11419 11418)
4(9394 11419 11420 9395)
4(11338 11339 11420 11419)
4(9316 9397 11422 11341)
4(9396 11421 11422 9397)
4(11340 11341 11422 11421)
4(9317 9398 11423 11342)
4(9397 11422 11423 9398)
4(11341 11342 11423 11422)
4(9318 9399 11424 11343)
4(9398 11423 11424 9399)
4(11342 11343 11424 11423)
4(9319 9400 11425 11344)
4(9399 11424 11425 9400)
4(11343 11344 11425 11424)
4(9320 9401 11426 11345)
4(9400 11425 11426 9401)
4(11344 11345 11426 11425)
4(9321 9402 11427 11346)
4(9401 11426 11427 9402)
4(11345 11346 11427 11426)
4(9322 9403 11428 11347)
4(9402 11427 11428 9403)
4(11346 11347 11428 11427)
4(9323 9404 11429 11348)
4(9403 11428 11429 9404)
4(11347 11348 11429 11428)
4(9324 9405 11430 11349)
4(9404 11429 11430 9405)
4(11348 11349 11430 11429)
4(9325 9406 11431 11350)
4(9405 11430 11431 9406)
4(11349 11350 11431 11430)
4(9326 9407 11432 11351)
4(9406 11431 11432 9407)
4(11350 11351 11432 11431)
4(9327 9408 11433 11352)
4(9407 11432 11433 9408)
4(11351 11352 11433 11432)
4(9328 9409 11434 11353)
4(9408 11433 11434 9409)
4(11352 11353 11434 11433)
4(9329 9410 11435 11354)
4(9409 11434 11435 9410)
4(11353 11354 11435 11434)
4(9330 9411 11436 11355)
4(9410 11435 11436 9411)
4(11354 11355 11436 11435)
4(9331 9412 11437 11356)
4(9411 11436 11437 9412)
4(11355 11356 11437 11436)
4(9332 9413 11438 11357)
4(9412 11437 11438 9413)
4(11356 11357 11438 11437)
4(9333 9414 11439 11358)
4(9413 11438 11439 9414)
4(11357 11358 11439 11438)
4(9334 9415 11440 11359)
4(9414 11439 11440 9415)
4(11358 11359 11440 11439)
4(9335 9416 11441 11360)
4(9415 11440 11441 9416)
4(11359 11360 11441 11440)
4(9336 9417 11442 11361)
4(9416 11441 11442 9417)
4(11360 11361 11442 11441)
4(9337 9418 11443 11362)
4(9417 11442 11443 9418)
4(11361 11362 11443 11442)
4(9338 9419 11444 11363)
4(9418 11443 11444 9419)
4(11362 11363 11444 11443)
4(9339 9420 11445 11364)
4(9419 11444 11445 9420)
4(11363 11364 11445 11444)
4(9340 9421 11446 11365)
4(9420 11445 11446 9421)
4(11364 11365 11446 11445)
4(9341 9422 11447 11366)
4(9421 11446 11447 9422)
4(11365 11366 11447 11446)
4(9342 9423 11448 11367)
4(9422 11447 11448 9423)
4(11366 11367 11448 11447)
4(9343 9424 11449 11368)
4(9423 11448 11449 9424)
4(11367 11368 11449 11448)
4(9344 9425 11450 11369)
4(9424 11449 11450 9425)
4(11368 11369 11450 11449)
4(9345 9426 11451 11370)
4(9425 11450 11451 9426)
4(11369 11370 11451 11450)
4(9346 9427 11452 11371)
4(9426 11451 11452 9427)
4(11370 11371 11452 11451)
4(9347 9428 11453 11372)
4(9427 11452 11453 9428)
4(11371 11372 11453 11452)
4(9348 9429 11454 11373)
4(9428 11453 11454 9429)
4(11372 11373 11454 11453)
4(9349 9430 11455 11374)
4(9429 11454 11455 9430)
4(11373 11374 11455 11454)
4(9350 9431 11456 11375)
4(9430 11455 11456 9431)
4(11374 11375 11456 11455)
4(9351 9432 11457 11376)
4(9431 11456 11457 9432)
4(11375 11376 11457 11456)
4(9352 9433 11458 11377)
4(9432 11457 11458 9433)
4(11376 11377 11458 11457)
4(9353 9434 11459 11378)
4(9433 11458 11459 9434)
4(11377 11378 11459 11458)
4(9354 9435 11460 11379)
4(9434 11459 11460 9435)
4(11378 11379 11460 11459)
4(9355 9436 11461 11380)
4(9435 11460 11461 9436)
4(11379 11380 11461 11460)
4(9356 9437 11462 11381)
4(9436 11461 11462 9437)
4(11380 11381 11462 11461)
4(9357 9438 11463 11382)
4(9437 11462 11463 9438)
4(11381 11382 11463 11462)
4(9358 9439 11464 11383)
4(9438 11463 11464 9439)
4(11382 11383 11464 11463)
4(9359 9440 11465 11384)
4(9439 11464 11465 9440)
4(11383 11384 11465 11464)
4(9360 9441 11466 11385)
4(9440 11465 11466 9441)
4(11384 11385 11466 11465)
4(9361 9442 11467 11386)
4(9441 11466 11467 9442)
4(11385 11386 11467 11466)
4(9362 9443 11468 11387)
4(9442 11467 11468 9443)
4(11386 11387 11468 11467)
4(9363 9444 11469 11388)
4(9443 11468 11469 9444)
4(11387 11388 11469 11468)
4(9364 9445 11470 11389)
4(9444 11469 11470 9445)
4(11388 11389 11470 11469)
4(9365 9446 11471 11390)
4(9445 11470 11471 9446)
4(11389 11390 11471 11470)
4(9366 9447 11472 11391)
4(9446 11471 11472 9447)
4(11390 11391 11472 11471)
4(9367 9448 11473 11392)
4(9447 11472 11473 9448)
4(11391 11392 11473 11472)
4(9368 9449 11474 11393)
4(9448 11473 11474 9449)
4(11392 11393 11474 11473)
4(9369 9450 11475 11394)
4(9449 11474 11475 9450)
4(11393 11394 11475 11474)
4(9370 9451 11476 11395)
4(9450 11475 11476 9451)
4(11394 11395 11476 11475)
4(9371 9452 11477 11396)
4(9451 11476 11477 9452)
4(11395 11396 11477 11476)
4(9372 9453 11478 11397)
4(9452 11477 11478 9453)
4(11396 11397 11478 11477)
4(9373 9454 11479 11398)
4(9453 11478 11479 9454)
4(11397 11398 11479 11478)
4(9374 9455 11480 11399)
4(9454 11479 11480 9455)
4(11398 11399 11480 11479)
4(9375 9456 11481 11400)
4(9455 11480 11481 9456)
4(11399 11400 11481 11480)
4(9376 9457 11482 11401)
4(9456 11481 11482 9457)
4(11400 11401 11482 11481)
4(9377 9458 11483 11402)
4(9457 11482 11483 9458)
4(11401 11402 11483 11482)
4(9378 9459 11484 11403)
4(9458 11483 11484 9459)
4(11402 11403 11484 11483)
4(9379 9460 11485 11404)
4(9459 11484 11485 9460)
4(11403 11404 11485 11484)
4(9380 9461 11486 11405)
4(9460 11485 11486 9461)
4(11404 11405 11486 11485)
4(9381 9462 11487 11406)
4(9461 11486 11487 9462)
4(11405 11406 11487 11486)
4(9382 9463 11488 11407)
4(9462 11487 11488 9463)
4(11406 11407 11488 11487)
4(9383 9464 11489 11408)
4(9463 11488 11489 9464)
4(11407 11408 11489 11488)
4(9384 9465 11490 11409)
4(9464 11489 11490 9465)
4(11408 11409 11490 11489)
4(9385 9466 11491 11410)
4(9465 11490 11491 9466)
4(11409 11410 11491 11490)
4(9386 9467 11492 11411)
4(9466 11491 11492 9467)
4(11410 11411 11492 11491)
4(9387 9468 11493 11412)
4(9467 11492 11493 9468)
4(11411 11412 11493 11492)
4(9388 9469 11494 11413)
4(9468 11493 11494 9469)
4(11412 11413 11494 11493)
4(9389 9470 11495 11414)
4(9469 11494 11495 9470)
4(11413 11414 11495 11494)
4(9390 9471 11496 11415)
4(9470 11495 11496 9471)
4(11414 11415 11496 11495)
4(9391 9472 11497 11416)
4(9471 11496 11497 9472)
4(11415 11416 11497 11496)
4(9392 9473 11498 11417)
4(9472 11497 11498 9473)
4(11416 11417 11498 11497)
4(9393 9474 11499 11418)
4(9473 11498 11499 9474)
4(11417 11418 11499 11498)
4(9394 9475 11500 11419)
4(9474 11499 11500 9475)
4(11418 11419 11500 11499)
4(9475 11500 11501 9476)
4(11419 11420 11501 11500)
4(9397 9478 11503 11422)
4(9477 11502 11503 9478)
4(11421 11422 11503 11502)
4(9398 9479 11504 11423)
4(9478 11503 11504 9479)
4(11422 11423 11504 11503)
4(9399 9480 11505 11424)
4(9479 11504 11505 9480)
4(11423 11424 11505 11504)
4(9400 9481 11506 11425)
4(9480 11505 11506 9481)
4(11424 11425 11506 11505)
4(9401 9482 11507 11426)
4(9481 11506 11507 9482)
4(11425 11426 11507 11506)
4(9402 9483 11508 11427)
4(9482 11507 11508 9483)
4(11426 11427 11508 11507)
4(9403 9484 11509 11428)
4(9483 11508 11509 9484)
4(11427 11428 11509 11508)
4(9404 9485 11510 11429)
4(9484 11509 11510 9485)
4(11428 11429 11510 11509)
4(9405 9486 11511 11430)
4(9485 11510 11511 9486)
4(11429 11430 11511 11510)
4(9406 9487 11512 11431)
4(9486 11511 11512 9487)
4(11430 11431 11512 11511)
4(9407 9488 11513 11432)
4(9487 11512 11513 9488)
4(11431 11432 11513 11512)
4(9408 9489 11514 11433)
4(9488 11513 11514 9489)
4(11432 11433 11514 11513)
4(9409 9490 11515 11434)
4(9489 11514 11515 9490)
4(11433 11434 11515 11514)
4(9410 9491 11516 11435)
4(9490 11515 11516 9491)
4(11434 11435 11516 11515)
4(9411 9492 11517 11436)
4(9491 11516 11517 9492)
4(11435 11436 11517 11516)
4(9412 9493 11518 11437)
4(9492 11517 11518 9493)
4(11436 11437 11518 11517)
4(9413 9494 11519 11438)
4(9493 11518 11519 9494)
4(11437 11438 11519 11518)
4(9414 9495 11520 11439)
4(9494 11519 11520 9495)
4(11438 11439 11520 11519)
4(9415 9496 11521 11440)
4(9495 11520 11521 9496)
4(11439 11440 11521 11520)
4(9416 9497 11522 11441)
4(9496 11521 11522 9497)
4(11440 11441 11522 11521)
4(9417 9498 11523 11442)
4(9497 11522 11523 9498)
4(11441 11442 11523 11522)
4(9418 9499 11524 11443)
4(9498 11523 11524 9499)
4(11442 11443 11524 11523)
4(9419 9500 11525 11444)
4(9499 11524 11525 9500)
4(11443 11444 11525 11524)
4(9420 9501 11526 11445)
4(9500 11525 11526 9501)
4(11444 11445 11526 11525)
4(9421 9502 11527 11446)
4(9501 11526 11527 9502)
4(11445 11446 11527 11526)
4(9422 9503 11528 11447)
4(9502 11527 11528 9503)
4(11446 11447 11528 11527)
4(9423 9504 11529 11448)
4(9503 11528 11529 9504)
4(11447 11448 11529 11528)
4(9424 9505 11530 11449)
4(9504 11529 11530 9505)
4(11448 11449 11530 11529)
4(9425 9506 11531 11450)
4(9505 11530 11531 9506)
4(11449 11450 11531 11530)
4(9426 9507 11532 11451)
4(9506 11531 11532 9507)
4(11450 11451 11532 11531)
4(9427 9508 11533 11452)
4(9507 11532 11533 9508)
4(11451 11452 11533 11532)
4(9428 9509 11534 11453)
4(9508 11533 11534 9509)
4(11452 11453 11534 11533)
4(9429 9510 11535 11454)
4(9509 11534 11535 9510)
4(11453 11454 11535 11534)
4(9430 9511 11536 11455)
4(9510 11535 11536 9511)
4(11454 11455 11536 11535)
4(9431 9512 11537 11456)
4(9511 11536 11537 9512)
4(11455 11456 11537 11536)
4(9432 9513 11538 11457)
4(9512 11537 11538 9513)
4(11456 11457 11538 11537)
4(9433 9514 11539 11458)
4(9513 11538 11539 9514)
4(11457 11458 11539 11538)
4(9434 9515 11540 11459)
4(9514 11539 11540 9515)
4(11458 11459 11540 11539)
4(9435 9516 11541 11460)
4(9515 11540 11541 9516)
4(11459 11460 11541 11540)
4(9436 9517 11542 11461)
4(9516 11541 11542 9517)
4(11460 11461 11542 11541)
4(9437 9518 11543 11462)
4(9517 11542 11543 9518)
4(11461 11462 11543 11542)
4(9438 9519 11544 11463)
4(9518 11543 11544 9519)
4(11462 11463 11544 11543)
4(9439 9520 11545 11464)
4(9519 11544 11545 9520)
4(11463 11464 11545 11544)
4(9440 9521 11546 11465)
4(9520 11545 11546 9521)
4(11464 11465 11546 11545)
4(9441 9522 11547 11466)
4(9521 11546 11547 9522)
4(11465 11466 11547 11546)
4(9442 9523 11548 11467)
4(9522 11547 11548 9523)
4(11466 11467 11548 11547)
4(9443 9524 11549 11468)
4(9523 11548 11549 9524)
4(11467 11468 11549 11548)
4(9444 9525 11550 11469)
4(9524 11549 11550 9525)
4(11468 11469 11550 11549)
4(9445 9526 11551 11470)
4(9525 11550 11551 9526)
4(11469 11470 11551 11550)
4(9446 9527 11552 11471)
4(9526 11551 11552 9527)
4(11470 11471 11552 11551)
4(9447 9528 11553 11472)
4(9527 11552 11553 9528)
4(11471 11472 11553 11552)
4(9448 9529 11554 11473)
4(9528 11553 11554 9529)
4(11472 11473 11554 11553)
4(9449 9530 11555 11474)
4(9529 11554 11555 9530)
4(11473 11474 11555 11554)
4(9450 9531 11556 11475)
4(9530 11555 11556 9531)
4(11474 11475 11556 11555)
4(9451 9532 11557 11476)
4(9531 11556 11557 9532)
4(11475 11476 11557 11556)
4(9452 9533 11558 11477)
4(9532 11557 11558 9533)
4(11476 11477 11558 11557)
4(9453 9534 11559 11478)
4(9533 11558 11559 9534)
4(11477 11478 11559 11558)
4(9454 9535 11560 11479)
4(9534 11559 11560 9535)
4(11478 11479 11560 11559)
4(9455 9536 11561 11480)
4(9535 11560 11561 9536)
4(11479 11480 11561 11560)
4(9456 9537 11562 11481)
4(9536 11561 11562 9537)
4(11480 11481 11562 11561)
4(9457 9538 11563 11482)
4(9537 11562 11563 9538)
4(11481 11482 11563 11562)
4(9458 9539 11564 11483)
4(9538 11563 11564 9539)
4(11482 11483 11564 11563)
4(9459 9540 11565 11484)
4(9539 11564 11565 9540)
4(11483 11484 11565 11564)
4(9460 9541 11566 11485)
4(9540 11565 11566 9541)
4(11484 11485 11566 11565)
4(9461 9542 11567 11486)
4(9541 11566 11567 9542)
4(11485 11486 11567 11566)
4(9462 9543 11568 11487)
4(9542 11567 11568 9543)
4(11486 11487 11568 11567)
4(9463 9544 11569 11488)
4(9543 11568 11569 9544)
4(11487 11488 11569 11568)
4(9464 9545 11570 11489)
4(9544 11569 11570 9545)
4(11488 11489 11570 11569)
4(9465 9546 11571 11490)
4(9545 11570 11571 9546)
4(11489 11490 11571 11570)
4(9466 9547 11572 11491)
4(9546 11571 11572 9547)
4(11490 11491 11572 11571)
4(9467 9548 11573 11492)
4(9547 11572 11573 9548)
4(11491 11492 11573 11572)
4(9468 9549 11574 11493)
4(9548 11573 11574 9549)
4(11492 11493 11574 11573)
4(9469 9550 11575 11494)
4(9549 11574 11575 9550)
4(11493 11494 11575 11574)
4(9470 9551 11576 11495)
4(9550 11575 11576 9551)
4(11494 11495 11576 11575)
4(9471 9552 11577 11496)
4(9551 11576 11577 9552)
4(11495 11496 11577 11576)
4(9472 9553 11578 11497)
4(9552 11577 11578 9553)
4(11496 11497 11578 11577)
4(9473 9554 11579 11498)
4(9553 11578 11579 9554)
4(11497 11498 11579 11578)
4(9474 9555 11580 11499)
4(9554 11579 11580 9555)
4(11498 11499 11580 11579)
4(9475 9556 11581 11500)
4(9555 11580 11581 9556)
4(11499 11500 11581 11580)
4(9556 11581 11582 9557)
4(11500 11501 11582 11581)
4(9478 9559 11584 11503)
4(9558 11583 11584 9559)
4(11502 11503 11584 11583)
4(9479 9560 11585 11504)
4(9559 11584 11585 9560)
4(11503 11504 11585 11584)
4(9480 9561 11586 11505)
4(9560 11585 11586 9561)
4(11504 11505 11586 11585)
4(9481 9562 11587 11506)
4(9561 11586 11587 9562)
4(11505 11506 11587 11586)
4(9482 9563 11588 11507)
4(9562 11587 11588 9563)
4(11506 11507 11588 11587)
4(9483 9564 11589 11508)
4(9563 11588 11589 9564)
4(11507 11508 11589 11588)
4(9484 9565 11590 11509)
4(9564 11589 11590 9565)
4(11508 11509 11590 11589)
4(9485 9566 11591 11510)
4(9565 11590 11591 9566)
4(11509 11510 11591 11590)
4(9486 9567 11592 11511)
4(9566 11591 11592 9567)
4(11510 11511 11592 11591)
4(9487 9568 11593 11512)
4(9567 11592 11593 9568)
4(11511 11512 11593 11592)
4(9488 9569 11594 11513)
4(9568 11593 11594 9569)
4(11512 11513 11594 11593)
4(9489 9570 11595 11514)
4(9569 11594 11595 9570)
4(11513 11514 11595 11594)
4(9490 9571 11596 11515)
4(9570 11595 11596 9571)
4(11514 11515 11596 11595)
4(9491 9572 11597 11516)
4(9571 11596 11597 9572)
4(11515 11516 11597 11596)
4(9492 9573 11598 11517)
4(9572 11597 11598 9573)
4(11516 11517 11598 11597)
4(9493 9574 11599 11518)
4(9573 11598 11599 9574)
4(11517 11518 11599 11598)
4(9494 9575 11600 11519)
4(9574 11599 11600 9575)
4(11518 11519 11600 11599)
4(9495 9576 11601 11520)
4(9575 11600 11601 9576)
4(11519 11520 11601 11600)
4(9496 9577 11602 11521)
4(9576 11601 11602 9577)
4(11520 11521 11602 11601)
4(9497 9578 11603 11522)
4(9577 11602 11603 9578)
4(11521 11522 11603 11602)
4(9498 9579 11604 11523)
4(9578 11603 11604 9579)
4(11522 11523 11604 11603)
4(9499 9580 11605 11524)
4(9579 11604 11605 9580)
4(11523 11524 11605 11604)
4(9500 9581 11606 11525)
4(9580 11605 11606 9581)
4(11524 11525 11606 11605)
4(9501 9582 11607 11526)
4(9581 11606 11607 9582)
4(11525 11526 11607 11606)
4(9502 9583 11608 11527)
4(9582 11607 11608 9583)
4(11526 11527 11608 11607)
4(9503 9584 11609 11528)
4(9583 11608 11609 9584)
4(11527 11528 11609 11608)
4(9504 9585 11610 11529)
4(9584 11609 11610 9585)
4(11528 11529 11610 11609)
4(9505 9586 11611 11530)
4(9585 11610 11611 9586)
4(11529 11530 11611 11610)
4(9506 9587 11612 11531)
4(9586 11611 11612 9587)
4(11530 11531 11612 11611)
4(9507 9588 11613 11532)
4(9587 11612 11613 9588)
4(11531 11532 11613 11612)
4(9508 9589 11614 11533)
4(9588 11613 11614 9589)
4(11532 11533 11614 11613)
4(9509 9590 11615 11534)
4(9589 11614 11615 9590)
4(11533 11534 11615 11614)
4(9510 9591 11616 11535)
4(9590 11615 11616 9591)
4(11534 11535 11616 11615)
4(9511 9592 11617 11536)
4(9591 11616 11617 9592)
4(11535 11536 11617 11616)
4(9512 9593 11618 11537)
4(9592 11617 11618 9593)
4(11536 11537 11618 11617)
4(9513 9594 11619 11538)
4(9593 11618 11619 9594)
4(11537 11538 11619 11618)
4(9514 9595 11620 11539)
4(9594 11619 11620 9595)
4(11538 11539 11620 11619)
4(9515 9596 11621 11540)
4(9595 11620 11621 9596)
4(11539 11540 11621 11620)
4(9516 9597 11622 11541)
4(9596 11621 11622 9597)
4(11540 11541 11622 11621)
4(9517 9598 11623 11542)
4(9597 11622 11623 9598)
4(11541 11542 11623 11622)
4(9518 9599 11624 11543)
4(9598 11623 11624 9599)
4(11542 11543 11624 11623)
4(9519 9600 11625 11544)
4(9599 11624 11625 9600)
4(11543 11544 11625 11624)
4(9520 9601 11626 11545)
4(9600 11625 11626 9601)
4(11544 11545 11626 11625)
4(9521 9602 11627 11546)
4(9601 11626 11627 9602)
4(11545 11546 11627 11626)
4(9522 9603 11628 11547)
4(9602 11627 11628 9603)
4(11546 11547 11628 11627)
4(9523 9604 11629 11548)
4(9603 11628 11629 9604)
4(11547 11548 11629 11628)
4(9524 9605 11630 11549)
4(9604 11629 11630 9605)
4(11548 11549 11630 11629)
4(9525 9606 11631 11550)
4(9605 11630 11631 9606)
4(11549 11550 11631 11630)
4(9526 9607 11632 11551)
4(9606 11631 11632 9607)
4(11550 11551 11632 11631)
4(9527 9608 11633 11552)
4(9607 11632 11633 9608)
4(11551 11552 11633 11632)
4(9528 9609 11634 11553)
4(9608 11633 11634 9609)
4(11552 11553 11634 11633)
4(9529 9610 11635 11554)
4(9609 11634 11635 9610)
4(11553 11554 11635 11634)
4(9530 9611 11636 11555)
4(9610 11635 11636 9611)
4(11554 11555 11636 11635)
4(9531 9612 11637 11556)
4(9611 11636 11637 9612)
4(11555 11556 11637 11636)
4(9532 9613 11638 11557)
4(9612 11637 11638 9613)
4(11556 11557 11638 11637)
4(9533 9614 11639 11558)
4(9613 11638 11639 9614)
4(11557 11558 11639 11638)
4(9534 9615 11640 11559)
4(9614 11639 11640 9615)
4(11558 11559 11640 11639)
4(9535 9616 11641 11560)
4(9615 11640 11641 9616)
4(11559 11560 11641 11640)
4(9536 9617 11642 11561)
4(9616 11641 11642 9617)
4(11560 11561 11642 11641)
4(9537 9618 11643 11562)
4(9617 11642 11643 9618)
4(11561 11562 11643 11642)
4(9538 9619 11644 11563)
4(9618 11643 11644 9619)
4(11562 11563 11644 11643)
4(9539 9620 11645 11564)
4(9619 11644 11645 9620)
4(11563 11564 11645 11644)
4(9540 9621 11646 11565)
4(9620 11645 11646 9621)
4(11564 11565 11646 11645)
4(9541 9622 11647 11566)
4(9621 11646 11647 9622)
4(11565 11566 11647 11646)
4(9542 9623 11648 11567)
4(9622 11647 11648 9623)
4(11566 11567 11648 11647)
4(9543 9624 11649 11568)
4(9623 11648 11649 9624)
4(11567 11568 11649 11648)
4(9544 9625 11650 11569)
4(9624 11649 11650 9625)
4(11568 11569 11650 11649)
4(9545 9626 11651 11570)
4(9625 11650 11651 9626)
4(11569 11570 11651 11650)
4(9546 9627 11652 11571)
4(9626 11651 11652 9627)
4(11570 11571 11652 11651)
4(9547 9628 11653 11572)
4(9627 11652 11653 9628)
4(11571 11572 11653 11652)
4(9548 9629 11654 11573)
4(9628 11653 11654 9629)
4(11572 11573 11654 11653)
4(9549 9630 11655 11574)
4(9629 11654 11655 9630)
4(11573 11574 11655 11654)
4(9550 9631 11656 11575)
4(9630 11655 11656 9631)
4(11574 11575 11656 11655)
4(9551 9632 11657 11576)
4(9631 11656 11657 9632)
4(11575 11576 11657 11656)
4(9552 9633 11658 11577)
4(9632 11657 11658 9633)
4(11576 11577 11658 11657)
4(9553 9634 11659 11578)
4(9633 11658 11659 9634)
4(11577 11578 11659 11658)
4(9554 9635 11660 11579)
4(9634 11659 11660 9635)
4(11578 11579 11660 11659)
4(9555 9636 11661 11580)
4(9635 11660 11661 9636)
4(11579 11580 11661 11660)
4(9556 9637 11662 11581)
4(9636 11661 11662 9637)
4(11580 11581 11662 11661)
4(9637 11662 11663 9638)
4(11581 11582 11663 11662)
4(9559 9640 11665 11584)
4(9639 11664 11665 9640)
4(11583 11584 11665 11664)
4(9560 9641 11666 11585)
4(9640 11665 11666 9641)
4(11584 11585 11666 11665)
4(9561 9642 11667 11586)
4(9641 11666 11667 9642)
4(11585 11586 11667 11666)
4(9562 9643 11668 11587)
4(9642 11667 11668 9643)
4(11586 11587 11668 11667)
4(9563 9644 11669 11588)
4(9643 11668 11669 9644)
4(11587 11588 11669 11668)
4(9564 9645 11670 11589)
4(9644 11669 11670 9645)
4(11588 11589 11670 11669)
4(9565 9646 11671 11590)
4(9645 11670 11671 9646)
4(11589 11590 11671 11670)
4(9566 9647 11672 11591)
4(9646 11671 11672 9647)
4(11590 11591 11672 11671)
4(9567 9648 11673 11592)
4(9647 11672 11673 9648)
4(11591 11592 11673 11672)
4(9568 9649 11674 11593)
4(9648 11673 11674 9649)
4(11592 11593 11674 11673)
4(9569 9650 11675 11594)
4(9649 11674 11675 9650)
4(11593 11594 11675 11674)
4(9570 9651 11676 11595)
4(9650 11675 11676 9651)
4(11594 11595 11676 11675)
4(9571 9652 11677 11596)
4(9651 11676 11677 9652)
4(11595 11596 11677 11676)
4(9572 9653 11678 11597)
4(9652 11677 11678 9653)
4(11596 11597 11678 11677)
4(9573 9654 11679 11598)
4(9653 11678 11679 9654)
4(11597 11598 11679 11678)
4(9574 9655 11680 11599)
4(9654 11679 11680 9655)
4(11598 11599 11680 11679)
4(9575 9656 11681 11600)
4(9655 11680 11681 9656)
4(11599 11600 11681 11680)
4(9576 9657 11682 11601)
4(9656 11681 11682 9657)
4(11600 11601 11682 11681)
4(9577 9658 11683 11602)
4(9657 11682 11683 9658)
4(11601 11602 11683 11682)
4(9578 9659 11684 11603)
4(9658 11683 11684 9659)
4(11602 11603 11684 11683)
4(9579 9660 11685 11604)
4(9659 11684 11685 9660)
4(11603 11604 11685 11684)
4(9580 9661 11686 11605)
4(9660 11685 11686 9661)
4(11604 11605 11686 11685)
4(9581 9662 11687 11606)
4(9661 11686 11687 9662)
4(11605 11606 11687 11686)
4(9582 9663 11688 11607)
4(9662 11687 11688 9663)
4(11606 11607 11688 11687)
4(9583 9664 11689 11608)
4(9663 11688 11689 9664)
4(11607 11608 11689 11688)
4(9584 9665 11690 11609)
4(9664 11689 11690 9665)
4(11608 11609 11690 11689)
4(9585 9666 11691 11610)
4(9665 11690 11691 9666)
4(11609 11610 11691 11690)
4(9586 9667 11692 11611)
4(9666 11691 11692 9667)
4(11610 11611 11692 11691)
4(9587 9668 11693 11612)
4(9667 11692 11693 9668)
4(11611 11612 11693 11692)
4(9588 9669 11694 11613)
4(9668 11693 11694 9669)
4(11612 11613 11694 11693)
4(9589 9670 11695 11614)
4(9669 11694 11695 9670)
4(11613 11614 11695 11694)
4(9590 9671 11696 11615)
4(9670 11695 11696 9671)
4(11614 11615 11696 11695)
4(9591 9672 11697 11616)
4(9671 11696 11697 9672)
4(11615 11616 11697 11696)
4(9592 9673 11698 11617)
4(9672 11697 11698 9673)
4(11616 11617 11698 11697)
4(9593 9674 11699 11618)
4(9673 11698 11699 9674)
4(11617 11618 11699 11698)
4(9594 9675 11700 11619)
4(9674 11699 11700 9675)
4(11618 11619 11700 11699)
4(9595 9676 11701 11620)
4(9675 11700 11701 9676)
4(11619 11620 11701 11700)
4(9596 9677 11702 11621)
4(9676 11701 11702 9677)
4(11620 11621 11702 11701)
4(9597 9678 11703 11622)
4(9677 11702 11703 9678)
4(11621 11622 11703 11702)
4(9598 9679 11704 11623)
4(9678 11703 11704 9679)
4(11622 11623 11704 11703)
4(9599 9680 11705 11624)
4(9679 11704 11705 9680)
4(11623 11624 11705 11704)
4(9600 9681 11706 11625)
4(9680 11705 11706 9681)
4(11624 11625 11706 11705)
4(9601 9682 11707 11626)
4(9681 11706 11707 9682)
4(11625 11626 11707 11706)
4(9602 9683 11708 11627)
4(9682 11707 11708 9683)
4(11626 11627 11708 11707)
4(9603 9684 11709 11628)
4(9683 11708 11709 9684)
4(11627 11628 11709 11708)
4(9604 9685 11710 11629)
4(9684 11709 11710 9685)
4(11628 11629 11710 11709)
4(9605 9686 11711 11630)
4(9685 11710 11711 9686)
4(11629 11630 11711 11710)
4(9606 9687 11712 11631)
4(9686 11711 11712 9687)
4(11630 11631 11712 11711)
4(9607 9688 11713 11632)
4(9687 11712 11713 9688)
4(11631 11632 11713 11712)
4(9608 9689 11714 11633)
4(9688 11713 11714 9689)
4(11632 11633 11714 11713)
4(9609 9690 11715 11634)
4(9689 11714 11715 9690)
4(11633 11634 11715 11714)
4(9610 9691 11716 11635)
4(9690 11715 11716 9691)
4(11634 11635 11716 11715)
4(9611 9692 11717 11636)
4(9691 11716 11717 9692)
4(11635 11636 11717 11716)
4(9612 9693 11718 11637)
4(9692 11717 11718 9693)
4(11636 11637 11718 11717)
4(9613 9694 11719 11638)
4(9693 11718 11719 9694)
4(11637 11638 11719 11718)
4(9614 9695 11720 11639)
4(9694 11719 11720 9695)
4(11638 11639 11720 11719)
4(9615 9696 11721 11640)
4(9695 11720 11721 9696)
4(11639 11640 11721 11720)
4(9616 9697 11722 11641)
4(9696 11721 11722 9697)
4(11640 11641 11722 11721)
4(9617 9698 11723 11642)
4(9697 11722 11723 9698)
4(11641 11642 11723 11722)
4(9618 9699 11724 11643)
4(9698 11723 11724 9699)
4(11642 11643 11724 11723)
4(9619 9700 11725 11644)
4(9699 11724 11725 9700)
4(11643 11644 11725 11724)
4(9620 9701 11726 11645)
4(9700 11725 11726 9701)
4(11644 11645 11726 11725)
4(9621 9702 11727 11646)
4(9701 11726 11727 9702)
4(11645 11646 11727 11726)
4(9622 9703 11728 11647)
4(9702 11727 11728 9703)
4(11646 11647 11728 11727)
4(9623 9704 11729 11648)
4(9703 11728 11729 9704)
4(11647 11648 11729 11728)
4(9624 9705 11730 11649)
4(9704 11729 11730 9705)
4(11648 11649 11730 11729)
4(9625 9706 11731 11650)
4(9705 11730 11731 9706)
4(11649 11650 11731 11730)
4(9626 9707 11732 11651)
4(9706 11731 11732 9707)
4(11650 11651 11732 11731)
4(9627 9708 11733 11652)
4(9707 11732 11733 9708)
4(11651 11652 11733 11732)
4(9628 9709 11734 11653)
4(9708 11733 11734 9709)
4(11652 11653 11734 11733)
4(9629 9710 11735 11654)
4(9709 11734 11735 9710)
4(11653 11654 11735 11734)
4(9630 9711 11736 11655)
4(9710 11735 11736 9711)
4(11654 11655 11736 11735)
4(9631 9712 11737 11656)
4(9711 11736 11737 9712)
4(11655 11656 11737 11736)
4(9632 9713 11738 11657)
4(9712 11737 11738 9713)
4(11656 11657 11738 11737)
4(9633 9714 11739 11658)
4(9713 11738 11739 9714)
4(11657 11658 11739 11738)
4(9634 9715 11740 11659)
4(9714 11739 11740 9715)
4(11658 11659 11740 11739)
4(9635 9716 11741 11660)
4(9715 11740 11741 9716)
4(11659 11660 11741 11740)
4(9636 9717 11742 11661)
4(9716 11741 11742 9717)
4(11660 11661 11742 11741)
4(9637 9718 11743 11662)
4(9717 11742 11743 9718)
4(11661 11662 11743 11742)
4(9718 11743 11744 9719)
4(11662 11663 11744 11743)
4(9640 9721 11746 11665)
4(9720 11745 11746 9721)
4(11664 11665 11746 11745)
4(9641 9722 11747 11666)
4(9721 11746 11747 9722)
4(11665 11666 11747 11746)
4(9642 9723 11748 11667)
4(9722 11747 11748 9723)
4(11666 11667 11748 11747)
4(9643 9724 11749 11668)
4(9723 11748 11749 9724)
4(11667 11668 11749 11748)
4(9644 9725 11750 11669)
4(9724 11749 11750 9725)
4(11668 11669 11750 11749)
4(9645 9726 11751 11670)
4(9725 11750 11751 9726)
4(11669 11670 11751 11750)
4(9646 9727 11752 11671)
4(9726 11751 11752 9727)
4(11670 11671 11752 11751)
4(9647 9728 11753 11672)
4(9727 11752 11753 9728)
4(11671 11672 11753 11752)
4(9648 9729 11754 11673)
4(9728 11753 11754 9729)
4(11672 11673 11754 11753)
4(9649 9730 11755 11674)
4(9729 11754 11755 9730)
4(11673 11674 11755 11754)
4(9650 9731 11756 11675)
4(9730 11755 11756 9731)
4(11674 11675 11756 11755)
4(9651 9732 11757 11676)
4(9731 11756 11757 9732)
4(11675 11676 11757 11756)
4(9652 9733 11758 11677)
4(9732 11757 11758 9733)
4(11676 11677 11758 11757)
4(9653 9734 11759 11678)
4(9733 11758 11759 9734)
4(11677 11678 11759 11758)
4(9654 9735 11760 11679)
4(9734 11759 11760 9735)
4(11678 11679 11760 11759)
4(9655 9736 11761 11680)
4(9735 11760 11761 9736)
4(11679 11680 11761 11760)
4(9656 9737 11762 11681)
4(9736 11761 11762 9737)
4(11680 11681 11762 11761)
4(9657 9738 11763 11682)
4(9737 11762 11763 9738)
4(11681 11682 11763 11762)
4(9658 9739 11764 11683)
4(9738 11763 11764 9739)
4(11682 11683 11764 11763)
4(9659 9740 11765 11684)
4(9739 11764 11765 9740)
4(11683 11684 11765 11764)
4(9660 9741 11766 11685)
4(9740 11765 11766 9741)
4(11684 11685 11766 11765)
4(9661 9742 11767 11686)
4(9741 11766 11767 9742)
4(11685 11686 11767 11766)
4(9662 9743 11768 11687)
4(9742 11767 11768 9743)
4(11686 11687 11768 11767)
4(9663 9744 11769 11688)
4(9743 11768 11769 9744)
4(11687 11688 11769 11768)
4(9664 9745 11770 11689)
4(9744 11769 11770 9745)
4(11688 11689 11770 11769)
4(9665 9746 11771 11690)
4(9745 11770 11771 9746)
4(11689 11690 11771 11770)
4(9666 9747 11772 11691)
4(9746 11771 11772 9747)
4(11690 11691 11772 11771)
4(9667 9748 11773 11692)
4(9747 11772 11773 9748)
4(11691 11692 11773 11772)
4(9668 9749 11774 11693)
4(9748 11773 11774 9749)
4(11692 11693 11774 11773)
4(9669 9750 11775 11694)
4(9749 11774 11775 9750)
4(11693 11694 11775 11774)
4(9670 9751 11776 11695)
4(9750 11775 11776 9751)
4(11694 11695 11776 11775)
4(9671 9752 11777 11696)
4(9751 11776 11777 9752)
4(11695 11696 11777 11776)
4(9672 9753 11778 11697)
4(9752 11777 11778 9753)
4(11696 11697 11778 11777)
4(9673 9754 11779 11698)
4(9753 11778 11779 9754)
4(11697 11698 11779 11778)
4(9674 9755 11780 11699)
4(9754 11779 11780 9755)
4(11698 11699 11780 11779)
4(9675 9756 11781 11700)
4(9755 11780 11781 9756)
4(11699 11700 11781 11780)
4(9676 9757 11782 11701)
4(9756 11781 11782 9757)
4(11700 11701 11782 11781)
4(9677 9758 11783 11702)
4(9757 11782 11783 9758)
4(11701 11702 11783 11782)
4(9678 9759 11784 11703)
4(9758 11783 11784 9759)
4(11702 11703 11784 11783)
4(9679 9760 11785 11704)
4(9759 11784 11785 9760)
4(11703 11704 11785 11784)
4(9680 9761 11786 11705)
4(9760 11785 11786 9761)
4(11704 11705 11786 11785)
4(9681 9762 11787 11706)
4(9761 11786 11787 9762)
4(11705 11706 11787 11786)
4(9682 9763 11788 11707)
4(9762 11787 11788 9763)
4(11706 11707 11788 11787)
4(9683 9764 11789 11708)
4(9763 11788 11789 9764)
4(11707 11708 11789 11788)
4(9684 9765 11790 11709)
4(9764 11789 11790 9765)
4(11708 11709 11790 11789)
4(9685 9766 11791 11710)
4(9765 11790 11791 9766)
4(11709 11710 11791 11790)
4(9686 9767 11792 11711)
4(9766 11791 11792 9767)
4(11710 11711 11792 11791)
4(9687 9768 11793 11712)
4(9767 11792 11793 9768)
4(11711 11712 11793 11792)
4(9688 9769 11794 11713)
4(9768 11793 11794 9769)
4(11712 11713 11794 11793)
4(9689 9770 11795 11714)
4(9769 11794 11795 9770)
4(11713 11714 11795 11794)
4(9690 9771 11796 11715)
4(9770 11795 11796 9771)
4(11714 11715 11796 11795)
4(9691 9772 11797 11716)
4(9771 11796 11797 9772)
4(11715 11716 11797 11796)
4(9692 9773 11798 11717)
4(9772 11797 11798 9773)
4(11716 11717 11798 11797)
4(9693 9774 11799 11718)
4(9773 11798 11799 9774)
4(11717 11718 11799 11798)
4(9694 9775 11800 11719)
4(9774 11799 11800 9775)
4(11718 11719 11800 11799)
4(9695 9776 11801 11720)
4(9775 11800 11801 9776)
4(11719 11720 11801 11800)
4(9696 9777 11802 11721)
4(9776 11801 11802 9777)
4(11720 11721 11802 11801)
4(9697 9778 11803 11722)
4(9777 11802 11803 9778)
4(11721 11722 11803 11802)
4(9698 9779 11804 11723)
4(9778 11803 11804 9779)
4(11722 11723 11804 11803)
4(9699 9780 11805 11724)
4(9779 11804 11805 9780)
4(11723 11724 11805 11804)
4(9700 9781 11806 11725)
4(9780 11805 11806 9781)
4(11724 11725 11806 11805)
4(9701 9782 11807 11726)
4(9781 11806 11807 9782)
4(11725 11726 11807 11806)
4(9702 9783 11808 11727)
4(9782 11807 11808 9783)
4(11726 11727 11808 11807)
4(9703 9784 11809 11728)
4(9783 11808 11809 9784)
4(11727 11728 11809 11808)
4(9704 9785 11810 11729)
4(9784 11809 11810 9785)
4(11728 11729 11810 11809)
4(9705 9786 11811 11730)
4(9785 11810 11811 9786)
4(11729 11730 11811 11810)
4(9706 9787 11812 11731)
4(9786 11811 11812 9787)
4(11730 11731 11812 11811)
4(9707 9788 11813 11732)
4(9787 11812 11813 9788)
4(11731 11732 11813 11812)
4(9708 9789 11814 11733)
4(9788 11813 11814 9789)
4(11732 11733 11814 11813)
4(9709 9790 11815 11734)
4(9789 11814 11815 9790)
4(11733 11734 11815 11814)
4(9710 9791 11816 11735)
4(9790 11815 11816 9791)
4(11734 11735 11816 11815)
4(9711 9792 11817 11736)
4(9791 11816 11817 9792)
4(11735 11736 11817 11816)
4(9712 9793 11818 11737)
4(9792 11817 11818 9793)
4(11736 11737 11818 11817)
4(9713 9794 11819 11738)
4(9793 11818 11819 9794)
4(11737 11738 11819 11818)
4(9714 9795 11820 11739)
4(9794 11819 11820 9795)
4(11738 11739 11820 11819)
4(9715 9796 11821 11740)
4(9795 11820 11821 9796)
4(11739 11740 11821 11820)
4(9716 9797 11822 11741)
4(9796 11821 11822 9797)
4(11740 11741 11822 11821)
4(9717 9798 11823 11742)
4(9797 11822 11823 9798)
4(11741 11742 11823 11822)
4(9718 9799 11824 11743)
4(9798 11823 11824 9799)
4(11742 11743 11824 11823)
4(9799 11824 11825 9800)
4(11743 11744 11825 11824)
4(9721 9802 11827 11746)
4(9801 11826 11827 9802)
4(11745 11746 11827 11826)
4(9722 9803 11828 11747)
4(9802 11827 11828 9803)
4(11746 11747 11828 11827)
4(9723 9804 11829 11748)
4(9803 11828 11829 9804)
4(11747 11748 11829 11828)
4(9724 9805 11830 11749)
4(9804 11829 11830 9805)
4(11748 11749 11830 11829)
4(9725 9806 11831 11750)
4(9805 11830 11831 9806)
4(11749 11750 11831 11830)
4(9726 9807 11832 11751)
4(9806 11831 11832 9807)
4(11750 11751 11832 11831)
4(9727 9808 11833 11752)
4(9807 11832 11833 9808)
4(11751 11752 11833 11832)
4(9728 9809 11834 11753)
4(9808 11833 11834 9809)
4(11752 11753 11834 11833)
4(9729 9810 11835 11754)
4(9809 11834 11835 9810)
4(11753 11754 11835 11834)
4(9730 9811 11836 11755)
4(9810 11835 11836 9811)
4(11754 11755 11836 11835)
4(9731 9812 11837 11756)
4(9811 11836 11837 9812)
4(11755 11756 11837 11836)
4(9732 9813 11838 11757)
4(9812 11837 11838 9813)
4(11756 11757 11838 11837)
4(9733 9814 11839 11758)
4(9813 11838 11839 9814)
4(11757 11758 11839 11838)
4(9734 9815 11840 11759)
4(9814 11839 11840 9815)
4(11758 11759 11840 11839)
4(9735 9816 11841 11760)
4(9815 11840 11841 9816)
4(11759 11760 11841 11840)
4(9736 9817 11842 11761)
4(9816 11841 11842 9817)
4(11760 11761 11842 11841)
4(9737 9818 11843 11762)
4(9817 11842 11843 9818)
4(11761 11762 11843 11842)
4(9738 9819 11844 11763)
4(9818 11843 11844 9819)
4(11762 11763 11844 11843)
4(9739 9820 11845 11764)
4(9819 11844 11845 9820)
4(11763 11764 11845 11844)
4(9740 9821 11846 11765)
4(9820 11845 11846 9821)
4(11764 11765 11846 11845)
4(9741 9822 11847 11766)
4(9821 11846 11847 9822)
4(11765 11766 11847 11846)
4(9742 9823 11848 11767)
4(9822 11847 11848 9823)
4(11766 11767 11848 11847)
4(9743 9824 11849 11768)
4(9823 11848 11849 9824)
4(11767 11768 11849 11848)
4(9744 9825 11850 11769)
4(9824 11849 11850 9825)
4(11768 11769 11850 11849)
4(9745 9826 11851 11770)
4(9825 11850 11851 9826)
4(11769 11770 11851 11850)
4(9746 9827 11852 11771)
4(9826 11851 11852 9827)
4(11770 11771 11852 11851)
4(9747 9828 11853 11772)
4(9827 11852 11853 9828)
4(11771 11772 11853 11852)
4(9748 9829 11854 11773)
4(9828 11853 11854 9829)
4(11772 11773 11854 11853)
4(9749 9830 11855 11774)
4(9829 11854 11855 9830)
4(11773 11774 11855 11854)
4(9750 9831 11856 11775)
4(9830 11855 11856 9831)
4(11774 11775 11856 11855)
4(9751 9832 11857 11776)
4(9831 11856 11857 9832)
4(11775 11776 11857 11856)
4(9752 9833 11858 11777)
4(9832 11857 11858 9833)
4(11776 11777 11858 11857)
4(9753 9834 11859 11778)
4(9833 11858 11859 9834)
4(11777 11778 11859 11858)
4(9754 9835 11860 11779)
4(9834 11859 11860 9835)
4(11778 11779 11860 11859)
4(9755 9836 11861 11780)
4(9835 11860 11861 9836)
4(11779 11780 11861 11860)
4(9756 9837 11862 11781)
4(9836 11861 11862 9837)
4(11780 11781 11862 11861)
4(9757 9838 11863 11782)
4(9837 11862 11863 9838)
4(11781 11782 11863 11862)
4(9758 9839 11864 11783)
4(9838 11863 11864 9839)
4(11782 11783 11864 11863)
4(9759 9840 11865 11784)
4(9839 11864 11865 9840)
4(11783 11784 11865 11864)
4(9760 9841 11866 11785)
4(9840 11865 11866 9841)
4(11784 11785 11866 11865)
4(9761 9842 11867 11786)
4(9841 11866 11867 9842)
4(11785 11786 11867 11866)
4(9762 9843 11868 11787)
4(9842 11867 11868 9843)
4(11786 11787 11868 11867)
4(9763 9844 11869 11788)
4(9843 11868 11869 9844)
4(11787 11788 11869 11868)
4(9764 9845 11870 11789)
4(9844 11869 11870 9845)
4(11788 11789 11870 11869)
4(9765 9846 11871 11790)
4(9845 11870 11871 9846)
4(11789 11790 11871 11870)
4(9766 9847 11872 11791)
4(9846 11871 11872 9847)
4(11790 11791 11872 11871)
4(9767 9848 11873 11792)
4(9847 11872 11873 9848)
4(11791 11792 11873 11872)
4(9768 9849 11874 11793)
4(9848 11873 11874 9849)
4(11792 11793 11874 11873)
4(9769 9850 11875 11794)
4(9849 11874 11875 9850)
4(11793 11794 11875 11874)
4(9770 9851 11876 11795)
4(9850 11875 11876 9851)
4(11794 11795 11876 11875)
4(9771 9852 11877 11796)
4(9851 11876 11877 9852)
4(11795 11796 11877 11876)
4(9772 9853 11878 11797)
4(9852 11877 11878 9853)
4(11796 11797 11878 11877)
4(9773 9854 11879 11798)
4(9853 11878 11879 9854)
4(11797 11798 11879 11878)
4(9774 9855 11880 11799)
4(9854 11879 11880 9855)
4(11798 11799 11880 11879)
4(9775 9856 11881 11800)
4(9855 11880 11881 9856)
4(11799 11800 11881 11880)
4(9776 9857 11882 11801)
4(9856 11881 11882 9857)
4(11800 11801 11882 11881)
4(9777 9858 11883 11802)
4(9857 11882 11883 9858)
4(11801 11802 11883 11882)
4(9778 9859 11884 11803)
4(9858 11883 11884 9859)
4(11802 11803 11884 11883)
4(9779 9860 11885 11804)
4(9859 11884 11885 9860)
4(11803 11804 11885 11884)
4(9780 9861 11886 11805)
4(9860 11885 11886 9861)
4(11804 11805 11886 11885)
4(9781 9862 11887 11806)
4(9861 11886 11887 9862)
4(11805 11806 11887 11886)
4(9782 9863 11888 11807)
4(9862 11887 11888 9863)
4(11806 11807 11888 11887)
4(9783 9864 11889 11808)
4(9863 11888 11889 9864)
4(11807 11808 11889 11888)
4(9784 9865 11890 11809)
4(9864 11889 11890 9865)
4(11808 11809 11890 11889)
4(9785 9866 11891 11810)
4(9865 11890 11891 9866)
4(11809 11810 11891 11890)
4(9786 9867 11892 11811)
4(9866 11891 11892 9867)
4(11810 11811 11892 11891)
4(9787 9868 11893 11812)
4(9867 11892 11893 9868)
4(11811 11812 11893 11892)
4(9788 9869 11894 11813)
4(9868 11893 11894 9869)
4(11812 11813 11894 11893)
4(9789 9870 11895 11814)
4(9869 11894 11895 9870)
4(11813 11814 11895 11894)
4(9790 9871 11896 11815)
4(9870 11895 11896 9871)
4(11814 11815 11896 11895)
4(9791 9872 11897 11816)
4(9871 11896 11897 9872)
4(11815 11816 11897 11896)
4(9792 9873 11898 11817)
4(9872 11897 11898 9873)
4(11816 11817 11898 11897)
4(9793 9874 11899 11818)
4(9873 11898 11899 9874)
4(11817 11818 11899 11898)
4(9794 9875 11900 11819)
4(9874 11899 11900 9875)
4(11818 11819 11900 11899)
4(9795 9876 11901 11820)
4(9875 11900 11901 9876)
4(11819 11820 11901 11900)
4(9796 9877 11902 11821)
4(9876 11901 11902 9877)
4(11820 11821 11902 11901)
4(9797 9878 11903 11822)
4(9877 11902 11903 9878)
4(11821 11822 11903 11902)
4(9798 9879 11904 11823)
4(9878 11903 11904 9879)
4(11822 11823 11904 11903)
4(9799 9880 11905 11824)
4(9879 11904 11905 9880)
4(11823 11824 11905 11904)
4(9880 11905 11906 9881)
4(11824 11825 11906 11905)
4(9802 9883 11908 11827)
4(9882 11907 11908 9883)
4(11826 11827 11908 11907)
4(9803 9884 11909 11828)
4(9883 11908 11909 9884)
4(11827 11828 11909 11908)
4(9804 9885 11910 11829)
4(9884 11909 11910 9885)
4(11828 11829 11910 11909)
4(9805 9886 11911 11830)
4(9885 11910 11911 9886)
4(11829 11830 11911 11910)
4(9806 9887 11912 11831)
4(9886 11911 11912 9887)
4(11830 11831 11912 11911)
4(9807 9888 11913 11832)
4(9887 11912 11913 9888)
4(11831 11832 11913 11912)
4(9808 9889 11914 11833)
4(9888 11913 11914 9889)
4(11832 11833 11914 11913)
4(9809 9890 11915 11834)
4(9889 11914 11915 9890)
4(11833 11834 11915 11914)
4(9810 9891 11916 11835)
4(9890 11915 11916 9891)
4(11834 11835 11916 11915)
4(9811 9892 11917 11836)
4(9891 11916 11917 9892)
4(11835 11836 11917 11916)
4(9812 9893 11918 11837)
4(9892 11917 11918 9893)
4(11836 11837 11918 11917)
4(9813 9894 11919 11838)
4(9893 11918 11919 9894)
4(11837 11838 11919 11918)
4(9814 9895 11920 11839)
4(9894 11919 11920 9895)
4(11838 11839 11920 11919)
4(9815 9896 11921 11840)
4(9895 11920 11921 9896)
4(11839 11840 11921 11920)
4(9816 9897 11922 11841)
4(9896 11921 11922 9897)
4(11840 11841 11922 11921)
4(9817 9898 11923 11842)
4(9897 11922 11923 9898)
4(11841 11842 11923 11922)
4(9818 9899 11924 11843)
4(9898 11923 11924 9899)
4(11842 11843 11924 11923)
4(9819 9900 11925 11844)
4(9899 11924 11925 9900)
4(11843 11844 11925 11924)
4(9820 9901 11926 11845)
4(9900 11925 11926 9901)
4(11844 11845 11926 11925)
4(9821 9902 11927 11846)
4(9901 11926 11927 9902)
4(11845 11846 11927 11926)
4(9822 9903 11928 11847)
4(9902 11927 11928 9903)
4(11846 11847 11928 11927)
4(9823 9904 11929 11848)
4(9903 11928 11929 9904)
4(11847 11848 11929 11928)
4(9824 9905 11930 11849)
4(9904 11929 11930 9905)
4(11848 11849 11930 11929)
4(9825 9906 11931 11850)
4(9905 11930 11931 9906)
4(11849 11850 11931 11930)
4(9826 9907 11932 11851)
4(9906 11931 11932 9907)
4(11850 11851 11932 11931)
4(9827 9908 11933 11852)
4(9907 11932 11933 9908)
4(11851 11852 11933 11932)
4(9828 9909 11934 11853)
4(9908 11933 11934 9909)
4(11852 11853 11934 11933)
4(9829 9910 11935 11854)
4(9909 11934 11935 9910)
4(11853 11854 11935 11934)
4(9830 9911 11936 11855)
4(9910 11935 11936 9911)
4(11854 11855 11936 11935)
4(9831 9912 11937 11856)
4(9911 11936 11937 9912)
4(11855 11856 11937 11936)
4(9832 9913 11938 11857)
4(9912 11937 11938 9913)
4(11856 11857 11938 11937)
4(9833 9914 11939 11858)
4(9913 11938 11939 9914)
4(11857 11858 11939 11938)
4(9834 9915 11940 11859)
4(9914 11939 11940 9915)
4(11858 11859 11940 11939)
4(9835 9916 11941 11860)
4(9915 11940 11941 9916)
4(11859 11860 11941 11940)
4(9836 9917 11942 11861)
4(9916 11941 11942 9917)
4(11860 11861 11942 11941)
4(9837 9918 11943 11862)
4(9917 11942 11943 9918)
4(11861 11862 11943 11942)
4(9838 9919 11944 11863)
4(9918 11943 11944 9919)
4(11862 11863 11944 11943)
4(9839 9920 11945 11864)
4(9919 11944 11945 9920)
4(11863 11864 11945 11944)
4(9840 9921 11946 11865)
4(9920 11945 11946 9921)
4(11864 11865 11946 11945)
4(9841 9922 11947 11866)
4(9921 11946 11947 9922)
4(11865 11866 11947 11946)
4(9842 9923 11948 11867)
4(9922 11947 11948 9923)
4(11866 11867 11948 11947)
4(9843 9924 11949 11868)
4(9923 11948 11949 9924)
4(11867 11868 11949 11948)
4(9844 9925 11950 11869)
4(9924 11949 11950 9925)
4(11868 11869 11950 11949)
4(9845 9926 11951 11870)
4(9925 11950 11951 9926)
4(11869 11870 11951 11950)
4(9846 9927 11952 11871)
4(9926 11951 11952 9927)
4(11870 11871 11952 11951)
4(9847 9928 11953 11872)
4(9927 11952 11953 9928)
4(11871 11872 11953 11952)
4(9848 9929 11954 11873)
4(9928 11953 11954 9929)
4(11872 11873 11954 11953)
4(9849 9930 11955 11874)
4(9929 11954 11955 9930)
4(11873 11874 11955 11954)
4(9850 9931 11956 11875)
4(9930 11955 11956 9931)
4(11874 11875 11956 11955)
4(9851 9932 11957 11876)
4(9931 11956 11957 9932)
4(11875 11876 11957 11956)
4(9852 9933 11958 11877)
4(9932 11957 11958 9933)
4(11876 11877 11958 11957)
4(9853 9934 11959 11878)
4(9933 11958 11959 9934)
4(11877 11878 11959 11958)
4(9854 9935 11960 11879)
4(9934 11959 11960 9935)
4(11878 11879 11960 11959)
4(9855 9936 11961 11880)
4(9935 11960 11961 9936)
4(11879 11880 11961 11960)
4(9856 9937 11962 11881)
4(9936 11961 11962 9937)
4(11880 11881 11962 11961)
4(9857 9938 11963 11882)
4(9937 11962 11963 9938)
4(11881 11882 11963 11962)
4(9858 9939 11964 11883)
4(9938 11963 11964 9939)
4(11882 11883 11964 11963)
4(9859 9940 11965 11884)
4(9939 11964 11965 9940)
4(11883 11884 11965 11964)
4(9860 9941 11966 11885)
4(9940 11965 11966 9941)
4(11884 11885 11966 11965)
4(9861 9942 11967 11886)
4(9941 11966 11967 9942)
4(11885 11886 11967 11966)
4(9862 9943 11968 11887)
4(9942 11967 11968 9943)
4(11886 11887 11968 11967)
4(9863 9944 11969 11888)
4(9943 11968 11969 9944)
4(11887 11888 11969 11968)
4(9864 9945 11970 11889)
4(9944 11969 11970 9945)
4(11888 11889 11970 11969)
4(9865 9946 11971 11890)
4(9945 11970 11971 9946)
4(11889 11890 11971 11970)
4(9866 9947 11972 11891)
4(9946 11971 11972 9947)
4(11890 11891 11972 11971)
4(9867 9948 11973 11892)
4(9947 11972 11973 9948)
4(11891 11892 11973 11972)
4(9868 9949 11974 11893)
4(9948 11973 11974 9949)
4(11892 11893 11974 11973)
4(9869 9950 11975 11894)
4(9949 11974 11975 9950)
4(11893 11894 11975 11974)
4(9870 9951 11976 11895)
4(9950 11975 11976 9951)
4(11894 11895 11976 11975)
4(9871 9952 11977 11896)
4(9951 11976 11977 9952)
4(11895 11896 11977 11976)
4(9872 9953 11978 11897)
4(9952 11977 11978 9953)
4(11896 11897 11978 11977)
4(9873 9954 11979 11898)
4(9953 11978 11979 9954)
4(11897 11898 11979 11978)
4(9874 9955 11980 11899)
4(9954 11979 11980 9955)
4(11898 11899 11980 11979)
4(9875 9956 11981 11900)
4(9955 11980 11981 9956)
4(11899 11900 11981 11980)
4(9876 9957 11982 11901)
4(9956 11981 11982 9957)
4(11900 11901 11982 11981)
4(9877 9958 11983 11902)
4(9957 11982 11983 9958)
4(11901 11902 11983 11982)
4(9878 9959 11984 11903)
4(9958 11983 11984 9959)
4(11902 11903 11984 11983)
4(9879 9960 11985 11904)
4(9959 11984 11985 9960)
4(11903 11904 11985 11984)
4(9880 9961 11986 11905)
4(9960 11985 11986 9961)
4(11904 11905 11986 11985)
4(9961 11986 11987 9962)
4(11905 11906 11987 11986)
4(9883 9964 11989 11908)
4(9963 11988 11989 9964)
4(11907 11908 11989 11988)
4(9884 9965 11990 11909)
4(9964 11989 11990 9965)
4(11908 11909 11990 11989)
4(9885 9966 11991 11910)
4(9965 11990 11991 9966)
4(11909 11910 11991 11990)
4(9886 9967 11992 11911)
4(9966 11991 11992 9967)
4(11910 11911 11992 11991)
4(9887 9968 11993 11912)
4(9967 11992 11993 9968)
4(11911 11912 11993 11992)
4(9888 9969 11994 11913)
4(9968 11993 11994 9969)
4(11912 11913 11994 11993)
4(9889 9970 11995 11914)
4(9969 11994 11995 9970)
4(11913 11914 11995 11994)
4(9890 9971 11996 11915)
4(9970 11995 11996 9971)
4(11914 11915 11996 11995)
4(9891 9972 11997 11916)
4(9971 11996 11997 9972)
4(11915 11916 11997 11996)
4(9892 9973 11998 11917)
4(9972 11997 11998 9973)
4(11916 11917 11998 11997)
4(9893 9974 11999 11918)
4(9973 11998 11999 9974)
4(11917 11918 11999 11998)
4(9894 9975 12000 11919)
4(9974 11999 12000 9975)
4(11918 11919 12000 11999)
4(9895 9976 12001 11920)
4(9975 12000 12001 9976)
4(11919 11920 12001 12000)
4(9896 9977 12002 11921)
4(9976 12001 12002 9977)
4(11920 11921 12002 12001)
4(9897 9978 12003 11922)
4(9977 12002 12003 9978)
4(11921 11922 12003 12002)
4(9898 9979 12004 11923)
4(9978 12003 12004 9979)
4(11922 11923 12004 12003)
4(9899 9980 12005 11924)
4(9979 12004 12005 9980)
4(11923 11924 12005 12004)
4(9900 9981 12006 11925)
4(9980 12005 12006 9981)
4(11924 11925 12006 12005)
4(9901 9982 12007 11926)
4(9981 12006 12007 9982)
4(11925 11926 12007 12006)
4(9902 9983 12008 11927)
4(9982 12007 12008 9983)
4(11926 11927 12008 12007)
4(9903 9984 12009 11928)
4(9983 12008 12009 9984)
4(11927 11928 12009 12008)
4(9904 9985 12010 11929)
4(9984 12009 12010 9985)
4(11928 11929 12010 12009)
4(9905 9986 12011 11930)
4(9985 12010 12011 9986)
4(11929 11930 12011 12010)
4(9906 9987 12012 11931)
4(9986 12011 12012 9987)
4(11930 11931 12012 12011)
4(9907 9988 12013 11932)
4(9987 12012 12013 9988)
4(11931 11932 12013 12012)
4(9908 9989 12014 11933)
4(9988 12013 12014 9989)
4(11932 11933 12014 12013)
4(9909 9990 12015 11934)
4(9989 12014 12015 9990)
4(11933 11934 12015 12014)
4(9910 9991 12016 11935)
4(9990 12015 12016 9991)
4(11934 11935 12016 12015)
4(9911 9992 12017 11936)
4(9991 12016 12017 9992)
4(11935 11936 12017 12016)
4(9912 9993 12018 11937)
4(9992 12017 12018 9993)
4(11936 11937 12018 12017)
4(9913 9994 12019 11938)
4(9993 12018 12019 9994)
4(11937 11938 12019 12018)
4(9914 9995 12020 11939)
4(9994 12019 12020 9995)
4(11938 11939 12020 12019)
4(9915 9996 12021 11940)
4(9995 12020 12021 9996)
4(11939 11940 12021 12020)
4(9916 9997 12022 11941)
4(9996 12021 12022 9997)
4(11940 11941 12022 12021)
4(9917 9998 12023 11942)
4(9997 12022 12023 9998)
4(11941 11942 12023 12022)
4(9918 9999 12024 11943)
4(9998 12023 12024 9999)
4(11942 11943 12024 12023)
4(9919 10000 12025 11944)
4(9999 12024 12025 10000)
4(11943 11944 12025 12024)
4(9920 10001 12026 11945)
4(10000 12025 12026 10001)
4(11944 11945 12026 12025)
4(9921 10002 12027 11946)
4(10001 12026 12027 10002)
4(11945 11946 12027 12026)
4(9922 10003 12028 11947)
4(10002 12027 12028 10003)
4(11946 11947 12028 12027)
4(9923 10004 12029 11948)
4(10003 12028 12029 10004)
4(11947 11948 12029 12028)
4(9924 10005 12030 11949)
4(10004 12029 12030 10005)
4(11948 11949 12030 12029)
4(9925 10006 12031 11950)
4(10005 12030 12031 10006)
4(11949 11950 12031 12030)
4(9926 10007 12032 11951)
4(10006 12031 12032 10007)
4(11950 11951 12032 12031)
4(9927 10008 12033 11952)
4(10007 12032 12033 10008)
4(11951 11952 12033 12032)
4(9928 10009 12034 11953)
4(10008 12033 12034 10009)
4(11952 11953 12034 12033)
4(9929 10010 12035 11954)
4(10009 12034 12035 10010)
4(11953 11954 12035 12034)
4(9930 10011 12036 11955)
4(10010 12035 12036 10011)
4(11954 11955 12036 12035)
4(9931 10012 12037 11956)
4(10011 12036 12037 10012)
4(11955 11956 12037 12036)
4(9932 10013 12038 11957)
4(10012 12037 12038 10013)
4(11956 11957 12038 12037)
4(9933 10014 12039 11958)
4(10013 12038 12039 10014)
4(11957 11958 12039 12038)
4(9934 10015 12040 11959)
4(10014 12039 12040 10015)
4(11958 11959 12040 12039)
4(9935 10016 12041 11960)
4(10015 12040 12041 10016)
4(11959 11960 12041 12040)
4(9936 10017 12042 11961)
4(10016 12041 12042 10017)
4(11960 11961 12042 12041)
4(9937 10018 12043 11962)
4(10017 12042 12043 10018)
4(11961 11962 12043 12042)
4(9938 10019 12044 11963)
4(10018 12043 12044 10019)
4(11962 11963 12044 12043)
4(9939 10020 12045 11964)
4(10019 12044 12045 10020)
4(11963 11964 12045 12044)
4(9940 10021 12046 11965)
4(10020 12045 12046 10021)
4(11964 11965 12046 12045)
4(9941 10022 12047 11966)
4(10021 12046 12047 10022)
4(11965 11966 12047 12046)
4(9942 10023 12048 11967)
4(10022 12047 12048 10023)
4(11966 11967 12048 12047)
4(9943 10024 12049 11968)
4(10023 12048 12049 10024)
4(11967 11968 12049 12048)
4(9944 10025 12050 11969)
4(10024 12049 12050 10025)
4(11968 11969 12050 12049)
4(9945 10026 12051 11970)
4(10025 12050 12051 10026)
4(11969 11970 12051 12050)
4(9946 10027 12052 11971)
4(10026 12051 12052 10027)
4(11970 11971 12052 12051)
4(9947 10028 12053 11972)
4(10027 12052 12053 10028)
4(11971 11972 12053 12052)
4(9948 10029 12054 11973)
4(10028 12053 12054 10029)
4(11972 11973 12054 12053)
4(9949 10030 12055 11974)
4(10029 12054 12055 10030)
4(11973 11974 12055 12054)
4(9950 10031 12056 11975)
4(10030 12055 12056 10031)
4(11974 11975 12056 12055)
4(9951 10032 12057 11976)
4(10031 12056 12057 10032)
4(11975 11976 12057 12056)
4(9952 10033 12058 11977)
4(10032 12057 12058 10033)
4(11976 11977 12058 12057)
4(9953 10034 12059 11978)
4(10033 12058 12059 10034)
4(11977 11978 12059 12058)
4(9954 10035 12060 11979)
4(10034 12059 12060 10035)
4(11978 11979 12060 12059)
4(9955 10036 12061 11980)
4(10035 12060 12061 10036)
4(11979 11980 12061 12060)
4(9956 10037 12062 11981)
4(10036 12061 12062 10037)
4(11980 11981 12062 12061)
4(9957 10038 12063 11982)
4(10037 12062 12063 10038)
4(11981 11982 12063 12062)
4(9958 10039 12064 11983)
4(10038 12063 12064 10039)
4(11982 11983 12064 12063)
4(9959 10040 12065 11984)
4(10039 12064 12065 10040)
4(11983 11984 12065 12064)
4(9960 10041 12066 11985)
4(10040 12065 12066 10041)
4(11984 11985 12066 12065)
4(9961 10042 12067 11986)
4(10041 12066 12067 10042)
4(11985 11986 12067 12066)
4(10042 12067 12068 10043)
4(11986 11987 12068 12067)
4(9964 10045 12070 11989)
4(10044 12069 12070 10045)
4(11988 11989 12070 12069)
4(9965 10046 12071 11990)
4(10045 12070 12071 10046)
4(11989 11990 12071 12070)
4(9966 10047 12072 11991)
4(10046 12071 12072 10047)
4(11990 11991 12072 12071)
4(9967 10048 12073 11992)
4(10047 12072 12073 10048)
4(11991 11992 12073 12072)
4(9968 10049 12074 11993)
4(10048 12073 12074 10049)
4(11992 11993 12074 12073)
4(9969 10050 12075 11994)
4(10049 12074 12075 10050)
4(11993 11994 12075 12074)
4(9970 10051 12076 11995)
4(10050 12075 12076 10051)
4(11994 11995 12076 12075)
4(9971 10052 12077 11996)
4(10051 12076 12077 10052)
4(11995 11996 12077 12076)
4(9972 10053 12078 11997)
4(10052 12077 12078 10053)
4(11996 11997 12078 12077)
4(9973 10054 12079 11998)
4(10053 12078 12079 10054)
4(11997 11998 12079 12078)
4(9974 10055 12080 11999)
4(10054 12079 12080 10055)
4(11998 11999 12080 12079)
4(9975 10056 12081 12000)
4(10055 12080 12081 10056)
4(11999 12000 12081 12080)
4(9976 10057 12082 12001)
4(10056 12081 12082 10057)
4(12000 12001 12082 12081)
4(9977 10058 12083 12002)
4(10057 12082 12083 10058)
4(12001 12002 12083 12082)
4(9978 10059 12084 12003)
4(10058 12083 12084 10059)
4(12002 12003 12084 12083)
4(9979 10060 12085 12004)
4(10059 12084 12085 10060)
4(12003 12004 12085 12084)
4(9980 10061 12086 12005)
4(10060 12085 12086 10061)
4(12004 12005 12086 12085)
4(9981 10062 12087 12006)
4(10061 12086 12087 10062)
4(12005 12006 12087 12086)
4(9982 10063 12088 12007)
4(10062 12087 12088 10063)
4(12006 12007 12088 12087)
4(9983 10064 12089 12008)
4(10063 12088 12089 10064)
4(12007 12008 12089 12088)
4(9984 10065 12090 12009)
4(10064 12089 12090 10065)
4(12008 12009 12090 12089)
4(9985 10066 12091 12010)
4(10065 12090 12091 10066)
4(12009 12010 12091 12090)
4(9986 10067 12092 12011)
4(10066 12091 12092 10067)
4(12010 12011 12092 12091)
4(9987 10068 12093 12012)
4(10067 12092 12093 10068)
4(12011 12012 12093 12092)
4(9988 10069 12094 12013)
4(10068 12093 12094 10069)
4(12012 12013 12094 12093)
4(9989 10070 12095 12014)
4(10069 12094 12095 10070)
4(12013 12014 12095 12094)
4(9990 10071 12096 12015)
4(10070 12095 12096 10071)
4(12014 12015 12096 12095)
4(9991 10072 12097 12016)
4(10071 12096 12097 10072)
4(12015 12016 12097 12096)
4(9992 10073 12098 12017)
4(10072 12097 12098 10073)
4(12016 12017 12098 12097)
4(9993 10074 12099 12018)
4(10073 12098 12099 10074)
4(12017 12018 12099 12098)
4(9994 10075 12100 12019)
4(10074 12099 12100 10075)
4(12018 12019 12100 12099)
4(9995 10076 12101 12020)
4(10075 12100 12101 10076)
4(12019 12020 12101 12100)
4(9996 10077 12102 12021)
4(10076 12101 12102 10077)
4(12020 12021 12102 12101)
4(9997 10078 12103 12022)
4(10077 12102 12103 10078)
4(12021 12022 12103 12102)
4(9998 10079 12104 12023)
4(10078 12103 12104 10079)
4(12022 12023 12104 12103)
4(9999 10080 12105 12024)
4(10079 12104 12105 10080)
4(12023 12024 12105 12104)
4(10000 10081 12106 12025)
4(10080 12105 12106 10081)
4(12024 12025 12106 12105)
4(10001 10082 12107 12026)
4(10081 12106 12107 10082)
4(12025 12026 12107 12106)
4(10002 10083 12108 12027)
4(10082 12107 12108 10083)
4(12026 12027 12108 12107)
4(10003 10084 12109 12028)
4(10083 12108 12109 10084)
4(12027 12028 12109 12108)
4(10004 10085 12110 12029)
4(10084 12109 12110 10085)
4(12028 12029 12110 12109)
4(10005 10086 12111 12030)
4(10085 12110 12111 10086)
4(12029 12030 12111 12110)
4(10006 10087 12112 12031)
4(10086 12111 12112 10087)
4(12030 12031 12112 12111)
4(10007 10088 12113 12032)
4(10087 12112 12113 10088)
4(12031 12032 12113 12112)
4(10008 10089 12114 12033)
4(10088 12113 12114 10089)
4(12032 12033 12114 12113)
4(10009 10090 12115 12034)
4(10089 12114 12115 10090)
4(12033 12034 12115 12114)
4(10010 10091 12116 12035)
4(10090 12115 12116 10091)
4(12034 12035 12116 12115)
4(10011 10092 12117 12036)
4(10091 12116 12117 10092)
4(12035 12036 12117 12116)
4(10012 10093 12118 12037)
4(10092 12117 12118 10093)
4(12036 12037 12118 12117)
4(10013 10094 12119 12038)
4(10093 12118 12119 10094)
4(12037 12038 12119 12118)
4(10014 10095 12120 12039)
4(10094 12119 12120 10095)
4(12038 12039 12120 12119)
4(10015 10096 12121 12040)
4(10095 12120 12121 10096)
4(12039 12040 12121 12120)
4(10016 10097 12122 12041)
4(10096 12121 12122 10097)
4(12040 12041 12122 12121)
4(10017 10098 12123 12042)
4(10097 12122 12123 10098)
4(12041 12042 12123 12122)
4(10018 10099 12124 12043)
4(10098 12123 12124 10099)
4(12042 12043 12124 12123)
4(10019 10100 12125 12044)
4(10099 12124 12125 10100)
4(12043 12044 12125 12124)
4(10020 10101 12126 12045)
4(10100 12125 12126 10101)
4(12044 12045 12126 12125)
4(10021 10102 12127 12046)
4(10101 12126 12127 10102)
4(12045 12046 12127 12126)
4(10022 10103 12128 12047)
4(10102 12127 12128 10103)
4(12046 12047 12128 12127)
4(10023 10104 12129 12048)
4(10103 12128 12129 10104)
4(12047 12048 12129 12128)
4(10024 10105 12130 12049)
4(10104 12129 12130 10105)
4(12048 12049 12130 12129)
4(10025 10106 12131 12050)
4(10105 12130 12131 10106)
4(12049 12050 12131 12130)
4(10026 10107 12132 12051)
4(10106 12131 12132 10107)
4(12050 12051 12132 12131)
4(10027 10108 12133 12052)
4(10107 12132 12133 10108)
4(12051 12052 12133 12132)
4(10028 10109 12134 12053)
4(10108 12133 12134 10109)
4(12052 12053 12134 12133)
4(10029 10110 12135 12054)
4(10109 12134 12135 10110)
4(12053 12054 12135 12134)
4(10030 10111 12136 12055)
4(10110 12135 12136 10111)
4(12054 12055 12136 12135)
4(10031 10112 12137 12056)
4(10111 12136 12137 10112)
4(12055 12056 12137 12136)
4(10032 10113 12138 12057)
4(10112 12137 12138 10113)
4(12056 12057 12138 12137)
4(10033 10114 12139 12058)
4(10113 12138 12139 10114)
4(12057 12058 12139 12138)
4(10034 10115 12140 12059)
4(10114 12139 12140 10115)
4(12058 12059 12140 12139)
4(10035 10116 12141 12060)
4(10115 12140 12141 10116)
4(12059 12060 12141 12140)
4(10036 10117 12142 12061)
4(10116 12141 12142 10117)
4(12060 12061 12142 12141)
4(10037 10118 12143 12062)
4(10117 12142 12143 10118)
4(12061 12062 12143 12142)
4(10038 10119 12144 12063)
4(10118 12143 12144 10119)
4(12062 12063 12144 12143)
4(10039 10120 12145 12064)
4(10119 12144 12145 10120)
4(12063 12064 12145 12144)
4(10040 10121 12146 12065)
4(10120 12145 12146 10121)
4(12064 12065 12146 12145)
4(10041 10122 12147 12066)
4(10121 12146 12147 10122)
4(12065 12066 12147 12146)
4(10042 10123 12148 12067)
4(10122 12147 12148 10123)
4(12066 12067 12148 12147)
4(10123 12148 12149 10124)
4(12067 12068 12149 12148)
4(10045 10126 12151 12070)
4(10125 12150 12151 10126)
4(12069 12070 12151 12150)
4(10046 10127 12152 12071)
4(10126 12151 12152 10127)
4(12070 12071 12152 12151)
4(10047 10128 12153 12072)
4(10127 12152 12153 10128)
4(12071 12072 12153 12152)
4(10048 10129 12154 12073)
4(10128 12153 12154 10129)
4(12072 12073 12154 12153)
4(10049 10130 12155 12074)
4(10129 12154 12155 10130)
4(12073 12074 12155 12154)
4(10050 10131 12156 12075)
4(10130 12155 12156 10131)
4(12074 12075 12156 12155)
4(10051 10132 12157 12076)
4(10131 12156 12157 10132)
4(12075 12076 12157 12156)
4(10052 10133 12158 12077)
4(10132 12157 12158 10133)
4(12076 12077 12158 12157)
4(10053 10134 12159 12078)
4(10133 12158 12159 10134)
4(12077 12078 12159 12158)
4(10054 10135 12160 12079)
4(10134 12159 12160 10135)
4(12078 12079 12160 12159)
4(10055 10136 12161 12080)
4(10135 12160 12161 10136)
4(12079 12080 12161 12160)
4(10056 10137 12162 12081)
4(10136 12161 12162 10137)
4(12080 12081 12162 12161)
4(10057 10138 12163 12082)
4(10137 12162 12163 10138)
4(12081 12082 12163 12162)
4(10058 10139 12164 12083)
4(10138 12163 12164 10139)
4(12082 12083 12164 12163)
4(10059 10140 12165 12084)
4(10139 12164 12165 10140)
4(12083 12084 12165 12164)
4(10060 10141 12166 12085)
4(10140 12165 12166 10141)
4(12084 12085 12166 12165)
4(10061 10142 12167 12086)
4(10141 12166 12167 10142)
4(12085 12086 12167 12166)
4(10062 10143 12168 12087)
4(10142 12167 12168 10143)
4(12086 12087 12168 12167)
4(10063 10144 12169 12088)
4(10143 12168 12169 10144)
4(12087 12088 12169 12168)
4(10064 10145 12170 12089)
4(10144 12169 12170 10145)
4(12088 12089 12170 12169)
4(10065 10146 12171 12090)
4(10145 12170 12171 10146)
4(12089 12090 12171 12170)
4(10066 10147 12172 12091)
4(10146 12171 12172 10147)
4(12090 12091 12172 12171)
4(10067 10148 12173 12092)
4(10147 12172 12173 10148)
4(12091 12092 12173 12172)
4(10068 10149 12174 12093)
4(10148 12173 12174 10149)
4(12092 12093 12174 12173)
4(10069 10150 12175 12094)
4(10149 12174 12175 10150)
4(12093 12094 12175 12174)
4(10070 10151 12176 12095)
4(10150 12175 12176 10151)
4(12094 12095 12176 12175)
4(10071 10152 12177 12096)
4(10151 12176 12177 10152)
4(12095 12096 12177 12176)
4(10072 10153 12178 12097)
4(10152 12177 12178 10153)
4(12096 12097 12178 12177)
4(10073 10154 12179 12098)
4(10153 12178 12179 10154)
4(12097 12098 12179 12178)
4(10074 10155 12180 12099)
4(10154 12179 12180 10155)
4(12098 12099 12180 12179)
4(10075 10156 12181 12100)
4(10155 12180 12181 10156)
4(12099 12100 12181 12180)
4(10076 10157 12182 12101)
4(10156 12181 12182 10157)
4(12100 12101 12182 12181)
4(10077 10158 12183 12102)
4(10157 12182 12183 10158)
4(12101 12102 12183 12182)
4(10078 10159 12184 12103)
4(10158 12183 12184 10159)
4(12102 12103 12184 12183)
4(10079 10160 12185 12104)
4(10159 12184 12185 10160)
4(12103 12104 12185 12184)
4(10080 10161 12186 12105)
4(10160 12185 12186 10161)
4(12104 12105 12186 12185)
4(10081 10162 12187 12106)
4(10161 12186 12187 10162)
4(12105 12106 12187 12186)
4(10082 10163 12188 12107)
4(10162 12187 12188 10163)
4(12106 12107 12188 12187)
4(10083 10164 12189 12108)
4(10163 12188 12189 10164)
4(12107 12108 12189 12188)
4(10084 10165 12190 12109)
4(10164 12189 12190 10165)
4(12108 12109 12190 12189)
4(10085 10166 12191 12110)
4(10165 12190 12191 10166)
4(12109 12110 12191 12190)
4(10086 10167 12192 12111)
4(10166 12191 12192 10167)
4(12110 12111 12192 12191)
4(10087 10168 12193 12112)
4(10167 12192 12193 10168)
4(12111 12112 12193 12192)
4(10088 10169 12194 12113)
4(10168 12193 12194 10169)
4(12112 12113 12194 12193)
4(10089 10170 12195 12114)
4(10169 12194 12195 10170)
4(12113 12114 12195 12194)
4(10090 10171 12196 12115)
4(10170 12195 12196 10171)
4(12114 12115 12196 12195)
4(10091 10172 12197 12116)
4(10171 12196 12197 10172)
4(12115 12116 12197 12196)
4(10092 10173 12198 12117)
4(10172 12197 12198 10173)
4(12116 12117 12198 12197)
4(10093 10174 12199 12118)
4(10173 12198 12199 10174)
4(12117 12118 12199 12198)
4(10094 10175 12200 12119)
4(10174 12199 12200 10175)
4(12118 12119 12200 12199)
4(10095 10176 12201 12120)
4(10175 12200 12201 10176)
4(12119 12120 12201 12200)
4(10096 10177 12202 12121)
4(10176 12201 12202 10177)
4(12120 12121 12202 12201)
4(10097 10178 12203 12122)
4(10177 12202 12203 10178)
4(12121 12122 12203 12202)
4(10098 10179 12204 12123)
4(10178 12203 12204 10179)
4(12122 12123 12204 12203)
4(10099 10180 12205 12124)
4(10179 12204 12205 10180)
4(12123 12124 12205 12204)
4(10100 10181 12206 12125)
4(10180 12205 12206 10181)
4(12124 12125 12206 12205)
4(10101 10182 12207 12126)
4(10181 12206 12207 10182)
4(12125 12126 12207 12206)
4(10102 10183 12208 12127)
4(10182 12207 12208 10183)
4(12126 12127 12208 12207)
4(10103 10184 12209 12128)
4(10183 12208 12209 10184)
4(12127 12128 12209 12208)
4(10104 10185 12210 12129)
4(10184 12209 12210 10185)
4(12128 12129 12210 12209)
4(10105 10186 12211 12130)
4(10185 12210 12211 10186)
4(12129 12130 12211 12210)
4(10106 10187 12212 12131)
4(10186 12211 12212 10187)
4(12130 12131 12212 12211)
4(10107 10188 12213 12132)
4(10187 12212 12213 10188)
4(12131 12132 12213 12212)
4(10108 10189 12214 12133)
4(10188 12213 12214 10189)
4(12132 12133 12214 12213)
4(10109 10190 12215 12134)
4(10189 12214 12215 10190)
4(12133 12134 12215 12214)
4(10110 10191 12216 12135)
4(10190 12215 12216 10191)
4(12134 12135 12216 12215)
4(10111 10192 12217 12136)
4(10191 12216 12217 10192)
4(12135 12136 12217 12216)
4(10112 10193 12218 12137)
4(10192 12217 12218 10193)
4(12136 12137 12218 12217)
4(10113 10194 12219 12138)
4(10193 12218 12219 10194)
4(12137 12138 12219 12218)
4(10114 10195 12220 12139)
4(10194 12219 12220 10195)
4(12138 12139 12220 12219)
4(10115 10196 12221 12140)
4(10195 12220 12221 10196)
4(12139 12140 12221 12220)
4(10116 10197 12222 12141)
4(10196 12221 12222 10197)
4(12140 12141 12222 12221)
4(10117 10198 12223 12142)
4(10197 12222 12223 10198)
4(12141 12142 12223 12222)
4(10118 10199 12224 12143)
4(10198 12223 12224 10199)
4(12142 12143 12224 12223)
4(10119 10200 12225 12144)
4(10199 12224 12225 10200)
4(12143 12144 12225 12224)
4(10120 10201 12226 12145)
4(10200 12225 12226 10201)
4(12144 12145 12226 12225)
4(10121 10202 12227 12146)
4(10201 12226 12227 10202)
4(12145 12146 12227 12226)
4(10122 10203 12228 12147)
4(10202 12227 12228 10203)
4(12146 12147 12228 12227)
4(10123 10204 12229 12148)
4(10203 12228 12229 10204)
4(12147 12148 12229 12228)
4(10204 12229 12230 10205)
4(12148 12149 12230 12229)
4(10126 10207 12232 12151)
4(10206 12231 12232 10207)
4(12150 12151 12232 12231)
4(10127 10208 12233 12152)
4(10207 12232 12233 10208)
4(12151 12152 12233 12232)
4(10128 10209 12234 12153)
4(10208 12233 12234 10209)
4(12152 12153 12234 12233)
4(10129 10210 12235 12154)
4(10209 12234 12235 10210)
4(12153 12154 12235 12234)
4(10130 10211 12236 12155)
4(10210 12235 12236 10211)
4(12154 12155 12236 12235)
4(10131 10212 12237 12156)
4(10211 12236 12237 10212)
4(12155 12156 12237 12236)
4(10132 10213 12238 12157)
4(10212 12237 12238 10213)
4(12156 12157 12238 12237)
4(10133 10214 12239 12158)
4(10213 12238 12239 10214)
4(12157 12158 12239 12238)
4(10134 10215 12240 12159)
4(10214 12239 12240 10215)
4(12158 12159 12240 12239)
4(10135 10216 12241 12160)
4(10215 12240 12241 10216)
4(12159 12160 12241 12240)
4(10136 10217 12242 12161)
4(10216 12241 12242 10217)
4(12160 12161 12242 12241)
4(10137 10218 12243 12162)
4(10217 12242 12243 10218)
4(12161 12162 12243 12242)
4(10138 10219 12244 12163)
4(10218 12243 12244 10219)
4(12162 12163 12244 12243)
4(10139 10220 12245 12164)
4(10219 12244 12245 10220)
4(12163 12164 12245 12244)
4(10140 10221 12246 12165)
4(10220 12245 12246 10221)
4(12164 12165 12246 12245)
4(10141 10222 12247 12166)
4(10221 12246 12247 10222)
4(12165 12166 12247 12246)
4(10142 10223 12248 12167)
4(10222 12247 12248 10223)
4(12166 12167 12248 12247)
4(10143 10224 12249 12168)
4(10223 12248 12249 10224)
4(12167 12168 12249 12248)
4(10144 10225 12250 12169)
4(10224 12249 12250 10225)
4(12168 12169 12250 12249)
4(10145 10226 12251 12170)
4(10225 12250 12251 10226)
4(12169 12170 12251 12250)
4(10146 10227 12252 12171)
4(10226 12251 12252 10227)
4(12170 12171 12252 12251)
4(10147 10228 12253 12172)
4(10227 12252 12253 10228)
4(12171 12172 12253 12252)
4(10148 10229 12254 12173)
4(10228 12253 12254 10229)
4(12172 12173 12254 12253)
4(10149 10230 12255 12174)
4(10229 12254 12255 10230)
4(12173 12174 12255 12254)
4(10150 10231 12256 12175)
4(10230 12255 12256 10231)
4(12174 12175 12256 12255)
4(10151 10232 12257 12176)
4(10231 12256 12257 10232)
4(12175 12176 12257 12256)
4(10152 10233 12258 12177)
4(10232 12257 12258 10233)
4(12176 12177 12258 12257)
4(10153 10234 12259 12178)
4(10233 12258 12259 10234)
4(12177 12178 12259 12258)
4(10154 10235 12260 12179)
4(10234 12259 12260 10235)
4(12178 12179 12260 12259)
4(10155 10236 12261 12180)
4(10235 12260 12261 10236)
4(12179 12180 12261 12260)
4(10156 10237 12262 12181)
4(10236 12261 12262 10237)
4(12180 12181 12262 12261)
4(10157 10238 12263 12182)
4(10237 12262 12263 10238)
4(12181 12182 12263 12262)
4(10158 10239 12264 12183)
4(10238 12263 12264 10239)
4(12182 12183 12264 12263)
4(10159 10240 12265 12184)
4(10239 12264 12265 10240)
4(12183 12184 12265 12264)
4(10160 10241 12266 12185)
4(10240 12265 12266 10241)
4(12184 12185 12266 12265)
4(10161 10242 12267 12186)
4(10241 12266 12267 10242)
4(12185 12186 12267 12266)
4(10162 10243 12268 12187)
4(10242 12267 12268 10243)
4(12186 12187 12268 12267)
4(10163 10244 12269 12188)
4(10243 12268 12269 10244)
4(12187 12188 12269 12268)
4(10164 10245 12270 12189)
4(10244 12269 12270 10245)
4(12188 12189 12270 12269)
4(10165 10246 12271 12190)
4(10245 12270 12271 10246)
4(12189 12190 12271 12270)
4(10166 10247 12272 12191)
4(10246 12271 12272 10247)
4(12190 12191 12272 12271)
4(10167 10248 12273 12192)
4(10247 12272 12273 10248)
4(12191 12192 12273 12272)
4(10168 10249 12274 12193)
4(10248 12273 12274 10249)
4(12192 12193 12274 12273)
4(10169 10250 12275 12194)
4(10249 12274 12275 10250)
4(12193 12194 12275 12274)
4(10170 10251 12276 12195)
4(10250 12275 12276 10251)
4(12194 12195 12276 12275)
4(10171 10252 12277 12196)
4(10251 12276 12277 10252)
4(12195 12196 12277 12276)
4(10172 10253 12278 12197)
4(10252 12277 12278 10253)
4(12196 12197 12278 12277)
4(10173 10254 12279 12198)
4(10253 12278 12279 10254)
4(12197 12198 12279 12278)
4(10174 10255 12280 12199)
4(10254 12279 12280 10255)
4(12198 12199 12280 12279)
4(10175 10256 12281 12200)
4(10255 12280 12281 10256)
4(12199 12200 12281 12280)
4(10176 10257 12282 12201)
4(10256 12281 12282 10257)
4(12200 12201 12282 12281)
4(10177 10258 12283 12202)
4(10257 12282 12283 10258)
4(12201 12202 12283 12282)
4(10178 10259 12284 12203)
4(10258 12283 12284 10259)
4(12202 12203 12284 12283)
4(10179 10260 12285 12204)
4(10259 12284 12285 10260)
4(12203 12204 12285 12284)
4(10180 10261 12286 12205)
4(10260 12285 12286 10261)
4(12204 12205 12286 12285)
4(10181 10262 12287 12206)
4(10261 12286 12287 10262)
4(12205 12206 12287 12286)
4(10182 10263 12288 12207)
4(10262 12287 12288 10263)
4(12206 12207 12288 12287)
4(10183 10264 12289 12208)
4(10263 12288 12289 10264)
4(12207 12208 12289 12288)
4(10184 10265 12290 12209)
4(10264 12289 12290 10265)
4(12208 12209 12290 12289)
4(10185 10266 12291 12210)
4(10265 12290 12291 10266)
4(12209 12210 12291 12290)
4(10186 10267 12292 12211)
4(10266 12291 12292 10267)
4(12210 12211 12292 12291)
4(10187 10268 12293 12212)
4(10267 12292 12293 10268)
4(12211 12212 12293 12292)
4(10188 10269 12294 12213)
4(10268 12293 12294 10269)
4(12212 12213 12294 12293)
4(10189 10270 12295 12214)
4(10269 12294 12295 10270)
4(12213 12214 12295 12294)
4(10190 10271 12296 12215)
4(10270 12295 12296 10271)
4(12214 12215 12296 12295)
4(10191 10272 12297 12216)
4(10271 12296 12297 10272)
4(12215 12216 12297 12296)
4(10192 10273 12298 12217)
4(10272 12297 12298 10273)
4(12216 12217 12298 12297)
4(10193 10274 12299 12218)
4(10273 12298 12299 10274)
4(12217 12218 12299 12298)
4(10194 10275 12300 12219)
4(10274 12299 12300 10275)
4(12218 12219 12300 12299)
4(10195 10276 12301 12220)
4(10275 12300 12301 10276)
4(12219 12220 12301 12300)
4(10196 10277 12302 12221)
4(10276 12301 12302 10277)
4(12220 12221 12302 12301)
4(10197 10278 12303 12222)
4(10277 12302 12303 10278)
4(12221 12222 12303 12302)
4(10198 10279 12304 12223)
4(10278 12303 12304 10279)
4(12222 12223 12304 12303)
4(10199 10280 12305 12224)
4(10279 12304 12305 10280)
4(12223 12224 12305 12304)
4(10200 10281 12306 12225)
4(10280 12305 12306 10281)
4(12224 12225 12306 12305)
4(10201 10282 12307 12226)
4(10281 12306 12307 10282)
4(12225 12226 12307 12306)
4(10202 10283 12308 12227)
4(10282 12307 12308 10283)
4(12226 12227 12308 12307)
4(10203 10284 12309 12228)
4(10283 12308 12309 10284)
4(12227 12228 12309 12308)
4(10204 10285 12310 12229)
4(10284 12309 12310 10285)
4(12228 12229 12310 12309)
4(10285 12310 12311 10286)
4(12229 12230 12311 12310)
4(10207 10288 12313 12232)
4(10287 12312 12313 10288)
4(12231 12232 12313 12312)
4(10208 10289 12314 12233)
4(10288 12313 12314 10289)
4(12232 12233 12314 12313)
4(10209 10290 12315 12234)
4(10289 12314 12315 10290)
4(12233 12234 12315 12314)
4(10210 10291 12316 12235)
4(10290 12315 12316 10291)
4(12234 12235 12316 12315)
4(10211 10292 12317 12236)
4(10291 12316 12317 10292)
4(12235 12236 12317 12316)
4(10212 10293 12318 12237)
4(10292 12317 12318 10293)
4(12236 12237 12318 12317)
4(10213 10294 12319 12238)
4(10293 12318 12319 10294)
4(12237 12238 12319 12318)
4(10214 10295 12320 12239)
4(10294 12319 12320 10295)
4(12238 12239 12320 12319)
4(10215 10296 12321 12240)
4(10295 12320 12321 10296)
4(12239 12240 12321 12320)
4(10216 10297 12322 12241)
4(10296 12321 12322 10297)
4(12240 12241 12322 12321)
4(10217 10298 12323 12242)
4(10297 12322 12323 10298)
4(12241 12242 12323 12322)
4(10218 10299 12324 12243)
4(10298 12323 12324 10299)
4(12242 12243 12324 12323)
4(10219 10300 12325 12244)
4(10299 12324 12325 10300)
4(12243 12244 12325 12324)
4(10220 10301 12326 12245)
4(10300 12325 12326 10301)
4(12244 12245 12326 12325)
4(10221 10302 12327 12246)
4(10301 12326 12327 10302)
4(12245 12246 12327 12326)
4(10222 10303 12328 12247)
4(10302 12327 12328 10303)
4(12246 12247 12328 12327)
4(10223 10304 12329 12248)
4(10303 12328 12329 10304)
4(12247 12248 12329 12328)
4(10224 10305 12330 12249)
4(10304 12329 12330 10305)
4(12248 12249 12330 12329)
4(10225 10306 12331 12250)
4(10305 12330 12331 10306)
4(12249 12250 12331 12330)
4(10226 10307 12332 12251)
4(10306 12331 12332 10307)
4(12250 12251 12332 12331)
4(10227 10308 12333 12252)
4(10307 12332 12333 10308)
4(12251 12252 12333 12332)
4(10228 10309 12334 12253)
4(10308 12333 12334 10309)
4(12252 12253 12334 12333)
4(10229 10310 12335 12254)
4(10309 12334 12335 10310)
4(12253 12254 12335 12334)
4(10230 10311 12336 12255)
4(10310 12335 12336 10311)
4(12254 12255 12336 12335)
4(10231 10312 12337 12256)
4(10311 12336 12337 10312)
4(12255 12256 12337 12336)
4(10232 10313 12338 12257)
4(10312 12337 12338 10313)
4(12256 12257 12338 12337)
4(10233 10314 12339 12258)
4(10313 12338 12339 10314)
4(12257 12258 12339 12338)
4(10234 10315 12340 12259)
4(10314 12339 12340 10315)
4(12258 12259 12340 12339)
4(10235 10316 12341 12260)
4(10315 12340 12341 10316)
4(12259 12260 12341 12340)
4(10236 10317 12342 12261)
4(10316 12341 12342 10317)
4(12260 12261 12342 12341)
4(10237 10318 12343 12262)
4(10317 12342 12343 10318)
4(12261 12262 12343 12342)
4(10238 10319 12344 12263)
4(10318 12343 12344 10319)
4(12262 12263 12344 12343)
4(10239 10320 12345 12264)
4(10319 12344 12345 10320)
4(12263 12264 12345 12344)
4(10240 10321 12346 12265)
4(10320 12345 12346 10321)
4(12264 12265 12346 12345)
4(10241 10322 12347 12266)
4(10321 12346 12347 10322)
4(12265 12266 12347 12346)
4(10242 10323 12348 12267)
4(10322 12347 12348 10323)
4(12266 12267 12348 12347)
4(10243 10324 12349 12268)
4(10323 12348 12349 10324)
4(12267 12268 12349 12348)
4(10244 10325 12350 12269)
4(10324 12349 12350 10325)
4(12268 12269 12350 12349)
4(10245 10326 12351 12270)
4(10325 12350 12351 10326)
4(12269 12270 12351 12350)
4(10246 10327 12352 12271)
4(10326 12351 12352 10327)
4(12270 12271 12352 12351)
4(10247 10328 12353 12272)
4(10327 12352 12353 10328)
4(12271 12272 12353 12352)
4(10248 10329 12354 12273)
4(10328 12353 12354 10329)
4(12272 12273 12354 12353)
4(10249 10330 12355 12274)
4(10329 12354 12355 10330)
4(12273 12274 12355 12354)
4(10250 10331 12356 12275)
4(10330 12355 12356 10331)
4(12274 12275 12356 12355)
4(10251 10332 12357 12276)
4(10331 12356 12357 10332)
4(12275 12276 12357 12356)
4(10252 10333 12358 12277)
4(10332 12357 12358 10333)
4(12276 12277 12358 12357)
4(10253 10334 12359 12278)
4(10333 12358 12359 10334)
4(12277 12278 12359 12358)
4(10254 10335 12360 12279)
4(10334 12359 12360 10335)
4(12278 12279 12360 12359)
4(10255 10336 12361 12280)
4(10335 12360 12361 10336)
4(12279 12280 12361 12360)
4(10256 10337 12362 12281)
4(10336 12361 12362 10337)
4(12280 12281 12362 12361)
4(10257 10338 12363 12282)
4(10337 12362 12363 10338)
4(12281 12282 12363 12362)
4(10258 10339 12364 12283)
4(10338 12363 12364 10339)
4(12282 12283 12364 12363)
4(10259 10340 12365 12284)
4(10339 12364 12365 10340)
4(12283 12284 12365 12364)
4(10260 10341 12366 12285)
4(10340 12365 12366 10341)
4(12284 12285 12366 12365)
4(10261 10342 12367 12286)
4(10341 12366 12367 10342)
4(12285 12286 12367 12366)
4(10262 10343 12368 12287)
4(10342 12367 12368 10343)
4(12286 12287 12368 12367)
4(10263 10344 12369 12288)
4(10343 12368 12369 10344)
4(12287 12288 12369 12368)
4(10264 10345 12370 12289)
4(10344 12369 12370 10345)
4(12288 12289 12370 12369)
4(10265 10346 12371 12290)
4(10345 12370 12371 10346)
4(12289 12290 12371 12370)
4(10266 10347 12372 12291)
4(10346 12371 12372 10347)
4(12290 12291 12372 12371)
4(10267 10348 12373 12292)
4(10347 12372 12373 10348)
4(12291 12292 12373 12372)
4(10268 10349 12374 12293)
4(10348 12373 12374 10349)
4(12292 12293 12374 12373)
4(10269 10350 12375 12294)
4(10349 12374 12375 10350)
4(12293 12294 12375 12374)
4(10270 10351 12376 12295)
4(10350 12375 12376 10351)
4(12294 12295 12376 12375)
4(10271 10352 12377 12296)
4(10351 12376 12377 10352)
4(12295 12296 12377 12376)
4(10272 10353 12378 12297)
4(10352 12377 12378 10353)
4(12296 12297 12378 12377)
4(10273 10354 12379 12298)
4(10353 12378 12379 10354)
4(12297 12298 12379 12378)
4(10274 10355 12380 12299)
4(10354 12379 12380 10355)
4(12298 12299 12380 12379)
4(10275 10356 12381 12300)
4(10355 12380 12381 10356)
4(12299 12300 12381 12380)
4(10276 10357 12382 12301)
4(10356 12381 12382 10357)
4(12300 12301 12382 12381)
4(10277 10358 12383 12302)
4(10357 12382 12383 10358)
4(12301 12302 12383 12382)
4(10278 10359 12384 12303)
4(10358 12383 12384 10359)
4(12302 12303 12384 12383)
4(10279 10360 12385 12304)
4(10359 12384 12385 10360)
4(12303 12304 12385 12384)
4(10280 10361 12386 12305)
4(10360 12385 12386 10361)
4(12304 12305 12386 12385)
4(10281 10362 12387 12306)
4(10361 12386 12387 10362)
4(12305 12306 12387 12386)
4(10282 10363 12388 12307)
4(10362 12387 12388 10363)
4(12306 12307 12388 12387)
4(10283 10364 12389 12308)
4(10363 12388 12389 10364)
4(12307 12308 12389 12388)
4(10284 10365 12390 12309)
4(10364 12389 12390 10365)
4(12308 12309 12390 12389)
4(10285 10366 12391 12310)
4(10365 12390 12391 10366)
4(12309 12310 12391 12390)
4(10366 12391 12392 10367)
4(12310 12311 12392 12391)
4(10288 10369 12394 12313)
4(12312 12313 12394 12393)
4(10289 10370 12395 12314)
4(12313 12314 12395 12394)
4(10290 10371 12396 12315)
4(12314 12315 12396 12395)
4(10291 10372 12397 12316)
4(12315 12316 12397 12396)
4(10292 10373 12398 12317)
4(12316 12317 12398 12397)
4(10293 10374 12399 12318)
4(12317 12318 12399 12398)
4(10294 10375 12400 12319)
4(12318 12319 12400 12399)
4(10295 10376 12401 12320)
4(12319 12320 12401 12400)
4(10296 10377 12402 12321)
4(12320 12321 12402 12401)
4(10297 10378 12403 12322)
4(12321 12322 12403 12402)
4(10298 10379 12404 12323)
4(12322 12323 12404 12403)
4(10299 10380 12405 12324)
4(12323 12324 12405 12404)
4(10300 10381 12406 12325)
4(12324 12325 12406 12405)
4(10301 10382 12407 12326)
4(12325 12326 12407 12406)
4(10302 10383 12408 12327)
4(12326 12327 12408 12407)
4(10303 10384 12409 12328)
4(12327 12328 12409 12408)
4(10304 10385 12410 12329)
4(12328 12329 12410 12409)
4(10305 10386 12411 12330)
4(12329 12330 12411 12410)
4(10306 10387 12412 12331)
4(12330 12331 12412 12411)
4(10307 10388 12413 12332)
4(12331 12332 12413 12412)
4(10308 10389 12414 12333)
4(12332 12333 12414 12413)
4(10309 10390 12415 12334)
4(12333 12334 12415 12414)
4(10310 10391 12416 12335)
4(12334 12335 12416 12415)
4(10311 10392 12417 12336)
4(12335 12336 12417 12416)
4(10312 10393 12418 12337)
4(12336 12337 12418 12417)
4(10313 10394 12419 12338)
4(12337 12338 12419 12418)
4(10314 10395 12420 12339)
4(12338 12339 12420 12419)
4(10315 10396 12421 12340)
4(12339 12340 12421 12420)
4(10316 10397 12422 12341)
4(12340 12341 12422 12421)
4(10317 10398 12423 12342)
4(12341 12342 12423 12422)
4(10318 10399 12424 12343)
4(12342 12343 12424 12423)
4(10319 10400 12425 12344)
4(12343 12344 12425 12424)
4(10320 10401 12426 12345)
4(12344 12345 12426 12425)
4(10321 10402 12427 12346)
4(12345 12346 12427 12426)
4(10322 10403 12428 12347)
4(12346 12347 12428 12427)
4(10323 10404 12429 12348)
4(12347 12348 12429 12428)
4(10324 10405 12430 12349)
4(12348 12349 12430 12429)
4(10325 10406 12431 12350)
4(12349 12350 12431 12430)
4(10326 10407 12432 12351)
4(12350 12351 12432 12431)
4(10327 10408 12433 12352)
4(12351 12352 12433 12432)
4(10328 10409 12434 12353)
4(12352 12353 12434 12433)
4(10329 10410 12435 12354)
4(12353 12354 12435 12434)
4(10330 10411 12436 12355)
4(12354 12355 12436 12435)
4(10331 10412 12437 12356)
4(12355 12356 12437 12436)
4(10332 10413 12438 12357)
4(12356 12357 12438 12437)
4(10333 10414 12439 12358)
4(12357 12358 12439 12438)
4(10334 10415 12440 12359)
4(12358 12359 12440 12439)
4(10335 10416 12441 12360)
4(12359 12360 12441 12440)
4(10336 10417 12442 12361)
4(12360 12361 12442 12441)
4(10337 10418 12443 12362)
4(12361 12362 12443 12442)
4(10338 10419 12444 12363)
4(12362 12363 12444 12443)
4(10339 10420 12445 12364)
4(12363 12364 12445 12444)
4(10340 10421 12446 12365)
4(12364 12365 12446 12445)
4(10341 10422 12447 12366)
4(12365 12366 12447 12446)
4(10342 10423 12448 12367)
4(12366 12367 12448 12447)
4(10343 10424 12449 12368)
4(12367 12368 12449 12448)
4(10344 10425 12450 12369)
4(12368 12369 12450 12449)
4(10345 10426 12451 12370)
4(12369 12370 12451 12450)
4(10346 10427 12452 12371)
4(12370 12371 12452 12451)
4(10347 10428 12453 12372)
4(12371 12372 12453 12452)
4(10348 10429 12454 12373)
4(12372 12373 12454 12453)
4(10349 10430 12455 12374)
4(12373 12374 12455 12454)
4(10350 10431 12456 12375)
4(12374 12375 12456 12455)
4(10351 10432 12457 12376)
4(12375 12376 12457 12456)
4(10352 10433 12458 12377)
4(12376 12377 12458 12457)
4(10353 10434 12459 12378)
4(12377 12378 12459 12458)
4(10354 10435 12460 12379)
4(12378 12379 12460 12459)
4(10355 10436 12461 12380)
4(12379 12380 12461 12460)
4(10356 10437 12462 12381)
4(12380 12381 12462 12461)
4(10357 10438 12463 12382)
4(12381 12382 12463 12462)
4(10358 10439 12464 12383)
4(12382 12383 12464 12463)
4(10359 10440 12465 12384)
4(12383 12384 12465 12464)
4(10360 10441 12466 12385)
4(12384 12385 12466 12465)
4(10361 10442 12467 12386)
4(12385 12386 12467 12466)
4(10362 10443 12468 12387)
4(12386 12387 12468 12467)
4(10363 10444 12469 12388)
4(12387 12388 12469 12468)
4(10364 10445 12470 12389)
4(12388 12389 12470 12469)
4(10365 10446 12471 12390)
4(12389 12390 12471 12470)
4(10366 10447 12472 12391)
4(12390 12391 12472 12471)
4(12391 12392 12473 12472)
4(4132 10450 12475 6238)
4(10449 12474 12475 10450)
4(6237 6238 12475 12474)
4(4133 10451 12476 6239)
4(10450 12475 12476 10451)
4(6238 6239 12476 12475)
4(4134 10452 12477 6240)
4(10451 12476 12477 10452)
4(6239 6240 12477 12476)
4(4135 10453 12478 6241)
4(10452 12477 12478 10453)
4(6240 6241 12478 12477)
4(4136 10454 12479 6242)
4(10453 12478 12479 10454)
4(6241 6242 12479 12478)
4(4137 10455 12480 6243)
4(10454 12479 12480 10455)
4(6242 6243 12480 12479)
4(4138 10456 12481 6244)
4(10455 12480 12481 10456)
4(6243 6244 12481 12480)
4(4139 10457 12482 6245)
4(10456 12481 12482 10457)
4(6244 6245 12482 12481)
4(4140 10458 12483 6246)
4(10457 12482 12483 10458)
4(6245 6246 12483 12482)
4(4141 10459 12484 6247)
4(10458 12483 12484 10459)
4(6246 6247 12484 12483)
4(4142 10460 12485 6248)
4(10459 12484 12485 10460)
4(6247 6248 12485 12484)
4(4143 10461 12486 6249)
4(10460 12485 12486 10461)
4(6248 6249 12486 12485)
4(4144 10462 12487 6250)
4(10461 12486 12487 10462)
4(6249 6250 12487 12486)
4(4145 10463 12488 6251)
4(10462 12487 12488 10463)
4(6250 6251 12488 12487)
4(4146 10464 12489 6252)
4(10463 12488 12489 10464)
4(6251 6252 12489 12488)
4(4147 10465 12490 6253)
4(10464 12489 12490 10465)
4(6252 6253 12490 12489)
4(4148 10466 12491 6254)
4(10465 12490 12491 10466)
4(6253 6254 12491 12490)
4(4149 10467 12492 6255)
4(10466 12491 12492 10467)
4(6254 6255 12492 12491)
4(4150 10468 12493 6256)
4(10467 12492 12493 10468)
4(6255 6256 12493 12492)
4(4151 10469 12494 6257)
4(10468 12493 12494 10469)
4(6256 6257 12494 12493)
4(4152 10470 12495 6258)
4(10469 12494 12495 10470)
4(6257 6258 12495 12494)
4(4153 10471 12496 6259)
4(10470 12495 12496 10471)
4(6258 6259 12496 12495)
4(4154 10472 12497 6260)
4(10471 12496 12497 10472)
4(6259 6260 12497 12496)
4(4155 10473 12498 6261)
4(10472 12497 12498 10473)
4(6260 6261 12498 12497)
4(4156 10474 12499 6262)
4(10473 12498 12499 10474)
4(6261 6262 12499 12498)
4(4157 10475 12500 6263)
4(10474 12499 12500 10475)
4(6262 6263 12500 12499)
4(4158 10476 12501 6264)
4(10475 12500 12501 10476)
4(6263 6264 12501 12500)
4(4159 10477 12502 6265)
4(10476 12501 12502 10477)
4(6264 6265 12502 12501)
4(4160 10478 12503 6266)
4(10477 12502 12503 10478)
4(6265 6266 12503 12502)
4(4161 10479 12504 6267)
4(10478 12503 12504 10479)
4(6266 6267 12504 12503)
4(4162 10480 12505 6268)
4(10479 12504 12505 10480)
4(6267 6268 12505 12504)
4(4163 10481 12506 6269)
4(10480 12505 12506 10481)
4(6268 6269 12506 12505)
4(4164 10482 12507 6270)
4(10481 12506 12507 10482)
4(6269 6270 12507 12506)
4(4165 10483 12508 6271)
4(10482 12507 12508 10483)
4(6270 6271 12508 12507)
4(4166 10484 12509 6272)
4(10483 12508 12509 10484)
4(6271 6272 12509 12508)
4(4167 10485 12510 6273)
4(10484 12509 12510 10485)
4(6272 6273 12510 12509)
4(4168 10486 12511 6274)
4(10485 12510 12511 10486)
4(6273 6274 12511 12510)
4(4169 10487 12512 6275)
4(10486 12511 12512 10487)
4(6274 6275 12512 12511)
4(4170 10488 12513 6276)
4(10487 12512 12513 10488)
4(6275 6276 12513 12512)
4(4171 10489 12514 6277)
4(10488 12513 12514 10489)
4(6276 6277 12514 12513)
4(4172 10490 12515 6278)
4(10489 12514 12515 10490)
4(6277 6278 12515 12514)
4(4173 10491 12516 6279)
4(10490 12515 12516 10491)
4(6278 6279 12516 12515)
4(4174 10492 12517 6280)
4(10491 12516 12517 10492)
4(6279 6280 12517 12516)
4(4175 10493 12518 6281)
4(10492 12517 12518 10493)
4(6280 6281 12518 12517)
4(4176 10494 12519 6282)
4(10493 12518 12519 10494)
4(6281 6282 12519 12518)
4(4177 10495 12520 6283)
4(10494 12519 12520 10495)
4(6282 6283 12520 12519)
4(4178 10496 12521 6284)
4(10495 12520 12521 10496)
4(6283 6284 12521 12520)
4(4179 10497 12522 6285)
4(10496 12521 12522 10497)
4(6284 6285 12522 12521)
4(4180 10498 12523 6286)
4(10497 12522 12523 10498)
4(6285 6286 12523 12522)
4(4181 10499 12524 6287)
4(10498 12523 12524 10499)
4(6286 6287 12524 12523)
4(4182 10500 12525 6288)
4(10499 12524 12525 10500)
4(6287 6288 12525 12524)
4(4183 10501 12526 6289)
4(10500 12525 12526 10501)
4(6288 6289 12526 12525)
4(4184 10502 12527 6290)
4(10501 12526 12527 10502)
4(6289 6290 12527 12526)
4(4185 10503 12528 6291)
4(10502 12527 12528 10503)
4(6290 6291 12528 12527)
4(4186 10504 12529 6292)
4(10503 12528 12529 10504)
4(6291 6292 12529 12528)
4(4187 10505 12530 6293)
4(10504 12529 12530 10505)
4(6292 6293 12530 12529)
4(4188 10506 12531 6294)
4(10505 12530 12531 10506)
4(6293 6294 12531 12530)
4(4189 10507 12532 6295)
4(10506 12531 12532 10507)
4(6294 6295 12532 12531)
4(4190 10508 12533 6296)
4(10507 12532 12533 10508)
4(6295 6296 12533 12532)
4(4191 10509 12534 6297)
4(10508 12533 12534 10509)
4(6296 6297 12534 12533)
4(4192 10510 12535 6298)
4(10509 12534 12535 10510)
4(6297 6298 12535 12534)
4(4193 10511 12536 6299)
4(10510 12535 12536 10511)
4(6298 6299 12536 12535)
4(4194 10512 12537 6300)
4(10511 12536 12537 10512)
4(6299 6300 12537 12536)
4(4195 10513 12538 6301)
4(10512 12537 12538 10513)
4(6300 6301 12538 12537)
4(4196 10514 12539 6302)
4(10513 12538 12539 10514)
4(6301 6302 12539 12538)
4(4197 10515 12540 6303)
4(10514 12539 12540 10515)
4(6302 6303 12540 12539)
4(4198 10516 12541 6304)
4(10515 12540 12541 10516)
4(6303 6304 12541 12540)
4(4199 10517 12542 6305)
4(10516 12541 12542 10517)
4(6304 6305 12542 12541)
4(4200 10518 12543 6306)
4(10517 12542 12543 10518)
4(6305 6306 12543 12542)
4(4201 10519 12544 6307)
4(10518 12543 12544 10519)
4(6306 6307 12544 12543)
4(4202 10520 12545 6308)
4(10519 12544 12545 10520)
4(6307 6308 12545 12544)
4(4203 10521 12546 6309)
4(10520 12545 12546 10521)
4(6308 6309 12546 12545)
4(4204 10522 12547 6310)
4(10521 12546 12547 10522)
4(6309 6310 12547 12546)
4(4205 10523 12548 6311)
4(10522 12547 12548 10523)
4(6310 6311 12548 12547)
4(4206 10524 12549 6312)
4(10523 12548 12549 10524)
4(6311 6312 12549 12548)
4(4207 10525 12550 6313)
4(10524 12549 12550 10525)
4(6312 6313 12550 12549)
4(4208 10526 12551 6314)
4(10525 12550 12551 10526)
4(6313 6314 12551 12550)
4(4209 10527 12552 6315)
4(10526 12551 12552 10527)
4(6314 6315 12552 12551)
4(4210 10528 12553 6316)
4(10527 12552 12553 10528)
4(6315 6316 12553 12552)
4(10528 12553 12554 10529)
4(6316 6317 12554 12553)
4(10450 10531 12556 12475)
4(10530 12555 12556 10531)
4(12474 12475 12556 12555)
4(10451 10532 12557 12476)
4(10531 12556 12557 10532)
4(12475 12476 12557 12556)
4(10452 10533 12558 12477)
4(10532 12557 12558 10533)
4(12476 12477 12558 12557)
4(10453 10534 12559 12478)
4(10533 12558 12559 10534)
4(12477 12478 12559 12558)
4(10454 10535 12560 12479)
4(10534 12559 12560 10535)
4(12478 12479 12560 12559)
4(10455 10536 12561 12480)
4(10535 12560 12561 10536)
4(12479 12480 12561 12560)
4(10456 10537 12562 12481)
4(10536 12561 12562 10537)
4(12480 12481 12562 12561)
4(10457 10538 12563 12482)
4(10537 12562 12563 10538)
4(12481 12482 12563 12562)
4(10458 10539 12564 12483)
4(10538 12563 12564 10539)
4(12482 12483 12564 12563)
4(10459 10540 12565 12484)
4(10539 12564 12565 10540)
4(12483 12484 12565 12564)
4(10460 10541 12566 12485)
4(10540 12565 12566 10541)
4(12484 12485 12566 12565)
4(10461 10542 12567 12486)
4(10541 12566 12567 10542)
4(12485 12486 12567 12566)
4(10462 10543 12568 12487)
4(10542 12567 12568 10543)
4(12486 12487 12568 12567)
4(10463 10544 12569 12488)
4(10543 12568 12569 10544)
4(12487 12488 12569 12568)
4(10464 10545 12570 12489)
4(10544 12569 12570 10545)
4(12488 12489 12570 12569)
4(10465 10546 12571 12490)
4(10545 12570 12571 10546)
4(12489 12490 12571 12570)
4(10466 10547 12572 12491)
4(10546 12571 12572 10547)
4(12490 12491 12572 12571)
4(10467 10548 12573 12492)
4(10547 12572 12573 10548)
4(12491 12492 12573 12572)
4(10468 10549 12574 12493)
4(10548 12573 12574 10549)
4(12492 12493 12574 12573)
4(10469 10550 12575 12494)
4(10549 12574 12575 10550)
4(12493 12494 12575 12574)
4(10470 10551 12576 12495)
4(10550 12575 12576 10551)
4(12494 12495 12576 12575)
4(10471 10552 12577 12496)
4(10551 12576 12577 10552)
4(12495 12496 12577 12576)
4(10472 10553 12578 12497)
4(10552 12577 12578 10553)
4(12496 12497 12578 12577)
4(10473 10554 12579 12498)
4(10553 12578 12579 10554)
4(12497 12498 12579 12578)
4(10474 10555 12580 12499)
4(10554 12579 12580 10555)
4(12498 12499 12580 12579)
4(10475 10556 12581 12500)
4(10555 12580 12581 10556)
4(12499 12500 12581 12580)
4(10476 10557 12582 12501)
4(10556 12581 12582 10557)
4(12500 12501 12582 12581)
4(10477 10558 12583 12502)
4(10557 12582 12583 10558)
4(12501 12502 12583 12582)
4(10478 10559 12584 12503)
4(10558 12583 12584 10559)
4(12502 12503 12584 12583)
4(10479 10560 12585 12504)
4(10559 12584 12585 10560)
4(12503 12504 12585 12584)
4(10480 10561 12586 12505)
4(10560 12585 12586 10561)
4(12504 12505 12586 12585)
4(10481 10562 12587 12506)
4(10561 12586 12587 10562)
4(12505 12506 12587 12586)
4(10482 10563 12588 12507)
4(10562 12587 12588 10563)
4(12506 12507 12588 12587)
4(10483 10564 12589 12508)
4(10563 12588 12589 10564)
4(12507 12508 12589 12588)
4(10484 10565 12590 12509)
4(10564 12589 12590 10565)
4(12508 12509 12590 12589)
4(10485 10566 12591 12510)
4(10565 12590 12591 10566)
4(12509 12510 12591 12590)
4(10486 10567 12592 12511)
4(10566 12591 12592 10567)
4(12510 12511 12592 12591)
4(10487 10568 12593 12512)
4(10567 12592 12593 10568)
4(12511 12512 12593 12592)
4(10488 10569 12594 12513)
4(10568 12593 12594 10569)
4(12512 12513 12594 12593)
4(10489 10570 12595 12514)
4(10569 12594 12595 10570)
4(12513 12514 12595 12594)
4(10490 10571 12596 12515)
4(10570 12595 12596 10571)
4(12514 12515 12596 12595)
4(10491 10572 12597 12516)
4(10571 12596 12597 10572)
4(12515 12516 12597 12596)
4(10492 10573 12598 12517)
4(10572 12597 12598 10573)
4(12516 12517 12598 12597)
4(10493 10574 12599 12518)
4(10573 12598 12599 10574)
4(12517 12518 12599 12598)
4(10494 10575 12600 12519)
4(10574 12599 12600 10575)
4(12518 12519 12600 12599)
4(10495 10576 12601 12520)
4(10575 12600 12601 10576)
4(12519 12520 12601 12600)
4(10496 10577 12602 12521)
4(10576 12601 12602 10577)
4(12520 12521 12602 12601)
4(10497 10578 12603 12522)
4(10577 12602 12603 10578)
4(12521 12522 12603 12602)
4(10498 10579 12604 12523)
4(10578 12603 12604 10579)
4(12522 12523 12604 12603)
4(10499 10580 12605 12524)
4(10579 12604 12605 10580)
4(12523 12524 12605 12604)
4(10500 10581 12606 12525)
4(10580 12605 12606 10581)
4(12524 12525 12606 12605)
4(10501 10582 12607 12526)
4(10581 12606 12607 10582)
4(12525 12526 12607 12606)
4(10502 10583 12608 12527)
4(10582 12607 12608 10583)
4(12526 12527 12608 12607)
4(10503 10584 12609 12528)
4(10583 12608 12609 10584)
4(12527 12528 12609 12608)
4(10504 10585 12610 12529)
4(10584 12609 12610 10585)
4(12528 12529 12610 12609)
4(10505 10586 12611 12530)
4(10585 12610 12611 10586)
4(12529 12530 12611 12610)
4(10506 10587 12612 12531)
4(10586 12611 12612 10587)
4(12530 12531 12612 12611)
4(10507 10588 12613 12532)
4(10587 12612 12613 10588)
4(12531 12532 12613 12612)
4(10508 10589 12614 12533)
4(10588 12613 12614 10589)
4(12532 12533 12614 12613)
4(10509 10590 12615 12534)
4(10589 12614 12615 10590)
4(12533 12534 12615 12614)
4(10510 10591 12616 12535)
4(10590 12615 12616 10591)
4(12534 12535 12616 12615)
4(10511 10592 12617 12536)
4(10591 12616 12617 10592)
4(12535 12536 12617 12616)
4(10512 10593 12618 12537)
4(10592 12617 12618 10593)
4(12536 12537 12618 12617)
4(10513 10594 12619 12538)
4(10593 12618 12619 10594)
4(12537 12538 12619 12618)
4(10514 10595 12620 12539)
4(10594 12619 12620 10595)
4(12538 12539 12620 12619)
4(10515 10596 12621 12540)
4(10595 12620 12621 10596)
4(12539 12540 12621 12620)
4(10516 10597 12622 12541)
4(10596 12621 12622 10597)
4(12540 12541 12622 12621)
4(10517 10598 12623 12542)
4(10597 12622 12623 10598)
4(12541 12542 12623 12622)
4(10518 10599 12624 12543)
4(10598 12623 12624 10599)
4(12542 12543 12624 12623)
4(10519 10600 12625 12544)
4(10599 12624 12625 10600)
4(12543 12544 12625 12624)
4(10520 10601 12626 12545)
4(10600 12625 12626 10601)
4(12544 12545 12626 12625)
4(10521 10602 12627 12546)
4(10601 12626 12627 10602)
4(12545 12546 12627 12626)
4(10522 10603 12628 12547)
4(10602 12627 12628 10603)
4(12546 12547 12628 12627)
4(10523 10604 12629 12548)
4(10603 12628 12629 10604)
4(12547 12548 12629 12628)
4(10524 10605 12630 12549)
4(10604 12629 12630 10605)
4(12548 12549 12630 12629)
4(10525 10606 12631 12550)
4(10605 12630 12631 10606)
4(12549 12550 12631 12630)
4(10526 10607 12632 12551)
4(10606 12631 12632 10607)
4(12550 12551 12632 12631)
4(10527 10608 12633 12552)
4(10607 12632 12633 10608)
4(12551 12552 12633 12632)
4(10528 10609 12634 12553)
4(10608 12633 12634 10609)
4(12552 12553 12634 12633)
4(10609 12634 12635 10610)
4(12553 12554 12635 12634)
4(10531 10612 12637 12556)
4(10611 12636 12637 10612)
4(12555 12556 12637 12636)
4(10532 10613 12638 12557)
4(10612 12637 12638 10613)
4(12556 12557 12638 12637)
4(10533 10614 12639 12558)
4(10613 12638 12639 10614)
4(12557 12558 12639 12638)
4(10534 10615 12640 12559)
4(10614 12639 12640 10615)
4(12558 12559 12640 12639)
4(10535 10616 12641 12560)
4(10615 12640 12641 10616)
4(12559 12560 12641 12640)
4(10536 10617 12642 12561)
4(10616 12641 12642 10617)
4(12560 12561 12642 12641)
4(10537 10618 12643 12562)
4(10617 12642 12643 10618)
4(12561 12562 12643 12642)
4(10538 10619 12644 12563)
4(10618 12643 12644 10619)
4(12562 12563 12644 12643)
4(10539 10620 12645 12564)
4(10619 12644 12645 10620)
4(12563 12564 12645 12644)
4(10540 10621 12646 12565)
4(10620 12645 12646 10621)
4(12564 12565 12646 12645)
4(10541 10622 12647 12566)
4(10621 12646 12647 10622)
4(12565 12566 12647 12646)
4(10542 10623 12648 12567)
4(10622 12647 12648 10623)
4(12566 12567 12648 12647)
4(10543 10624 12649 12568)
4(10623 12648 12649 10624)
4(12567 12568 12649 12648)
4(10544 10625 12650 12569)
4(10624 12649 12650 10625)
4(12568 12569 12650 12649)
4(10545 10626 12651 12570)
4(10625 12650 12651 10626)
4(12569 12570 12651 12650)
4(10546 10627 12652 12571)
4(10626 12651 12652 10627)
4(12570 12571 12652 12651)
4(10547 10628 12653 12572)
4(10627 12652 12653 10628)
4(12571 12572 12653 12652)
4(10548 10629 12654 12573)
4(10628 12653 12654 10629)
4(12572 12573 12654 12653)
4(10549 10630 12655 12574)
4(10629 12654 12655 10630)
4(12573 12574 12655 12654)
4(10550 10631 12656 12575)
4(10630 12655 12656 10631)
4(12574 12575 12656 12655)
4(10551 10632 12657 12576)
4(10631 12656 12657 10632)
4(12575 12576 12657 12656)
4(10552 10633 12658 12577)
4(10632 12657 12658 10633)
4(12576 12577 12658 12657)
4(10553 10634 12659 12578)
4(10633 12658 12659 10634)
4(12577 12578 12659 12658)
4(10554 10635 12660 12579)
4(10634 12659 12660 10635)
4(12578 12579 12660 12659)
4(10555 10636 12661 12580)
4(10635 12660 12661 10636)
4(12579 12580 12661 12660)
4(10556 10637 12662 12581)
4(10636 12661 12662 10637)
4(12580 12581 12662 12661)
4(10557 10638 12663 12582)
4(10637 12662 12663 10638)
4(12581 12582 12663 12662)
4(10558 10639 12664 12583)
4(10638 12663 12664 10639)
4(12582 12583 12664 12663)
4(10559 10640 12665 12584)
4(10639 12664 12665 10640)
4(12583 12584 12665 12664)
4(10560 10641 12666 12585)
4(10640 12665 12666 10641)
4(12584 12585 12666 12665)
4(10561 10642 12667 12586)
4(10641 12666 12667 10642)
4(12585 12586 12667 12666)
4(10562 10643 12668 12587)
4(10642 12667 12668 10643)
4(12586 12587 12668 12667)
4(10563 10644 12669 12588)
4(10643 12668 12669 10644)
4(12587 12588 12669 12668)
4(10564 10645 12670 12589)
4(10644 12669 12670 10645)
4(12588 12589 12670 12669)
4(10565 10646 12671 12590)
4(10645 12670 12671 10646)
4(12589 12590 12671 12670)
4(10566 10647 12672 12591)
4(10646 12671 12672 10647)
4(12590 12591 12672 12671)
4(10567 10648 12673 12592)
4(10647 12672 12673 10648)
4(12591 12592 12673 12672)
4(10568 10649 12674 12593)
4(10648 12673 12674 10649)
4(12592 12593 12674 12673)
4(10569 10650 12675 12594)
4(10649 12674 12675 10650)
4(12593 12594 12675 12674)
4(10570 10651 12676 12595)
4(10650 12675 12676 10651)
4(12594 12595 12676 12675)
4(10571 10652 12677 12596)
4(10651 12676 12677 10652)
4(12595 12596 12677 12676)
4(10572 10653 12678 12597)
4(10652 12677 12678 10653)
4(12596 12597 12678 12677)
4(10573 10654 12679 12598)
4(10653 12678 12679 10654)
4(12597 12598 12679 12678)
4(10574 10655 12680 12599)
4(10654 12679 12680 10655)
4(12598 12599 12680 12679)
4(10575 10656 12681 12600)
4(10655 12680 12681 10656)
4(12599 12600 12681 12680)
4(10576 10657 12682 12601)
4(10656 12681 12682 10657)
4(12600 12601 12682 12681)
4(10577 10658 12683 12602)
4(10657 12682 12683 10658)
4(12601 12602 12683 12682)
4(10578 10659 12684 12603)
4(10658 12683 12684 10659)
4(12602 12603 12684 12683)
4(10579 10660 12685 12604)
4(10659 12684 12685 10660)
4(12603 12604 12685 12684)
4(10580 10661 12686 12605)
4(10660 12685 12686 10661)
4(12604 12605 12686 12685)
4(10581 10662 12687 12606)
4(10661 12686 12687 10662)
4(12605 12606 12687 12686)
4(10582 10663 12688 12607)
4(10662 12687 12688 10663)
4(12606 12607 12688 12687)
4(10583 10664 12689 12608)
4(10663 12688 12689 10664)
4(12607 12608 12689 12688)
4(10584 10665 12690 12609)
4(10664 12689 12690 10665)
4(12608 12609 12690 12689)
4(10585 10666 12691 12610)
4(10665 12690 12691 10666)
4(12609 12610 12691 12690)
4(10586 10667 12692 12611)
4(10666 12691 12692 10667)
4(12610 12611 12692 12691)
4(10587 10668 12693 12612)
4(10667 12692 12693 10668)
4(12611 12612 12693 12692)
4(10588 10669 12694 12613)
4(10668 12693 12694 10669)
4(12612 12613 12694 12693)
4(10589 10670 12695 12614)
4(10669 12694 12695 10670)
4(12613 12614 12695 12694)
4(10590 10671 12696 12615)
4(10670 12695 12696 10671)
4(12614 12615 12696 12695)
4(10591 10672 12697 12616)
4(10671 12696 12697 10672)
4(12615 12616 12697 12696)
4(10592 10673 12698 12617)
4(10672 12697 12698 10673)
4(12616 12617 12698 12697)
4(10593 10674 12699 12618)
4(10673 12698 12699 10674)
4(12617 12618 12699 12698)
4(10594 10675 12700 12619)
4(10674 12699 12700 10675)
4(12618 12619 12700 12699)
4(10595 10676 12701 12620)
4(10675 12700 12701 10676)
4(12619 12620 12701 12700)
4(10596 10677 12702 12621)
4(10676 12701 12702 10677)
4(12620 12621 12702 12701)
4(10597 10678 12703 12622)
4(10677 12702 12703 10678)
4(12621 12622 12703 12702)
4(10598 10679 12704 12623)
4(10678 12703 12704 10679)
4(12622 12623 12704 12703)
4(10599 10680 12705 12624)
4(10679 12704 12705 10680)
4(12623 12624 12705 12704)
4(10600 10681 12706 12625)
4(10680 12705 12706 10681)
4(12624 12625 12706 12705)
4(10601 10682 12707 12626)
4(10681 12706 12707 10682)
4(12625 12626 12707 12706)
4(10602 10683 12708 12627)
4(10682 12707 12708 10683)
4(12626 12627 12708 12707)
4(10603 10684 12709 12628)
4(10683 12708 12709 10684)
4(12627 12628 12709 12708)
4(10604 10685 12710 12629)
4(10684 12709 12710 10685)
4(12628 12629 12710 12709)
4(10605 10686 12711 12630)
4(10685 12710 12711 10686)
4(12629 12630 12711 12710)
4(10606 10687 12712 12631)
4(10686 12711 12712 10687)
4(12630 12631 12712 12711)
4(10607 10688 12713 12632)
4(10687 12712 12713 10688)
4(12631 12632 12713 12712)
4(10608 10689 12714 12633)
4(10688 12713 12714 10689)
4(12632 12633 12714 12713)
4(10609 10690 12715 12634)
4(10689 12714 12715 10690)
4(12633 12634 12715 12714)
4(10690 12715 12716 10691)
4(12634 12635 12716 12715)
4(10612 10693 12718 12637)
4(10692 12717 12718 10693)
4(12636 12637 12718 12717)
4(10613 10694 12719 12638)
4(10693 12718 12719 10694)
4(12637 12638 12719 12718)
4(10614 10695 12720 12639)
4(10694 12719 12720 10695)
4(12638 12639 12720 12719)
4(10615 10696 12721 12640)
4(10695 12720 12721 10696)
4(12639 12640 12721 12720)
4(10616 10697 12722 12641)
4(10696 12721 12722 10697)
4(12640 12641 12722 12721)
4(10617 10698 12723 12642)
4(10697 12722 12723 10698)
4(12641 12642 12723 12722)
4(10618 10699 12724 12643)
4(10698 12723 12724 10699)
4(12642 12643 12724 12723)
4(10619 10700 12725 12644)
4(10699 12724 12725 10700)
4(12643 12644 12725 12724)
4(10620 10701 12726 12645)
4(10700 12725 12726 10701)
4(12644 12645 12726 12725)
4(10621 10702 12727 12646)
4(10701 12726 12727 10702)
4(12645 12646 12727 12726)
4(10622 10703 12728 12647)
4(10702 12727 12728 10703)
4(12646 12647 12728 12727)
4(10623 10704 12729 12648)
4(10703 12728 12729 10704)
4(12647 12648 12729 12728)
4(10624 10705 12730 12649)
4(10704 12729 12730 10705)
4(12648 12649 12730 12729)
4(10625 10706 12731 12650)
4(10705 12730 12731 10706)
4(12649 12650 12731 12730)
4(10626 10707 12732 12651)
4(10706 12731 12732 10707)
4(12650 12651 12732 12731)
4(10627 10708 12733 12652)
4(10707 12732 12733 10708)
4(12651 12652 12733 12732)
4(10628 10709 12734 12653)
4(10708 12733 12734 10709)
4(12652 12653 12734 12733)
4(10629 10710 12735 12654)
4(10709 12734 12735 10710)
4(12653 12654 12735 12734)
4(10630 10711 12736 12655)
4(10710 12735 12736 10711)
4(12654 12655 12736 12735)
4(10631 10712 12737 12656)
4(10711 12736 12737 10712)
4(12655 12656 12737 12736)
4(10632 10713 12738 12657)
4(10712 12737 12738 10713)
4(12656 12657 12738 12737)
4(10633 10714 12739 12658)
4(10713 12738 12739 10714)
4(12657 12658 12739 12738)
4(10634 10715 12740 12659)
4(10714 12739 12740 10715)
4(12658 12659 12740 12739)
4(10635 10716 12741 12660)
4(10715 12740 12741 10716)
4(12659 12660 12741 12740)
4(10636 10717 12742 12661)
4(10716 12741 12742 10717)
4(12660 12661 12742 12741)
4(10637 10718 12743 12662)
4(10717 12742 12743 10718)
4(12661 12662 12743 12742)
4(10638 10719 12744 12663)
4(10718 12743 12744 10719)
4(12662 12663 12744 12743)
4(10639 10720 12745 12664)
4(10719 12744 12745 10720)
4(12663 12664 12745 12744)
4(10640 10721 12746 12665)
4(10720 12745 12746 10721)
4(12664 12665 12746 12745)
4(10641 10722 12747 12666)
4(10721 12746 12747 10722)
4(12665 12666 12747 12746)
4(10642 10723 12748 12667)
4(10722 12747 12748 10723)
4(12666 12667 12748 12747)
4(10643 10724 12749 12668)
4(10723 12748 12749 10724)
4(12667 12668 12749 12748)
4(10644 10725 12750 12669)
4(10724 12749 12750 10725)
4(12668 12669 12750 12749)
4(10645 10726 12751 12670)
4(10725 12750 12751 10726)
4(12669 12670 12751 12750)
4(10646 10727 12752 12671)
4(10726 12751 12752 10727)
4(12670 12671 12752 12751)
4(10647 10728 12753 12672)
4(10727 12752 12753 10728)
4(12671 12672 12753 12752)
4(10648 10729 12754 12673)
4(10728 12753 12754 10729)
4(12672 12673 12754 12753)
4(10649 10730 12755 12674)
4(10729 12754 12755 10730)
4(12673 12674 12755 12754)
4(10650 10731 12756 12675)
4(10730 12755 12756 10731)
4(12674 12675 12756 12755)
4(10651 10732 12757 12676)
4(10731 12756 12757 10732)
4(12675 12676 12757 12756)
4(10652 10733 12758 12677)
4(10732 12757 12758 10733)
4(12676 12677 12758 12757)
4(10653 10734 12759 12678)
4(10733 12758 12759 10734)
4(12677 12678 12759 12758)
4(10654 10735 12760 12679)
4(10734 12759 12760 10735)
4(12678 12679 12760 12759)
4(10655 10736 12761 12680)
4(10735 12760 12761 10736)
4(12679 12680 12761 12760)
4(10656 10737 12762 12681)
4(10736 12761 12762 10737)
4(12680 12681 12762 12761)
4(10657 10738 12763 12682)
4(10737 12762 12763 10738)
4(12681 12682 12763 12762)
4(10658 10739 12764 12683)
4(10738 12763 12764 10739)
4(12682 12683 12764 12763)
4(10659 10740 12765 12684)
4(10739 12764 12765 10740)
4(12683 12684 12765 12764)
4(10660 10741 12766 12685)
4(10740 12765 12766 10741)
4(12684 12685 12766 12765)
4(10661 10742 12767 12686)
4(10741 12766 12767 10742)
4(12685 12686 12767 12766)
4(10662 10743 12768 12687)
4(10742 12767 12768 10743)
4(12686 12687 12768 12767)
4(10663 10744 12769 12688)
4(10743 12768 12769 10744)
4(12687 12688 12769 12768)
4(10664 10745 12770 12689)
4(10744 12769 12770 10745)
4(12688 12689 12770 12769)
4(10665 10746 12771 12690)
4(10745 12770 12771 10746)
4(12689 12690 12771 12770)
4(10666 10747 12772 12691)
4(10746 12771 12772 10747)
4(12690 12691 12772 12771)
4(10667 10748 12773 12692)
4(10747 12772 12773 10748)
4(12691 12692 12773 12772)
4(10668 10749 12774 12693)
4(10748 12773 12774 10749)
4(12692 12693 12774 12773)
4(10669 10750 12775 12694)
4(10749 12774 12775 10750)
4(12693 12694 12775 12774)
4(10670 10751 12776 12695)
4(10750 12775 12776 10751)
4(12694 12695 12776 12775)
4(10671 10752 12777 12696)
4(10751 12776 12777 10752)
4(12695 12696 12777 12776)
4(10672 10753 12778 12697)
4(10752 12777 12778 10753)
4(12696 12697 12778 12777)
4(10673 10754 12779 12698)
4(10753 12778 12779 10754)
4(12697 12698 12779 12778)
4(10674 10755 12780 12699)
4(10754 12779 12780 10755)
4(12698 12699 12780 12779)
4(10675 10756 12781 12700)
4(10755 12780 12781 10756)
4(12699 12700 12781 12780)
4(10676 10757 12782 12701)
4(10756 12781 12782 10757)
4(12700 12701 12782 12781)
4(10677 10758 12783 12702)
4(10757 12782 12783 10758)
4(12701 12702 12783 12782)
4(10678 10759 12784 12703)
4(10758 12783 12784 10759)
4(12702 12703 12784 12783)
4(10679 10760 12785 12704)
4(10759 12784 12785 10760)
4(12703 12704 12785 12784)
4(10680 10761 12786 12705)
4(10760 12785 12786 10761)
4(12704 12705 12786 12785)
4(10681 10762 12787 12706)
4(10761 12786 12787 10762)
4(12705 12706 12787 12786)
4(10682 10763 12788 12707)
4(10762 12787 12788 10763)
4(12706 12707 12788 12787)
4(10683 10764 12789 12708)
4(10763 12788 12789 10764)
4(12707 12708 12789 12788)
4(10684 10765 12790 12709)
4(10764 12789 12790 10765)
4(12708 12709 12790 12789)
4(10685 10766 12791 12710)
4(10765 12790 12791 10766)
4(12709 12710 12791 12790)
4(10686 10767 12792 12711)
4(10766 12791 12792 10767)
4(12710 12711 12792 12791)
4(10687 10768 12793 12712)
4(10767 12792 12793 10768)
4(12711 12712 12793 12792)
4(10688 10769 12794 12713)
4(10768 12793 12794 10769)
4(12712 12713 12794 12793)
4(10689 10770 12795 12714)
4(10769 12794 12795 10770)
4(12713 12714 12795 12794)
4(10690 10771 12796 12715)
4(10770 12795 12796 10771)
4(12714 12715 12796 12795)
4(10771 12796 12797 10772)
4(12715 12716 12797 12796)
4(10693 10774 12799 12718)
4(10773 12798 12799 10774)
4(12717 12718 12799 12798)
4(10694 10775 12800 12719)
4(10774 12799 12800 10775)
4(12718 12719 12800 12799)
4(10695 10776 12801 12720)
4(10775 12800 12801 10776)
4(12719 12720 12801 12800)
4(10696 10777 12802 12721)
4(10776 12801 12802 10777)
4(12720 12721 12802 12801)
4(10697 10778 12803 12722)
4(10777 12802 12803 10778)
4(12721 12722 12803 12802)
4(10698 10779 12804 12723)
4(10778 12803 12804 10779)
4(12722 12723 12804 12803)
4(10699 10780 12805 12724)
4(10779 12804 12805 10780)
4(12723 12724 12805 12804)
4(10700 10781 12806 12725)
4(10780 12805 12806 10781)
4(12724 12725 12806 12805)
4(10701 10782 12807 12726)
4(10781 12806 12807 10782)
4(12725 12726 12807 12806)
4(10702 10783 12808 12727)
4(10782 12807 12808 10783)
4(12726 12727 12808 12807)
4(10703 10784 12809 12728)
4(10783 12808 12809 10784)
4(12727 12728 12809 12808)
4(10704 10785 12810 12729)
4(10784 12809 12810 10785)
4(12728 12729 12810 12809)
4(10705 10786 12811 12730)
4(10785 12810 12811 10786)
4(12729 12730 12811 12810)
4(10706 10787 12812 12731)
4(10786 12811 12812 10787)
4(12730 12731 12812 12811)
4(10707 10788 12813 12732)
4(10787 12812 12813 10788)
4(12731 12732 12813 12812)
4(10708 10789 12814 12733)
4(10788 12813 12814 10789)
4(12732 12733 12814 12813)
4(10709 10790 12815 12734)
4(10789 12814 12815 10790)
4(12733 12734 12815 12814)
4(10710 10791 12816 12735)
4(10790 12815 12816 10791)
4(12734 12735 12816 12815)
4(10711 10792 12817 12736)
4(10791 12816 12817 10792)
4(12735 12736 12817 12816)
4(10712 10793 12818 12737)
4(10792 12817 12818 10793)
4(12736 12737 12818 12817)
4(10713 10794 12819 12738)
4(10793 12818 12819 10794)
4(12737 12738 12819 12818)
4(10714 10795 12820 12739)
4(10794 12819 12820 10795)
4(12738 12739 12820 12819)
4(10715 10796 12821 12740)
4(10795 12820 12821 10796)
4(12739 12740 12821 12820)
4(10716 10797 12822 12741)
4(10796 12821 12822 10797)
4(12740 12741 12822 12821)
4(10717 10798 12823 12742)
4(10797 12822 12823 10798)
4(12741 12742 12823 12822)
4(10718 10799 12824 12743)
4(10798 12823 12824 10799)
4(12742 12743 12824 12823)
4(10719 10800 12825 12744)
4(10799 12824 12825 10800)
4(12743 12744 12825 12824)
4(10720 10801 12826 12745)
4(10800 12825 12826 10801)
4(12744 12745 12826 12825)
4(10721 10802 12827 12746)
4(10801 12826 12827 10802)
4(12745 12746 12827 12826)
4(10722 10803 12828 12747)
4(10802 12827 12828 10803)
4(12746 12747 12828 12827)
4(10723 10804 12829 12748)
4(10803 12828 12829 10804)
4(12747 12748 12829 12828)
4(10724 10805 12830 12749)
4(10804 12829 12830 10805)
4(12748 12749 12830 12829)
4(10725 10806 12831 12750)
4(10805 12830 12831 10806)
4(12749 12750 12831 12830)
4(10726 10807 12832 12751)
4(10806 12831 12832 10807)
4(12750 12751 12832 12831)
4(10727 10808 12833 12752)
4(10807 12832 12833 10808)
4(12751 12752 12833 12832)
4(10728 10809 12834 12753)
4(10808 12833 12834 10809)
4(12752 12753 12834 12833)
4(10729 10810 12835 12754)
4(10809 12834 12835 10810)
4(12753 12754 12835 12834)
4(10730 10811 12836 12755)
4(10810 12835 12836 10811)
4(12754 12755 12836 12835)
4(10731 10812 12837 12756)
4(10811 12836 12837 10812)
4(12755 12756 12837 12836)
4(10732 10813 12838 12757)
4(10812 12837 12838 10813)
4(12756 12757 12838 12837)
4(10733 10814 12839 12758)
4(10813 12838 12839 10814)
4(12757 12758 12839 12838)
4(10734 10815 12840 12759)
4(10814 12839 12840 10815)
4(12758 12759 12840 12839)
4(10735 10816 12841 12760)
4(10815 12840 12841 10816)
4(12759 12760 12841 12840)
4(10736 10817 12842 12761)
4(10816 12841 12842 10817)
4(12760 12761 12842 12841)
4(10737 10818 12843 12762)
4(10817 12842 12843 10818)
4(12761 12762 12843 12842)
4(10738 10819 12844 12763)
4(10818 12843 12844 10819)
4(12762 12763 12844 12843)
4(10739 10820 12845 12764)
4(10819 12844 12845 10820)
4(12763 12764 12845 12844)
4(10740 10821 12846 12765)
4(10820 12845 12846 10821)
4(12764 12765 12846 12845)
4(10741 10822 12847 12766)
4(10821 12846 12847 10822)
4(12765 12766 12847 12846)
4(10742 10823 12848 12767)
4(10822 12847 12848 10823)
4(12766 12767 12848 12847)
4(10743 10824 12849 12768)
4(10823 12848 12849 10824)
4(12767 12768 12849 12848)
4(10744 10825 12850 12769)
4(10824 12849 12850 10825)
4(12768 12769 12850 12849)
4(10745 10826 12851 12770)
4(10825 12850 12851 10826)
4(12769 12770 12851 12850)
4(10746 10827 12852 12771)
4(10826 12851 12852 10827)
4(12770 12771 12852 12851)
4(10747 10828 12853 12772)
4(10827 12852 12853 10828)
4(12771 12772 12853 12852)
4(10748 10829 12854 12773)
4(10828 12853 12854 10829)
4(12772 12773 12854 12853)
4(10749 10830 12855 12774)
4(10829 12854 12855 10830)
4(12773 12774 12855 12854)
4(10750 10831 12856 12775)
4(10830 12855 12856 10831)
4(12774 12775 12856 12855)
4(10751 10832 12857 12776)
4(10831 12856 12857 10832)
4(12775 12776 12857 12856)
4(10752 10833 12858 12777)
4(10832 12857 12858 10833)
4(12776 12777 12858 12857)
4(10753 10834 12859 12778)
4(10833 12858 12859 10834)
4(12777 12778 12859 12858)
4(10754 10835 12860 12779)
4(10834 12859 12860 10835)
4(12778 12779 12860 12859)
4(10755 10836 12861 12780)
4(10835 12860 12861 10836)
4(12779 12780 12861 12860)
4(10756 10837 12862 12781)
4(10836 12861 12862 10837)
4(12780 12781 12862 12861)
4(10757 10838 12863 12782)
4(10837 12862 12863 10838)
4(12781 12782 12863 12862)
4(10758 10839 12864 12783)
4(10838 12863 12864 10839)
4(12782 12783 12864 12863)
4(10759 10840 12865 12784)
4(10839 12864 12865 10840)
4(12783 12784 12865 12864)
4(10760 10841 12866 12785)
4(10840 12865 12866 10841)
4(12784 12785 12866 12865)
4(10761 10842 12867 12786)
4(10841 12866 12867 10842)
4(12785 12786 12867 12866)
4(10762 10843 12868 12787)
4(10842 12867 12868 10843)
4(12786 12787 12868 12867)
4(10763 10844 12869 12788)
4(10843 12868 12869 10844)
4(12787 12788 12869 12868)
4(10764 10845 12870 12789)
4(10844 12869 12870 10845)
4(12788 12789 12870 12869)
4(10765 10846 12871 12790)
4(10845 12870 12871 10846)
4(12789 12790 12871 12870)
4(10766 10847 12872 12791)
4(10846 12871 12872 10847)
4(12790 12791 12872 12871)
4(10767 10848 12873 12792)
4(10847 12872 12873 10848)
4(12791 12792 12873 12872)
4(10768 10849 12874 12793)
4(10848 12873 12874 10849)
4(12792 12793 12874 12873)
4(10769 10850 12875 12794)
4(10849 12874 12875 10850)
4(12793 12794 12875 12874)
4(10770 10851 12876 12795)
4(10850 12875 12876 10851)
4(12794 12795 12876 12875)
4(10771 10852 12877 12796)
4(10851 12876 12877 10852)
4(12795 12796 12877 12876)
4(10852 12877 12878 10853)
4(12796 12797 12878 12877)
4(10774 10855 12880 12799)
4(10854 12879 12880 10855)
4(12798 12799 12880 12879)
4(10775 10856 12881 12800)
4(10855 12880 12881 10856)
4(12799 12800 12881 12880)
4(10776 10857 12882 12801)
4(10856 12881 12882 10857)
4(12800 12801 12882 12881)
4(10777 10858 12883 12802)
4(10857 12882 12883 10858)
4(12801 12802 12883 12882)
4(10778 10859 12884 12803)
4(10858 12883 12884 10859)
4(12802 12803 12884 12883)
4(10779 10860 12885 12804)
4(10859 12884 12885 10860)
4(12803 12804 12885 12884)
4(10780 10861 12886 12805)
4(10860 12885 12886 10861)
4(12804 12805 12886 12885)
4(10781 10862 12887 12806)
4(10861 12886 12887 10862)
4(12805 12806 12887 12886)
4(10782 10863 12888 12807)
4(10862 12887 12888 10863)
4(12806 12807 12888 12887)
4(10783 10864 12889 12808)
4(10863 12888 12889 10864)
4(12807 12808 12889 12888)
4(10784 10865 12890 12809)
4(10864 12889 12890 10865)
4(12808 12809 12890 12889)
4(10785 10866 12891 12810)
4(10865 12890 12891 10866)
4(12809 12810 12891 12890)
4(10786 10867 12892 12811)
4(10866 12891 12892 10867)
4(12810 12811 12892 12891)
4(10787 10868 12893 12812)
4(10867 12892 12893 10868)
4(12811 12812 12893 12892)
4(10788 10869 12894 12813)
4(10868 12893 12894 10869)
4(12812 12813 12894 12893)
4(10789 10870 12895 12814)
4(10869 12894 12895 10870)
4(12813 12814 12895 12894)
4(10790 10871 12896 12815)
4(10870 12895 12896 10871)
4(12814 12815 12896 12895)
4(10791 10872 12897 12816)
4(10871 12896 12897 10872)
4(12815 12816 12897 12896)
4(10792 10873 12898 12817)
4(10872 12897 12898 10873)
4(12816 12817 12898 12897)
4(10793 10874 12899 12818)
4(10873 12898 12899 10874)
4(12817 12818 12899 12898)
4(10794 10875 12900 12819)
4(10874 12899 12900 10875)
4(12818 12819 12900 12899)
4(10795 10876 12901 12820)
4(10875 12900 12901 10876)
4(12819 12820 12901 12900)
4(10796 10877 12902 12821)
4(10876 12901 12902 10877)
4(12820 12821 12902 12901)
4(10797 10878 12903 12822)
4(10877 12902 12903 10878)
4(12821 12822 12903 12902)
4(10798 10879 12904 12823)
4(10878 12903 12904 10879)
4(12822 12823 12904 12903)
4(10799 10880 12905 12824)
4(10879 12904 12905 10880)
4(12823 12824 12905 12904)
4(10800 10881 12906 12825)
4(10880 12905 12906 10881)
4(12824 12825 12906 12905)
4(10801 10882 12907 12826)
4(10881 12906 12907 10882)
4(12825 12826 12907 12906)
4(10802 10883 12908 12827)
4(10882 12907 12908 10883)
4(12826 12827 12908 12907)
4(10803 10884 12909 12828)
4(10883 12908 12909 10884)
4(12827 12828 12909 12908)
4(10804 10885 12910 12829)
4(10884 12909 12910 10885)
4(12828 12829 12910 12909)
4(10805 10886 12911 12830)
4(10885 12910 12911 10886)
4(12829 12830 12911 12910)
4(10806 10887 12912 12831)
4(10886 12911 12912 10887)
4(12830 12831 12912 12911)
4(10807 10888 12913 12832)
4(10887 12912 12913 10888)
4(12831 12832 12913 12912)
4(10808 10889 12914 12833)
4(10888 12913 12914 10889)
4(12832 12833 12914 12913)
4(10809 10890 12915 12834)
4(10889 12914 12915 10890)
4(12833 12834 12915 12914)
4(10810 10891 12916 12835)
4(10890 12915 12916 10891)
4(12834 12835 12916 12915)
4(10811 10892 12917 12836)
4(10891 12916 12917 10892)
4(12835 12836 12917 12916)
4(10812 10893 12918 12837)
4(10892 12917 12918 10893)
4(12836 12837 12918 12917)
4(10813 10894 12919 12838)
4(10893 12918 12919 10894)
4(12837 12838 12919 12918)
4(10814 10895 12920 12839)
4(10894 12919 12920 10895)
4(12838 12839 12920 12919)
4(10815 10896 12921 12840)
4(10895 12920 12921 10896)
4(12839 12840 12921 12920)
4(10816 10897 12922 12841)
4(10896 12921 12922 10897)
4(12840 12841 12922 12921)
4(10817 10898 12923 12842)
4(10897 12922 12923 10898)
4(12841 12842 12923 12922)
4(10818 10899 12924 12843)
4(10898 12923 12924 10899)
4(12842 12843 12924 12923)
4(10819 10900 12925 12844)
4(10899 12924 12925 10900)
4(12843 12844 12925 12924)
4(10820 10901 12926 12845)
4(10900 12925 12926 10901)
4(12844 12845 12926 12925)
4(10821 10902 12927 12846)
4(10901 12926 12927 10902)
4(12845 12846 12927 12926)
4(10822 10903 12928 12847)
4(10902 12927 12928 10903)
4(12846 12847 12928 12927)
4(10823 10904 12929 12848)
4(10903 12928 12929 10904)
4(12847 12848 12929 12928)
4(10824 10905 12930 12849)
4(10904 12929 12930 10905)
4(12848 12849 12930 12929)
4(10825 10906 12931 12850)
4(10905 12930 12931 10906)
4(12849 12850 12931 12930)
4(10826 10907 12932 12851)
4(10906 12931 12932 10907)
4(12850 12851 12932 12931)
4(10827 10908 12933 12852)
4(10907 12932 12933 10908)
4(12851 12852 12933 12932)
4(10828 10909 12934 12853)
4(10908 12933 12934 10909)
4(12852 12853 12934 12933)
4(10829 10910 12935 12854)
4(10909 12934 12935 10910)
4(12853 12854 12935 12934)
4(10830 10911 12936 12855)
4(10910 12935 12936 10911)
4(12854 12855 12936 12935)
4(10831 10912 12937 12856)
4(10911 12936 12937 10912)
4(12855 12856 12937 12936)
4(10832 10913 12938 12857)
4(10912 12937 12938 10913)
4(12856 12857 12938 12937)
4(10833 10914 12939 12858)
4(10913 12938 12939 10914)
4(12857 12858 12939 12938)
4(10834 10915 12940 12859)
4(10914 12939 12940 10915)
4(12858 12859 12940 12939)
4(10835 10916 12941 12860)
4(10915 12940 12941 10916)
4(12859 12860 12941 12940)
4(10836 10917 12942 12861)
4(10916 12941 12942 10917)
4(12860 12861 12942 12941)
4(10837 10918 12943 12862)
4(10917 12942 12943 10918)
4(12861 12862 12943 12942)
4(10838 10919 12944 12863)
4(10918 12943 12944 10919)
4(12862 12863 12944 12943)
4(10839 10920 12945 12864)
4(10919 12944 12945 10920)
4(12863 12864 12945 12944)
4(10840 10921 12946 12865)
4(10920 12945 12946 10921)
4(12864 12865 12946 12945)
4(10841 10922 12947 12866)
4(10921 12946 12947 10922)
4(12865 12866 12947 12946)
4(10842 10923 12948 12867)
4(10922 12947 12948 10923)
4(12866 12867 12948 12947)
4(10843 10924 12949 12868)
4(10923 12948 12949 10924)
4(12867 12868 12949 12948)
4(10844 10925 12950 12869)
4(10924 12949 12950 10925)
4(12868 12869 12950 12949)
4(10845 10926 12951 12870)
4(10925 12950 12951 10926)
4(12869 12870 12951 12950)
4(10846 10927 12952 12871)
4(10926 12951 12952 10927)
4(12870 12871 12952 12951)
4(10847 10928 12953 12872)
4(10927 12952 12953 10928)
4(12871 12872 12953 12952)
4(10848 10929 12954 12873)
4(10928 12953 12954 10929)
4(12872 12873 12954 12953)
4(10849 10930 12955 12874)
4(10929 12954 12955 10930)
4(12873 12874 12955 12954)
4(10850 10931 12956 12875)
4(10930 12955 12956 10931)
4(12874 12875 12956 12955)
4(10851 10932 12957 12876)
4(10931 12956 12957 10932)
4(12875 12876 12957 12956)
4(10852 10933 12958 12877)
4(10932 12957 12958 10933)
4(12876 12877 12958 12957)
4(10933 12958 12959 10934)
4(12877 12878 12959 12958)
4(10855 10936 12961 12880)
4(10935 12960 12961 10936)
4(12879 12880 12961 12960)
4(10856 10937 12962 12881)
4(10936 12961 12962 10937)
4(12880 12881 12962 12961)
4(10857 10938 12963 12882)
4(10937 12962 12963 10938)
4(12881 12882 12963 12962)
4(10858 10939 12964 12883)
4(10938 12963 12964 10939)
4(12882 12883 12964 12963)
4(10859 10940 12965 12884)
4(10939 12964 12965 10940)
4(12883 12884 12965 12964)
4(10860 10941 12966 12885)
4(10940 12965 12966 10941)
4(12884 12885 12966 12965)
4(10861 10942 12967 12886)
4(10941 12966 12967 10942)
4(12885 12886 12967 12966)
4(10862 10943 12968 12887)
4(10942 12967 12968 10943)
4(12886 12887 12968 12967)
4(10863 10944 12969 12888)
4(10943 12968 12969 10944)
4(12887 12888 12969 12968)
4(10864 10945 12970 12889)
4(10944 12969 12970 10945)
4(12888 12889 12970 12969)
4(10865 10946 12971 12890)
4(10945 12970 12971 10946)
4(12889 12890 12971 12970)
4(10866 10947 12972 12891)
4(10946 12971 12972 10947)
4(12890 12891 12972 12971)
4(10867 10948 12973 12892)
4(10947 12972 12973 10948)
4(12891 12892 12973 12972)
4(10868 10949 12974 12893)
4(10948 12973 12974 10949)
4(12892 12893 12974 12973)
4(10869 10950 12975 12894)
4(10949 12974 12975 10950)
4(12893 12894 12975 12974)
4(10870 10951 12976 12895)
4(10950 12975 12976 10951)
4(12894 12895 12976 12975)
4(10871 10952 12977 12896)
4(10951 12976 12977 10952)
4(12895 12896 12977 12976)
4(10872 10953 12978 12897)
4(10952 12977 12978 10953)
4(12896 12897 12978 12977)
4(10873 10954 12979 12898)
4(10953 12978 12979 10954)
4(12897 12898 12979 12978)
4(10874 10955 12980 12899)
4(10954 12979 12980 10955)
4(12898 12899 12980 12979)
4(10875 10956 12981 12900)
4(10955 12980 12981 10956)
4(12899 12900 12981 12980)
4(10876 10957 12982 12901)
4(10956 12981 12982 10957)
4(12900 12901 12982 12981)
4(10877 10958 12983 12902)
4(10957 12982 12983 10958)
4(12901 12902 12983 12982)
4(10878 10959 12984 12903)
4(10958 12983 12984 10959)
4(12902 12903 12984 12983)
4(10879 10960 12985 12904)
4(10959 12984 12985 10960)
4(12903 12904 12985 12984)
4(10880 10961 12986 12905)
4(10960 12985 12986 10961)
4(12904 12905 12986 12985)
4(10881 10962 12987 12906)
4(10961 12986 12987 10962)
4(12905 12906 12987 12986)
4(10882 10963 12988 12907)
4(10962 12987 12988 10963)
4(12906 12907 12988 12987)
4(10883 10964 12989 12908)
4(10963 12988 12989 10964)
4(12907 12908 12989 12988)
4(10884 10965 12990 12909)
4(10964 12989 12990 10965)
4(12908 12909 12990 12989)
4(10885 10966 12991 12910)
4(10965 12990 12991 10966)
4(12909 12910 12991 12990)
4(10886 10967 12992 12911)
4(10966 12991 12992 10967)
4(12910 12911 12992 12991)
4(10887 10968 12993 12912)
4(10967 12992 12993 10968)
4(12911 12912 12993 12992)
4(10888 10969 12994 12913)
4(10968 12993 12994 10969)
4(12912 12913 12994 12993)
4(10889 10970 12995 12914)
4(10969 12994 12995 10970)
4(12913 12914 12995 12994)
4(10890 10971 12996 12915)
4(10970 12995 12996 10971)
4(12914 12915 12996 12995)
4(10891 10972 12997 12916)
4(10971 12996 12997 10972)
4(12915 12916 12997 12996)
4(10892 10973 12998 12917)
4(10972 12997 12998 10973)
4(12916 12917 12998 12997)
4(10893 10974 12999 12918)
4(10973 12998 12999 10974)
4(12917 12918 12999 12998)
4(10894 10975 13000 12919)
4(10974 12999 13000 10975)
4(12918 12919 13000 12999)
4(10895 10976 13001 12920)
4(10975 13000 13001 10976)
4(12919 12920 13001 13000)
4(10896 10977 13002 12921)
4(10976 13001 13002 10977)
4(12920 12921 13002 13001)
4(10897 10978 13003 12922)
4(10977 13002 13003 10978)
4(12921 12922 13003 13002)
4(10898 10979 13004 12923)
4(10978 13003 13004 10979)
4(12922 12923 13004 13003)
4(10899 10980 13005 12924)
4(10979 13004 13005 10980)
4(12923 12924 13005 13004)
4(10900 10981 13006 12925)
4(10980 13005 13006 10981)
4(12924 12925 13006 13005)
4(10901 10982 13007 12926)
4(10981 13006 13007 10982)
4(12925 12926 13007 13006)
4(10902 10983 13008 12927)
4(10982 13007 13008 10983)
4(12926 12927 13008 13007)
4(10903 10984 13009 12928)
4(10983 13008 13009 10984)
4(12927 12928 13009 13008)
4(10904 10985 13010 12929)
4(10984 13009 13010 10985)
4(12928 12929 13010 13009)
4(10905 10986 13011 12930)
4(10985 13010 13011 10986)
4(12929 12930 13011 13010)
4(10906 10987 13012 12931)
4(10986 13011 13012 10987)
4(12930 12931 13012 13011)
4(10907 10988 13013 12932)
4(10987 13012 13013 10988)
4(12931 12932 13013 13012)
4(10908 10989 13014 12933)
4(10988 13013 13014 10989)
4(12932 12933 13014 13013)
4(10909 10990 13015 12934)
4(10989 13014 13015 10990)
4(12933 12934 13015 13014)
4(10910 10991 13016 12935)
4(10990 13015 13016 10991)
4(12934 12935 13016 13015)
4(10911 10992 13017 12936)
4(10991 13016 13017 10992)
4(12935 12936 13017 13016)
4(10912 10993 13018 12937)
4(10992 13017 13018 10993)
4(12936 12937 13018 13017)
4(10913 10994 13019 12938)
4(10993 13018 13019 10994)
4(12937 12938 13019 13018)
4(10914 10995 13020 12939)
4(10994 13019 13020 10995)
4(12938 12939 13020 13019)
4(10915 10996 13021 12940)
4(10995 13020 13021 10996)
4(12939 12940 13021 13020)
4(10916 10997 13022 12941)
4(10996 13021 13022 10997)
4(12940 12941 13022 13021)
4(10917 10998 13023 12942)
4(10997 13022 13023 10998)
4(12941 12942 13023 13022)
4(10918 10999 13024 12943)
4(10998 13023 13024 10999)
4(12942 12943 13024 13023)
4(10919 11000 13025 12944)
4(10999 13024 13025 11000)
4(12943 12944 13025 13024)
4(10920 11001 13026 12945)
4(11000 13025 13026 11001)
4(12944 12945 13026 13025)
4(10921 11002 13027 12946)
4(11001 13026 13027 11002)
4(12945 12946 13027 13026)
4(10922 11003 13028 12947)
4(11002 13027 13028 11003)
4(12946 12947 13028 13027)
4(10923 11004 13029 12948)
4(11003 13028 13029 11004)
4(12947 12948 13029 13028)
4(10924 11005 13030 12949)
4(11004 13029 13030 11005)
4(12948 12949 13030 13029)
4(10925 11006 13031 12950)
4(11005 13030 13031 11006)
4(12949 12950 13031 13030)
4(10926 11007 13032 12951)
4(11006 13031 13032 11007)
4(12950 12951 13032 13031)
4(10927 11008 13033 12952)
4(11007 13032 13033 11008)
4(12951 12952 13033 13032)
4(10928 11009 13034 12953)
4(11008 13033 13034 11009)
4(12952 12953 13034 13033)
4(10929 11010 13035 12954)
4(11009 13034 13035 11010)
4(12953 12954 13035 13034)
4(10930 11011 13036 12955)
4(11010 13035 13036 11011)
4(12954 12955 13036 13035)
4(10931 11012 13037 12956)
4(11011 13036 13037 11012)
4(12955 12956 13037 13036)
4(10932 11013 13038 12957)
4(11012 13037 13038 11013)
4(12956 12957 13038 13037)
4(10933 11014 13039 12958)
4(11013 13038 13039 11014)
4(12957 12958 13039 13038)
4(11014 13039 13040 11015)
4(12958 12959 13040 13039)
4(10936 11017 13042 12961)
4(11016 13041 13042 11017)
4(12960 12961 13042 13041)
4(10937 11018 13043 12962)
4(11017 13042 13043 11018)
4(12961 12962 13043 13042)
4(10938 11019 13044 12963)
4(11018 13043 13044 11019)
4(12962 12963 13044 13043)
4(10939 11020 13045 12964)
4(11019 13044 13045 11020)
4(12963 12964 13045 13044)
4(10940 11021 13046 12965)
4(11020 13045 13046 11021)
4(12964 12965 13046 13045)
4(10941 11022 13047 12966)
4(11021 13046 13047 11022)
4(12965 12966 13047 13046)
4(10942 11023 13048 12967)
4(11022 13047 13048 11023)
4(12966 12967 13048 13047)
4(10943 11024 13049 12968)
4(11023 13048 13049 11024)
4(12967 12968 13049 13048)
4(10944 11025 13050 12969)
4(11024 13049 13050 11025)
4(12968 12969 13050 13049)
4(10945 11026 13051 12970)
4(11025 13050 13051 11026)
4(12969 12970 13051 13050)
4(10946 11027 13052 12971)
4(11026 13051 13052 11027)
4(12970 12971 13052 13051)
4(10947 11028 13053 12972)
4(11027 13052 13053 11028)
4(12971 12972 13053 13052)
4(10948 11029 13054 12973)
4(11028 13053 13054 11029)
4(12972 12973 13054 13053)
4(10949 11030 13055 12974)
4(11029 13054 13055 11030)
4(12973 12974 13055 13054)
4(10950 11031 13056 12975)
4(11030 13055 13056 11031)
4(12974 12975 13056 13055)
4(10951 11032 13057 12976)
4(11031 13056 13057 11032)
4(12975 12976 13057 13056)
4(10952 11033 13058 12977)
4(11032 13057 13058 11033)
4(12976 12977 13058 13057)
4(10953 11034 13059 12978)
4(11033 13058 13059 11034)
4(12977 12978 13059 13058)
4(10954 11035 13060 12979)
4(11034 13059 13060 11035)
4(12978 12979 13060 13059)
4(10955 11036 13061 12980)
4(11035 13060 13061 11036)
4(12979 12980 13061 13060)
4(10956 11037 13062 12981)
4(11036 13061 13062 11037)
4(12980 12981 13062 13061)
4(10957 11038 13063 12982)
4(11037 13062 13063 11038)
4(12981 12982 13063 13062)
4(10958 11039 13064 12983)
4(11038 13063 13064 11039)
4(12982 12983 13064 13063)
4(10959 11040 13065 12984)
4(11039 13064 13065 11040)
4(12983 12984 13065 13064)
4(10960 11041 13066 12985)
4(11040 13065 13066 11041)
4(12984 12985 13066 13065)
4(10961 11042 13067 12986)
4(11041 13066 13067 11042)
4(12985 12986 13067 13066)
4(10962 11043 13068 12987)
4(11042 13067 13068 11043)
4(12986 12987 13068 13067)
4(10963 11044 13069 12988)
4(11043 13068 13069 11044)
4(12987 12988 13069 13068)
4(10964 11045 13070 12989)
4(11044 13069 13070 11045)
4(12988 12989 13070 13069)
4(10965 11046 13071 12990)
4(11045 13070 13071 11046)
4(12989 12990 13071 13070)
4(10966 11047 13072 12991)
4(11046 13071 13072 11047)
4(12990 12991 13072 13071)
4(10967 11048 13073 12992)
4(11047 13072 13073 11048)
4(12991 12992 13073 13072)
4(10968 11049 13074 12993)
4(11048 13073 13074 11049)
4(12992 12993 13074 13073)
4(10969 11050 13075 12994)
4(11049 13074 13075 11050)
4(12993 12994 13075 13074)
4(10970 11051 13076 12995)
4(11050 13075 13076 11051)
4(12994 12995 13076 13075)
4(10971 11052 13077 12996)
4(11051 13076 13077 11052)
4(12995 12996 13077 13076)
4(10972 11053 13078 12997)
4(11052 13077 13078 11053)
4(12996 12997 13078 13077)
4(10973 11054 13079 12998)
4(11053 13078 13079 11054)
4(12997 12998 13079 13078)
4(10974 11055 13080 12999)
4(11054 13079 13080 11055)
4(12998 12999 13080 13079)
4(10975 11056 13081 13000)
4(11055 13080 13081 11056)
4(12999 13000 13081 13080)
4(10976 11057 13082 13001)
4(11056 13081 13082 11057)
4(13000 13001 13082 13081)
4(10977 11058 13083 13002)
4(11057 13082 13083 11058)
4(13001 13002 13083 13082)
4(10978 11059 13084 13003)
4(11058 13083 13084 11059)
4(13002 13003 13084 13083)
4(10979 11060 13085 13004)
4(11059 13084 13085 11060)
4(13003 13004 13085 13084)
4(10980 11061 13086 13005)
4(11060 13085 13086 11061)
4(13004 13005 13086 13085)
4(10981 11062 13087 13006)
4(11061 13086 13087 11062)
4(13005 13006 13087 13086)
4(10982 11063 13088 13007)
4(11062 13087 13088 11063)
4(13006 13007 13088 13087)
4(10983 11064 13089 13008)
4(11063 13088 13089 11064)
4(13007 13008 13089 13088)
4(10984 11065 13090 13009)
4(11064 13089 13090 11065)
4(13008 13009 13090 13089)
4(10985 11066 13091 13010)
4(11065 13090 13091 11066)
4(13009 13010 13091 13090)
4(10986 11067 13092 13011)
4(11066 13091 13092 11067)
4(13010 13011 13092 13091)
4(10987 11068 13093 13012)
4(11067 13092 13093 11068)
4(13011 13012 13093 13092)
4(10988 11069 13094 13013)
4(11068 13093 13094 11069)
4(13012 13013 13094 13093)
4(10989 11070 13095 13014)
4(11069 13094 13095 11070)
4(13013 13014 13095 13094)
4(10990 11071 13096 13015)
4(11070 13095 13096 11071)
4(13014 13015 13096 13095)
4(10991 11072 13097 13016)
4(11071 13096 13097 11072)
4(13015 13016 13097 13096)
4(10992 11073 13098 13017)
4(11072 13097 13098 11073)
4(13016 13017 13098 13097)
4(10993 11074 13099 13018)
4(11073 13098 13099 11074)
4(13017 13018 13099 13098)
4(10994 11075 13100 13019)
4(11074 13099 13100 11075)
4(13018 13019 13100 13099)
4(10995 11076 13101 13020)
4(11075 13100 13101 11076)
4(13019 13020 13101 13100)
4(10996 11077 13102 13021)
4(11076 13101 13102 11077)
4(13020 13021 13102 13101)
4(10997 11078 13103 13022)
4(11077 13102 13103 11078)
4(13021 13022 13103 13102)
4(10998 11079 13104 13023)
4(11078 13103 13104 11079)
4(13022 13023 13104 13103)
4(10999 11080 13105 13024)
4(11079 13104 13105 11080)
4(13023 13024 13105 13104)
4(11000 11081 13106 13025)
4(11080 13105 13106 11081)
4(13024 13025 13106 13105)
4(11001 11082 13107 13026)
4(11081 13106 13107 11082)
4(13025 13026 13107 13106)
4(11002 11083 13108 13027)
4(11082 13107 13108 11083)
4(13026 13027 13108 13107)
4(11003 11084 13109 13028)
4(11083 13108 13109 11084)
4(13027 13028 13109 13108)
4(11004 11085 13110 13029)
4(11084 13109 13110 11085)
4(13028 13029 13110 13109)
4(11005 11086 13111 13030)
4(11085 13110 13111 11086)
4(13029 13030 13111 13110)
4(11006 11087 13112 13031)
4(11086 13111 13112 11087)
4(13030 13031 13112 13111)
4(11007 11088 13113 13032)
4(11087 13112 13113 11088)
4(13031 13032 13113 13112)
4(11008 11089 13114 13033)
4(11088 13113 13114 11089)
4(13032 13033 13114 13113)
4(11009 11090 13115 13034)
4(11089 13114 13115 11090)
4(13033 13034 13115 13114)
4(11010 11091 13116 13035)
4(11090 13115 13116 11091)
4(13034 13035 13116 13115)
4(11011 11092 13117 13036)
4(11091 13116 13117 11092)
4(13035 13036 13117 13116)
4(11012 11093 13118 13037)
4(11092 13117 13118 11093)
4(13036 13037 13118 13117)
4(11013 11094 13119 13038)
4(11093 13118 13119 11094)
4(13037 13038 13119 13118)
4(11014 11095 13120 13039)
4(11094 13119 13120 11095)
4(13038 13039 13120 13119)
4(11095 13120 13121 11096)
4(13039 13040 13121 13120)
4(11017 11098 13123 13042)
4(11097 13122 13123 11098)
4(13041 13042 13123 13122)
4(11018 11099 13124 13043)
4(11098 13123 13124 11099)
4(13042 13043 13124 13123)
4(11019 11100 13125 13044)
4(11099 13124 13125 11100)
4(13043 13044 13125 13124)
4(11020 11101 13126 13045)
4(11100 13125 13126 11101)
4(13044 13045 13126 13125)
4(11021 11102 13127 13046)
4(11101 13126 13127 11102)
4(13045 13046 13127 13126)
4(11022 11103 13128 13047)
4(11102 13127 13128 11103)
4(13046 13047 13128 13127)
4(11023 11104 13129 13048)
4(11103 13128 13129 11104)
4(13047 13048 13129 13128)
4(11024 11105 13130 13049)
4(11104 13129 13130 11105)
4(13048 13049 13130 13129)
4(11025 11106 13131 13050)
4(11105 13130 13131 11106)
4(13049 13050 13131 13130)
4(11026 11107 13132 13051)
4(11106 13131 13132 11107)
4(13050 13051 13132 13131)
4(11027 11108 13133 13052)
4(11107 13132 13133 11108)
4(13051 13052 13133 13132)
4(11028 11109 13134 13053)
4(11108 13133 13134 11109)
4(13052 13053 13134 13133)
4(11029 11110 13135 13054)
4(11109 13134 13135 11110)
4(13053 13054 13135 13134)
4(11030 11111 13136 13055)
4(11110 13135 13136 11111)
4(13054 13055 13136 13135)
4(11031 11112 13137 13056)
4(11111 13136 13137 11112)
4(13055 13056 13137 13136)
4(11032 11113 13138 13057)
4(11112 13137 13138 11113)
4(13056 13057 13138 13137)
4(11033 11114 13139 13058)
4(11113 13138 13139 11114)
4(13057 13058 13139 13138)
4(11034 11115 13140 13059)
4(11114 13139 13140 11115)
4(13058 13059 13140 13139)
4(11035 11116 13141 13060)
4(11115 13140 13141 11116)
4(13059 13060 13141 13140)
4(11036 11117 13142 13061)
4(11116 13141 13142 11117)
4(13060 13061 13142 13141)
4(11037 11118 13143 13062)
4(11117 13142 13143 11118)
4(13061 13062 13143 13142)
4(11038 11119 13144 13063)
4(11118 13143 13144 11119)
4(13062 13063 13144 13143)
4(11039 11120 13145 13064)
4(11119 13144 13145 11120)
4(13063 13064 13145 13144)
4(11040 11121 13146 13065)
4(11120 13145 13146 11121)
4(13064 13065 13146 13145)
4(11041 11122 13147 13066)
4(11121 13146 13147 11122)
4(13065 13066 13147 13146)
4(11042 11123 13148 13067)
4(11122 13147 13148 11123)
4(13066 13067 13148 13147)
4(11043 11124 13149 13068)
4(11123 13148 13149 11124)
4(13067 13068 13149 13148)
4(11044 11125 13150 13069)
4(11124 13149 13150 11125)
4(13068 13069 13150 13149)
4(11045 11126 13151 13070)
4(11125 13150 13151 11126)
4(13069 13070 13151 13150)
4(11046 11127 13152 13071)
4(11126 13151 13152 11127)
4(13070 13071 13152 13151)
4(11047 11128 13153 13072)
4(11127 13152 13153 11128)
4(13071 13072 13153 13152)
4(11048 11129 13154 13073)
4(11128 13153 13154 11129)
4(13072 13073 13154 13153)
4(11049 11130 13155 13074)
4(11129 13154 13155 11130)
4(13073 13074 13155 13154)
4(11050 11131 13156 13075)
4(11130 13155 13156 11131)
4(13074 13075 13156 13155)
4(11051 11132 13157 13076)
4(11131 13156 13157 11132)
4(13075 13076 13157 13156)
4(11052 11133 13158 13077)
4(11132 13157 13158 11133)
4(13076 13077 13158 13157)
4(11053 11134 13159 13078)
4(11133 13158 13159 11134)
4(13077 13078 13159 13158)
4(11054 11135 13160 13079)
4(11134 13159 13160 11135)
4(13078 13079 13160 13159)
4(11055 11136 13161 13080)
4(11135 13160 13161 11136)
4(13079 13080 13161 13160)
4(11056 11137 13162 13081)
4(11136 13161 13162 11137)
4(13080 13081 13162 13161)
4(11057 11138 13163 13082)
4(11137 13162 13163 11138)
4(13081 13082 13163 13162)
4(11058 11139 13164 13083)
4(11138 13163 13164 11139)
4(13082 13083 13164 13163)
4(11059 11140 13165 13084)
4(11139 13164 13165 11140)
4(13083 13084 13165 13164)
4(11060 11141 13166 13085)
4(11140 13165 13166 11141)
4(13084 13085 13166 13165)
4(11061 11142 13167 13086)
4(11141 13166 13167 11142)
4(13085 13086 13167 13166)
4(11062 11143 13168 13087)
4(11142 13167 13168 11143)
4(13086 13087 13168 13167)
4(11063 11144 13169 13088)
4(11143 13168 13169 11144)
4(13087 13088 13169 13168)
4(11064 11145 13170 13089)
4(11144 13169 13170 11145)
4(13088 13089 13170 13169)
4(11065 11146 13171 13090)
4(11145 13170 13171 11146)
4(13089 13090 13171 13170)
4(11066 11147 13172 13091)
4(11146 13171 13172 11147)
4(13090 13091 13172 13171)
4(11067 11148 13173 13092)
4(11147 13172 13173 11148)
4(13091 13092 13173 13172)
4(11068 11149 13174 13093)
4(11148 13173 13174 11149)
4(13092 13093 13174 13173)
4(11069 11150 13175 13094)
4(11149 13174 13175 11150)
4(13093 13094 13175 13174)
4(11070 11151 13176 13095)
4(11150 13175 13176 11151)
4(13094 13095 13176 13175)
4(11071 11152 13177 13096)
4(11151 13176 13177 11152)
4(13095 13096 13177 13176)
4(11072 11153 13178 13097)
4(11152 13177 13178 11153)
4(13096 13097 13178 13177)
4(11073 11154 13179 13098)
4(11153 13178 13179 11154)
4(13097 13098 13179 13178)
4(11074 11155 13180 13099)
4(11154 13179 13180 11155)
4(13098 13099 13180 13179)
4(11075 11156 13181 13100)
4(11155 13180 13181 11156)
4(13099 13100 13181 13180)
4(11076 11157 13182 13101)
4(11156 13181 13182 11157)
4(13100 13101 13182 13181)
4(11077 11158 13183 13102)
4(11157 13182 13183 11158)
4(13101 13102 13183 13182)
4(11078 11159 13184 13103)
4(11158 13183 13184 11159)
4(13102 13103 13184 13183)
4(11079 11160 13185 13104)
4(11159 13184 13185 11160)
4(13103 13104 13185 13184)
4(11080 11161 13186 13105)
4(11160 13185 13186 11161)
4(13104 13105 13186 13185)
4(11081 11162 13187 13106)
4(11161 13186 13187 11162)
4(13105 13106 13187 13186)
4(11082 11163 13188 13107)
4(11162 13187 13188 11163)
4(13106 13107 13188 13187)
4(11083 11164 13189 13108)
4(11163 13188 13189 11164)
4(13107 13108 13189 13188)
4(11084 11165 13190 13109)
4(11164 13189 13190 11165)
4(13108 13109 13190 13189)
4(11085 11166 13191 13110)
4(11165 13190 13191 11166)
4(13109 13110 13191 13190)
4(11086 11167 13192 13111)
4(11166 13191 13192 11167)
4(13110 13111 13192 13191)
4(11087 11168 13193 13112)
4(11167 13192 13193 11168)
4(13111 13112 13193 13192)
4(11088 11169 13194 13113)
4(11168 13193 13194 11169)
4(13112 13113 13194 13193)
4(11089 11170 13195 13114)
4(11169 13194 13195 11170)
4(13113 13114 13195 13194)
4(11090 11171 13196 13115)
4(11170 13195 13196 11171)
4(13114 13115 13196 13195)
4(11091 11172 13197 13116)
4(11171 13196 13197 11172)
4(13115 13116 13197 13196)
4(11092 11173 13198 13117)
4(11172 13197 13198 11173)
4(13116 13117 13198 13197)
4(11093 11174 13199 13118)
4(11173 13198 13199 11174)
4(13117 13118 13199 13198)
4(11094 11175 13200 13119)
4(11174 13199 13200 11175)
4(13118 13119 13200 13199)
4(11095 11176 13201 13120)
4(11175 13200 13201 11176)
4(13119 13120 13201 13200)
4(11176 13201 13202 11177)
4(13120 13121 13202 13201)
4(11098 11179 13204 13123)
4(11178 13203 13204 11179)
4(13122 13123 13204 13203)
4(11099 11180 13205 13124)
4(11179 13204 13205 11180)
4(13123 13124 13205 13204)
4(11100 11181 13206 13125)
4(11180 13205 13206 11181)
4(13124 13125 13206 13205)
4(11101 11182 13207 13126)
4(11181 13206 13207 11182)
4(13125 13126 13207 13206)
4(11102 11183 13208 13127)
4(11182 13207 13208 11183)
4(13126 13127 13208 13207)
4(11103 11184 13209 13128)
4(11183 13208 13209 11184)
4(13127 13128 13209 13208)
4(11104 11185 13210 13129)
4(11184 13209 13210 11185)
4(13128 13129 13210 13209)
4(11105 11186 13211 13130)
4(11185 13210 13211 11186)
4(13129 13130 13211 13210)
4(11106 11187 13212 13131)
4(11186 13211 13212 11187)
4(13130 13131 13212 13211)
4(11107 11188 13213 13132)
4(11187 13212 13213 11188)
4(13131 13132 13213 13212)
4(11108 11189 13214 13133)
4(11188 13213 13214 11189)
4(13132 13133 13214 13213)
4(11109 11190 13215 13134)
4(11189 13214 13215 11190)
4(13133 13134 13215 13214)
4(11110 11191 13216 13135)
4(11190 13215 13216 11191)
4(13134 13135 13216 13215)
4(11111 11192 13217 13136)
4(11191 13216 13217 11192)
4(13135 13136 13217 13216)
4(11112 11193 13218 13137)
4(11192 13217 13218 11193)
4(13136 13137 13218 13217)
4(11113 11194 13219 13138)
4(11193 13218 13219 11194)
4(13137 13138 13219 13218)
4(11114 11195 13220 13139)
4(11194 13219 13220 11195)
4(13138 13139 13220 13219)
4(11115 11196 13221 13140)
4(11195 13220 13221 11196)
4(13139 13140 13221 13220)
4(11116 11197 13222 13141)
4(11196 13221 13222 11197)
4(13140 13141 13222 13221)
4(11117 11198 13223 13142)
4(11197 13222 13223 11198)
4(13141 13142 13223 13222)
4(11118 11199 13224 13143)
4(11198 13223 13224 11199)
4(13142 13143 13224 13223)
4(11119 11200 13225 13144)
4(11199 13224 13225 11200)
4(13143 13144 13225 13224)
4(11120 11201 13226 13145)
4(11200 13225 13226 11201)
4(13144 13145 13226 13225)
4(11121 11202 13227 13146)
4(11201 13226 13227 11202)
4(13145 13146 13227 13226)
4(11122 11203 13228 13147)
4(11202 13227 13228 11203)
4(13146 13147 13228 13227)
4(11123 11204 13229 13148)
4(11203 13228 13229 11204)
4(13147 13148 13229 13228)
4(11124 11205 13230 13149)
4(11204 13229 13230 11205)
4(13148 13149 13230 13229)
4(11125 11206 13231 13150)
4(11205 13230 13231 11206)
4(13149 13150 13231 13230)
4(11126 11207 13232 13151)
4(11206 13231 13232 11207)
4(13150 13151 13232 13231)
4(11127 11208 13233 13152)
4(11207 13232 13233 11208)
4(13151 13152 13233 13232)
4(11128 11209 13234 13153)
4(11208 13233 13234 11209)
4(13152 13153 13234 13233)
4(11129 11210 13235 13154)
4(11209 13234 13235 11210)
4(13153 13154 13235 13234)
4(11130 11211 13236 13155)
4(11210 13235 13236 11211)
4(13154 13155 13236 13235)
4(11131 11212 13237 13156)
4(11211 13236 13237 11212)
4(13155 13156 13237 13236)
4(11132 11213 13238 13157)
4(11212 13237 13238 11213)
4(13156 13157 13238 13237)
4(11133 11214 13239 13158)
4(11213 13238 13239 11214)
4(13157 13158 13239 13238)
4(11134 11215 13240 13159)
4(11214 13239 13240 11215)
4(13158 13159 13240 13239)
4(11135 11216 13241 13160)
4(11215 13240 13241 11216)
4(13159 13160 13241 13240)
4(11136 11217 13242 13161)
4(11216 13241 13242 11217)
4(13160 13161 13242 13241)
4(11137 11218 13243 13162)
4(11217 13242 13243 11218)
4(13161 13162 13243 13242)
4(11138 11219 13244 13163)
4(11218 13243 13244 11219)
4(13162 13163 13244 13243)
4(11139 11220 13245 13164)
4(11219 13244 13245 11220)
4(13163 13164 13245 13244)
4(11140 11221 13246 13165)
4(11220 13245 13246 11221)
4(13164 13165 13246 13245)
4(11141 11222 13247 13166)
4(11221 13246 13247 11222)
4(13165 13166 13247 13246)
4(11142 11223 13248 13167)
4(11222 13247 13248 11223)
4(13166 13167 13248 13247)
4(11143 11224 13249 13168)
4(11223 13248 13249 11224)
4(13167 13168 13249 13248)
4(11144 11225 13250 13169)
4(11224 13249 13250 11225)
4(13168 13169 13250 13249)
4(11145 11226 13251 13170)
4(11225 13250 13251 11226)
4(13169 13170 13251 13250)
4(11146 11227 13252 13171)
4(11226 13251 13252 11227)
4(13170 13171 13252 13251)
4(11147 11228 13253 13172)
4(11227 13252 13253 11228)
4(13171 13172 13253 13252)
4(11148 11229 13254 13173)
4(11228 13253 13254 11229)
4(13172 13173 13254 13253)
4(11149 11230 13255 13174)
4(11229 13254 13255 11230)
4(13173 13174 13255 13254)
4(11150 11231 13256 13175)
4(11230 13255 13256 11231)
4(13174 13175 13256 13255)
4(11151 11232 13257 13176)
4(11231 13256 13257 11232)
4(13175 13176 13257 13256)
4(11152 11233 13258 13177)
4(11232 13257 13258 11233)
4(13176 13177 13258 13257)
4(11153 11234 13259 13178)
4(11233 13258 13259 11234)
4(13177 13178 13259 13258)
4(11154 11235 13260 13179)
4(11234 13259 13260 11235)
4(13178 13179 13260 13259)
4(11155 11236 13261 13180)
4(11235 13260 13261 11236)
4(13179 13180 13261 13260)
4(11156 11237 13262 13181)
4(11236 13261 13262 11237)
4(13180 13181 13262 13261)
4(11157 11238 13263 13182)
4(11237 13262 13263 11238)
4(13181 13182 13263 13262)
4(11158 11239 13264 13183)
4(11238 13263 13264 11239)
4(13182 13183 13264 13263)
4(11159 11240 13265 13184)
4(11239 13264 13265 11240)
4(13183 13184 13265 13264)
4(11160 11241 13266 13185)
4(11240 13265 13266 11241)
4(13184 13185 13266 13265)
4(11161 11242 13267 13186)
4(11241 13266 13267 11242)
4(13185 13186 13267 13266)
4(11162 11243 13268 13187)
4(11242 13267 13268 11243)
4(13186 13187 13268 13267)
4(11163 11244 13269 13188)
4(11243 13268 13269 11244)
4(13187 13188 13269 13268)
4(11164 11245 13270 13189)
4(11244 13269 13270 11245)
4(13188 13189 13270 13269)
4(11165 11246 13271 13190)
4(11245 13270 13271 11246)
4(13189 13190 13271 13270)
4(11166 11247 13272 13191)
4(11246 13271 13272 11247)
4(13190 13191 13272 13271)
4(11167 11248 13273 13192)
4(11247 13272 13273 11248)
4(13191 13192 13273 13272)
4(11168 11249 13274 13193)
4(11248 13273 13274 11249)
4(13192 13193 13274 13273)
4(11169 11250 13275 13194)
4(11249 13274 13275 11250)
4(13193 13194 13275 13274)
4(11170 11251 13276 13195)
4(11250 13275 13276 11251)
4(13194 13195 13276 13275)
4(11171 11252 13277 13196)
4(11251 13276 13277 11252)
4(13195 13196 13277 13276)
4(11172 11253 13278 13197)
4(11252 13277 13278 11253)
4(13196 13197 13278 13277)
4(11173 11254 13279 13198)
4(11253 13278 13279 11254)
4(13197 13198 13279 13278)
4(11174 11255 13280 13199)
4(11254 13279 13280 11255)
4(13198 13199 13280 13279)
4(11175 11256 13281 13200)
4(11255 13280 13281 11256)
4(13199 13200 13281 13280)
4(11176 11257 13282 13201)
4(11256 13281 13282 11257)
4(13200 13201 13282 13281)
4(11257 13282 13283 11258)
4(13201 13202 13283 13282)
4(11179 11260 13285 13204)
4(11259 13284 13285 11260)
4(13203 13204 13285 13284)
4(11180 11261 13286 13205)
4(11260 13285 13286 11261)
4(13204 13205 13286 13285)
4(11181 11262 13287 13206)
4(11261 13286 13287 11262)
4(13205 13206 13287 13286)
4(11182 11263 13288 13207)
4(11262 13287 13288 11263)
4(13206 13207 13288 13287)
4(11183 11264 13289 13208)
4(11263 13288 13289 11264)
4(13207 13208 13289 13288)
4(11184 11265 13290 13209)
4(11264 13289 13290 11265)
4(13208 13209 13290 13289)
4(11185 11266 13291 13210)
4(11265 13290 13291 11266)
4(13209 13210 13291 13290)
4(11186 11267 13292 13211)
4(11266 13291 13292 11267)
4(13210 13211 13292 13291)
4(11187 11268 13293 13212)
4(11267 13292 13293 11268)
4(13211 13212 13293 13292)
4(11188 11269 13294 13213)
4(11268 13293 13294 11269)
4(13212 13213 13294 13293)
4(11189 11270 13295 13214)
4(11269 13294 13295 11270)
4(13213 13214 13295 13294)
4(11190 11271 13296 13215)
4(11270 13295 13296 11271)
4(13214 13215 13296 13295)
4(11191 11272 13297 13216)
4(11271 13296 13297 11272)
4(13215 13216 13297 13296)
4(11192 11273 13298 13217)
4(11272 13297 13298 11273)
4(13216 13217 13298 13297)
4(11193 11274 13299 13218)
4(11273 13298 13299 11274)
4(13217 13218 13299 13298)
4(11194 11275 13300 13219)
4(11274 13299 13300 11275)
4(13218 13219 13300 13299)
4(11195 11276 13301 13220)
4(11275 13300 13301 11276)
4(13219 13220 13301 13300)
4(11196 11277 13302 13221)
4(11276 13301 13302 11277)
4(13220 13221 13302 13301)
4(11197 11278 13303 13222)
4(11277 13302 13303 11278)
4(13221 13222 13303 13302)
4(11198 11279 13304 13223)
4(11278 13303 13304 11279)
4(13222 13223 13304 13303)
4(11199 11280 13305 13224)
4(11279 13304 13305 11280)
4(13223 13224 13305 13304)
4(11200 11281 13306 13225)
4(11280 13305 13306 11281)
4(13224 13225 13306 13305)
4(11201 11282 13307 13226)
4(11281 13306 13307 11282)
4(13225 13226 13307 13306)
4(11202 11283 13308 13227)
4(11282 13307 13308 11283)
4(13226 13227 13308 13307)
4(11203 11284 13309 13228)
4(11283 13308 13309 11284)
4(13227 13228 13309 13308)
4(11204 11285 13310 13229)
4(11284 13309 13310 11285)
4(13228 13229 13310 13309)
4(11205 11286 13311 13230)
4(11285 13310 13311 11286)
4(13229 13230 13311 13310)
4(11206 11287 13312 13231)
4(11286 13311 13312 11287)
4(13230 13231 13312 13311)
4(11207 11288 13313 13232)
4(11287 13312 13313 11288)
4(13231 13232 13313 13312)
4(11208 11289 13314 13233)
4(11288 13313 13314 11289)
4(13232 13233 13314 13313)
4(11209 11290 13315 13234)
4(11289 13314 13315 11290)
4(13233 13234 13315 13314)
4(11210 11291 13316 13235)
4(11290 13315 13316 11291)
4(13234 13235 13316 13315)
4(11211 11292 13317 13236)
4(11291 13316 13317 11292)
4(13235 13236 13317 13316)
4(11212 11293 13318 13237)
4(11292 13317 13318 11293)
4(13236 13237 13318 13317)
4(11213 11294 13319 13238)
4(11293 13318 13319 11294)
4(13237 13238 13319 13318)
4(11214 11295 13320 13239)
4(11294 13319 13320 11295)
4(13238 13239 13320 13319)
4(11215 11296 13321 13240)
4(11295 13320 13321 11296)
4(13239 13240 13321 13320)
4(11216 11297 13322 13241)
4(11296 13321 13322 11297)
4(13240 13241 13322 13321)
4(11217 11298 13323 13242)
4(11297 13322 13323 11298)
4(13241 13242 13323 13322)
4(11218 11299 13324 13243)
4(11298 13323 13324 11299)
4(13242 13243 13324 13323)
4(11219 11300 13325 13244)
4(11299 13324 13325 11300)
4(13243 13244 13325 13324)
4(11220 11301 13326 13245)
4(11300 13325 13326 11301)
4(13244 13245 13326 13325)
4(11221 11302 13327 13246)
4(11301 13326 13327 11302)
4(13245 13246 13327 13326)
4(11222 11303 13328 13247)
4(11302 13327 13328 11303)
4(13246 13247 13328 13327)
4(11223 11304 13329 13248)
4(11303 13328 13329 11304)
4(13247 13248 13329 13328)
4(11224 11305 13330 13249)
4(11304 13329 13330 11305)
4(13248 13249 13330 13329)
4(11225 11306 13331 13250)
4(11305 13330 13331 11306)
4(13249 13250 13331 13330)
4(11226 11307 13332 13251)
4(11306 13331 13332 11307)
4(13250 13251 13332 13331)
4(11227 11308 13333 13252)
4(11307 13332 13333 11308)
4(13251 13252 13333 13332)
4(11228 11309 13334 13253)
4(11308 13333 13334 11309)
4(13252 13253 13334 13333)
4(11229 11310 13335 13254)
4(11309 13334 13335 11310)
4(13253 13254 13335 13334)
4(11230 11311 13336 13255)
4(11310 13335 13336 11311)
4(13254 13255 13336 13335)
4(11231 11312 13337 13256)
4(11311 13336 13337 11312)
4(13255 13256 13337 13336)
4(11232 11313 13338 13257)
4(11312 13337 13338 11313)
4(13256 13257 13338 13337)
4(11233 11314 13339 13258)
4(11313 13338 13339 11314)
4(13257 13258 13339 13338)
4(11234 11315 13340 13259)
4(11314 13339 13340 11315)
4(13258 13259 13340 13339)
4(11235 11316 13341 13260)
4(11315 13340 13341 11316)
4(13259 13260 13341 13340)
4(11236 11317 13342 13261)
4(11316 13341 13342 11317)
4(13260 13261 13342 13341)
4(11237 11318 13343 13262)
4(11317 13342 13343 11318)
4(13261 13262 13343 13342)
4(11238 11319 13344 13263)
4(11318 13343 13344 11319)
4(13262 13263 13344 13343)
4(11239 11320 13345 13264)
4(11319 13344 13345 11320)
4(13263 13264 13345 13344)
4(11240 11321 13346 13265)
4(11320 13345 13346 11321)
4(13264 13265 13346 13345)
4(11241 11322 13347 13266)
4(11321 13346 13347 11322)
4(13265 13266 13347 13346)
4(11242 11323 13348 13267)
4(11322 13347 13348 11323)
4(13266 13267 13348 13347)
4(11243 11324 13349 13268)
4(11323 13348 13349 11324)
4(13267 13268 13349 13348)
4(11244 11325 13350 13269)
4(11324 13349 13350 11325)
4(13268 13269 13350 13349)
4(11245 11326 13351 13270)
4(11325 13350 13351 11326)
4(13269 13270 13351 13350)
4(11246 11327 13352 13271)
4(11326 13351 13352 11327)
4(13270 13271 13352 13351)
4(11247 11328 13353 13272)
4(11327 13352 13353 11328)
4(13271 13272 13353 13352)
4(11248 11329 13354 13273)
4(11328 13353 13354 11329)
4(13272 13273 13354 13353)
4(11249 11330 13355 13274)
4(11329 13354 13355 11330)
4(13273 13274 13355 13354)
4(11250 11331 13356 13275)
4(11330 13355 13356 11331)
4(13274 13275 13356 13355)
4(11251 11332 13357 13276)
4(11331 13356 13357 11332)
4(13275 13276 13357 13356)
4(11252 11333 13358 13277)
4(11332 13357 13358 11333)
4(13276 13277 13358 13357)
4(11253 11334 13359 13278)
4(11333 13358 13359 11334)
4(13277 13278 13359 13358)
4(11254 11335 13360 13279)
4(11334 13359 13360 11335)
4(13278 13279 13360 13359)
4(11255 11336 13361 13280)
4(11335 13360 13361 11336)
4(13279 13280 13361 13360)
4(11256 11337 13362 13281)
4(11336 13361 13362 11337)
4(13280 13281 13362 13361)
4(11257 11338 13363 13282)
4(11337 13362 13363 11338)
4(13281 13282 13363 13362)
4(11338 13363 13364 11339)
4(13282 13283 13364 13363)
4(11260 11341 13366 13285)
4(11340 13365 13366 11341)
4(13284 13285 13366 13365)
4(11261 11342 13367 13286)
4(11341 13366 13367 11342)
4(13285 13286 13367 13366)
4(11262 11343 13368 13287)
4(11342 13367 13368 11343)
4(13286 13287 13368 13367)
4(11263 11344 13369 13288)
4(11343 13368 13369 11344)
4(13287 13288 13369 13368)
4(11264 11345 13370 13289)
4(11344 13369 13370 11345)
4(13288 13289 13370 13369)
4(11265 11346 13371 13290)
4(11345 13370 13371 11346)
4(13289 13290 13371 13370)
4(11266 11347 13372 13291)
4(11346 13371 13372 11347)
4(13290 13291 13372 13371)
4(11267 11348 13373 13292)
4(11347 13372 13373 11348)
4(13291 13292 13373 13372)
4(11268 11349 13374 13293)
4(11348 13373 13374 11349)
4(13292 13293 13374 13373)
4(11269 11350 13375 13294)
4(11349 13374 13375 11350)
4(13293 13294 13375 13374)
4(11270 11351 13376 13295)
4(11350 13375 13376 11351)
4(13294 13295 13376 13375)
4(11271 11352 13377 13296)
4(11351 13376 13377 11352)
4(13295 13296 13377 13376)
4(11272 11353 13378 13297)
4(11352 13377 13378 11353)
4(13296 13297 13378 13377)
4(11273 11354 13379 13298)
4(11353 13378 13379 11354)
4(13297 13298 13379 13378)
4(11274 11355 13380 13299)
4(11354 13379 13380 11355)
4(13298 13299 13380 13379)
4(11275 11356 13381 13300)
4(11355 13380 13381 11356)
4(13299 13300 13381 13380)
4(11276 11357 13382 13301)
4(11356 13381 13382 11357)
4(13300 13301 13382 13381)
4(11277 11358 13383 13302)
4(11357 13382 13383 11358)
4(13301 13302 13383 13382)
4(11278 11359 13384 13303)
4(11358 13383 13384 11359)
4(13302 13303 13384 13383)
4(11279 11360 13385 13304)
4(11359 13384 13385 11360)
4(13303 13304 13385 13384)
4(11280 11361 13386 13305)
4(11360 13385 13386 11361)
4(13304 13305 13386 13385)
4(11281 11362 13387 13306)
4(11361 13386 13387 11362)
4(13305 13306 13387 13386)
4(11282 11363 13388 13307)
4(11362 13387 13388 11363)
4(13306 13307 13388 13387)
4(11283 11364 13389 13308)
4(11363 13388 13389 11364)
4(13307 13308 13389 13388)
4(11284 11365 13390 13309)
4(11364 13389 13390 11365)
4(13308 13309 13390 13389)
4(11285 11366 13391 13310)
4(11365 13390 13391 11366)
4(13309 13310 13391 13390)
4(11286 11367 13392 13311)
4(11366 13391 13392 11367)
4(13310 13311 13392 13391)
4(11287 11368 13393 13312)
4(11367 13392 13393 11368)
4(13311 13312 13393 13392)
4(11288 11369 13394 13313)
4(11368 13393 13394 11369)
4(13312 13313 13394 13393)
4(11289 11370 13395 13314)
4(11369 13394 13395 11370)
4(13313 13314 13395 13394)
4(11290 11371 13396 13315)
4(11370 13395 13396 11371)
4(13314 13315 13396 13395)
4(11291 11372 13397 13316)
4(11371 13396 13397 11372)
4(13315 13316 13397 13396)
4(11292 11373 13398 13317)
4(11372 13397 13398 11373)
4(13316 13317 13398 13397)
4(11293 11374 13399 13318)
4(11373 13398 13399 11374)
4(13317 13318 13399 13398)
4(11294 11375 13400 13319)
4(11374 13399 13400 11375)
4(13318 13319 13400 13399)
4(11295 11376 13401 13320)
4(11375 13400 13401 11376)
4(13319 13320 13401 13400)
4(11296 11377 13402 13321)
4(11376 13401 13402 11377)
4(13320 13321 13402 13401)
4(11297 11378 13403 13322)
4(11377 13402 13403 11378)
4(13321 13322 13403 13402)
4(11298 11379 13404 13323)
4(11378 13403 13404 11379)
4(13322 13323 13404 13403)
4(11299 11380 13405 13324)
4(11379 13404 13405 11380)
4(13323 13324 13405 13404)
4(11300 11381 13406 13325)
4(11380 13405 13406 11381)
4(13324 13325 13406 13405)
4(11301 11382 13407 13326)
4(11381 13406 13407 11382)
4(13325 13326 13407 13406)
4(11302 11383 13408 13327)
4(11382 13407 13408 11383)
4(13326 13327 13408 13407)
4(11303 11384 13409 13328)
4(11383 13408 13409 11384)
4(13327 13328 13409 13408)
4(11304 11385 13410 13329)
4(11384 13409 13410 11385)
4(13328 13329 13410 13409)
4(11305 11386 13411 13330)
4(11385 13410 13411 11386)
4(13329 13330 13411 13410)
4(11306 11387 13412 13331)
4(11386 13411 13412 11387)
4(13330 13331 13412 13411)
4(11307 11388 13413 13332)
4(11387 13412 13413 11388)
4(13331 13332 13413 13412)
4(11308 11389 13414 13333)
4(11388 13413 13414 11389)
4(13332 13333 13414 13413)
4(11309 11390 13415 13334)
4(11389 13414 13415 11390)
4(13333 13334 13415 13414)
4(11310 11391 13416 13335)
4(11390 13415 13416 11391)
4(13334 13335 13416 13415)
4(11311 11392 13417 13336)
4(11391 13416 13417 11392)
4(13335 13336 13417 13416)
4(11312 11393 13418 13337)
4(11392 13417 13418 11393)
4(13336 13337 13418 13417)
4(11313 11394 13419 13338)
4(11393 13418 13419 11394)
4(13337 13338 13419 13418)
4(11314 11395 13420 13339)
4(11394 13419 13420 11395)
4(13338 13339 13420 13419)
4(11315 11396 13421 13340)
4(11395 13420 13421 11396)
4(13339 13340 13421 13420)
4(11316 11397 13422 13341)
4(11396 13421 13422 11397)
4(13340 13341 13422 13421)
4(11317 11398 13423 13342)
4(11397 13422 13423 11398)
4(13341 13342 13423 13422)
4(11318 11399 13424 13343)
4(11398 13423 13424 11399)
4(13342 13343 13424 13423)
4(11319 11400 13425 13344)
4(11399 13424 13425 11400)
4(13343 13344 13425 13424)
4(11320 11401 13426 13345)
4(11400 13425 13426 11401)
4(13344 13345 13426 13425)
4(11321 11402 13427 13346)
4(11401 13426 13427 11402)
4(13345 13346 13427 13426)
4(11322 11403 13428 13347)
4(11402 13427 13428 11403)
4(13346 13347 13428 13427)
4(11323 11404 13429 13348)
4(11403 13428 13429 11404)
4(13347 13348 13429 13428)
4(11324 11405 13430 13349)
4(11404 13429 13430 11405)
4(13348 13349 13430 13429)
4(11325 11406 13431 13350)
4(11405 13430 13431 11406)
4(13349 13350 13431 13430)
4(11326 11407 13432 13351)
4(11406 13431 13432 11407)
4(13350 13351 13432 13431)
4(11327 11408 13433 13352)
4(11407 13432 13433 11408)
4(13351 13352 13433 13432)
4(11328 11409 13434 13353)
4(11408 13433 13434 11409)
4(13352 13353 13434 13433)
4(11329 11410 13435 13354)
4(11409 13434 13435 11410)
4(13353 13354 13435 13434)
4(11330 11411 13436 13355)
4(11410 13435 13436 11411)
4(13354 13355 13436 13435)
4(11331 11412 13437 13356)
4(11411 13436 13437 11412)
4(13355 13356 13437 13436)
4(11332 11413 13438 13357)
4(11412 13437 13438 11413)
4(13356 13357 13438 13437)
4(11333 11414 13439 13358)
4(11413 13438 13439 11414)
4(13357 13358 13439 13438)
4(11334 11415 13440 13359)
4(11414 13439 13440 11415)
4(13358 13359 13440 13439)
4(11335 11416 13441 13360)
4(11415 13440 13441 11416)
4(13359 13360 13441 13440)
4(11336 11417 13442 13361)
4(11416 13441 13442 11417)
4(13360 13361 13442 13441)
4(11337 11418 13443 13362)
4(11417 13442 13443 11418)
4(13361 13362 13443 13442)
4(11338 11419 13444 13363)
4(11418 13443 13444 11419)
4(13362 13363 13444 13443)
4(11419 13444 13445 11420)
4(13363 13364 13445 13444)
4(11341 11422 13447 13366)
4(11421 13446 13447 11422)
4(13365 13366 13447 13446)
4(11342 11423 13448 13367)
4(11422 13447 13448 11423)
4(13366 13367 13448 13447)
4(11343 11424 13449 13368)
4(11423 13448 13449 11424)
4(13367 13368 13449 13448)
4(11344 11425 13450 13369)
4(11424 13449 13450 11425)
4(13368 13369 13450 13449)
4(11345 11426 13451 13370)
4(11425 13450 13451 11426)
4(13369 13370 13451 13450)
4(11346 11427 13452 13371)
4(11426 13451 13452 11427)
4(13370 13371 13452 13451)
4(11347 11428 13453 13372)
4(11427 13452 13453 11428)
4(13371 13372 13453 13452)
4(11348 11429 13454 13373)
4(11428 13453 13454 11429)
4(13372 13373 13454 13453)
4(11349 11430 13455 13374)
4(11429 13454 13455 11430)
4(13373 13374 13455 13454)
4(11350 11431 13456 13375)
4(11430 13455 13456 11431)
4(13374 13375 13456 13455)
4(11351 11432 13457 13376)
4(11431 13456 13457 11432)
4(13375 13376 13457 13456)
4(11352 11433 13458 13377)
4(11432 13457 13458 11433)
4(13376 13377 13458 13457)
4(11353 11434 13459 13378)
4(11433 13458 13459 11434)
4(13377 13378 13459 13458)
4(11354 11435 13460 13379)
4(11434 13459 13460 11435)
4(13378 13379 13460 13459)
4(11355 11436 13461 13380)
4(11435 13460 13461 11436)
4(13379 13380 13461 13460)
4(11356 11437 13462 13381)
4(11436 13461 13462 11437)
4(13380 13381 13462 13461)
4(11357 11438 13463 13382)
4(11437 13462 13463 11438)
4(13381 13382 13463 13462)
4(11358 11439 13464 13383)
4(11438 13463 13464 11439)
4(13382 13383 13464 13463)
4(11359 11440 13465 13384)
4(11439 13464 13465 11440)
4(13383 13384 13465 13464)
4(11360 11441 13466 13385)
4(11440 13465 13466 11441)
4(13384 13385 13466 13465)
4(11361 11442 13467 13386)
4(11441 13466 13467 11442)
4(13385 13386 13467 13466)
4(11362 11443 13468 13387)
4(11442 13467 13468 11443)
4(13386 13387 13468 13467)
4(11363 11444 13469 13388)
4(11443 13468 13469 11444)
4(13387 13388 13469 13468)
4(11364 11445 13470 13389)
4(11444 13469 13470 11445)
4(13388 13389 13470 13469)
4(11365 11446 13471 13390)
4(11445 13470 13471 11446)
4(13389 13390 13471 13470)
4(11366 11447 13472 13391)
4(11446 13471 13472 11447)
4(13390 13391 13472 13471)
4(11367 11448 13473 13392)
4(11447 13472 13473 11448)
4(13391 13392 13473 13472)
4(11368 11449 13474 13393)
4(11448 13473 13474 11449)
4(13392 13393 13474 13473)
4(11369 11450 13475 13394)
4(11449 13474 13475 11450)
4(13393 13394 13475 13474)
4(11370 11451 13476 13395)
4(11450 13475 13476 11451)
4(13394 13395 13476 13475)
4(11371 11452 13477 13396)
4(11451 13476 13477 11452)
4(13395 13396 13477 13476)
4(11372 11453 13478 13397)
4(11452 13477 13478 11453)
4(13396 13397 13478 13477)
4(11373 11454 13479 13398)
4(11453 13478 13479 11454)
4(13397 13398 13479 13478)
4(11374 11455 13480 13399)
4(11454 13479 13480 11455)
4(13398 13399 13480 13479)
4(11375 11456 13481 13400)
4(11455 13480 13481 11456)
4(13399 13400 13481 13480)
4(11376 11457 13482 13401)
4(11456 13481 13482 11457)
4(13400 13401 13482 13481)
4(11377 11458 13483 13402)
4(11457 13482 13483 11458)
4(13401 13402 13483 13482)
4(11378 11459 13484 13403)
4(11458 13483 13484 11459)
4(13402 13403 13484 13483)
4(11379 11460 13485 13404)
4(11459 13484 13485 11460)
4(13403 13404 13485 13484)
4(11380 11461 13486 13405)
4(11460 13485 13486 11461)
4(13404 13405 13486 13485)
4(11381 11462 13487 13406)
4(11461 13486 13487 11462)
4(13405 13406 13487 13486)
4(11382 11463 13488 13407)
4(11462 13487 13488 11463)
4(13406 13407 13488 13487)
4(11383 11464 13489 13408)
4(11463 13488 13489 11464)
4(13407 13408 13489 13488)
4(11384 11465 13490 13409)
4(11464 13489 13490 11465)
4(13408 13409 13490 13489)
4(11385 11466 13491 13410)
4(11465 13490 13491 11466)
4(13409 13410 13491 13490)
4(11386 11467 13492 13411)
4(11466 13491 13492 11467)
4(13410 13411 13492 13491)
4(11387 11468 13493 13412)
4(11467 13492 13493 11468)
4(13411 13412 13493 13492)
4(11388 11469 13494 13413)
4(11468 13493 13494 11469)
4(13412 13413 13494 13493)
4(11389 11470 13495 13414)
4(11469 13494 13495 11470)
4(13413 13414 13495 13494)
4(11390 11471 13496 13415)
4(11470 13495 13496 11471)
4(13414 13415 13496 13495)
4(11391 11472 13497 13416)
4(11471 13496 13497 11472)
4(13415 13416 13497 13496)
4(11392 11473 13498 13417)
4(11472 13497 13498 11473)
4(13416 13417 13498 13497)
4(11393 11474 13499 13418)
4(11473 13498 13499 11474)
4(13417 13418 13499 13498)
4(11394 11475 13500 13419)
4(11474 13499 13500 11475)
4(13418 13419 13500 13499)
4(11395 11476 13501 13420)
4(11475 13500 13501 11476)
4(13419 13420 13501 13500)
4(11396 11477 13502 13421)
4(11476 13501 13502 11477)
4(13420 13421 13502 13501)
4(11397 11478 13503 13422)
4(11477 13502 13503 11478)
4(13421 13422 13503 13502)
4(11398 11479 13504 13423)
4(11478 13503 13504 11479)
4(13422 13423 13504 13503)
4(11399 11480 13505 13424)
4(11479 13504 13505 11480)
4(13423 13424 13505 13504)
4(11400 11481 13506 13425)
4(11480 13505 13506 11481)
4(13424 13425 13506 13505)
4(11401 11482 13507 13426)
4(11481 13506 13507 11482)
4(13425 13426 13507 13506)
4(11402 11483 13508 13427)
4(11482 13507 13508 11483)
4(13426 13427 13508 13507)
4(11403 11484 13509 13428)
4(11483 13508 13509 11484)
4(13427 13428 13509 13508)
4(11404 11485 13510 13429)
4(11484 13509 13510 11485)
4(13428 13429 13510 13509)
4(11405 11486 13511 13430)
4(11485 13510 13511 11486)
4(13429 13430 13511 13510)
4(11406 11487 13512 13431)
4(11486 13511 13512 11487)
4(13430 13431 13512 13511)
4(11407 11488 13513 13432)
4(11487 13512 13513 11488)
4(13431 13432 13513 13512)
4(11408 11489 13514 13433)
4(11488 13513 13514 11489)
4(13432 13433 13514 13513)
4(11409 11490 13515 13434)
4(11489 13514 13515 11490)
4(13433 13434 13515 13514)
4(11410 11491 13516 13435)
4(11490 13515 13516 11491)
4(13434 13435 13516 13515)
4(11411 11492 13517 13436)
4(11491 13516 13517 11492)
4(13435 13436 13517 13516)
4(11412 11493 13518 13437)
4(11492 13517 13518 11493)
4(13436 13437 13518 13517)
4(11413 11494 13519 13438)
4(11493 13518 13519 11494)
4(13437 13438 13519 13518)
4(11414 11495 13520 13439)
4(11494 13519 13520 11495)
4(13438 13439 13520 13519)
4(11415 11496 13521 13440)
4(11495 13520 13521 11496)
4(13439 13440 13521 13520)
4(11416 11497 13522 13441)
4(11496 13521 13522 11497)
4(13440 13441 13522 13521)
4(11417 11498 13523 13442)
4(11497 13522 13523 11498)
4(13441 13442 13523 13522)
4(11418 11499 13524 13443)
4(11498 13523 13524 11499)
4(13442 13443 13524 13523)
4(11419 11500 13525 13444)
4(11499 13524 13525 11500)
4(13443 13444 13525 13524)
4(11500 13525 13526 11501)
4(13444 13445 13526 13525)
4(11422 11503 13528 13447)
4(11502 13527 13528 11503)
4(13446 13447 13528 13527)
4(11423 11504 13529 13448)
4(11503 13528 13529 11504)
4(13447 13448 13529 13528)
4(11424 11505 13530 13449)
4(11504 13529 13530 11505)
4(13448 13449 13530 13529)
4(11425 11506 13531 13450)
4(11505 13530 13531 11506)
4(13449 13450 13531 13530)
4(11426 11507 13532 13451)
4(11506 13531 13532 11507)
4(13450 13451 13532 13531)
4(11427 11508 13533 13452)
4(11507 13532 13533 11508)
4(13451 13452 13533 13532)
4(11428 11509 13534 13453)
4(11508 13533 13534 11509)
4(13452 13453 13534 13533)
4(11429 11510 13535 13454)
4(11509 13534 13535 11510)
4(13453 13454 13535 13534)
4(11430 11511 13536 13455)
4(11510 13535 13536 11511)
4(13454 13455 13536 13535)
4(11431 11512 13537 13456)
4(11511 13536 13537 11512)
4(13455 13456 13537 13536)
4(11432 11513 13538 13457)
4(11512 13537 13538 11513)
4(13456 13457 13538 13537)
4(11433 11514 13539 13458)
4(11513 13538 13539 11514)
4(13457 13458 13539 13538)
4(11434 11515 13540 13459)
4(11514 13539 13540 11515)
4(13458 13459 13540 13539)
4(11435 11516 13541 13460)
4(11515 13540 13541 11516)
4(13459 13460 13541 13540)
4(11436 11517 13542 13461)
4(11516 13541 13542 11517)
4(13460 13461 13542 13541)
4(11437 11518 13543 13462)
4(11517 13542 13543 11518)
4(13461 13462 13543 13542)
4(11438 11519 13544 13463)
4(11518 13543 13544 11519)
4(13462 13463 13544 13543)
4(11439 11520 13545 13464)
4(11519 13544 13545 11520)
4(13463 13464 13545 13544)
4(11440 11521 13546 13465)
4(11520 13545 13546 11521)
4(13464 13465 13546 13545)
4(11441 11522 13547 13466)
4(11521 13546 13547 11522)
4(13465 13466 13547 13546)
4(11442 11523 13548 13467)
4(11522 13547 13548 11523)
4(13466 13467 13548 13547)
4(11443 11524 13549 13468)
4(11523 13548 13549 11524)
4(13467 13468 13549 13548)
4(11444 11525 13550 13469)
4(11524 13549 13550 11525)
4(13468 13469 13550 13549)
4(11445 11526 13551 13470)
4(11525 13550 13551 11526)
4(13469 13470 13551 13550)
4(11446 11527 13552 13471)
4(11526 13551 13552 11527)
4(13470 13471 13552 13551)
4(11447 11528 13553 13472)
4(11527 13552 13553 11528)
4(13471 13472 13553 13552)
4(11448 11529 13554 13473)
4(11528 13553 13554 11529)
4(13472 13473 13554 13553)
4(11449 11530 13555 13474)
4(11529 13554 13555 11530)
4(13473 13474 13555 13554)
4(11450 11531 13556 13475)
4(11530 13555 13556 11531)
4(13474 13475 13556 13555)
4(11451 11532 13557 13476)
4(11531 13556 13557 11532)
4(13475 13476 13557 13556)
4(11452 11533 13558 13477)
4(11532 13557 13558 11533)
4(13476 13477 13558 13557)
4(11453 11534 13559 13478)
4(11533 13558 13559 11534)
4(13477 13478 13559 13558)
4(11454 11535 13560 13479)
4(11534 13559 13560 11535)
4(13478 13479 13560 13559)
4(11455 11536 13561 13480)
4(11535 13560 13561 11536)
4(13479 13480 13561 13560)
4(11456 11537 13562 13481)
4(11536 13561 13562 11537)
4(13480 13481 13562 13561)
4(11457 11538 13563 13482)
4(11537 13562 13563 11538)
4(13481 13482 13563 13562)
4(11458 11539 13564 13483)
4(11538 13563 13564 11539)
4(13482 13483 13564 13563)
4(11459 11540 13565 13484)
4(11539 13564 13565 11540)
4(13483 13484 13565 13564)
4(11460 11541 13566 13485)
4(11540 13565 13566 11541)
4(13484 13485 13566 13565)
4(11461 11542 13567 13486)
4(11541 13566 13567 11542)
4(13485 13486 13567 13566)
4(11462 11543 13568 13487)
4(11542 13567 13568 11543)
4(13486 13487 13568 13567)
4(11463 11544 13569 13488)
4(11543 13568 13569 11544)
4(13487 13488 13569 13568)
4(11464 11545 13570 13489)
4(11544 13569 13570 11545)
4(13488 13489 13570 13569)
4(11465 11546 13571 13490)
4(11545 13570 13571 11546)
4(13489 13490 13571 13570)
4(11466 11547 13572 13491)
4(11546 13571 13572 11547)
4(13490 13491 13572 13571)
4(11467 11548 13573 13492)
4(11547 13572 13573 11548)
4(13491 13492 13573 13572)
4(11468 11549 13574 13493)
4(11548 13573 13574 11549)
4(13492 13493 13574 13573)
4(11469 11550 13575 13494)
4(11549 13574 13575 11550)
4(13493 13494 13575 13574)
4(11470 11551 13576 13495)
4(11550 13575 13576 11551)
4(13494 13495 13576 13575)
4(11471 11552 13577 13496)
4(11551 13576 13577 11552)
4(13495 13496 13577 13576)
4(11472 11553 13578 13497)
4(11552 13577 13578 11553)
4(13496 13497 13578 13577)
4(11473 11554 13579 13498)
4(11553 13578 13579 11554)
4(13497 13498 13579 13578)
4(11474 11555 13580 13499)
4(11554 13579 13580 11555)
4(13498 13499 13580 13579)
4(11475 11556 13581 13500)
4(11555 13580 13581 11556)
4(13499 13500 13581 13580)
4(11476 11557 13582 13501)
4(11556 13581 13582 11557)
4(13500 13501 13582 13581)
4(11477 11558 13583 13502)
4(11557 13582 13583 11558)
4(13501 13502 13583 13582)
4(11478 11559 13584 13503)
4(11558 13583 13584 11559)
4(13502 13503 13584 13583)
4(11479 11560 13585 13504)
4(11559 13584 13585 11560)
4(13503 13504 13585 13584)
4(11480 11561 13586 13505)
4(11560 13585 13586 11561)
4(13504 13505 13586 13585)
4(11481 11562 13587 13506)
4(11561 13586 13587 11562)
4(13505 13506 13587 13586)
4(11482 11563 13588 13507)
4(11562 13587 13588 11563)
4(13506 13507 13588 13587)
4(11483 11564 13589 13508)
4(11563 13588 13589 11564)
4(13507 13508 13589 13588)
4(11484 11565 13590 13509)
4(11564 13589 13590 11565)
4(13508 13509 13590 13589)
4(11485 11566 13591 13510)
4(11565 13590 13591 11566)
4(13509 13510 13591 13590)
4(11486 11567 13592 13511)
4(11566 13591 13592 11567)
4(13510 13511 13592 13591)
4(11487 11568 13593 13512)
4(11567 13592 13593 11568)
4(13511 13512 13593 13592)
4(11488 11569 13594 13513)
4(11568 13593 13594 11569)
4(13512 13513 13594 13593)
4(11489 11570 13595 13514)
4(11569 13594 13595 11570)
4(13513 13514 13595 13594)
4(11490 11571 13596 13515)
4(11570 13595 13596 11571)
4(13514 13515 13596 13595)
4(11491 11572 13597 13516)
4(11571 13596 13597 11572)
4(13515 13516 13597 13596)
4(11492 11573 13598 13517)
4(11572 13597 13598 11573)
4(13516 13517 13598 13597)
4(11493 11574 13599 13518)
4(11573 13598 13599 11574)
4(13517 13518 13599 13598)
4(11494 11575 13600 13519)
4(11574 13599 13600 11575)
4(13518 13519 13600 13599)
4(11495 11576 13601 13520)
4(11575 13600 13601 11576)
4(13519 13520 13601 13600)
4(11496 11577 13602 13521)
4(11576 13601 13602 11577)
4(13520 13521 13602 13601)
4(11497 11578 13603 13522)
4(11577 13602 13603 11578)
4(13521 13522 13603 13602)
4(11498 11579 13604 13523)
4(11578 13603 13604 11579)
4(13522 13523 13604 13603)
4(11499 11580 13605 13524)
4(11579 13604 13605 11580)
4(13523 13524 13605 13604)
4(11500 11581 13606 13525)
4(11580 13605 13606 11581)
4(13524 13525 13606 13605)
4(11581 13606 13607 11582)
4(13525 13526 13607 13606)
4(11503 11584 13609 13528)
4(11583 13608 13609 11584)
4(13527 13528 13609 13608)
4(11504 11585 13610 13529)
4(11584 13609 13610 11585)
4(13528 13529 13610 13609)
4(11505 11586 13611 13530)
4(11585 13610 13611 11586)
4(13529 13530 13611 13610)
4(11506 11587 13612 13531)
4(11586 13611 13612 11587)
4(13530 13531 13612 13611)
4(11507 11588 13613 13532)
4(11587 13612 13613 11588)
4(13531 13532 13613 13612)
4(11508 11589 13614 13533)
4(11588 13613 13614 11589)
4(13532 13533 13614 13613)
4(11509 11590 13615 13534)
4(11589 13614 13615 11590)
4(13533 13534 13615 13614)
4(11510 11591 13616 13535)
4(11590 13615 13616 11591)
4(13534 13535 13616 13615)
4(11511 11592 13617 13536)
4(11591 13616 13617 11592)
4(13535 13536 13617 13616)
4(11512 11593 13618 13537)
4(11592 13617 13618 11593)
4(13536 13537 13618 13617)
4(11513 11594 13619 13538)
4(11593 13618 13619 11594)
4(13537 13538 13619 13618)
4(11514 11595 13620 13539)
4(11594 13619 13620 11595)
4(13538 13539 13620 13619)
4(11515 11596 13621 13540)
4(11595 13620 13621 11596)
4(13539 13540 13621 13620)
4(11516 11597 13622 13541)
4(11596 13621 13622 11597)
4(13540 13541 13622 13621)
4(11517 11598 13623 13542)
4(11597 13622 13623 11598)
4(13541 13542 13623 13622)
4(11518 11599 13624 13543)
4(11598 13623 13624 11599)
4(13542 13543 13624 13623)
4(11519 11600 13625 13544)
4(11599 13624 13625 11600)
4(13543 13544 13625 13624)
4(11520 11601 13626 13545)
4(11600 13625 13626 11601)
4(13544 13545 13626 13625)
4(11521 11602 13627 13546)
4(11601 13626 13627 11602)
4(13545 13546 13627 13626)
4(11522 11603 13628 13547)
4(11602 13627 13628 11603)
4(13546 13547 13628 13627)
4(11523 11604 13629 13548)
4(11603 13628 13629 11604)
4(13547 13548 13629 13628)
4(11524 11605 13630 13549)
4(11604 13629 13630 11605)
4(13548 13549 13630 13629)
4(11525 11606 13631 13550)
4(11605 13630 13631 11606)
4(13549 13550 13631 13630)
4(11526 11607 13632 13551)
4(11606 13631 13632 11607)
4(13550 13551 13632 13631)
4(11527 11608 13633 13552)
4(11607 13632 13633 11608)
4(13551 13552 13633 13632)
4(11528 11609 13634 13553)
4(11608 13633 13634 11609)
4(13552 13553 13634 13633)
4(11529 11610 13635 13554)
4(11609 13634 13635 11610)
4(13553 13554 13635 13634)
4(11530 11611 13636 13555)
4(11610 13635 13636 11611)
4(13554 13555 13636 13635)
4(11531 11612 13637 13556)
4(11611 13636 13637 11612)
4(13555 13556 13637 13636)
4(11532 11613 13638 13557)
4(11612 13637 13638 11613)
4(13556 13557 13638 13637)
4(11533 11614 13639 13558)
4(11613 13638 13639 11614)
4(13557 13558 13639 13638)
4(11534 11615 13640 13559)
4(11614 13639 13640 11615)
4(13558 13559 13640 13639)
4(11535 11616 13641 13560)
4(11615 13640 13641 11616)
4(13559 13560 13641 13640)
4(11536 11617 13642 13561)
4(11616 13641 13642 11617)
4(13560 13561 13642 13641)
4(11537 11618 13643 13562)
4(11617 13642 13643 11618)
4(13561 13562 13643 13642)
4(11538 11619 13644 13563)
4(11618 13643 13644 11619)
4(13562 13563 13644 13643)
4(11539 11620 13645 13564)
4(11619 13644 13645 11620)
4(13563 13564 13645 13644)
4(11540 11621 13646 13565)
4(11620 13645 13646 11621)
4(13564 13565 13646 13645)
4(11541 11622 13647 13566)
4(11621 13646 13647 11622)
4(13565 13566 13647 13646)
4(11542 11623 13648 13567)
4(11622 13647 13648 11623)
4(13566 13567 13648 13647)
4(11543 11624 13649 13568)
4(11623 13648 13649 11624)
4(13567 13568 13649 13648)
4(11544 11625 13650 13569)
4(11624 13649 13650 11625)
4(13568 13569 13650 13649)
4(11545 11626 13651 13570)
4(11625 13650 13651 11626)
4(13569 13570 13651 13650)
4(11546 11627 13652 13571)
4(11626 13651 13652 11627)
4(13570 13571 13652 13651)
4(11547 11628 13653 13572)
4(11627 13652 13653 11628)
4(13571 13572 13653 13652)
4(11548 11629 13654 13573)
4(11628 13653 13654 11629)
4(13572 13573 13654 13653)
4(11549 11630 13655 13574)
4(11629 13654 13655 11630)
4(13573 13574 13655 13654)
4(11550 11631 13656 13575)
4(11630 13655 13656 11631)
4(13574 13575 13656 13655)
4(11551 11632 13657 13576)
4(11631 13656 13657 11632)
4(13575 13576 13657 13656)
4(11552 11633 13658 13577)
4(11632 13657 13658 11633)
4(13576 13577 13658 13657)
4(11553 11634 13659 13578)
4(11633 13658 13659 11634)
4(13577 13578 13659 13658)
4(11554 11635 13660 13579)
4(11634 13659 13660 11635)
4(13578 13579 13660 13659)
4(11555 11636 13661 13580)
4(11635 13660 13661 11636)
4(13579 13580 13661 13660)
4(11556 11637 13662 13581)
4(11636 13661 13662 11637)
4(13580 13581 13662 13661)
4(11557 11638 13663 13582)
4(11637 13662 13663 11638)
4(13581 13582 13663 13662)
4(11558 11639 13664 13583)
4(11638 13663 13664 11639)
4(13582 13583 13664 13663)
4(11559 11640 13665 13584)
4(11639 13664 13665 11640)
4(13583 13584 13665 13664)
4(11560 11641 13666 13585)
4(11640 13665 13666 11641)
4(13584 13585 13666 13665)
4(11561 11642 13667 13586)
4(11641 13666 13667 11642)
4(13585 13586 13667 13666)
4(11562 11643 13668 13587)
4(11642 13667 13668 11643)
4(13586 13587 13668 13667)
4(11563 11644 13669 13588)
4(11643 13668 13669 11644)
4(13587 13588 13669 13668)
4(11564 11645 13670 13589)
4(11644 13669 13670 11645)
4(13588 13589 13670 13669)
4(11565 11646 13671 13590)
4(11645 13670 13671 11646)
4(13589 13590 13671 13670)
4(11566 11647 13672 13591)
4(11646 13671 13672 11647)
4(13590 13591 13672 13671)
4(11567 11648 13673 13592)
4(11647 13672 13673 11648)
4(13591 13592 13673 13672)
4(11568 11649 13674 13593)
4(11648 13673 13674 11649)
4(13592 13593 13674 13673)
4(11569 11650 13675 13594)
4(11649 13674 13675 11650)
4(13593 13594 13675 13674)
4(11570 11651 13676 13595)
4(11650 13675 13676 11651)
4(13594 13595 13676 13675)
4(11571 11652 13677 13596)
4(11651 13676 13677 11652)
4(13595 13596 13677 13676)
4(11572 11653 13678 13597)
4(11652 13677 13678 11653)
4(13596 13597 13678 13677)
4(11573 11654 13679 13598)
4(11653 13678 13679 11654)
4(13597 13598 13679 13678)
4(11574 11655 13680 13599)
4(11654 13679 13680 11655)
4(13598 13599 13680 13679)
4(11575 11656 13681 13600)
4(11655 13680 13681 11656)
4(13599 13600 13681 13680)
4(11576 11657 13682 13601)
4(11656 13681 13682 11657)
4(13600 13601 13682 13681)
4(11577 11658 13683 13602)
4(11657 13682 13683 11658)
4(13601 13602 13683 13682)
4(11578 11659 13684 13603)
4(11658 13683 13684 11659)
4(13602 13603 13684 13683)
4(11579 11660 13685 13604)
4(11659 13684 13685 11660)
4(13603 13604 13685 13684)
4(11580 11661 13686 13605)
4(11660 13685 13686 11661)
4(13604 13605 13686 13685)
4(11581 11662 13687 13606)
4(11661 13686 13687 11662)
4(13605 13606 13687 13686)
4(11662 13687 13688 11663)
4(13606 13607 13688 13687)
4(11584 11665 13690 13609)
4(11664 13689 13690 11665)
4(13608 13609 13690 13689)
4(11585 11666 13691 13610)
4(11665 13690 13691 11666)
4(13609 13610 13691 13690)
4(11586 11667 13692 13611)
4(11666 13691 13692 11667)
4(13610 13611 13692 13691)
4(11587 11668 13693 13612)
4(11667 13692 13693 11668)
4(13611 13612 13693 13692)
4(11588 11669 13694 13613)
4(11668 13693 13694 11669)
4(13612 13613 13694 13693)
4(11589 11670 13695 13614)
4(11669 13694 13695 11670)
4(13613 13614 13695 13694)
4(11590 11671 13696 13615)
4(11670 13695 13696 11671)
4(13614 13615 13696 13695)
4(11591 11672 13697 13616)
4(11671 13696 13697 11672)
4(13615 13616 13697 13696)
4(11592 11673 13698 13617)
4(11672 13697 13698 11673)
4(13616 13617 13698 13697)
4(11593 11674 13699 13618)
4(11673 13698 13699 11674)
4(13617 13618 13699 13698)
4(11594 11675 13700 13619)
4(11674 13699 13700 11675)
4(13618 13619 13700 13699)
4(11595 11676 13701 13620)
4(11675 13700 13701 11676)
4(13619 13620 13701 13700)
4(11596 11677 13702 13621)
4(11676 13701 13702 11677)
4(13620 13621 13702 13701)
4(11597 11678 13703 13622)
4(11677 13702 13703 11678)
4(13621 13622 13703 13702)
4(11598 11679 13704 13623)
4(11678 13703 13704 11679)
4(13622 13623 13704 13703)
4(11599 11680 13705 13624)
4(11679 13704 13705 11680)
4(13623 13624 13705 13704)
4(11600 11681 13706 13625)
4(11680 13705 13706 11681)
4(13624 13625 13706 13705)
4(11601 11682 13707 13626)
4(11681 13706 13707 11682)
4(13625 13626 13707 13706)
4(11602 11683 13708 13627)
4(11682 13707 13708 11683)
4(13626 13627 13708 13707)
4(11603 11684 13709 13628)
4(11683 13708 13709 11684)
4(13627 13628 13709 13708)
4(11604 11685 13710 13629)
4(11684 13709 13710 11685)
4(13628 13629 13710 13709)
4(11605 11686 13711 13630)
4(11685 13710 13711 11686)
4(13629 13630 13711 13710)
4(11606 11687 13712 13631)
4(11686 13711 13712 11687)
4(13630 13631 13712 13711)
4(11607 11688 13713 13632)
4(11687 13712 13713 11688)
4(13631 13632 13713 13712)
4(11608 11689 13714 13633)
4(11688 13713 13714 11689)
4(13632 13633 13714 13713)
4(11609 11690 13715 13634)
4(11689 13714 13715 11690)
4(13633 13634 13715 13714)
4(11610 11691 13716 13635)
4(11690 13715 13716 11691)
4(13634 13635 13716 13715)
4(11611 11692 13717 13636)
4(11691 13716 13717 11692)
4(13635 13636 13717 13716)
4(11612 11693 13718 13637)
4(11692 13717 13718 11693)
4(13636 13637 13718 13717)
4(11613 11694 13719 13638)
4(11693 13718 13719 11694)
4(13637 13638 13719 13718)
4(11614 11695 13720 13639)
4(11694 13719 13720 11695)
4(13638 13639 13720 13719)
4(11615 11696 13721 13640)
4(11695 13720 13721 11696)
4(13639 13640 13721 13720)
4(11616 11697 13722 13641)
4(11696 13721 13722 11697)
4(13640 13641 13722 13721)
4(11617 11698 13723 13642)
4(11697 13722 13723 11698)
4(13641 13642 13723 13722)
4(11618 11699 13724 13643)
4(11698 13723 13724 11699)
4(13642 13643 13724 13723)
4(11619 11700 13725 13644)
4(11699 13724 13725 11700)
4(13643 13644 13725 13724)
4(11620 11701 13726 13645)
4(11700 13725 13726 11701)
4(13644 13645 13726 13725)
4(11621 11702 13727 13646)
4(11701 13726 13727 11702)
4(13645 13646 13727 13726)
4(11622 11703 13728 13647)
4(11702 13727 13728 11703)
4(13646 13647 13728 13727)
4(11623 11704 13729 13648)
4(11703 13728 13729 11704)
4(13647 13648 13729 13728)
4(11624 11705 13730 13649)
4(11704 13729 13730 11705)
4(13648 13649 13730 13729)
4(11625 11706 13731 13650)
4(11705 13730 13731 11706)
4(13649 13650 13731 13730)
4(11626 11707 13732 13651)
4(11706 13731 13732 11707)
4(13650 13651 13732 13731)
4(11627 11708 13733 13652)
4(11707 13732 13733 11708)
4(13651 13652 13733 13732)
4(11628 11709 13734 13653)
4(11708 13733 13734 11709)
4(13652 13653 13734 13733)
4(11629 11710 13735 13654)
4(11709 13734 13735 11710)
4(13653 13654 13735 13734)
4(11630 11711 13736 13655)
4(11710 13735 13736 11711)
4(13654 13655 13736 13735)
4(11631 11712 13737 13656)
4(11711 13736 13737 11712)
4(13655 13656 13737 13736)
4(11632 11713 13738 13657)
4(11712 13737 13738 11713)
4(13656 13657 13738 13737)
4(11633 11714 13739 13658)
4(11713 13738 13739 11714)
4(13657 13658 13739 13738)
4(11634 11715 13740 13659)
4(11714 13739 13740 11715)
4(13658 13659 13740 13739)
4(11635 11716 13741 13660)
4(11715 13740 13741 11716)
4(13659 13660 13741 13740)
4(11636 11717 13742 13661)
4(11716 13741 13742 11717)
4(13660 13661 13742 13741)
4(11637 11718 13743 13662)
4(11717 13742 13743 11718)
4(13661 13662 13743 13742)
4(11638 11719 13744 13663)
4(11718 13743 13744 11719)
4(13662 13663 13744 13743)
4(11639 11720 13745 13664)
4(11719 13744 13745 11720)
4(13663 13664 13745 13744)
4(11640 11721 13746 13665)
4(11720 13745 13746 11721)
4(13664 13665 13746 13745)
4(11641 11722 13747 13666)
4(11721 13746 13747 11722)
4(13665 13666 13747 13746)
4(11642 11723 13748 13667)
4(11722 13747 13748 11723)
4(13666 13667 13748 13747)
4(11643 11724 13749 13668)
4(11723 13748 13749 11724)
4(13667 13668 13749 13748)
4(11644 11725 13750 13669)
4(11724 13749 13750 11725)
4(13668 13669 13750 13749)
4(11645 11726 13751 13670)
4(11725 13750 13751 11726)
4(13669 13670 13751 13750)
4(11646 11727 13752 13671)
4(11726 13751 13752 11727)
4(13670 13671 13752 13751)
4(11647 11728 13753 13672)
4(11727 13752 13753 11728)
4(13671 13672 13753 13752)
4(11648 11729 13754 13673)
4(11728 13753 13754 11729)
4(13672 13673 13754 13753)
4(11649 11730 13755 13674)
4(11729 13754 13755 11730)
4(13673 13674 13755 13754)
4(11650 11731 13756 13675)
4(11730 13755 13756 11731)
4(13674 13675 13756 13755)
4(11651 11732 13757 13676)
4(11731 13756 13757 11732)
4(13675 13676 13757 13756)
4(11652 11733 13758 13677)
4(11732 13757 13758 11733)
4(13676 13677 13758 13757)
4(11653 11734 13759 13678)
4(11733 13758 13759 11734)
4(13677 13678 13759 13758)
4(11654 11735 13760 13679)
4(11734 13759 13760 11735)
4(13678 13679 13760 13759)
4(11655 11736 13761 13680)
4(11735 13760 13761 11736)
4(13679 13680 13761 13760)
4(11656 11737 13762 13681)
4(11736 13761 13762 11737)
4(13680 13681 13762 13761)
4(11657 11738 13763 13682)
4(11737 13762 13763 11738)
4(13681 13682 13763 13762)
4(11658 11739 13764 13683)
4(11738 13763 13764 11739)
4(13682 13683 13764 13763)
4(11659 11740 13765 13684)
4(11739 13764 13765 11740)
4(13683 13684 13765 13764)
4(11660 11741 13766 13685)
4(11740 13765 13766 11741)
4(13684 13685 13766 13765)
4(11661 11742 13767 13686)
4(11741 13766 13767 11742)
4(13685 13686 13767 13766)
4(11662 11743 13768 13687)
4(11742 13767 13768 11743)
4(13686 13687 13768 13767)
4(11743 13768 13769 11744)
4(13687 13688 13769 13768)
4(11665 11746 13771 13690)
4(11745 13770 13771 11746)
4(13689 13690 13771 13770)
4(11666 11747 13772 13691)
4(11746 13771 13772 11747)
4(13690 13691 13772 13771)
4(11667 11748 13773 13692)
4(11747 13772 13773 11748)
4(13691 13692 13773 13772)
4(11668 11749 13774 13693)
4(11748 13773 13774 11749)
4(13692 13693 13774 13773)
4(11669 11750 13775 13694)
4(11749 13774 13775 11750)
4(13693 13694 13775 13774)
4(11670 11751 13776 13695)
4(11750 13775 13776 11751)
4(13694 13695 13776 13775)
4(11671 11752 13777 13696)
4(11751 13776 13777 11752)
4(13695 13696 13777 13776)
4(11672 11753 13778 13697)
4(11752 13777 13778 11753)
4(13696 13697 13778 13777)
4(11673 11754 13779 13698)
4(11753 13778 13779 11754)
4(13697 13698 13779 13778)
4(11674 11755 13780 13699)
4(11754 13779 13780 11755)
4(13698 13699 13780 13779)
4(11675 11756 13781 13700)
4(11755 13780 13781 11756)
4(13699 13700 13781 13780)
4(11676 11757 13782 13701)
4(11756 13781 13782 11757)
4(13700 13701 13782 13781)
4(11677 11758 13783 13702)
4(11757 13782 13783 11758)
4(13701 13702 13783 13782)
4(11678 11759 13784 13703)
4(11758 13783 13784 11759)
4(13702 13703 13784 13783)
4(11679 11760 13785 13704)
4(11759 13784 13785 11760)
4(13703 13704 13785 13784)
4(11680 11761 13786 13705)
4(11760 13785 13786 11761)
4(13704 13705 13786 13785)
4(11681 11762 13787 13706)
4(11761 13786 13787 11762)
4(13705 13706 13787 13786)
4(11682 11763 13788 13707)
4(11762 13787 13788 11763)
4(13706 13707 13788 13787)
4(11683 11764 13789 13708)
4(11763 13788 13789 11764)
4(13707 13708 13789 13788)
4(11684 11765 13790 13709)
4(11764 13789 13790 11765)
4(13708 13709 13790 13789)
4(11685 11766 13791 13710)
4(11765 13790 13791 11766)
4(13709 13710 13791 13790)
4(11686 11767 13792 13711)
4(11766 13791 13792 11767)
4(13710 13711 13792 13791)
4(11687 11768 13793 13712)
4(11767 13792 13793 11768)
4(13711 13712 13793 13792)
4(11688 11769 13794 13713)
4(11768 13793 13794 11769)
4(13712 13713 13794 13793)
4(11689 11770 13795 13714)
4(11769 13794 13795 11770)
4(13713 13714 13795 13794)
4(11690 11771 13796 13715)
4(11770 13795 13796 11771)
4(13714 13715 13796 13795)
4(11691 11772 13797 13716)
4(11771 13796 13797 11772)
4(13715 13716 13797 13796)
4(11692 11773 13798 13717)
4(11772 13797 13798 11773)
4(13716 13717 13798 13797)
4(11693 11774 13799 13718)
4(11773 13798 13799 11774)
4(13717 13718 13799 13798)
4(11694 11775 13800 13719)
4(11774 13799 13800 11775)
4(13718 13719 13800 13799)
4(11695 11776 13801 13720)
4(11775 13800 13801 11776)
4(13719 13720 13801 13800)
4(11696 11777 13802 13721)
4(11776 13801 13802 11777)
4(13720 13721 13802 13801)
4(11697 11778 13803 13722)
4(11777 13802 13803 11778)
4(13721 13722 13803 13802)
4(11698 11779 13804 13723)
4(11778 13803 13804 11779)
4(13722 13723 13804 13803)
4(11699 11780 13805 13724)
4(11779 13804 13805 11780)
4(13723 13724 13805 13804)
4(11700 11781 13806 13725)
4(11780 13805 13806 11781)
4(13724 13725 13806 13805)
4(11701 11782 13807 13726)
4(11781 13806 13807 11782)
4(13725 13726 13807 13806)
4(11702 11783 13808 13727)
4(11782 13807 13808 11783)
4(13726 13727 13808 13807)
4(11703 11784 13809 13728)
4(11783 13808 13809 11784)
4(13727 13728 13809 13808)
4(11704 11785 13810 13729)
4(11784 13809 13810 11785)
4(13728 13729 13810 13809)
4(11705 11786 13811 13730)
4(11785 13810 13811 11786)
4(13729 13730 13811 13810)
4(11706 11787 13812 13731)
4(11786 13811 13812 11787)
4(13730 13731 13812 13811)
4(11707 11788 13813 13732)
4(11787 13812 13813 11788)
4(13731 13732 13813 13812)
4(11708 11789 13814 13733)
4(11788 13813 13814 11789)
4(13732 13733 13814 13813)
4(11709 11790 13815 13734)
4(11789 13814 13815 11790)
4(13733 13734 13815 13814)
4(11710 11791 13816 13735)
4(11790 13815 13816 11791)
4(13734 13735 13816 13815)
4(11711 11792 13817 13736)
4(11791 13816 13817 11792)
4(13735 13736 13817 13816)
4(11712 11793 13818 13737)
4(11792 13817 13818 11793)
4(13736 13737 13818 13817)
4(11713 11794 13819 13738)
4(11793 13818 13819 11794)
4(13737 13738 13819 13818)
4(11714 11795 13820 13739)
4(11794 13819 13820 11795)
4(13738 13739 13820 13819)
4(11715 11796 13821 13740)
4(11795 13820 13821 11796)
4(13739 13740 13821 13820)
4(11716 11797 13822 13741)
4(11796 13821 13822 11797)
4(13740 13741 13822 13821)
4(11717 11798 13823 13742)
4(11797 13822 13823 11798)
4(13741 13742 13823 13822)
4(11718 11799 13824 13743)
4(11798 13823 13824 11799)
4(13742 13743 13824 13823)
4(11719 11800 13825 13744)
4(11799 13824 13825 11800)
4(13743 13744 13825 13824)
4(11720 11801 13826 13745)
4(11800 13825 13826 11801)
4(13744 13745 13826 13825)
4(11721 11802 13827 13746)
4(11801 13826 13827 11802)
4(13745 13746 13827 13826)
4(11722 11803 13828 13747)
4(11802 13827 13828 11803)
4(13746 13747 13828 13827)
4(11723 11804 13829 13748)
4(11803 13828 13829 11804)
4(13747 13748 13829 13828)
4(11724 11805 13830 13749)
4(11804 13829 13830 11805)
4(13748 13749 13830 13829)
4(11725 11806 13831 13750)
4(11805 13830 13831 11806)
4(13749 13750 13831 13830)
4(11726 11807 13832 13751)
4(11806 13831 13832 11807)
4(13750 13751 13832 13831)
4(11727 11808 13833 13752)
4(11807 13832 13833 11808)
4(13751 13752 13833 13832)
4(11728 11809 13834 13753)
4(11808 13833 13834 11809)
4(13752 13753 13834 13833)
4(11729 11810 13835 13754)
4(11809 13834 13835 11810)
4(13753 13754 13835 13834)
4(11730 11811 13836 13755)
4(11810 13835 13836 11811)
4(13754 13755 13836 13835)
4(11731 11812 13837 13756)
4(11811 13836 13837 11812)
4(13755 13756 13837 13836)
4(11732 11813 13838 13757)
4(11812 13837 13838 11813)
4(13756 13757 13838 13837)
4(11733 11814 13839 13758)
4(11813 13838 13839 11814)
4(13757 13758 13839 13838)
4(11734 11815 13840 13759)
4(11814 13839 13840 11815)
4(13758 13759 13840 13839)
4(11735 11816 13841 13760)
4(11815 13840 13841 11816)
4(13759 13760 13841 13840)
4(11736 11817 13842 13761)
4(11816 13841 13842 11817)
4(13760 13761 13842 13841)
4(11737 11818 13843 13762)
4(11817 13842 13843 11818)
4(13761 13762 13843 13842)
4(11738 11819 13844 13763)
4(11818 13843 13844 11819)
4(13762 13763 13844 13843)
4(11739 11820 13845 13764)
4(11819 13844 13845 11820)
4(13763 13764 13845 13844)
4(11740 11821 13846 13765)
4(11820 13845 13846 11821)
4(13764 13765 13846 13845)
4(11741 11822 13847 13766)
4(11821 13846 13847 11822)
4(13765 13766 13847 13846)
4(11742 11823 13848 13767)
4(11822 13847 13848 11823)
4(13766 13767 13848 13847)
4(11743 11824 13849 13768)
4(11823 13848 13849 11824)
4(13767 13768 13849 13848)
4(11824 13849 13850 11825)
4(13768 13769 13850 13849)
4(11746 11827 13852 13771)
4(11826 13851 13852 11827)
4(13770 13771 13852 13851)
4(11747 11828 13853 13772)
4(11827 13852 13853 11828)
4(13771 13772 13853 13852)
4(11748 11829 13854 13773)
4(11828 13853 13854 11829)
4(13772 13773 13854 13853)
4(11749 11830 13855 13774)
4(11829 13854 13855 11830)
4(13773 13774 13855 13854)
4(11750 11831 13856 13775)
4(11830 13855 13856 11831)
4(13774 13775 13856 13855)
4(11751 11832 13857 13776)
4(11831 13856 13857 11832)
4(13775 13776 13857 13856)
4(11752 11833 13858 13777)
4(11832 13857 13858 11833)
4(13776 13777 13858 13857)
4(11753 11834 13859 13778)
4(11833 13858 13859 11834)
4(13777 13778 13859 13858)
4(11754 11835 13860 13779)
4(11834 13859 13860 11835)
4(13778 13779 13860 13859)
4(11755 11836 13861 13780)
4(11835 13860 13861 11836)
4(13779 13780 13861 13860)
4(11756 11837 13862 13781)
4(11836 13861 13862 11837)
4(13780 13781 13862 13861)
4(11757 11838 13863 13782)
4(11837 13862 13863 11838)
4(13781 13782 13863 13862)
4(11758 11839 13864 13783)
4(11838 13863 13864 11839)
4(13782 13783 13864 13863)
4(11759 11840 13865 13784)
4(11839 13864 13865 11840)
4(13783 13784 13865 13864)
4(11760 11841 13866 13785)
4(11840 13865 13866 11841)
4(13784 13785 13866 13865)
4(11761 11842 13867 13786)
4(11841 13866 13867 11842)
4(13785 13786 13867 13866)
4(11762 11843 13868 13787)
4(11842 13867 13868 11843)
4(13786 13787 13868 13867)
4(11763 11844 13869 13788)
4(11843 13868 13869 11844)
4(13787 13788 13869 13868)
4(11764 11845 13870 13789)
4(11844 13869 13870 11845)
4(13788 13789 13870 13869)
4(11765 11846 13871 13790)
4(11845 13870 13871 11846)
4(13789 13790 13871 13870)
4(11766 11847 13872 13791)
4(11846 13871 13872 11847)
4(13790 13791 13872 13871)
4(11767 11848 13873 13792)
4(11847 13872 13873 11848)
4(13791 13792 13873 13872)
4(11768 11849 13874 13793)
4(11848 13873 13874 11849)
4(13792 13793 13874 13873)
4(11769 11850 13875 13794)
4(11849 13874 13875 11850)
4(13793 13794 13875 13874)
4(11770 11851 13876 13795)
4(11850 13875 13876 11851)
4(13794 13795 13876 13875)
4(11771 11852 13877 13796)
4(11851 13876 13877 11852)
4(13795 13796 13877 13876)
4(11772 11853 13878 13797)
4(11852 13877 13878 11853)
4(13796 13797 13878 13877)
4(11773 11854 13879 13798)
4(11853 13878 13879 11854)
4(13797 13798 13879 13878)
4(11774 11855 13880 13799)
4(11854 13879 13880 11855)
4(13798 13799 13880 13879)
4(11775 11856 13881 13800)
4(11855 13880 13881 11856)
4(13799 13800 13881 13880)
4(11776 11857 13882 13801)
4(11856 13881 13882 11857)
4(13800 13801 13882 13881)
4(11777 11858 13883 13802)
4(11857 13882 13883 11858)
4(13801 13802 13883 13882)
4(11778 11859 13884 13803)
4(11858 13883 13884 11859)
4(13802 13803 13884 13883)
4(11779 11860 13885 13804)
4(11859 13884 13885 11860)
4(13803 13804 13885 13884)
4(11780 11861 13886 13805)
4(11860 13885 13886 11861)
4(13804 13805 13886 13885)
4(11781 11862 13887 13806)
4(11861 13886 13887 11862)
4(13805 13806 13887 13886)
4(11782 11863 13888 13807)
4(11862 13887 13888 11863)
4(13806 13807 13888 13887)
4(11783 11864 13889 13808)
4(11863 13888 13889 11864)
4(13807 13808 13889 13888)
4(11784 11865 13890 13809)
4(11864 13889 13890 11865)
4(13808 13809 13890 13889)
4(11785 11866 13891 13810)
4(11865 13890 13891 11866)
4(13809 13810 13891 13890)
4(11786 11867 13892 13811)
4(11866 13891 13892 11867)
4(13810 13811 13892 13891)
4(11787 11868 13893 13812)
4(11867 13892 13893 11868)
4(13811 13812 13893 13892)
4(11788 11869 13894 13813)
4(11868 13893 13894 11869)
4(13812 13813 13894 13893)
4(11789 11870 13895 13814)
4(11869 13894 13895 11870)
4(13813 13814 13895 13894)
4(11790 11871 13896 13815)
4(11870 13895 13896 11871)
4(13814 13815 13896 13895)
4(11791 11872 13897 13816)
4(11871 13896 13897 11872)
4(13815 13816 13897 13896)
4(11792 11873 13898 13817)
4(11872 13897 13898 11873)
4(13816 13817 13898 13897)
4(11793 11874 13899 13818)
4(11873 13898 13899 11874)
4(13817 13818 13899 13898)
4(11794 11875 13900 13819)
4(11874 13899 13900 11875)
4(13818 13819 13900 13899)
4(11795 11876 13901 13820)
4(11875 13900 13901 11876)
4(13819 13820 13901 13900)
4(11796 11877 13902 13821)
4(11876 13901 13902 11877)
4(13820 13821 13902 13901)
4(11797 11878 13903 13822)
4(11877 13902 13903 11878)
4(13821 13822 13903 13902)
4(11798 11879 13904 13823)
4(11878 13903 13904 11879)
4(13822 13823 13904 13903)
4(11799 11880 13905 13824)
4(11879 13904 13905 11880)
4(13823 13824 13905 13904)
4(11800 11881 13906 13825)
4(11880 13905 13906 11881)
4(13824 13825 13906 13905)
4(11801 11882 13907 13826)
4(11881 13906 13907 11882)
4(13825 13826 13907 13906)
4(11802 11883 13908 13827)
4(11882 13907 13908 11883)
4(13826 13827 13908 13907)
4(11803 11884 13909 13828)
4(11883 13908 13909 11884)
4(13827 13828 13909 13908)
4(11804 11885 13910 13829)
4(11884 13909 13910 11885)
4(13828 13829 13910 13909)
4(11805 11886 13911 13830)
4(11885 13910 13911 11886)
4(13829 13830 13911 13910)
4(11806 11887 13912 13831)
4(11886 13911 13912 11887)
4(13830 13831 13912 13911)
4(11807 11888 13913 13832)
4(11887 13912 13913 11888)
4(13831 13832 13913 13912)
4(11808 11889 13914 13833)
4(11888 13913 13914 11889)
4(13832 13833 13914 13913)
4(11809 11890 13915 13834)
4(11889 13914 13915 11890)
4(13833 13834 13915 13914)
4(11810 11891 13916 13835)
4(11890 13915 13916 11891)
4(13834 13835 13916 13915)
4(11811 11892 13917 13836)
4(11891 13916 13917 11892)
4(13835 13836 13917 13916)
4(11812 11893 13918 13837)
4(11892 13917 13918 11893)
4(13836 13837 13918 13917)
4(11813 11894 13919 13838)
4(11893 13918 13919 11894)
4(13837 13838 13919 13918)
4(11814 11895 13920 13839)
4(11894 13919 13920 11895)
4(13838 13839 13920 13919)
4(11815 11896 13921 13840)
4(11895 13920 13921 11896)
4(13839 13840 13921 13920)
4(11816 11897 13922 13841)
4(11896 13921 13922 11897)
4(13840 13841 13922 13921)
4(11817 11898 13923 13842)
4(11897 13922 13923 11898)
4(13841 13842 13923 13922)
4(11818 11899 13924 13843)
4(11898 13923 13924 11899)
4(13842 13843 13924 13923)
4(11819 11900 13925 13844)
4(11899 13924 13925 11900)
4(13843 13844 13925 13924)
4(11820 11901 13926 13845)
4(11900 13925 13926 11901)
4(13844 13845 13926 13925)
4(11821 11902 13927 13846)
4(11901 13926 13927 11902)
4(13845 13846 13927 13926)
4(11822 11903 13928 13847)
4(11902 13927 13928 11903)
4(13846 13847 13928 13927)
4(11823 11904 13929 13848)
4(11903 13928 13929 11904)
4(13847 13848 13929 13928)
4(11824 11905 13930 13849)
4(11904 13929 13930 11905)
4(13848 13849 13930 13929)
4(11905 13930 13931 11906)
4(13849 13850 13931 13930)
4(11827 11908 13933 13852)
4(11907 13932 13933 11908)
4(13851 13852 13933 13932)
4(11828 11909 13934 13853)
4(11908 13933 13934 11909)
4(13852 13853 13934 13933)
4(11829 11910 13935 13854)
4(11909 13934 13935 11910)
4(13853 13854 13935 13934)
4(11830 11911 13936 13855)
4(11910 13935 13936 11911)
4(13854 13855 13936 13935)
4(11831 11912 13937 13856)
4(11911 13936 13937 11912)
4(13855 13856 13937 13936)
4(11832 11913 13938 13857)
4(11912 13937 13938 11913)
4(13856 13857 13938 13937)
4(11833 11914 13939 13858)
4(11913 13938 13939 11914)
4(13857 13858 13939 13938)
4(11834 11915 13940 13859)
4(11914 13939 13940 11915)
4(13858 13859 13940 13939)
4(11835 11916 13941 13860)
4(11915 13940 13941 11916)
4(13859 13860 13941 13940)
4(11836 11917 13942 13861)
4(11916 13941 13942 11917)
4(13860 13861 13942 13941)
4(11837 11918 13943 13862)
4(11917 13942 13943 11918)
4(13861 13862 13943 13942)
4(11838 11919 13944 13863)
4(11918 13943 13944 11919)
4(13862 13863 13944 13943)
4(11839 11920 13945 13864)
4(11919 13944 13945 11920)
4(13863 13864 13945 13944)
4(11840 11921 13946 13865)
4(11920 13945 13946 11921)
4(13864 13865 13946 13945)
4(11841 11922 13947 13866)
4(11921 13946 13947 11922)
4(13865 13866 13947 13946)
4(11842 11923 13948 13867)
4(11922 13947 13948 11923)
4(13866 13867 13948 13947)
4(11843 11924 13949 13868)
4(11923 13948 13949 11924)
4(13867 13868 13949 13948)
4(11844 11925 13950 13869)
4(11924 13949 13950 11925)
4(13868 13869 13950 13949)
4(11845 11926 13951 13870)
4(11925 13950 13951 11926)
4(13869 13870 13951 13950)
4(11846 11927 13952 13871)
4(11926 13951 13952 11927)
4(13870 13871 13952 13951)
4(11847 11928 13953 13872)
4(11927 13952 13953 11928)
4(13871 13872 13953 13952)
4(11848 11929 13954 13873)
4(11928 13953 13954 11929)
4(13872 13873 13954 13953)
4(11849 11930 13955 13874)
4(11929 13954 13955 11930)
4(13873 13874 13955 13954)
4(11850 11931 13956 13875)
4(11930 13955 13956 11931)
4(13874 13875 13956 13955)
4(11851 11932 13957 13876)
4(11931 13956 13957 11932)
4(13875 13876 13957 13956)
4(11852 11933 13958 13877)
4(11932 13957 13958 11933)
4(13876 13877 13958 13957)
4(11853 11934 13959 13878)
4(11933 13958 13959 11934)
4(13877 13878 13959 13958)
4(11854 11935 13960 13879)
4(11934 13959 13960 11935)
4(13878 13879 13960 13959)
4(11855 11936 13961 13880)
4(11935 13960 13961 11936)
4(13879 13880 13961 13960)
4(11856 11937 13962 13881)
4(11936 13961 13962 11937)
4(13880 13881 13962 13961)
4(11857 11938 13963 13882)
4(11937 13962 13963 11938)
4(13881 13882 13963 13962)
4(11858 11939 13964 13883)
4(11938 13963 13964 11939)
4(13882 13883 13964 13963)
4(11859 11940 13965 13884)
4(11939 13964 13965 11940)
4(13883 13884 13965 13964)
4(11860 11941 13966 13885)
4(11940 13965 13966 11941)
4(13884 13885 13966 13965)
4(11861 11942 13967 13886)
4(11941 13966 13967 11942)
4(13885 13886 13967 13966)
4(11862 11943 13968 13887)
4(11942 13967 13968 11943)
4(13886 13887 13968 13967)
4(11863 11944 13969 13888)
4(11943 13968 13969 11944)
4(13887 13888 13969 13968)
4(11864 11945 13970 13889)
4(11944 13969 13970 11945)
4(13888 13889 13970 13969)
4(11865 11946 13971 13890)
4(11945 13970 13971 11946)
4(13889 13890 13971 13970)
4(11866 11947 13972 13891)
4(11946 13971 13972 11947)
4(13890 13891 13972 13971)
4(11867 11948 13973 13892)
4(11947 13972 13973 11948)
4(13891 13892 13973 13972)
4(11868 11949 13974 13893)
4(11948 13973 13974 11949)
4(13892 13893 13974 13973)
4(11869 11950 13975 13894)
4(11949 13974 13975 11950)
4(13893 13894 13975 13974)
4(11870 11951 13976 13895)
4(11950 13975 13976 11951)
4(13894 13895 13976 13975)
4(11871 11952 13977 13896)
4(11951 13976 13977 11952)
4(13895 13896 13977 13976)
4(11872 11953 13978 13897)
4(11952 13977 13978 11953)
4(13896 13897 13978 13977)
4(11873 11954 13979 13898)
4(11953 13978 13979 11954)
4(13897 13898 13979 13978)
4(11874 11955 13980 13899)
4(11954 13979 13980 11955)
4(13898 13899 13980 13979)
4(11875 11956 13981 13900)
4(11955 13980 13981 11956)
4(13899 13900 13981 13980)
4(11876 11957 13982 13901)
4(11956 13981 13982 11957)
4(13900 13901 13982 13981)
4(11877 11958 13983 13902)
4(11957 13982 13983 11958)
4(13901 13902 13983 13982)
4(11878 11959 13984 13903)
4(11958 13983 13984 11959)
4(13902 13903 13984 13983)
4(11879 11960 13985 13904)
4(11959 13984 13985 11960)
4(13903 13904 13985 13984)
4(11880 11961 13986 13905)
4(11960 13985 13986 11961)
4(13904 13905 13986 13985)
4(11881 11962 13987 13906)
4(11961 13986 13987 11962)
4(13905 13906 13987 13986)
4(11882 11963 13988 13907)
4(11962 13987 13988 11963)
4(13906 13907 13988 13987)
4(11883 11964 13989 13908)
4(11963 13988 13989 11964)
4(13907 13908 13989 13988)
4(11884 11965 13990 13909)
4(11964 13989 13990 11965)
4(13908 13909 13990 13989)
4(11885 11966 13991 13910)
4(11965 13990 13991 11966)
4(13909 13910 13991 13990)
4(11886 11967 13992 13911)
4(11966 13991 13992 11967)
4(13910 13911 13992 13991)
4(11887 11968 13993 13912)
4(11967 13992 13993 11968)
4(13911 13912 13993 13992)
4(11888 11969 13994 13913)
4(11968 13993 13994 11969)
4(13912 13913 13994 13993)
4(11889 11970 13995 13914)
4(11969 13994 13995 11970)
4(13913 13914 13995 13994)
4(11890 11971 13996 13915)
4(11970 13995 13996 11971)
4(13914 13915 13996 13995)
4(11891 11972 13997 13916)
4(11971 13996 13997 11972)
4(13915 13916 13997 13996)
4(11892 11973 13998 13917)
4(11972 13997 13998 11973)
4(13916 13917 13998 13997)
4(11893 11974 13999 13918)
4(11973 13998 13999 11974)
4(13917 13918 13999 13998)
4(11894 11975 14000 13919)
4(11974 13999 14000 11975)
4(13918 13919 14000 13999)
4(11895 11976 14001 13920)
4(11975 14000 14001 11976)
4(13919 13920 14001 14000)
4(11896 11977 14002 13921)
4(11976 14001 14002 11977)
4(13920 13921 14002 14001)
4(11897 11978 14003 13922)
4(11977 14002 14003 11978)
4(13921 13922 14003 14002)
4(11898 11979 14004 13923)
4(11978 14003 14004 11979)
4(13922 13923 14004 14003)
4(11899 11980 14005 13924)
4(11979 14004 14005 11980)
4(13923 13924 14005 14004)
4(11900 11981 14006 13925)
4(11980 14005 14006 11981)
4(13924 13925 14006 14005)
4(11901 11982 14007 13926)
4(11981 14006 14007 11982)
4(13925 13926 14007 14006)
4(11902 11983 14008 13927)
4(11982 14007 14008 11983)
4(13926 13927 14008 14007)
4(11903 11984 14009 13928)
4(11983 14008 14009 11984)
4(13927 13928 14009 14008)
4(11904 11985 14010 13929)
4(11984 14009 14010 11985)
4(13928 13929 14010 14009)
4(11905 11986 14011 13930)
4(11985 14010 14011 11986)
4(13929 13930 14011 14010)
4(11986 14011 14012 11987)
4(13930 13931 14012 14011)
4(11908 11989 14014 13933)
4(11988 14013 14014 11989)
4(13932 13933 14014 14013)
4(11909 11990 14015 13934)
4(11989 14014 14015 11990)
4(13933 13934 14015 14014)
4(11910 11991 14016 13935)
4(11990 14015 14016 11991)
4(13934 13935 14016 14015)
4(11911 11992 14017 13936)
4(11991 14016 14017 11992)
4(13935 13936 14017 14016)
4(11912 11993 14018 13937)
4(11992 14017 14018 11993)
4(13936 13937 14018 14017)
4(11913 11994 14019 13938)
4(11993 14018 14019 11994)
4(13937 13938 14019 14018)
4(11914 11995 14020 13939)
4(11994 14019 14020 11995)
4(13938 13939 14020 14019)
4(11915 11996 14021 13940)
4(11995 14020 14021 11996)
4(13939 13940 14021 14020)
4(11916 11997 14022 13941)
4(11996 14021 14022 11997)
4(13940 13941 14022 14021)
4(11917 11998 14023 13942)
4(11997 14022 14023 11998)
4(13941 13942 14023 14022)
4(11918 11999 14024 13943)
4(11998 14023 14024 11999)
4(13942 13943 14024 14023)
4(11919 12000 14025 13944)
4(11999 14024 14025 12000)
4(13943 13944 14025 14024)
4(11920 12001 14026 13945)
4(12000 14025 14026 12001)
4(13944 13945 14026 14025)
4(11921 12002 14027 13946)
4(12001 14026 14027 12002)
4(13945 13946 14027 14026)
4(11922 12003 14028 13947)
4(12002 14027 14028 12003)
4(13946 13947 14028 14027)
4(11923 12004 14029 13948)
4(12003 14028 14029 12004)
4(13947 13948 14029 14028)
4(11924 12005 14030 13949)
4(12004 14029 14030 12005)
4(13948 13949 14030 14029)
4(11925 12006 14031 13950)
4(12005 14030 14031 12006)
4(13949 13950 14031 14030)
4(11926 12007 14032 13951)
4(12006 14031 14032 12007)
4(13950 13951 14032 14031)
4(11927 12008 14033 13952)
4(12007 14032 14033 12008)
4(13951 13952 14033 14032)
4(11928 12009 14034 13953)
4(12008 14033 14034 12009)
4(13952 13953 14034 14033)
4(11929 12010 14035 13954)
4(12009 14034 14035 12010)
4(13953 13954 14035 14034)
4(11930 12011 14036 13955)
4(12010 14035 14036 12011)
4(13954 13955 14036 14035)
4(11931 12012 14037 13956)
4(12011 14036 14037 12012)
4(13955 13956 14037 14036)
4(11932 12013 14038 13957)
4(12012 14037 14038 12013)
4(13956 13957 14038 14037)
4(11933 12014 14039 13958)
4(12013 14038 14039 12014)
4(13957 13958 14039 14038)
4(11934 12015 14040 13959)
4(12014 14039 14040 12015)
4(13958 13959 14040 14039)
4(11935 12016 14041 13960)
4(12015 14040 14041 12016)
4(13959 13960 14041 14040)
4(11936 12017 14042 13961)
4(12016 14041 14042 12017)
4(13960 13961 14042 14041)
4(11937 12018 14043 13962)
4(12017 14042 14043 12018)
4(13961 13962 14043 14042)
4(11938 12019 14044 13963)
4(12018 14043 14044 12019)
4(13962 13963 14044 14043)
4(11939 12020 14045 13964)
4(12019 14044 14045 12020)
4(13963 13964 14045 14044)
4(11940 12021 14046 13965)
4(12020 14045 14046 12021)
4(13964 13965 14046 14045)
4(11941 12022 14047 13966)
4(12021 14046 14047 12022)
4(13965 13966 14047 14046)
4(11942 12023 14048 13967)
4(12022 14047 14048 12023)
4(13966 13967 14048 14047)
4(11943 12024 14049 13968)
4(12023 14048 14049 12024)
4(13967 13968 14049 14048)
4(11944 12025 14050 13969)
4(12024 14049 14050 12025)
4(13968 13969 14050 14049)
4(11945 12026 14051 13970)
4(12025 14050 14051 12026)
4(13969 13970 14051 14050)
4(11946 12027 14052 13971)
4(12026 14051 14052 12027)
4(13970 13971 14052 14051)
4(11947 12028 14053 13972)
4(12027 14052 14053 12028)
4(13971 13972 14053 14052)
4(11948 12029 14054 13973)
4(12028 14053 14054 12029)
4(13972 13973 14054 14053)
4(11949 12030 14055 13974)
4(12029 14054 14055 12030)
4(13973 13974 14055 14054)
4(11950 12031 14056 13975)
4(12030 14055 14056 12031)
4(13974 13975 14056 14055)
4(11951 12032 14057 13976)
4(12031 14056 14057 12032)
4(13975 13976 14057 14056)
4(11952 12033 14058 13977)
4(12032 14057 14058 12033)
4(13976 13977 14058 14057)
4(11953 12034 14059 13978)
4(12033 14058 14059 12034)
4(13977 13978 14059 14058)
4(11954 12035 14060 13979)
4(12034 14059 14060 12035)
4(13978 13979 14060 14059)
4(11955 12036 14061 13980)
4(12035 14060 14061 12036)
4(13979 13980 14061 14060)
4(11956 12037 14062 13981)
4(12036 14061 14062 12037)
4(13980 13981 14062 14061)
4(11957 12038 14063 13982)
4(12037 14062 14063 12038)
4(13981 13982 14063 14062)
4(11958 12039 14064 13983)
4(12038 14063 14064 12039)
4(13982 13983 14064 14063)
4(11959 12040 14065 13984)
4(12039 14064 14065 12040)
4(13983 13984 14065 14064)
4(11960 12041 14066 13985)
4(12040 14065 14066 12041)
4(13984 13985 14066 14065)
4(11961 12042 14067 13986)
4(12041 14066 14067 12042)
4(13985 13986 14067 14066)
4(11962 12043 14068 13987)
4(12042 14067 14068 12043)
4(13986 13987 14068 14067)
4(11963 12044 14069 13988)
4(12043 14068 14069 12044)
4(13987 13988 14069 14068)
4(11964 12045 14070 13989)
4(12044 14069 14070 12045)
4(13988 13989 14070 14069)
4(11965 12046 14071 13990)
4(12045 14070 14071 12046)
4(13989 13990 14071 14070)
4(11966 12047 14072 13991)
4(12046 14071 14072 12047)
4(13990 13991 14072 14071)
4(11967 12048 14073 13992)
4(12047 14072 14073 12048)
4(13991 13992 14073 14072)
4(11968 12049 14074 13993)
4(12048 14073 14074 12049)
4(13992 13993 14074 14073)
4(11969 12050 14075 13994)
4(12049 14074 14075 12050)
4(13993 13994 14075 14074)
4(11970 12051 14076 13995)
4(12050 14075 14076 12051)
4(13994 13995 14076 14075)
4(11971 12052 14077 13996)
4(12051 14076 14077 12052)
4(13995 13996 14077 14076)
4(11972 12053 14078 13997)
4(12052 14077 14078 12053)
4(13996 13997 14078 14077)
4(11973 12054 14079 13998)
4(12053 14078 14079 12054)
4(13997 13998 14079 14078)
4(11974 12055 14080 13999)
4(12054 14079 14080 12055)
4(13998 13999 14080 14079)
4(11975 12056 14081 14000)
4(12055 14080 14081 12056)
4(13999 14000 14081 14080)
4(11976 12057 14082 14001)
4(12056 14081 14082 12057)
4(14000 14001 14082 14081)
4(11977 12058 14083 14002)
4(12057 14082 14083 12058)
4(14001 14002 14083 14082)
4(11978 12059 14084 14003)
4(12058 14083 14084 12059)
4(14002 14003 14084 14083)
4(11979 12060 14085 14004)
4(12059 14084 14085 12060)
4(14003 14004 14085 14084)
4(11980 12061 14086 14005)
4(12060 14085 14086 12061)
4(14004 14005 14086 14085)
4(11981 12062 14087 14006)
4(12061 14086 14087 12062)
4(14005 14006 14087 14086)
4(11982 12063 14088 14007)
4(12062 14087 14088 12063)
4(14006 14007 14088 14087)
4(11983 12064 14089 14008)
4(12063 14088 14089 12064)
4(14007 14008 14089 14088)
4(11984 12065 14090 14009)
4(12064 14089 14090 12065)
4(14008 14009 14090 14089)
4(11985 12066 14091 14010)
4(12065 14090 14091 12066)
4(14009 14010 14091 14090)
4(11986 12067 14092 14011)
4(12066 14091 14092 12067)
4(14010 14011 14092 14091)
4(12067 14092 14093 12068)
4(14011 14012 14093 14092)
4(11989 12070 14095 14014)
4(12069 14094 14095 12070)
4(14013 14014 14095 14094)
4(11990 12071 14096 14015)
4(12070 14095 14096 12071)
4(14014 14015 14096 14095)
4(11991 12072 14097 14016)
4(12071 14096 14097 12072)
4(14015 14016 14097 14096)
4(11992 12073 14098 14017)
4(12072 14097 14098 12073)
4(14016 14017 14098 14097)
4(11993 12074 14099 14018)
4(12073 14098 14099 12074)
4(14017 14018 14099 14098)
4(11994 12075 14100 14019)
4(12074 14099 14100 12075)
4(14018 14019 14100 14099)
4(11995 12076 14101 14020)
4(12075 14100 14101 12076)
4(14019 14020 14101 14100)
4(11996 12077 14102 14021)
4(12076 14101 14102 12077)
4(14020 14021 14102 14101)
4(11997 12078 14103 14022)
4(12077 14102 14103 12078)
4(14021 14022 14103 14102)
4(11998 12079 14104 14023)
4(12078 14103 14104 12079)
4(14022 14023 14104 14103)
4(11999 12080 14105 14024)
4(12079 14104 14105 12080)
4(14023 14024 14105 14104)
4(12000 12081 14106 14025)
4(12080 14105 14106 12081)
4(14024 14025 14106 14105)
4(12001 12082 14107 14026)
4(12081 14106 14107 12082)
4(14025 14026 14107 14106)
4(12002 12083 14108 14027)
4(12082 14107 14108 12083)
4(14026 14027 14108 14107)
4(12003 12084 14109 14028)
4(12083 14108 14109 12084)
4(14027 14028 14109 14108)
4(12004 12085 14110 14029)
4(12084 14109 14110 12085)
4(14028 14029 14110 14109)
4(12005 12086 14111 14030)
4(12085 14110 14111 12086)
4(14029 14030 14111 14110)
4(12006 12087 14112 14031)
4(12086 14111 14112 12087)
4(14030 14031 14112 14111)
4(12007 12088 14113 14032)
4(12087 14112 14113 12088)
4(14031 14032 14113 14112)
4(12008 12089 14114 14033)
4(12088 14113 14114 12089)
4(14032 14033 14114 14113)
4(12009 12090 14115 14034)
4(12089 14114 14115 12090)
4(14033 14034 14115 14114)
4(12010 12091 14116 14035)
4(12090 14115 14116 12091)
4(14034 14035 14116 14115)
4(12011 12092 14117 14036)
4(12091 14116 14117 12092)
4(14035 14036 14117 14116)
4(12012 12093 14118 14037)
4(12092 14117 14118 12093)
4(14036 14037 14118 14117)
4(12013 12094 14119 14038)
4(12093 14118 14119 12094)
4(14037 14038 14119 14118)
4(12014 12095 14120 14039)
4(12094 14119 14120 12095)
4(14038 14039 14120 14119)
4(12015 12096 14121 14040)
4(12095 14120 14121 12096)
4(14039 14040 14121 14120)
4(12016 12097 14122 14041)
4(12096 14121 14122 12097)
4(14040 14041 14122 14121)
4(12017 12098 14123 14042)
4(12097 14122 14123 12098)
4(14041 14042 14123 14122)
4(12018 12099 14124 14043)
4(12098 14123 14124 12099)
4(14042 14043 14124 14123)
4(12019 12100 14125 14044)
4(12099 14124 14125 12100)
4(14043 14044 14125 14124)
4(12020 12101 14126 14045)
4(12100 14125 14126 12101)
4(14044 14045 14126 14125)
4(12021 12102 14127 14046)
4(12101 14126 14127 12102)
4(14045 14046 14127 14126)
4(12022 12103 14128 14047)
4(12102 14127 14128 12103)
4(14046 14047 14128 14127)
4(12023 12104 14129 14048)
4(12103 14128 14129 12104)
4(14047 14048 14129 14128)
4(12024 12105 14130 14049)
4(12104 14129 14130 12105)
4(14048 14049 14130 14129)
4(12025 12106 14131 14050)
4(12105 14130 14131 12106)
4(14049 14050 14131 14130)
4(12026 12107 14132 14051)
4(12106 14131 14132 12107)
4(14050 14051 14132 14131)
4(12027 12108 14133 14052)
4(12107 14132 14133 12108)
4(14051 14052 14133 14132)
4(12028 12109 14134 14053)
4(12108 14133 14134 12109)
4(14052 14053 14134 14133)
4(12029 12110 14135 14054)
4(12109 14134 14135 12110)
4(14053 14054 14135 14134)
4(12030 12111 14136 14055)
4(12110 14135 14136 12111)
4(14054 14055 14136 14135)
4(12031 12112 14137 14056)
4(12111 14136 14137 12112)
4(14055 14056 14137 14136)
4(12032 12113 14138 14057)
4(12112 14137 14138 12113)
4(14056 14057 14138 14137)
4(12033 12114 14139 14058)
4(12113 14138 14139 12114)
4(14057 14058 14139 14138)
4(12034 12115 14140 14059)
4(12114 14139 14140 12115)
4(14058 14059 14140 14139)
4(12035 12116 14141 14060)
4(12115 14140 14141 12116)
4(14059 14060 14141 14140)
4(12036 12117 14142 14061)
4(12116 14141 14142 12117)
4(14060 14061 14142 14141)
4(12037 12118 14143 14062)
4(12117 14142 14143 12118)
4(14061 14062 14143 14142)
4(12038 12119 14144 14063)
4(12118 14143 14144 12119)
4(14062 14063 14144 14143)
4(12039 12120 14145 14064)
4(12119 14144 14145 12120)
4(14063 14064 14145 14144)
4(12040 12121 14146 14065)
4(12120 14145 14146 12121)
4(14064 14065 14146 14145)
4(12041 12122 14147 14066)
4(12121 14146 14147 12122)
4(14065 14066 14147 14146)
4(12042 12123 14148 14067)
4(12122 14147 14148 12123)
4(14066 14067 14148 14147)
4(12043 12124 14149 14068)
4(12123 14148 14149 12124)
4(14067 14068 14149 14148)
4(12044 12125 14150 14069)
4(12124 14149 14150 12125)
4(14068 14069 14150 14149)
4(12045 12126 14151 14070)
4(12125 14150 14151 12126)
4(14069 14070 14151 14150)
4(12046 12127 14152 14071)
4(12126 14151 14152 12127)
4(14070 14071 14152 14151)
4(12047 12128 14153 14072)
4(12127 14152 14153 12128)
4(14071 14072 14153 14152)
4(12048 12129 14154 14073)
4(12128 14153 14154 12129)
4(14072 14073 14154 14153)
4(12049 12130 14155 14074)
4(12129 14154 14155 12130)
4(14073 14074 14155 14154)
4(12050 12131 14156 14075)
4(12130 14155 14156 12131)
4(14074 14075 14156 14155)
4(12051 12132 14157 14076)
4(12131 14156 14157 12132)
4(14075 14076 14157 14156)
4(12052 12133 14158 14077)
4(12132 14157 14158 12133)
4(14076 14077 14158 14157)
4(12053 12134 14159 14078)
4(12133 14158 14159 12134)
4(14077 14078 14159 14158)
4(12054 12135 14160 14079)
4(12134 14159 14160 12135)
4(14078 14079 14160 14159)
4(12055 12136 14161 14080)
4(12135 14160 14161 12136)
4(14079 14080 14161 14160)
4(12056 12137 14162 14081)
4(12136 14161 14162 12137)
4(14080 14081 14162 14161)
4(12057 12138 14163 14082)
4(12137 14162 14163 12138)
4(14081 14082 14163 14162)
4(12058 12139 14164 14083)
4(12138 14163 14164 12139)
4(14082 14083 14164 14163)
4(12059 12140 14165 14084)
4(12139 14164 14165 12140)
4(14083 14084 14165 14164)
4(12060 12141 14166 14085)
4(12140 14165 14166 12141)
4(14084 14085 14166 14165)
4(12061 12142 14167 14086)
4(12141 14166 14167 12142)
4(14085 14086 14167 14166)
4(12062 12143 14168 14087)
4(12142 14167 14168 12143)
4(14086 14087 14168 14167)
4(12063 12144 14169 14088)
4(12143 14168 14169 12144)
4(14087 14088 14169 14168)
4(12064 12145 14170 14089)
4(12144 14169 14170 12145)
4(14088 14089 14170 14169)
4(12065 12146 14171 14090)
4(12145 14170 14171 12146)
4(14089 14090 14171 14170)
4(12066 12147 14172 14091)
4(12146 14171 14172 12147)
4(14090 14091 14172 14171)
4(12067 12148 14173 14092)
4(12147 14172 14173 12148)
4(14091 14092 14173 14172)
4(12148 14173 14174 12149)
4(14092 14093 14174 14173)
4(12070 12151 14176 14095)
4(12150 14175 14176 12151)
4(14094 14095 14176 14175)
4(12071 12152 14177 14096)
4(12151 14176 14177 12152)
4(14095 14096 14177 14176)
4(12072 12153 14178 14097)
4(12152 14177 14178 12153)
4(14096 14097 14178 14177)
4(12073 12154 14179 14098)
4(12153 14178 14179 12154)
4(14097 14098 14179 14178)
4(12074 12155 14180 14099)
4(12154 14179 14180 12155)
4(14098 14099 14180 14179)
4(12075 12156 14181 14100)
4(12155 14180 14181 12156)
4(14099 14100 14181 14180)
4(12076 12157 14182 14101)
4(12156 14181 14182 12157)
4(14100 14101 14182 14181)
4(12077 12158 14183 14102)
4(12157 14182 14183 12158)
4(14101 14102 14183 14182)
4(12078 12159 14184 14103)
4(12158 14183 14184 12159)
4(14102 14103 14184 14183)
4(12079 12160 14185 14104)
4(12159 14184 14185 12160)
4(14103 14104 14185 14184)
4(12080 12161 14186 14105)
4(12160 14185 14186 12161)
4(14104 14105 14186 14185)
4(12081 12162 14187 14106)
4(12161 14186 14187 12162)
4(14105 14106 14187 14186)
4(12082 12163 14188 14107)
4(12162 14187 14188 12163)
4(14106 14107 14188 14187)
4(12083 12164 14189 14108)
4(12163 14188 14189 12164)
4(14107 14108 14189 14188)
4(12084 12165 14190 14109)
4(12164 14189 14190 12165)
4(14108 14109 14190 14189)
4(12085 12166 14191 14110)
4(12165 14190 14191 12166)
4(14109 14110 14191 14190)
4(12086 12167 14192 14111)
4(12166 14191 14192 12167)
4(14110 14111 14192 14191)
4(12087 12168 14193 14112)
4(12167 14192 14193 12168)
4(14111 14112 14193 14192)
4(12088 12169 14194 14113)
4(12168 14193 14194 12169)
4(14112 14113 14194 14193)
4(12089 12170 14195 14114)
4(12169 14194 14195 12170)
4(14113 14114 14195 14194)
4(12090 12171 14196 14115)
4(12170 14195 14196 12171)
4(14114 14115 14196 14195)
4(12091 12172 14197 14116)
4(12171 14196 14197 12172)
4(14115 14116 14197 14196)
4(12092 12173 14198 14117)
4(12172 14197 14198 12173)
4(14116 14117 14198 14197)
4(12093 12174 14199 14118)
4(12173 14198 14199 12174)
4(14117 14118 14199 14198)
4(12094 12175 14200 14119)
4(12174 14199 14200 12175)
4(14118 14119 14200 14199)
4(12095 12176 14201 14120)
4(12175 14200 14201 12176)
4(14119 14120 14201 14200)
4(12096 12177 14202 14121)
4(12176 14201 14202 12177)
4(14120 14121 14202 14201)
4(12097 12178 14203 14122)
4(12177 14202 14203 12178)
4(14121 14122 14203 14202)
4(12098 12179 14204 14123)
4(12178 14203 14204 12179)
4(14122 14123 14204 14203)
4(12099 12180 14205 14124)
4(12179 14204 14205 12180)
4(14123 14124 14205 14204)
4(12100 12181 14206 14125)
4(12180 14205 14206 12181)
4(14124 14125 14206 14205)
4(12101 12182 14207 14126)
4(12181 14206 14207 12182)
4(14125 14126 14207 14206)
4(12102 12183 14208 14127)
4(12182 14207 14208 12183)
4(14126 14127 14208 14207)
4(12103 12184 14209 14128)
4(12183 14208 14209 12184)
4(14127 14128 14209 14208)
4(12104 12185 14210 14129)
4(12184 14209 14210 12185)
4(14128 14129 14210 14209)
4(12105 12186 14211 14130)
4(12185 14210 14211 12186)
4(14129 14130 14211 14210)
4(12106 12187 14212 14131)
4(12186 14211 14212 12187)
4(14130 14131 14212 14211)
4(12107 12188 14213 14132)
4(12187 14212 14213 12188)
4(14131 14132 14213 14212)
4(12108 12189 14214 14133)
4(12188 14213 14214 12189)
4(14132 14133 14214 14213)
4(12109 12190 14215 14134)
4(12189 14214 14215 12190)
4(14133 14134 14215 14214)
4(12110 12191 14216 14135)
4(12190 14215 14216 12191)
4(14134 14135 14216 14215)
4(12111 12192 14217 14136)
4(12191 14216 14217 12192)
4(14135 14136 14217 14216)
4(12112 12193 14218 14137)
4(12192 14217 14218 12193)
4(14136 14137 14218 14217)
4(12113 12194 14219 14138)
4(12193 14218 14219 12194)
4(14137 14138 14219 14218)
4(12114 12195 14220 14139)
4(12194 14219 14220 12195)
4(14138 14139 14220 14219)
4(12115 12196 14221 14140)
4(12195 14220 14221 12196)
4(14139 14140 14221 14220)
4(12116 12197 14222 14141)
4(12196 14221 14222 12197)
4(14140 14141 14222 14221)
4(12117 12198 14223 14142)
4(12197 14222 14223 12198)
4(14141 14142 14223 14222)
4(12118 12199 14224 14143)
4(12198 14223 14224 12199)
4(14142 14143 14224 14223)
4(12119 12200 14225 14144)
4(12199 14224 14225 12200)
4(14143 14144 14225 14224)
4(12120 12201 14226 14145)
4(12200 14225 14226 12201)
4(14144 14145 14226 14225)
4(12121 12202 14227 14146)
4(12201 14226 14227 12202)
4(14145 14146 14227 14226)
4(12122 12203 14228 14147)
4(12202 14227 14228 12203)
4(14146 14147 14228 14227)
4(12123 12204 14229 14148)
4(12203 14228 14229 12204)
4(14147 14148 14229 14228)
4(12124 12205 14230 14149)
4(12204 14229 14230 12205)
4(14148 14149 14230 14229)
4(12125 12206 14231 14150)
4(12205 14230 14231 12206)
4(14149 14150 14231 14230)
4(12126 12207 14232 14151)
4(12206 14231 14232 12207)
4(14150 14151 14232 14231)
4(12127 12208 14233 14152)
4(12207 14232 14233 12208)
4(14151 14152 14233 14232)
4(12128 12209 14234 14153)
4(12208 14233 14234 12209)
4(14152 14153 14234 14233)
4(12129 12210 14235 14154)
4(12209 14234 14235 12210)
4(14153 14154 14235 14234)
4(12130 12211 14236 14155)
4(12210 14235 14236 12211)
4(14154 14155 14236 14235)
4(12131 12212 14237 14156)
4(12211 14236 14237 12212)
4(14155 14156 14237 14236)
4(12132 12213 14238 14157)
4(12212 14237 14238 12213)
4(14156 14157 14238 14237)
4(12133 12214 14239 14158)
4(12213 14238 14239 12214)
4(14157 14158 14239 14238)
4(12134 12215 14240 14159)
4(12214 14239 14240 12215)
4(14158 14159 14240 14239)
4(12135 12216 14241 14160)
4(12215 14240 14241 12216)
4(14159 14160 14241 14240)
4(12136 12217 14242 14161)
4(12216 14241 14242 12217)
4(14160 14161 14242 14241)
4(12137 12218 14243 14162)
4(12217 14242 14243 12218)
4(14161 14162 14243 14242)
4(12138 12219 14244 14163)
4(12218 14243 14244 12219)
4(14162 14163 14244 14243)
4(12139 12220 14245 14164)
4(12219 14244 14245 12220)
4(14163 14164 14245 14244)
4(12140 12221 14246 14165)
4(12220 14245 14246 12221)
4(14164 14165 14246 14245)
4(12141 12222 14247 14166)
4(12221 14246 14247 12222)
4(14165 14166 14247 14246)
4(12142 12223 14248 14167)
4(12222 14247 14248 12223)
4(14166 14167 14248 14247)
4(12143 12224 14249 14168)
4(12223 14248 14249 12224)
4(14167 14168 14249 14248)
4(12144 12225 14250 14169)
4(12224 14249 14250 12225)
4(14168 14169 14250 14249)
4(12145 12226 14251 14170)
4(12225 14250 14251 12226)
4(14169 14170 14251 14250)
4(12146 12227 14252 14171)
4(12226 14251 14252 12227)
4(14170 14171 14252 14251)
4(12147 12228 14253 14172)
4(12227 14252 14253 12228)
4(14171 14172 14253 14252)
4(12148 12229 14254 14173)
4(12228 14253 14254 12229)
4(14172 14173 14254 14253)
4(12229 14254 14255 12230)
4(14173 14174 14255 14254)
4(12151 12232 14257 14176)
4(12231 14256 14257 12232)
4(14175 14176 14257 14256)
4(12152 12233 14258 14177)
4(12232 14257 14258 12233)
4(14176 14177 14258 14257)
4(12153 12234 14259 14178)
4(12233 14258 14259 12234)
4(14177 14178 14259 14258)
4(12154 12235 14260 14179)
4(12234 14259 14260 12235)
4(14178 14179 14260 14259)
4(12155 12236 14261 14180)
4(12235 14260 14261 12236)
4(14179 14180 14261 14260)
4(12156 12237 14262 14181)
4(12236 14261 14262 12237)
4(14180 14181 14262 14261)
4(12157 12238 14263 14182)
4(12237 14262 14263 12238)
4(14181 14182 14263 14262)
4(12158 12239 14264 14183)
4(12238 14263 14264 12239)
4(14182 14183 14264 14263)
4(12159 12240 14265 14184)
4(12239 14264 14265 12240)
4(14183 14184 14265 14264)
4(12160 12241 14266 14185)
4(12240 14265 14266 12241)
4(14184 14185 14266 14265)
4(12161 12242 14267 14186)
4(12241 14266 14267 12242)
4(14185 14186 14267 14266)
4(12162 12243 14268 14187)
4(12242 14267 14268 12243)
4(14186 14187 14268 14267)
4(12163 12244 14269 14188)
4(12243 14268 14269 12244)
4(14187 14188 14269 14268)
4(12164 12245 14270 14189)
4(12244 14269 14270 12245)
4(14188 14189 14270 14269)
4(12165 12246 14271 14190)
4(12245 14270 14271 12246)
4(14189 14190 14271 14270)
4(12166 12247 14272 14191)
4(12246 14271 14272 12247)
4(14190 14191 14272 14271)
4(12167 12248 14273 14192)
4(12247 14272 14273 12248)
4(14191 14192 14273 14272)
4(12168 12249 14274 14193)
4(12248 14273 14274 12249)
4(14192 14193 14274 14273)
4(12169 12250 14275 14194)
4(12249 14274 14275 12250)
4(14193 14194 14275 14274)
4(12170 12251 14276 14195)
4(12250 14275 14276 12251)
4(14194 14195 14276 14275)
4(12171 12252 14277 14196)
4(12251 14276 14277 12252)
4(14195 14196 14277 14276)
4(12172 12253 14278 14197)
4(12252 14277 14278 12253)
4(14196 14197 14278 14277)
4(12173 12254 14279 14198)
4(12253 14278 14279 12254)
4(14197 14198 14279 14278)
4(12174 12255 14280 14199)
4(12254 14279 14280 12255)
4(14198 14199 14280 14279)
4(12175 12256 14281 14200)
4(12255 14280 14281 12256)
4(14199 14200 14281 14280)
4(12176 12257 14282 14201)
4(12256 14281 14282 12257)
4(14200 14201 14282 14281)
4(12177 12258 14283 14202)
4(12257 14282 14283 12258)
4(14201 14202 14283 14282)
4(12178 12259 14284 14203)
4(12258 14283 14284 12259)
4(14202 14203 14284 14283)
4(12179 12260 14285 14204)
4(12259 14284 14285 12260)
4(14203 14204 14285 14284)
4(12180 12261 14286 14205)
4(12260 14285 14286 12261)
4(14204 14205 14286 14285)
4(12181 12262 14287 14206)
4(12261 14286 14287 12262)
4(14205 14206 14287 14286)
4(12182 12263 14288 14207)
4(12262 14287 14288 12263)
4(14206 14207 14288 14287)
4(12183 12264 14289 14208)
4(12263 14288 14289 12264)
4(14207 14208 14289 14288)
4(12184 12265 14290 14209)
4(12264 14289 14290 12265)
4(14208 14209 14290 14289)
4(12185 12266 14291 14210)
4(12265 14290 14291 12266)
4(14209 14210 14291 14290)
4(12186 12267 14292 14211)
4(12266 14291 14292 12267)
4(14210 14211 14292 14291)
4(12187 12268 14293 14212)
4(12267 14292 14293 12268)
4(14211 14212 14293 14292)
4(12188 12269 14294 14213)
4(12268 14293 14294 12269)
4(14212 14213 14294 14293)
4(12189 12270 14295 14214)
4(12269 14294 14295 12270)
4(14213 14214 14295 14294)
4(12190 12271 14296 14215)
4(12270 14295 14296 12271)
4(14214 14215 14296 14295)
4(12191 12272 14297 14216)
4(12271 14296 14297 12272)
4(14215 14216 14297 14296)
4(12192 12273 14298 14217)
4(12272 14297 14298 12273)
4(14216 14217 14298 14297)
4(12193 12274 14299 14218)
4(12273 14298 14299 12274)
4(14217 14218 14299 14298)
4(12194 12275 14300 14219)
4(12274 14299 14300 12275)
4(14218 14219 14300 14299)
4(12195 12276 14301 14220)
4(12275 14300 14301 12276)
4(14219 14220 14301 14300)
4(12196 12277 14302 14221)
4(12276 14301 14302 12277)
4(14220 14221 14302 14301)
4(12197 12278 14303 14222)
4(12277 14302 14303 12278)
4(14221 14222 14303 14302)
4(12198 12279 14304 14223)
4(12278 14303 14304 12279)
4(14222 14223 14304 14303)
4(12199 12280 14305 14224)
4(12279 14304 14305 12280)
4(14223 14224 14305 14304)
4(12200 12281 14306 14225)
4(12280 14305 14306 12281)
4(14224 14225 14306 14305)
4(12201 12282 14307 14226)
4(12281 14306 14307 12282)
4(14225 14226 14307 14306)
4(12202 12283 14308 14227)
4(12282 14307 14308 12283)
4(14226 14227 14308 14307)
4(12203 12284 14309 14228)
4(12283 14308 14309 12284)
4(14227 14228 14309 14308)
4(12204 12285 14310 14229)
4(12284 14309 14310 12285)
4(14228 14229 14310 14309)
4(12205 12286 14311 14230)
4(12285 14310 14311 12286)
4(14229 14230 14311 14310)
4(12206 12287 14312 14231)
4(12286 14311 14312 12287)
4(14230 14231 14312 14311)
4(12207 12288 14313 14232)
4(12287 14312 14313 12288)
4(14231 14232 14313 14312)
4(12208 12289 14314 14233)
4(12288 14313 14314 12289)
4(14232 14233 14314 14313)
4(12209 12290 14315 14234)
4(12289 14314 14315 12290)
4(14233 14234 14315 14314)
4(12210 12291 14316 14235)
4(12290 14315 14316 12291)
4(14234 14235 14316 14315)
4(12211 12292 14317 14236)
4(12291 14316 14317 12292)
4(14235 14236 14317 14316)
4(12212 12293 14318 14237)
4(12292 14317 14318 12293)
4(14236 14237 14318 14317)
4(12213 12294 14319 14238)
4(12293 14318 14319 12294)
4(14237 14238 14319 14318)
4(12214 12295 14320 14239)
4(12294 14319 14320 12295)
4(14238 14239 14320 14319)
4(12215 12296 14321 14240)
4(12295 14320 14321 12296)
4(14239 14240 14321 14320)
4(12216 12297 14322 14241)
4(12296 14321 14322 12297)
4(14240 14241 14322 14321)
4(12217 12298 14323 14242)
4(12297 14322 14323 12298)
4(14241 14242 14323 14322)
4(12218 12299 14324 14243)
4(12298 14323 14324 12299)
4(14242 14243 14324 14323)
4(12219 12300 14325 14244)
4(12299 14324 14325 12300)
4(14243 14244 14325 14324)
4(12220 12301 14326 14245)
4(12300 14325 14326 12301)
4(14244 14245 14326 14325)
4(12221 12302 14327 14246)
4(12301 14326 14327 12302)
4(14245 14246 14327 14326)
4(12222 12303 14328 14247)
4(12302 14327 14328 12303)
4(14246 14247 14328 14327)
4(12223 12304 14329 14248)
4(12303 14328 14329 12304)
4(14247 14248 14329 14328)
4(12224 12305 14330 14249)
4(12304 14329 14330 12305)
4(14248 14249 14330 14329)
4(12225 12306 14331 14250)
4(12305 14330 14331 12306)
4(14249 14250 14331 14330)
4(12226 12307 14332 14251)
4(12306 14331 14332 12307)
4(14250 14251 14332 14331)
4(12227 12308 14333 14252)
4(12307 14332 14333 12308)
4(14251 14252 14333 14332)
4(12228 12309 14334 14253)
4(12308 14333 14334 12309)
4(14252 14253 14334 14333)
4(12229 12310 14335 14254)
4(12309 14334 14335 12310)
4(14253 14254 14335 14334)
4(12310 14335 14336 12311)
4(14254 14255 14336 14335)
4(12232 12313 14338 14257)
4(12312 14337 14338 12313)
4(14256 14257 14338 14337)
4(12233 12314 14339 14258)
4(12313 14338 14339 12314)
4(14257 14258 14339 14338)
4(12234 12315 14340 14259)
4(12314 14339 14340 12315)
4(14258 14259 14340 14339)
4(12235 12316 14341 14260)
4(12315 14340 14341 12316)
4(14259 14260 14341 14340)
4(12236 12317 14342 14261)
4(12316 14341 14342 12317)
4(14260 14261 14342 14341)
4(12237 12318 14343 14262)
4(12317 14342 14343 12318)
4(14261 14262 14343 14342)
4(12238 12319 14344 14263)
4(12318 14343 14344 12319)
4(14262 14263 14344 14343)
4(12239 12320 14345 14264)
4(12319 14344 14345 12320)
4(14263 14264 14345 14344)
4(12240 12321 14346 14265)
4(12320 14345 14346 12321)
4(14264 14265 14346 14345)
4(12241 12322 14347 14266)
4(12321 14346 14347 12322)
4(14265 14266 14347 14346)
4(12242 12323 14348 14267)
4(12322 14347 14348 12323)
4(14266 14267 14348 14347)
4(12243 12324 14349 14268)
4(12323 14348 14349 12324)
4(14267 14268 14349 14348)
4(12244 12325 14350 14269)
4(12324 14349 14350 12325)
4(14268 14269 14350 14349)
4(12245 12326 14351 14270)
4(12325 14350 14351 12326)
4(14269 14270 14351 14350)
4(12246 12327 14352 14271)
4(12326 14351 14352 12327)
4(14270 14271 14352 14351)
4(12247 12328 14353 14272)
4(12327 14352 14353 12328)
4(14271 14272 14353 14352)
4(12248 12329 14354 14273)
4(12328 14353 14354 12329)
4(14272 14273 14354 14353)
4(12249 12330 14355 14274)
4(12329 14354 14355 12330)
4(14273 14274 14355 14354)
4(12250 12331 14356 14275)
4(12330 14355 14356 12331)
4(14274 14275 14356 14355)
4(12251 12332 14357 14276)
4(12331 14356 14357 12332)
4(14275 14276 14357 14356)
4(12252 12333 14358 14277)
4(12332 14357 14358 12333)
4(14276 14277 14358 14357)
4(12253 12334 14359 14278)
4(12333 14358 14359 12334)
4(14277 14278 14359 14358)
4(12254 12335 14360 14279)
4(12334 14359 14360 12335)
4(14278 14279 14360 14359)
4(12255 12336 14361 14280)
4(12335 14360 14361 12336)
4(14279 14280 14361 14360)
4(12256 12337 14362 14281)
4(12336 14361 14362 12337)
4(14280 14281 14362 14361)
4(12257 12338 14363 14282)
4(12337 14362 14363 12338)
4(14281 14282 14363 14362)
4(12258 12339 14364 14283)
4(12338 14363 14364 12339)
4(14282 14283 14364 14363)
4(12259 12340 14365 14284)
4(12339 14364 14365 12340)
4(14283 14284 14365 14364)
4(12260 12341 14366 14285)
4(12340 14365 14366 12341)
4(14284 14285 14366 14365)
4(12261 12342 14367 14286)
4(12341 14366 14367 12342)
4(14285 14286 14367 14366)
4(12262 12343 14368 14287)
4(12342 14367 14368 12343)
4(14286 14287 14368 14367)
4(12263 12344 14369 14288)
4(12343 14368 14369 12344)
4(14287 14288 14369 14368)
4(12264 12345 14370 14289)
4(12344 14369 14370 12345)
4(14288 14289 14370 14369)
4(12265 12346 14371 14290)
4(12345 14370 14371 12346)
4(14289 14290 14371 14370)
4(12266 12347 14372 14291)
4(12346 14371 14372 12347)
4(14290 14291 14372 14371)
4(12267 12348 14373 14292)
4(12347 14372 14373 12348)
4(14291 14292 14373 14372)
4(12268 12349 14374 14293)
4(12348 14373 14374 12349)
4(14292 14293 14374 14373)
4(12269 12350 14375 14294)
4(12349 14374 14375 12350)
4(14293 14294 14375 14374)
4(12270 12351 14376 14295)
4(12350 14375 14376 12351)
4(14294 14295 14376 14375)
4(12271 12352 14377 14296)
4(12351 14376 14377 12352)
4(14295 14296 14377 14376)
4(12272 12353 14378 14297)
4(12352 14377 14378 12353)
4(14296 14297 14378 14377)
4(12273 12354 14379 14298)
4(12353 14378 14379 12354)
4(14297 14298 14379 14378)
4(12274 12355 14380 14299)
4(12354 14379 14380 12355)
4(14298 14299 14380 14379)
4(12275 12356 14381 14300)
4(12355 14380 14381 12356)
4(14299 14300 14381 14380)
4(12276 12357 14382 14301)
4(12356 14381 14382 12357)
4(14300 14301 14382 14381)
4(12277 12358 14383 14302)
4(12357 14382 14383 12358)
4(14301 14302 14383 14382)
4(12278 12359 14384 14303)
4(12358 14383 14384 12359)
4(14302 14303 14384 14383)
4(12279 12360 14385 14304)
4(12359 14384 14385 12360)
4(14303 14304 14385 14384)
4(12280 12361 14386 14305)
4(12360 14385 14386 12361)
4(14304 14305 14386 14385)
4(12281 12362 14387 14306)
4(12361 14386 14387 12362)
4(14305 14306 14387 14386)
4(12282 12363 14388 14307)
4(12362 14387 14388 12363)
4(14306 14307 14388 14387)
4(12283 12364 14389 14308)
4(12363 14388 14389 12364)
4(14307 14308 14389 14388)
4(12284 12365 14390 14309)
4(12364 14389 14390 12365)
4(14308 14309 14390 14389)
4(12285 12366 14391 14310)
4(12365 14390 14391 12366)
4(14309 14310 14391 14390)
4(12286 12367 14392 14311)
4(12366 14391 14392 12367)
4(14310 14311 14392 14391)
4(12287 12368 14393 14312)
4(12367 14392 14393 12368)
4(14311 14312 14393 14392)
4(12288 12369 14394 14313)
4(12368 14393 14394 12369)
4(14312 14313 14394 14393)
4(12289 12370 14395 14314)
4(12369 14394 14395 12370)
4(14313 14314 14395 14394)
4(12290 12371 14396 14315)
4(12370 14395 14396 12371)
4(14314 14315 14396 14395)
4(12291 12372 14397 14316)
4(12371 14396 14397 12372)
4(14315 14316 14397 14396)
4(12292 12373 14398 14317)
4(12372 14397 14398 12373)
4(14316 14317 14398 14397)
4(12293 12374 14399 14318)
4(12373 14398 14399 12374)
4(14317 14318 14399 14398)
4(12294 12375 14400 14319)
4(12374 14399 14400 12375)
4(14318 14319 14400 14399)
4(12295 12376 14401 14320)
4(12375 14400 14401 12376)
4(14319 14320 14401 14400)
4(12296 12377 14402 14321)
4(12376 14401 14402 12377)
4(14320 14321 14402 14401)
4(12297 12378 14403 14322)
4(12377 14402 14403 12378)
4(14321 14322 14403 14402)
4(12298 12379 14404 14323)
4(12378 14403 14404 12379)
4(14322 14323 14404 14403)
4(12299 12380 14405 14324)
4(12379 14404 14405 12380)
4(14323 14324 14405 14404)
4(12300 12381 14406 14325)
4(12380 14405 14406 12381)
4(14324 14325 14406 14405)
4(12301 12382 14407 14326)
4(12381 14406 14407 12382)
4(14325 14326 14407 14406)
4(12302 12383 14408 14327)
4(12382 14407 14408 12383)
4(14326 14327 14408 14407)
4(12303 12384 14409 14328)
4(12383 14408 14409 12384)
4(14327 14328 14409 14408)
4(12304 12385 14410 14329)
4(12384 14409 14410 12385)
4(14328 14329 14410 14409)
4(12305 12386 14411 14330)
4(12385 14410 14411 12386)
4(14329 14330 14411 14410)
4(12306 12387 14412 14331)
4(12386 14411 14412 12387)
4(14330 14331 14412 14411)
4(12307 12388 14413 14332)
4(12387 14412 14413 12388)
4(14331 14332 14413 14412)
4(12308 12389 14414 14333)
4(12388 14413 14414 12389)
4(14332 14333 14414 14413)
4(12309 12390 14415 14334)
4(12389 14414 14415 12390)
4(14333 14334 14415 14414)
4(12310 12391 14416 14335)
4(12390 14415 14416 12391)
4(14334 14335 14416 14415)
4(12391 14416 14417 12392)
4(14335 14336 14417 14416)
4(12313 12394 14419 14338)
4(14337 14338 14419 14418)
4(12314 12395 14420 14339)
4(14338 14339 14420 14419)
4(12315 12396 14421 14340)
4(14339 14340 14421 14420)
4(12316 12397 14422 14341)
4(14340 14341 14422 14421)
4(12317 12398 14423 14342)
4(14341 14342 14423 14422)
4(12318 12399 14424 14343)
4(14342 14343 14424 14423)
4(12319 12400 14425 14344)
4(14343 14344 14425 14424)
4(12320 12401 14426 14345)
4(14344 14345 14426 14425)
4(12321 12402 14427 14346)
4(14345 14346 14427 14426)
4(12322 12403 14428 14347)
4(14346 14347 14428 14427)
4(12323 12404 14429 14348)
4(14347 14348 14429 14428)
4(12324 12405 14430 14349)
4(14348 14349 14430 14429)
4(12325 12406 14431 14350)
4(14349 14350 14431 14430)
4(12326 12407 14432 14351)
4(14350 14351 14432 14431)
4(12327 12408 14433 14352)
4(14351 14352 14433 14432)
4(12328 12409 14434 14353)
4(14352 14353 14434 14433)
4(12329 12410 14435 14354)
4(14353 14354 14435 14434)
4(12330 12411 14436 14355)
4(14354 14355 14436 14435)
4(12331 12412 14437 14356)
4(14355 14356 14437 14436)
4(12332 12413 14438 14357)
4(14356 14357 14438 14437)
4(12333 12414 14439 14358)
4(14357 14358 14439 14438)
4(12334 12415 14440 14359)
4(14358 14359 14440 14439)
4(12335 12416 14441 14360)
4(14359 14360 14441 14440)
4(12336 12417 14442 14361)
4(14360 14361 14442 14441)
4(12337 12418 14443 14362)
4(14361 14362 14443 14442)
4(12338 12419 14444 14363)
4(14362 14363 14444 14443)
4(12339 12420 14445 14364)
4(14363 14364 14445 14444)
4(12340 12421 14446 14365)
4(14364 14365 14446 14445)
4(12341 12422 14447 14366)
4(14365 14366 14447 14446)
4(12342 12423 14448 14367)
4(14366 14367 14448 14447)
4(12343 12424 14449 14368)
4(14367 14368 14449 14448)
4(12344 12425 14450 14369)
4(14368 14369 14450 14449)
4(12345 12426 14451 14370)
4(14369 14370 14451 14450)
4(12346 12427 14452 14371)
4(14370 14371 14452 14451)
4(12347 12428 14453 14372)
4(14371 14372 14453 14452)
4(12348 12429 14454 14373)
4(14372 14373 14454 14453)
4(12349 12430 14455 14374)
4(14373 14374 14455 14454)
4(12350 12431 14456 14375)
4(14374 14375 14456 14455)
4(12351 12432 14457 14376)
4(14375 14376 14457 14456)
4(12352 12433 14458 14377)
4(14376 14377 14458 14457)
4(12353 12434 14459 14378)
4(14377 14378 14459 14458)
4(12354 12435 14460 14379)
4(14378 14379 14460 14459)
4(12355 12436 14461 14380)
4(14379 14380 14461 14460)
4(12356 12437 14462 14381)
4(14380 14381 14462 14461)
4(12357 12438 14463 14382)
4(14381 14382 14463 14462)
4(12358 12439 14464 14383)
4(14382 14383 14464 14463)
4(12359 12440 14465 14384)
4(14383 14384 14465 14464)
4(12360 12441 14466 14385)
4(14384 14385 14466 14465)
4(12361 12442 14467 14386)
4(14385 14386 14467 14466)
4(12362 12443 14468 14387)
4(14386 14387 14468 14467)
4(12363 12444 14469 14388)
4(14387 14388 14469 14468)
4(12364 12445 14470 14389)
4(14388 14389 14470 14469)
4(12365 12446 14471 14390)
4(14389 14390 14471 14470)
4(12366 12447 14472 14391)
4(14390 14391 14472 14471)
4(12367 12448 14473 14392)
4(14391 14392 14473 14472)
4(12368 12449 14474 14393)
4(14392 14393 14474 14473)
4(12369 12450 14475 14394)
4(14393 14394 14475 14474)
4(12370 12451 14476 14395)
4(14394 14395 14476 14475)
4(12371 12452 14477 14396)
4(14395 14396 14477 14476)
4(12372 12453 14478 14397)
4(14396 14397 14478 14477)
4(12373 12454 14479 14398)
4(14397 14398 14479 14478)
4(12374 12455 14480 14399)
4(14398 14399 14480 14479)
4(12375 12456 14481 14400)
4(14399 14400 14481 14480)
4(12376 12457 14482 14401)
4(14400 14401 14482 14481)
4(12377 12458 14483 14402)
4(14401 14402 14483 14482)
4(12378 12459 14484 14403)
4(14402 14403 14484 14483)
4(12379 12460 14485 14404)
4(14403 14404 14485 14484)
4(12380 12461 14486 14405)
4(14404 14405 14486 14485)
4(12381 12462 14487 14406)
4(14405 14406 14487 14486)
4(12382 12463 14488 14407)
4(14406 14407 14488 14487)
4(12383 12464 14489 14408)
4(14407 14408 14489 14488)
4(12384 12465 14490 14409)
4(14408 14409 14490 14489)
4(12385 12466 14491 14410)
4(14409 14410 14491 14490)
4(12386 12467 14492 14411)
4(14410 14411 14492 14491)
4(12387 12468 14493 14412)
4(14411 14412 14493 14492)
4(12388 12469 14494 14413)
4(14412 14413 14494 14493)
4(12389 12470 14495 14414)
4(14413 14414 14495 14494)
4(12390 12471 14496 14415)
4(14414 14415 14496 14495)
4(12391 12472 14497 14416)
4(14415 14416 14497 14496)
4(14416 14417 14498 14497)
4(6238 12475 14500 8344)
4(12474 14499 14500 12475)
4(6239 12476 14501 8345)
4(12475 14500 14501 12476)
4(6240 12477 14502 8346)
4(12476 14501 14502 12477)
4(6241 12478 14503 8347)
4(12477 14502 14503 12478)
4(6242 12479 14504 8348)
4(12478 14503 14504 12479)
4(6243 12480 14505 8349)
4(12479 14504 14505 12480)
4(6244 12481 14506 8350)
4(12480 14505 14506 12481)
4(6245 12482 14507 8351)
4(12481 14506 14507 12482)
4(6246 12483 14508 8352)
4(12482 14507 14508 12483)
4(6247 12484 14509 8353)
4(12483 14508 14509 12484)
4(6248 12485 14510 8354)
4(12484 14509 14510 12485)
4(6249 12486 14511 8355)
4(12485 14510 14511 12486)
4(6250 12487 14512 8356)
4(12486 14511 14512 12487)
4(6251 12488 14513 8357)
4(12487 14512 14513 12488)
4(6252 12489 14514 8358)
4(12488 14513 14514 12489)
4(6253 12490 14515 8359)
4(12489 14514 14515 12490)
4(6254 12491 14516 8360)
4(12490 14515 14516 12491)
4(6255 12492 14517 8361)
4(12491 14516 14517 12492)
4(6256 12493 14518 8362)
4(12492 14517 14518 12493)
4(6257 12494 14519 8363)
4(12493 14518 14519 12494)
4(6258 12495 14520 8364)
4(12494 14519 14520 12495)
4(6259 12496 14521 8365)
4(12495 14520 14521 12496)
4(6260 12497 14522 8366)
4(12496 14521 14522 12497)
4(6261 12498 14523 8367)
4(12497 14522 14523 12498)
4(6262 12499 14524 8368)
4(12498 14523 14524 12499)
4(6263 12500 14525 8369)
4(12499 14524 14525 12500)
4(6264 12501 14526 8370)
4(12500 14525 14526 12501)
4(6265 12502 14527 8371)
4(12501 14526 14527 12502)
4(6266 12503 14528 8372)
4(12502 14527 14528 12503)
4(6267 12504 14529 8373)
4(12503 14528 14529 12504)
4(6268 12505 14530 8374)
4(12504 14529 14530 12505)
4(6269 12506 14531 8375)
4(12505 14530 14531 12506)
4(6270 12507 14532 8376)
4(12506 14531 14532 12507)
4(6271 12508 14533 8377)
4(12507 14532 14533 12508)
4(6272 12509 14534 8378)
4(12508 14533 14534 12509)
4(6273 12510 14535 8379)
4(12509 14534 14535 12510)
4(6274 12511 14536 8380)
4(12510 14535 14536 12511)
4(6275 12512 14537 8381)
4(12511 14536 14537 12512)
4(6276 12513 14538 8382)
4(12512 14537 14538 12513)
4(6277 12514 14539 8383)
4(12513 14538 14539 12514)
4(6278 12515 14540 8384)
4(12514 14539 14540 12515)
4(6279 12516 14541 8385)
4(12515 14540 14541 12516)
4(6280 12517 14542 8386)
4(12516 14541 14542 12517)
4(6281 12518 14543 8387)
4(12517 14542 14543 12518)
4(6282 12519 14544 8388)
4(12518 14543 14544 12519)
4(6283 12520 14545 8389)
4(12519 14544 14545 12520)
4(6284 12521 14546 8390)
4(12520 14545 14546 12521)
4(6285 12522 14547 8391)
4(12521 14546 14547 12522)
4(6286 12523 14548 8392)
4(12522 14547 14548 12523)
4(6287 12524 14549 8393)
4(12523 14548 14549 12524)
4(6288 12525 14550 8394)
4(12524 14549 14550 12525)
4(6289 12526 14551 8395)
4(12525 14550 14551 12526)
4(6290 12527 14552 8396)
4(12526 14551 14552 12527)
4(6291 12528 14553 8397)
4(12527 14552 14553 12528)
4(6292 12529 14554 8398)
4(12528 14553 14554 12529)
4(6293 12530 14555 8399)
4(12529 14554 14555 12530)
4(6294 12531 14556 8400)
4(12530 14555 14556 12531)
4(6295 12532 14557 8401)
4(12531 14556 14557 12532)
4(6296 12533 14558 8402)
4(12532 14557 14558 12533)
4(6297 12534 14559 8403)
4(12533 14558 14559 12534)
4(6298 12535 14560 8404)
4(12534 14559 14560 12535)
4(6299 12536 14561 8405)
4(12535 14560 14561 12536)
4(6300 12537 14562 8406)
4(12536 14561 14562 12537)
4(6301 12538 14563 8407)
4(12537 14562 14563 12538)
4(6302 12539 14564 8408)
4(12538 14563 14564 12539)
4(6303 12540 14565 8409)
4(12539 14564 14565 12540)
4(6304 12541 14566 8410)
4(12540 14565 14566 12541)
4(6305 12542 14567 8411)
4(12541 14566 14567 12542)
4(6306 12543 14568 8412)
4(12542 14567 14568 12543)
4(6307 12544 14569 8413)
4(12543 14568 14569 12544)
4(6308 12545 14570 8414)
4(12544 14569 14570 12545)
4(6309 12546 14571 8415)
4(12545 14570 14571 12546)
4(6310 12547 14572 8416)
4(12546 14571 14572 12547)
4(6311 12548 14573 8417)
4(12547 14572 14573 12548)
4(6312 12549 14574 8418)
4(12548 14573 14574 12549)
4(6313 12550 14575 8419)
4(12549 14574 14575 12550)
4(6314 12551 14576 8420)
4(12550 14575 14576 12551)
4(6315 12552 14577 8421)
4(12551 14576 14577 12552)
4(6316 12553 14578 8422)
4(12552 14577 14578 12553)
4(12553 14578 14579 12554)
4(12475 12556 14581 14500)
4(12555 14580 14581 12556)
4(12476 12557 14582 14501)
4(12556 14581 14582 12557)
4(12477 12558 14583 14502)
4(12557 14582 14583 12558)
4(12478 12559 14584 14503)
4(12558 14583 14584 12559)
4(12479 12560 14585 14504)
4(12559 14584 14585 12560)
4(12480 12561 14586 14505)
4(12560 14585 14586 12561)
4(12481 12562 14587 14506)
4(12561 14586 14587 12562)
4(12482 12563 14588 14507)
4(12562 14587 14588 12563)
4(12483 12564 14589 14508)
4(12563 14588 14589 12564)
4(12484 12565 14590 14509)
4(12564 14589 14590 12565)
4(12485 12566 14591 14510)
4(12565 14590 14591 12566)
4(12486 12567 14592 14511)
4(12566 14591 14592 12567)
4(12487 12568 14593 14512)
4(12567 14592 14593 12568)
4(12488 12569 14594 14513)
4(12568 14593 14594 12569)
4(12489 12570 14595 14514)
4(12569 14594 14595 12570)
4(12490 12571 14596 14515)
4(12570 14595 14596 12571)
4(12491 12572 14597 14516)
4(12571 14596 14597 12572)
4(12492 12573 14598 14517)
4(12572 14597 14598 12573)
4(12493 12574 14599 14518)
4(12573 14598 14599 12574)
4(12494 12575 14600 14519)
4(12574 14599 14600 12575)
4(12495 12576 14601 14520)
4(12575 14600 14601 12576)
4(12496 12577 14602 14521)
4(12576 14601 14602 12577)
4(12497 12578 14603 14522)
4(12577 14602 14603 12578)
4(12498 12579 14604 14523)
4(12578 14603 14604 12579)
4(12499 12580 14605 14524)
4(12579 14604 14605 12580)
4(12500 12581 14606 14525)
4(12580 14605 14606 12581)
4(12501 12582 14607 14526)
4(12581 14606 14607 12582)
4(12502 12583 14608 14527)
4(12582 14607 14608 12583)
4(12503 12584 14609 14528)
4(12583 14608 14609 12584)
4(12504 12585 14610 14529)
4(12584 14609 14610 12585)
4(12505 12586 14611 14530)
4(12585 14610 14611 12586)
4(12506 12587 14612 14531)
4(12586 14611 14612 12587)
4(12507 12588 14613 14532)
4(12587 14612 14613 12588)
4(12508 12589 14614 14533)
4(12588 14613 14614 12589)
4(12509 12590 14615 14534)
4(12589 14614 14615 12590)
4(12510 12591 14616 14535)
4(12590 14615 14616 12591)
4(12511 12592 14617 14536)
4(12591 14616 14617 12592)
4(12512 12593 14618 14537)
4(12592 14617 14618 12593)
4(12513 12594 14619 14538)
4(12593 14618 14619 12594)
4(12514 12595 14620 14539)
4(12594 14619 14620 12595)
4(12515 12596 14621 14540)
4(12595 14620 14621 12596)
4(12516 12597 14622 14541)
4(12596 14621 14622 12597)
4(12517 12598 14623 14542)
4(12597 14622 14623 12598)
4(12518 12599 14624 14543)
4(12598 14623 14624 12599)
4(12519 12600 14625 14544)
4(12599 14624 14625 12600)
4(12520 12601 14626 14545)
4(12600 14625 14626 12601)
4(12521 12602 14627 14546)
4(12601 14626 14627 12602)
4(12522 12603 14628 14547)
4(12602 14627 14628 12603)
4(12523 12604 14629 14548)
4(12603 14628 14629 12604)
4(12524 12605 14630 14549)
4(12604 14629 14630 12605)
4(12525 12606 14631 14550)
4(12605 14630 14631 12606)
4(12526 12607 14632 14551)
4(12606 14631 14632 12607)
4(12527 12608 14633 14552)
4(12607 14632 14633 12608)
4(12528 12609 14634 14553)
4(12608 14633 14634 12609)
4(12529 12610 14635 14554)
4(12609 14634 14635 12610)
4(12530 12611 14636 14555)
4(12610 14635 14636 12611)
4(12531 12612 14637 14556)
4(12611 14636 14637 12612)
4(12532 12613 14638 14557)
4(12612 14637 14638 12613)
4(12533 12614 14639 14558)
4(12613 14638 14639 12614)
4(12534 12615 14640 14559)
4(12614 14639 14640 12615)
4(12535 12616 14641 14560)
4(12615 14640 14641 12616)
4(12536 12617 14642 14561)
4(12616 14641 14642 12617)
4(12537 12618 14643 14562)
4(12617 14642 14643 12618)
4(12538 12619 14644 14563)
4(12618 14643 14644 12619)
4(12539 12620 14645 14564)
4(12619 14644 14645 12620)
4(12540 12621 14646 14565)
4(12620 14645 14646 12621)
4(12541 12622 14647 14566)
4(12621 14646 14647 12622)
4(12542 12623 14648 14567)
4(12622 14647 14648 12623)
4(12543 12624 14649 14568)
4(12623 14648 14649 12624)
4(12544 12625 14650 14569)
4(12624 14649 14650 12625)
4(12545 12626 14651 14570)
4(12625 14650 14651 12626)
4(12546 12627 14652 14571)
4(12626 14651 14652 12627)
4(12547 12628 14653 14572)
4(12627 14652 14653 12628)
4(12548 12629 14654 14573)
4(12628 14653 14654 12629)
4(12549 12630 14655 14574)
4(12629 14654 14655 12630)
4(12550 12631 14656 14575)
4(12630 14655 14656 12631)
4(12551 12632 14657 14576)
4(12631 14656 14657 12632)
4(12552 12633 14658 14577)
4(12632 14657 14658 12633)
4(12553 12634 14659 14578)
4(12633 14658 14659 12634)
4(12634 14659 14660 12635)
4(12556 12637 14662 14581)
4(12636 14661 14662 12637)
4(12557 12638 14663 14582)
4(12637 14662 14663 12638)
4(12558 12639 14664 14583)
4(12638 14663 14664 12639)
4(12559 12640 14665 14584)
4(12639 14664 14665 12640)
4(12560 12641 14666 14585)
4(12640 14665 14666 12641)
4(12561 12642 14667 14586)
4(12641 14666 14667 12642)
4(12562 12643 14668 14587)
4(12642 14667 14668 12643)
4(12563 12644 14669 14588)
4(12643 14668 14669 12644)
4(12564 12645 14670 14589)
4(12644 14669 14670 12645)
4(12565 12646 14671 14590)
4(12645 14670 14671 12646)
4(12566 12647 14672 14591)
4(12646 14671 14672 12647)
4(12567 12648 14673 14592)
4(12647 14672 14673 12648)
4(12568 12649 14674 14593)
4(12648 14673 14674 12649)
4(12569 12650 14675 14594)
4(12649 14674 14675 12650)
4(12570 12651 14676 14595)
4(12650 14675 14676 12651)
4(12571 12652 14677 14596)
4(12651 14676 14677 12652)
4(12572 12653 14678 14597)
4(12652 14677 14678 12653)
4(12573 12654 14679 14598)
4(12653 14678 14679 12654)
4(12574 12655 14680 14599)
4(12654 14679 14680 12655)
4(12575 12656 14681 14600)
4(12655 14680 14681 12656)
4(12576 12657 14682 14601)
4(12656 14681 14682 12657)
4(12577 12658 14683 14602)
4(12657 14682 14683 12658)
4(12578 12659 14684 14603)
4(12658 14683 14684 12659)
4(12579 12660 14685 14604)
4(12659 14684 14685 12660)
4(12580 12661 14686 14605)
4(12660 14685 14686 12661)
4(12581 12662 14687 14606)
4(12661 14686 14687 12662)
4(12582 12663 14688 14607)
4(12662 14687 14688 12663)
4(12583 12664 14689 14608)
4(12663 14688 14689 12664)
4(12584 12665 14690 14609)
4(12664 14689 14690 12665)
4(12585 12666 14691 14610)
4(12665 14690 14691 12666)
4(12586 12667 14692 14611)
4(12666 14691 14692 12667)
4(12587 12668 14693 14612)
4(12667 14692 14693 12668)
4(12588 12669 14694 14613)
4(12668 14693 14694 12669)
4(12589 12670 14695 14614)
4(12669 14694 14695 12670)
4(12590 12671 14696 14615)
4(12670 14695 14696 12671)
4(12591 12672 14697 14616)
4(12671 14696 14697 12672)
4(12592 12673 14698 14617)
4(12672 14697 14698 12673)
4(12593 12674 14699 14618)
4(12673 14698 14699 12674)
4(12594 12675 14700 14619)
4(12674 14699 14700 12675)
4(12595 12676 14701 14620)
4(12675 14700 14701 12676)
4(12596 12677 14702 14621)
4(12676 14701 14702 12677)
4(12597 12678 14703 14622)
4(12677 14702 14703 12678)
4(12598 12679 14704 14623)
4(12678 14703 14704 12679)
4(12599 12680 14705 14624)
4(12679 14704 14705 12680)
4(12600 12681 14706 14625)
4(12680 14705 14706 12681)
4(12601 12682 14707 14626)
4(12681 14706 14707 12682)
4(12602 12683 14708 14627)
4(12682 14707 14708 12683)
4(12603 12684 14709 14628)
4(12683 14708 14709 12684)
4(12604 12685 14710 14629)
4(12684 14709 14710 12685)
4(12605 12686 14711 14630)
4(12685 14710 14711 12686)
4(12606 12687 14712 14631)
4(12686 14711 14712 12687)
4(12607 12688 14713 14632)
4(12687 14712 14713 12688)
4(12608 12689 14714 14633)
4(12688 14713 14714 12689)
4(12609 12690 14715 14634)
4(12689 14714 14715 12690)
4(12610 12691 14716 14635)
4(12690 14715 14716 12691)
4(12611 12692 14717 14636)
4(12691 14716 14717 12692)
4(12612 12693 14718 14637)
4(12692 14717 14718 12693)
4(12613 12694 14719 14638)
4(12693 14718 14719 12694)
4(12614 12695 14720 14639)
4(12694 14719 14720 12695)
4(12615 12696 14721 14640)
4(12695 14720 14721 12696)
4(12616 12697 14722 14641)
4(12696 14721 14722 12697)
4(12617 12698 14723 14642)
4(12697 14722 14723 12698)
4(12618 12699 14724 14643)
4(12698 14723 14724 12699)
4(12619 12700 14725 14644)
4(12699 14724 14725 12700)
4(12620 12701 14726 14645)
4(12700 14725 14726 12701)
4(12621 12702 14727 14646)
4(12701 14726 14727 12702)
4(12622 12703 14728 14647)
4(12702 14727 14728 12703)
4(12623 12704 14729 14648)
4(12703 14728 14729 12704)
4(12624 12705 14730 14649)
4(12704 14729 14730 12705)
4(12625 12706 14731 14650)
4(12705 14730 14731 12706)
4(12626 12707 14732 14651)
4(12706 14731 14732 12707)
4(12627 12708 14733 14652)
4(12707 14732 14733 12708)
4(12628 12709 14734 14653)
4(12708 14733 14734 12709)
4(12629 12710 14735 14654)
4(12709 14734 14735 12710)
4(12630 12711 14736 14655)
4(12710 14735 14736 12711)
4(12631 12712 14737 14656)
4(12711 14736 14737 12712)
4(12632 12713 14738 14657)
4(12712 14737 14738 12713)
4(12633 12714 14739 14658)
4(12713 14738 14739 12714)
4(12634 12715 14740 14659)
4(12714 14739 14740 12715)
4(12715 14740 14741 12716)
4(12637 12718 14743 14662)
4(12717 14742 14743 12718)
4(12638 12719 14744 14663)
4(12718 14743 14744 12719)
4(12639 12720 14745 14664)
4(12719 14744 14745 12720)
4(12640 12721 14746 14665)
4(12720 14745 14746 12721)
4(12641 12722 14747 14666)
4(12721 14746 14747 12722)
4(12642 12723 14748 14667)
4(12722 14747 14748 12723)
4(12643 12724 14749 14668)
4(12723 14748 14749 12724)
4(12644 12725 14750 14669)
4(12724 14749 14750 12725)
4(12645 12726 14751 14670)
4(12725 14750 14751 12726)
4(12646 12727 14752 14671)
4(12726 14751 14752 12727)
4(12647 12728 14753 14672)
4(12727 14752 14753 12728)
4(12648 12729 14754 14673)
4(12728 14753 14754 12729)
4(12649 12730 14755 14674)
4(12729 14754 14755 12730)
4(12650 12731 14756 14675)
4(12730 14755 14756 12731)
4(12651 12732 14757 14676)
4(12731 14756 14757 12732)
4(12652 12733 14758 14677)
4(12732 14757 14758 12733)
4(12653 12734 14759 14678)
4(12733 14758 14759 12734)
4(12654 12735 14760 14679)
4(12734 14759 14760 12735)
4(12655 12736 14761 14680)
4(12735 14760 14761 12736)
4(12656 12737 14762 14681)
4(12736 14761 14762 12737)
4(12657 12738 14763 14682)
4(12737 14762 14763 12738)
4(12658 12739 14764 14683)
4(12738 14763 14764 12739)
4(12659 12740 14765 14684)
4(12739 14764 14765 12740)
4(12660 12741 14766 14685)
4(12740 14765 14766 12741)
4(12661 12742 14767 14686)
4(12741 14766 14767 12742)
4(12662 12743 14768 14687)
4(12742 14767 14768 12743)
4(12663 12744 14769 14688)
4(12743 14768 14769 12744)
4(12664 12745 14770 14689)
4(12744 14769 14770 12745)
4(12665 12746 14771 14690)
4(12745 14770 14771 12746)
4(12666 12747 14772 14691)
4(12746 14771 14772 12747)
4(12667 12748 14773 14692)
4(12747 14772 14773 12748)
4(12668 12749 14774 14693)
4(12748 14773 14774 12749)
4(12669 12750 14775 14694)
4(12749 14774 14775 12750)
4(12670 12751 14776 14695)
4(12750 14775 14776 12751)
4(12671 12752 14777 14696)
4(12751 14776 14777 12752)
4(12672 12753 14778 14697)
4(12752 14777 14778 12753)
4(12673 12754 14779 14698)
4(12753 14778 14779 12754)
4(12674 12755 14780 14699)
4(12754 14779 14780 12755)
4(12675 12756 14781 14700)
4(12755 14780 14781 12756)
4(12676 12757 14782 14701)
4(12756 14781 14782 12757)
4(12677 12758 14783 14702)
4(12757 14782 14783 12758)
4(12678 12759 14784 14703)
4(12758 14783 14784 12759)
4(12679 12760 14785 14704)
4(12759 14784 14785 12760)
4(12680 12761 14786 14705)
4(12760 14785 14786 12761)
4(12681 12762 14787 14706)
4(12761 14786 14787 12762)
4(12682 12763 14788 14707)
4(12762 14787 14788 12763)
4(12683 12764 14789 14708)
4(12763 14788 14789 12764)
4(12684 12765 14790 14709)
4(12764 14789 14790 12765)
4(12685 12766 14791 14710)
4(12765 14790 14791 12766)
4(12686 12767 14792 14711)
4(12766 14791 14792 12767)
4(12687 12768 14793 14712)
4(12767 14792 14793 12768)
4(12688 12769 14794 14713)
4(12768 14793 14794 12769)
4(12689 12770 14795 14714)
4(12769 14794 14795 12770)
4(12690 12771 14796 14715)
4(12770 14795 14796 12771)
4(12691 12772 14797 14716)
4(12771 14796 14797 12772)
4(12692 12773 14798 14717)
4(12772 14797 14798 12773)
4(12693 12774 14799 14718)
4(12773 14798 14799 12774)
4(12694 12775 14800 14719)
4(12774 14799 14800 12775)
4(12695 12776 14801 14720)
4(12775 14800 14801 12776)
4(12696 12777 14802 14721)
4(12776 14801 14802 12777)
4(12697 12778 14803 14722)
4(12777 14802 14803 12778)
4(12698 12779 14804 14723)
4(12778 14803 14804 12779)
4(12699 12780 14805 14724)
4(12779 14804 14805 12780)
4(12700 12781 14806 14725)
4(12780 14805 14806 12781)
4(12701 12782 14807 14726)
4(12781 14806 14807 12782)
4(12702 12783 14808 14727)
4(12782 14807 14808 12783)
4(12703 12784 14809 14728)
4(12783 14808 14809 12784)
4(12704 12785 14810 14729)
4(12784 14809 14810 12785)
4(12705 12786 14811 14730)
4(12785 14810 14811 12786)
4(12706 12787 14812 14731)
4(12786 14811 14812 12787)
4(12707 12788 14813 14732)
4(12787 14812 14813 12788)
4(12708 12789 14814 14733)
4(12788 14813 14814 12789)
4(12709 12790 14815 14734)
4(12789 14814 14815 12790)
4(12710 12791 14816 14735)
4(12790 14815 14816 12791)
4(12711 12792 14817 14736)
4(12791 14816 14817 12792)
4(12712 12793 14818 14737)
4(12792 14817 14818 12793)
4(12713 12794 14819 14738)
4(12793 14818 14819 12794)
4(12714 12795 14820 14739)
4(12794 14819 14820 12795)
4(12715 12796 14821 14740)
4(12795 14820 14821 12796)
4(12796 14821 14822 12797)
4(12718 12799 14824 14743)
4(12798 14823 14824 12799)
4(12719 12800 14825 14744)
4(12799 14824 14825 12800)
4(12720 12801 14826 14745)
4(12800 14825 14826 12801)
4(12721 12802 14827 14746)
4(12801 14826 14827 12802)
4(12722 12803 14828 14747)
4(12802 14827 14828 12803)
4(12723 12804 14829 14748)
4(12803 14828 14829 12804)
4(12724 12805 14830 14749)
4(12804 14829 14830 12805)
4(12725 12806 14831 14750)
4(12805 14830 14831 12806)
4(12726 12807 14832 14751)
4(12806 14831 14832 12807)
4(12727 12808 14833 14752)
4(12807 14832 14833 12808)
4(12728 12809 14834 14753)
4(12808 14833 14834 12809)
4(12729 12810 14835 14754)
4(12809 14834 14835 12810)
4(12730 12811 14836 14755)
4(12810 14835 14836 12811)
4(12731 12812 14837 14756)
4(12811 14836 14837 12812)
4(12732 12813 14838 14757)
4(12812 14837 14838 12813)
4(12733 12814 14839 14758)
4(12813 14838 14839 12814)
4(12734 12815 14840 14759)
4(12814 14839 14840 12815)
4(12735 12816 14841 14760)
4(12815 14840 14841 12816)
4(12736 12817 14842 14761)
4(12816 14841 14842 12817)
4(12737 12818 14843 14762)
4(12817 14842 14843 12818)
4(12738 12819 14844 14763)
4(12818 14843 14844 12819)
4(12739 12820 14845 14764)
4(12819 14844 14845 12820)
4(12740 12821 14846 14765)
4(12820 14845 14846 12821)
4(12741 12822 14847 14766)
4(12821 14846 14847 12822)
4(12742 12823 14848 14767)
4(12822 14847 14848 12823)
4(12743 12824 14849 14768)
4(12823 14848 14849 12824)
4(12744 12825 14850 14769)
4(12824 14849 14850 12825)
4(12745 12826 14851 14770)
4(12825 14850 14851 12826)
4(12746 12827 14852 14771)
4(12826 14851 14852 12827)
4(12747 12828 14853 14772)
4(12827 14852 14853 12828)
4(12748 12829 14854 14773)
4(12828 14853 14854 12829)
4(12749 12830 14855 14774)
4(12829 14854 14855 12830)
4(12750 12831 14856 14775)
4(12830 14855 14856 12831)
4(12751 12832 14857 14776)
4(12831 14856 14857 12832)
4(12752 12833 14858 14777)
4(12832 14857 14858 12833)
4(12753 12834 14859 14778)
4(12833 14858 14859 12834)
4(12754 12835 14860 14779)
4(12834 14859 14860 12835)
4(12755 12836 14861 14780)
4(12835 14860 14861 12836)
4(12756 12837 14862 14781)
4(12836 14861 14862 12837)
4(12757 12838 14863 14782)
4(12837 14862 14863 12838)
4(12758 12839 14864 14783)
4(12838 14863 14864 12839)
4(12759 12840 14865 14784)
4(12839 14864 14865 12840)
4(12760 12841 14866 14785)
4(12840 14865 14866 12841)
4(12761 12842 14867 14786)
4(12841 14866 14867 12842)
4(12762 12843 14868 14787)
4(12842 14867 14868 12843)
4(12763 12844 14869 14788)
4(12843 14868 14869 12844)
4(12764 12845 14870 14789)
4(12844 14869 14870 12845)
4(12765 12846 14871 14790)
4(12845 14870 14871 12846)
4(12766 12847 14872 14791)
4(12846 14871 14872 12847)
4(12767 12848 14873 14792)
4(12847 14872 14873 12848)
4(12768 12849 14874 14793)
4(12848 14873 14874 12849)
4(12769 12850 14875 14794)
4(12849 14874 14875 12850)
4(12770 12851 14876 14795)
4(12850 14875 14876 12851)
4(12771 12852 14877 14796)
4(12851 14876 14877 12852)
4(12772 12853 14878 14797)
4(12852 14877 14878 12853)
4(12773 12854 14879 14798)
4(12853 14878 14879 12854)
4(12774 12855 14880 14799)
4(12854 14879 14880 12855)
4(12775 12856 14881 14800)
4(12855 14880 14881 12856)
4(12776 12857 14882 14801)
4(12856 14881 14882 12857)
4(12777 12858 14883 14802)
4(12857 14882 14883 12858)
4(12778 12859 14884 14803)
4(12858 14883 14884 12859)
4(12779 12860 14885 14804)
4(12859 14884 14885 12860)
4(12780 12861 14886 14805)
4(12860 14885 14886 12861)
4(12781 12862 14887 14806)
4(12861 14886 14887 12862)
4(12782 12863 14888 14807)
4(12862 14887 14888 12863)
4(12783 12864 14889 14808)
4(12863 14888 14889 12864)
4(12784 12865 14890 14809)
4(12864 14889 14890 12865)
4(12785 12866 14891 14810)
4(12865 14890 14891 12866)
4(12786 12867 14892 14811)
4(12866 14891 14892 12867)
4(12787 12868 14893 14812)
4(12867 14892 14893 12868)
4(12788 12869 14894 14813)
4(12868 14893 14894 12869)
4(12789 12870 14895 14814)
4(12869 14894 14895 12870)
4(12790 12871 14896 14815)
4(12870 14895 14896 12871)
4(12791 12872 14897 14816)
4(12871 14896 14897 12872)
4(12792 12873 14898 14817)
4(12872 14897 14898 12873)
4(12793 12874 14899 14818)
4(12873 14898 14899 12874)
4(12794 12875 14900 14819)
4(12874 14899 14900 12875)
4(12795 12876 14901 14820)
4(12875 14900 14901 12876)
4(12796 12877 14902 14821)
4(12876 14901 14902 12877)
4(12877 14902 14903 12878)
4(12799 12880 14905 14824)
4(12879 14904 14905 12880)
4(12800 12881 14906 14825)
4(12880 14905 14906 12881)
4(12801 12882 14907 14826)
4(12881 14906 14907 12882)
4(12802 12883 14908 14827)
4(12882 14907 14908 12883)
4(12803 12884 14909 14828)
4(12883 14908 14909 12884)
4(12804 12885 14910 14829)
4(12884 14909 14910 12885)
4(12805 12886 14911 14830)
4(12885 14910 14911 12886)
4(12806 12887 14912 14831)
4(12886 14911 14912 12887)
4(12807 12888 14913 14832)
4(12887 14912 14913 12888)
4(12808 12889 14914 14833)
4(12888 14913 14914 12889)
4(12809 12890 14915 14834)
4(12889 14914 14915 12890)
4(12810 12891 14916 14835)
4(12890 14915 14916 12891)
4(12811 12892 14917 14836)
4(12891 14916 14917 12892)
4(12812 12893 14918 14837)
4(12892 14917 14918 12893)
4(12813 12894 14919 14838)
4(12893 14918 14919 12894)
4(12814 12895 14920 14839)
4(12894 14919 14920 12895)
4(12815 12896 14921 14840)
4(12895 14920 14921 12896)
4(12816 12897 14922 14841)
4(12896 14921 14922 12897)
4(12817 12898 14923 14842)
4(12897 14922 14923 12898)
4(12818 12899 14924 14843)
4(12898 14923 14924 12899)
4(12819 12900 14925 14844)
4(12899 14924 14925 12900)
4(12820 12901 14926 14845)
4(12900 14925 14926 12901)
4(12821 12902 14927 14846)
4(12901 14926 14927 12902)
4(12822 12903 14928 14847)
4(12902 14927 14928 12903)
4(12823 12904 14929 14848)
4(12903 14928 14929 12904)
4(12824 12905 14930 14849)
4(12904 14929 14930 12905)
4(12825 12906 14931 14850)
4(12905 14930 14931 12906)
4(12826 12907 14932 14851)
4(12906 14931 14932 12907)
4(12827 12908 14933 14852)
4(12907 14932 14933 12908)
4(12828 12909 14934 14853)
4(12908 14933 14934 12909)
4(12829 12910 14935 14854)
4(12909 14934 14935 12910)
4(12830 12911 14936 14855)
4(12910 14935 14936 12911)
4(12831 12912 14937 14856)
4(12911 14936 14937 12912)
4(12832 12913 14938 14857)
4(12912 14937 14938 12913)
4(12833 12914 14939 14858)
4(12913 14938 14939 12914)
4(12834 12915 14940 14859)
4(12914 14939 14940 12915)
4(12835 12916 14941 14860)
4(12915 14940 14941 12916)
4(12836 12917 14942 14861)
4(12916 14941 14942 12917)
4(12837 12918 14943 14862)
4(12917 14942 14943 12918)
4(12838 12919 14944 14863)
4(12918 14943 14944 12919)
4(12839 12920 14945 14864)
4(12919 14944 14945 12920)
4(12840 12921 14946 14865)
4(12920 14945 14946 12921)
4(12841 12922 14947 14866)
4(12921 14946 14947 12922)
4(12842 12923 14948 14867)
4(12922 14947 14948 12923)
4(12843 12924 14949 14868)
4(12923 14948 14949 12924)
4(12844 12925 14950 14869)
4(12924 14949 14950 12925)
4(12845 12926 14951 14870)
4(12925 14950 14951 12926)
4(12846 12927 14952 14871)
4(12926 14951 14952 12927)
4(12847 12928 14953 14872)
4(12927 14952 14953 12928)
4(12848 12929 14954 14873)
4(12928 14953 14954 12929)
4(12849 12930 14955 14874)
4(12929 14954 14955 12930)
4(12850 12931 14956 14875)
4(12930 14955 14956 12931)
4(12851 12932 14957 14876)
4(12931 14956 14957 12932)
4(12852 12933 14958 14877)
4(12932 14957 14958 12933)
4(12853 12934 14959 14878)
4(12933 14958 14959 12934)
4(12854 12935 14960 14879)
4(12934 14959 14960 12935)
4(12855 12936 14961 14880)
4(12935 14960 14961 12936)
4(12856 12937 14962 14881)
4(12936 14961 14962 12937)
4(12857 12938 14963 14882)
4(12937 14962 14963 12938)
4(12858 12939 14964 14883)
4(12938 14963 14964 12939)
4(12859 12940 14965 14884)
4(12939 14964 14965 12940)
4(12860 12941 14966 14885)
4(12940 14965 14966 12941)
4(12861 12942 14967 14886)
4(12941 14966 14967 12942)
4(12862 12943 14968 14887)
4(12942 14967 14968 12943)
4(12863 12944 14969 14888)
4(12943 14968 14969 12944)
4(12864 12945 14970 14889)
4(12944 14969 14970 12945)
4(12865 12946 14971 14890)
4(12945 14970 14971 12946)
4(12866 12947 14972 14891)
4(12946 14971 14972 12947)
4(12867 12948 14973 14892)
4(12947 14972 14973 12948)
4(12868 12949 14974 14893)
4(12948 14973 14974 12949)
4(12869 12950 14975 14894)
4(12949 14974 14975 12950)
4(12870 12951 14976 14895)
4(12950 14975 14976 12951)
4(12871 12952 14977 14896)
4(12951 14976 14977 12952)
4(12872 12953 14978 14897)
4(12952 14977 14978 12953)
4(12873 12954 14979 14898)
4(12953 14978 14979 12954)
4(12874 12955 14980 14899)
4(12954 14979 14980 12955)
4(12875 12956 14981 14900)
4(12955 14980 14981 12956)
4(12876 12957 14982 14901)
4(12956 14981 14982 12957)
4(12877 12958 14983 14902)
4(12957 14982 14983 12958)
4(12958 14983 14984 12959)
4(12880 12961 14986 14905)
4(12960 14985 14986 12961)
4(12881 12962 14987 14906)
4(12961 14986 14987 12962)
4(12882 12963 14988 14907)
4(12962 14987 14988 12963)
4(12883 12964 14989 14908)
4(12963 14988 14989 12964)
4(12884 12965 14990 14909)
4(12964 14989 14990 12965)
4(12885 12966 14991 14910)
4(12965 14990 14991 12966)
4(12886 12967 14992 14911)
4(12966 14991 14992 12967)
4(12887 12968 14993 14912)
4(12967 14992 14993 12968)
4(12888 12969 14994 14913)
4(12968 14993 14994 12969)
4(12889 12970 14995 14914)
4(12969 14994 14995 12970)
4(12890 12971 14996 14915)
4(12970 14995 14996 12971)
4(12891 12972 14997 14916)
4(12971 14996 14997 12972)
4(12892 12973 14998 14917)
4(12972 14997 14998 12973)
4(12893 12974 14999 14918)
4(12973 14998 14999 12974)
4(12894 12975 15000 14919)
4(12974 14999 15000 12975)
4(12895 12976 15001 14920)
4(12975 15000 15001 12976)
4(12896 12977 15002 14921)
4(12976 15001 15002 12977)
4(12897 12978 15003 14922)
4(12977 15002 15003 12978)
4(12898 12979 15004 14923)
4(12978 15003 15004 12979)
4(12899 12980 15005 14924)
4(12979 15004 15005 12980)
4(12900 12981 15006 14925)
4(12980 15005 15006 12981)
4(12901 12982 15007 14926)
4(12981 15006 15007 12982)
4(12902 12983 15008 14927)
4(12982 15007 15008 12983)
4(12903 12984 15009 14928)
4(12983 15008 15009 12984)
4(12904 12985 15010 14929)
4(12984 15009 15010 12985)
4(12905 12986 15011 14930)
4(12985 15010 15011 12986)
4(12906 12987 15012 14931)
4(12986 15011 15012 12987)
4(12907 12988 15013 14932)
4(12987 15012 15013 12988)
4(12908 12989 15014 14933)
4(12988 15013 15014 12989)
4(12909 12990 15015 14934)
4(12989 15014 15015 12990)
4(12910 12991 15016 14935)
4(12990 15015 15016 12991)
4(12911 12992 15017 14936)
4(12991 15016 15017 12992)
4(12912 12993 15018 14937)
4(12992 15017 15018 12993)
4(12913 12994 15019 14938)
4(12993 15018 15019 12994)
4(12914 12995 15020 14939)
4(12994 15019 15020 12995)
4(12915 12996 15021 14940)
4(12995 15020 15021 12996)
4(12916 12997 15022 14941)
4(12996 15021 15022 12997)
4(12917 12998 15023 14942)
4(12997 15022 15023 12998)
4(12918 12999 15024 14943)
4(12998 15023 15024 12999)
4(12919 13000 15025 14944)
4(12999 15024 15025 13000)
4(12920 13001 15026 14945)
4(13000 15025 15026 13001)
4(12921 13002 15027 14946)
4(13001 15026 15027 13002)
4(12922 13003 15028 14947)
4(13002 15027 15028 13003)
4(12923 13004 15029 14948)
4(13003 15028 15029 13004)
4(12924 13005 15030 14949)
4(13004 15029 15030 13005)
4(12925 13006 15031 14950)
4(13005 15030 15031 13006)
4(12926 13007 15032 14951)
4(13006 15031 15032 13007)
4(12927 13008 15033 14952)
4(13007 15032 15033 13008)
4(12928 13009 15034 14953)
4(13008 15033 15034 13009)
4(12929 13010 15035 14954)
4(13009 15034 15035 13010)
4(12930 13011 15036 14955)
4(13010 15035 15036 13011)
4(12931 13012 15037 14956)
4(13011 15036 15037 13012)
4(12932 13013 15038 14957)
4(13012 15037 15038 13013)
4(12933 13014 15039 14958)
4(13013 15038 15039 13014)
4(12934 13015 15040 14959)
4(13014 15039 15040 13015)
4(12935 13016 15041 14960)
4(13015 15040 15041 13016)
4(12936 13017 15042 14961)
4(13016 15041 15042 13017)
4(12937 13018 15043 14962)
4(13017 15042 15043 13018)
4(12938 13019 15044 14963)
4(13018 15043 15044 13019)
4(12939 13020 15045 14964)
4(13019 15044 15045 13020)
4(12940 13021 15046 14965)
4(13020 15045 15046 13021)
4(12941 13022 15047 14966)
4(13021 15046 15047 13022)
4(12942 13023 15048 14967)
4(13022 15047 15048 13023)
4(12943 13024 15049 14968)
4(13023 15048 15049 13024)
4(12944 13025 15050 14969)
4(13024 15049 15050 13025)
4(12945 13026 15051 14970)
4(13025 15050 15051 13026)
4(12946 13027 15052 14971)
4(13026 15051 15052 13027)
4(12947 13028 15053 14972)
4(13027 15052 15053 13028)
4(12948 13029 15054 14973)
4(13028 15053 15054 13029)
4(12949 13030 15055 14974)
4(13029 15054 15055 13030)
4(12950 13031 15056 14975)
4(13030 15055 15056 13031)
4(12951 13032 15057 14976)
4(13031 15056 15057 13032)
4(12952 13033 15058 14977)
4(13032 15057 15058 13033)
4(12953 13034 15059 14978)
4(13033 15058 15059 13034)
4(12954 13035 15060 14979)
4(13034 15059 15060 13035)
4(12955 13036 15061 14980)
4(13035 15060 15061 13036)
4(12956 13037 15062 14981)
4(13036 15061 15062 13037)
4(12957 13038 15063 14982)
4(13037 15062 15063 13038)
4(12958 13039 15064 14983)
4(13038 15063 15064 13039)
4(13039 15064 15065 13040)
4(12961 13042 15067 14986)
4(13041 15066 15067 13042)
4(12962 13043 15068 14987)
4(13042 15067 15068 13043)
4(12963 13044 15069 14988)
4(13043 15068 15069 13044)
4(12964 13045 15070 14989)
4(13044 15069 15070 13045)
4(12965 13046 15071 14990)
4(13045 15070 15071 13046)
4(12966 13047 15072 14991)
4(13046 15071 15072 13047)
4(12967 13048 15073 14992)
4(13047 15072 15073 13048)
4(12968 13049 15074 14993)
4(13048 15073 15074 13049)
4(12969 13050 15075 14994)
4(13049 15074 15075 13050)
4(12970 13051 15076 14995)
4(13050 15075 15076 13051)
4(12971 13052 15077 14996)
4(13051 15076 15077 13052)
4(12972 13053 15078 14997)
4(13052 15077 15078 13053)
4(12973 13054 15079 14998)
4(13053 15078 15079 13054)
4(12974 13055 15080 14999)
4(13054 15079 15080 13055)
4(12975 13056 15081 15000)
4(13055 15080 15081 13056)
4(12976 13057 15082 15001)
4(13056 15081 15082 13057)
4(12977 13058 15083 15002)
4(13057 15082 15083 13058)
4(12978 13059 15084 15003)
4(13058 15083 15084 13059)
4(12979 13060 15085 15004)
4(13059 15084 15085 13060)
4(12980 13061 15086 15005)
4(13060 15085 15086 13061)
4(12981 13062 15087 15006)
4(13061 15086 15087 13062)
4(12982 13063 15088 15007)
4(13062 15087 15088 13063)
4(12983 13064 15089 15008)
4(13063 15088 15089 13064)
4(12984 13065 15090 15009)
4(13064 15089 15090 13065)
4(12985 13066 15091 15010)
4(13065 15090 15091 13066)
4(12986 13067 15092 15011)
4(13066 15091 15092 13067)
4(12987 13068 15093 15012)
4(13067 15092 15093 13068)
4(12988 13069 15094 15013)
4(13068 15093 15094 13069)
4(12989 13070 15095 15014)
4(13069 15094 15095 13070)
4(12990 13071 15096 15015)
4(13070 15095 15096 13071)
4(12991 13072 15097 15016)
4(13071 15096 15097 13072)
4(12992 13073 15098 15017)
4(13072 15097 15098 13073)
4(12993 13074 15099 15018)
4(13073 15098 15099 13074)
4(12994 13075 15100 15019)
4(13074 15099 15100 13075)
4(12995 13076 15101 15020)
4(13075 15100 15101 13076)
4(12996 13077 15102 15021)
4(13076 15101 15102 13077)
4(12997 13078 15103 15022)
4(13077 15102 15103 13078)
4(12998 13079 15104 15023)
4(13078 15103 15104 13079)
4(12999 13080 15105 15024)
4(13079 15104 15105 13080)
4(13000 13081 15106 15025)
4(13080 15105 15106 13081)
4(13001 13082 15107 15026)
4(13081 15106 15107 13082)
4(13002 13083 15108 15027)
4(13082 15107 15108 13083)
4(13003 13084 15109 15028)
4(13083 15108 15109 13084)
4(13004 13085 15110 15029)
4(13084 15109 15110 13085)
4(13005 13086 15111 15030)
4(13085 15110 15111 13086)
4(13006 13087 15112 15031)
4(13086 15111 15112 13087)
4(13007 13088 15113 15032)
4(13087 15112 15113 13088)
4(13008 13089 15114 15033)
4(13088 15113 15114 13089)
4(13009 13090 15115 15034)
4(13089 15114 15115 13090)
4(13010 13091 15116 15035)
4(13090 15115 15116 13091)
4(13011 13092 15117 15036)
4(13091 15116 15117 13092)
4(13012 13093 15118 15037)
4(13092 15117 15118 13093)
4(13013 13094 15119 15038)
4(13093 15118 15119 13094)
4(13014 13095 15120 15039)
4(13094 15119 15120 13095)
4(13015 13096 15121 15040)
4(13095 15120 15121 13096)
4(13016 13097 15122 15041)
4(13096 15121 15122 13097)
4(13017 13098 15123 15042)
4(13097 15122 15123 13098)
4(13018 13099 15124 15043)
4(13098 15123 15124 13099)
4(13019 13100 15125 15044)
4(13099 15124 15125 13100)
4(13020 13101 15126 15045)
4(13100 15125 15126 13101)
4(13021 13102 15127 15046)
4(13101 15126 15127 13102)
4(13022 13103 15128 15047)
4(13102 15127 15128 13103)
4(13023 13104 15129 15048)
4(13103 15128 15129 13104)
4(13024 13105 15130 15049)
4(13104 15129 15130 13105)
4(13025 13106 15131 15050)
4(13105 15130 15131 13106)
4(13026 13107 15132 15051)
4(13106 15131 15132 13107)
4(13027 13108 15133 15052)
4(13107 15132 15133 13108)
4(13028 13109 15134 15053)
4(13108 15133 15134 13109)
4(13029 13110 15135 15054)
4(13109 15134 15135 13110)
4(13030 13111 15136 15055)
4(13110 15135 15136 13111)
4(13031 13112 15137 15056)
4(13111 15136 15137 13112)
4(13032 13113 15138 15057)
4(13112 15137 15138 13113)
4(13033 13114 15139 15058)
4(13113 15138 15139 13114)
4(13034 13115 15140 15059)
4(13114 15139 15140 13115)
4(13035 13116 15141 15060)
4(13115 15140 15141 13116)
4(13036 13117 15142 15061)
4(13116 15141 15142 13117)
4(13037 13118 15143 15062)
4(13117 15142 15143 13118)
4(13038 13119 15144 15063)
4(13118 15143 15144 13119)
4(13039 13120 15145 15064)
4(13119 15144 15145 13120)
4(13120 15145 15146 13121)
4(13042 13123 15148 15067)
4(13122 15147 15148 13123)
4(13043 13124 15149 15068)
4(13123 15148 15149 13124)
4(13044 13125 15150 15069)
4(13124 15149 15150 13125)
4(13045 13126 15151 15070)
4(13125 15150 15151 13126)
4(13046 13127 15152 15071)
4(13126 15151 15152 13127)
4(13047 13128 15153 15072)
4(13127 15152 15153 13128)
4(13048 13129 15154 15073)
4(13128 15153 15154 13129)
4(13049 13130 15155 15074)
4(13129 15154 15155 13130)
4(13050 13131 15156 15075)
4(13130 15155 15156 13131)
4(13051 13132 15157 15076)
4(13131 15156 15157 13132)
4(13052 13133 15158 15077)
4(13132 15157 15158 13133)
4(13053 13134 15159 15078)
4(13133 15158 15159 13134)
4(13054 13135 15160 15079)
4(13134 15159 15160 13135)
4(13055 13136 15161 15080)
4(13135 15160 15161 13136)
4(13056 13137 15162 15081)
4(13136 15161 15162 13137)
4(13057 13138 15163 15082)
4(13137 15162 15163 13138)
4(13058 13139 15164 15083)
4(13138 15163 15164 13139)
4(13059 13140 15165 15084)
4(13139 15164 15165 13140)
4(13060 13141 15166 15085)
4(13140 15165 15166 13141)
4(13061 13142 15167 15086)
4(13141 15166 15167 13142)
4(13062 13143 15168 15087)
4(13142 15167 15168 13143)
4(13063 13144 15169 15088)
4(13143 15168 15169 13144)
4(13064 13145 15170 15089)
4(13144 15169 15170 13145)
4(13065 13146 15171 15090)
4(13145 15170 15171 13146)
4(13066 13147 15172 15091)
4(13146 15171 15172 13147)
4(13067 13148 15173 15092)
4(13147 15172 15173 13148)
4(13068 13149 15174 15093)
4(13148 15173 15174 13149)
4(13069 13150 15175 15094)
4(13149 15174 15175 13150)
4(13070 13151 15176 15095)
4(13150 15175 15176 13151)
4(13071 13152 15177 15096)
4(13151 15176 15177 13152)
4(13072 13153 15178 15097)
4(13152 15177 15178 13153)
4(13073 13154 15179 15098)
4(13153 15178 15179 13154)
4(13074 13155 15180 15099)
4(13154 15179 15180 13155)
4(13075 13156 15181 15100)
4(13155 15180 15181 13156)
4(13076 13157 15182 15101)
4(13156 15181 15182 13157)
4(13077 13158 15183 15102)
4(13157 15182 15183 13158)
4(13078 13159 15184 15103)
4(13158 15183 15184 13159)
4(13079 13160 15185 15104)
4(13159 15184 15185 13160)
4(13080 13161 15186 15105)
4(13160 15185 15186 13161)
4(13081 13162 15187 15106)
4(13161 15186 15187 13162)
4(13082 13163 15188 15107)
4(13162 15187 15188 13163)
4(13083 13164 15189 15108)
4(13163 15188 15189 13164)
4(13084 13165 15190 15109)
4(13164 15189 15190 13165)
4(13085 13166 15191 15110)
4(13165 15190 15191 13166)
4(13086 13167 15192 15111)
4(13166 15191 15192 13167)
4(13087 13168 15193 15112)
4(13167 15192 15193 13168)
4(13088 13169 15194 15113)
4(13168 15193 15194 13169)
4(13089 13170 15195 15114)
4(13169 15194 15195 13170)
4(13090 13171 15196 15115)
4(13170 15195 15196 13171)
4(13091 13172 15197 15116)
4(13171 15196 15197 13172)
4(13092 13173 15198 15117)
4(13172 15197 15198 13173)
4(13093 13174 15199 15118)
4(13173 15198 15199 13174)
4(13094 13175 15200 15119)
4(13174 15199 15200 13175)
4(13095 13176 15201 15120)
4(13175 15200 15201 13176)
4(13096 13177 15202 15121)
4(13176 15201 15202 13177)
4(13097 13178 15203 15122)
4(13177 15202 15203 13178)
4(13098 13179 15204 15123)
4(13178 15203 15204 13179)
4(13099 13180 15205 15124)
4(13179 15204 15205 13180)
4(13100 13181 15206 15125)
4(13180 15205 15206 13181)
4(13101 13182 15207 15126)
4(13181 15206 15207 13182)
4(13102 13183 15208 15127)
4(13182 15207 15208 13183)
4(13103 13184 15209 15128)
4(13183 15208 15209 13184)
4(13104 13185 15210 15129)
4(13184 15209 15210 13185)
4(13105 13186 15211 15130)
4(13185 15210 15211 13186)
4(13106 13187 15212 15131)
4(13186 15211 15212 13187)
4(13107 13188 15213 15132)
4(13187 15212 15213 13188)
4(13108 13189 15214 15133)
4(13188 15213 15214 13189)
4(13109 13190 15215 15134)
4(13189 15214 15215 13190)
4(13110 13191 15216 15135)
4(13190 15215 15216 13191)
4(13111 13192 15217 15136)
4(13191 15216 15217 13192)
4(13112 13193 15218 15137)
4(13192 15217 15218 13193)
4(13113 13194 15219 15138)
4(13193 15218 15219 13194)
4(13114 13195 15220 15139)
4(13194 15219 15220 13195)
4(13115 13196 15221 15140)
4(13195 15220 15221 13196)
4(13116 13197 15222 15141)
4(13196 15221 15222 13197)
4(13117 13198 15223 15142)
4(13197 15222 15223 13198)
4(13118 13199 15224 15143)
4(13198 15223 15224 13199)
4(13119 13200 15225 15144)
4(13199 15224 15225 13200)
4(13120 13201 15226 15145)
4(13200 15225 15226 13201)
4(13201 15226 15227 13202)
4(13123 13204 15229 15148)
4(13203 15228 15229 13204)
4(13124 13205 15230 15149)
4(13204 15229 15230 13205)
4(13125 13206 15231 15150)
4(13205 15230 15231 13206)
4(13126 13207 15232 15151)
4(13206 15231 15232 13207)
4(13127 13208 15233 15152)
4(13207 15232 15233 13208)
4(13128 13209 15234 15153)
4(13208 15233 15234 13209)
4(13129 13210 15235 15154)
4(13209 15234 15235 13210)
4(13130 13211 15236 15155)
4(13210 15235 15236 13211)
4(13131 13212 15237 15156)
4(13211 15236 15237 13212)
4(13132 13213 15238 15157)
4(13212 15237 15238 13213)
4(13133 13214 15239 15158)
4(13213 15238 15239 13214)
4(13134 13215 15240 15159)
4(13214 15239 15240 13215)
4(13135 13216 15241 15160)
4(13215 15240 15241 13216)
4(13136 13217 15242 15161)
4(13216 15241 15242 13217)
4(13137 13218 15243 15162)
4(13217 15242 15243 13218)
4(13138 13219 15244 15163)
4(13218 15243 15244 13219)
4(13139 13220 15245 15164)
4(13219 15244 15245 13220)
4(13140 13221 15246 15165)
4(13220 15245 15246 13221)
4(13141 13222 15247 15166)
4(13221 15246 15247 13222)
4(13142 13223 15248 15167)
4(13222 15247 15248 13223)
4(13143 13224 15249 15168)
4(13223 15248 15249 13224)
4(13144 13225 15250 15169)
4(13224 15249 15250 13225)
4(13145 13226 15251 15170)
4(13225 15250 15251 13226)
4(13146 13227 15252 15171)
4(13226 15251 15252 13227)
4(13147 13228 15253 15172)
4(13227 15252 15253 13228)
4(13148 13229 15254 15173)
4(13228 15253 15254 13229)
4(13149 13230 15255 15174)
4(13229 15254 15255 13230)
4(13150 13231 15256 15175)
4(13230 15255 15256 13231)
4(13151 13232 15257 15176)
4(13231 15256 15257 13232)
4(13152 13233 15258 15177)
4(13232 15257 15258 13233)
4(13153 13234 15259 15178)
4(13233 15258 15259 13234)
4(13154 13235 15260 15179)
4(13234 15259 15260 13235)
4(13155 13236 15261 15180)
4(13235 15260 15261 13236)
4(13156 13237 15262 15181)
4(13236 15261 15262 13237)
4(13157 13238 15263 15182)
4(13237 15262 15263 13238)
4(13158 13239 15264 15183)
4(13238 15263 15264 13239)
4(13159 13240 15265 15184)
4(13239 15264 15265 13240)
4(13160 13241 15266 15185)
4(13240 15265 15266 13241)
4(13161 13242 15267 15186)
4(13241 15266 15267 13242)
4(13162 13243 15268 15187)
4(13242 15267 15268 13243)
4(13163 13244 15269 15188)
4(13243 15268 15269 13244)
4(13164 13245 15270 15189)
4(13244 15269 15270 13245)
4(13165 13246 15271 15190)
4(13245 15270 15271 13246)
4(13166 13247 15272 15191)
4(13246 15271 15272 13247)
4(13167 13248 15273 15192)
4(13247 15272 15273 13248)
4(13168 13249 15274 15193)
4(13248 15273 15274 13249)
4(13169 13250 15275 15194)
4(13249 15274 15275 13250)
4(13170 13251 15276 15195)
4(13250 15275 15276 13251)
4(13171 13252 15277 15196)
4(13251 15276 15277 13252)
4(13172 13253 15278 15197)
4(13252 15277 15278 13253)
4(13173 13254 15279 15198)
4(13253 15278 15279 13254)
4(13174 13255 15280 15199)
4(13254 15279 15280 13255)
4(13175 13256 15281 15200)
4(13255 15280 15281 13256)
4(13176 13257 15282 15201)
4(13256 15281 15282 13257)
4(13177 13258 15283 15202)
4(13257 15282 15283 13258)
4(13178 13259 15284 15203)
4(13258 15283 15284 13259)
4(13179 13260 15285 15204)
4(13259 15284 15285 13260)
4(13180 13261 15286 15205)
4(13260 15285 15286 13261)
4(13181 13262 15287 15206)
4(13261 15286 15287 13262)
4(13182 13263 15288 15207)
4(13262 15287 15288 13263)
4(13183 13264 15289 15208)
4(13263 15288 15289 13264)
4(13184 13265 15290 15209)
4(13264 15289 15290 13265)
4(13185 13266 15291 15210)
4(13265 15290 15291 13266)
4(13186 13267 15292 15211)
4(13266 15291 15292 13267)
4(13187 13268 15293 15212)
4(13267 15292 15293 13268)
4(13188 13269 15294 15213)
4(13268 15293 15294 13269)
4(13189 13270 15295 15214)
4(13269 15294 15295 13270)
4(13190 13271 15296 15215)
4(13270 15295 15296 13271)
4(13191 13272 15297 15216)
4(13271 15296 15297 13272)
4(13192 13273 15298 15217)
4(13272 15297 15298 13273)
4(13193 13274 15299 15218)
4(13273 15298 15299 13274)
4(13194 13275 15300 15219)
4(13274 15299 15300 13275)
4(13195 13276 15301 15220)
4(13275 15300 15301 13276)
4(13196 13277 15302 15221)
4(13276 15301 15302 13277)
4(13197 13278 15303 15222)
4(13277 15302 15303 13278)
4(13198 13279 15304 15223)
4(13278 15303 15304 13279)
4(13199 13280 15305 15224)
4(13279 15304 15305 13280)
4(13200 13281 15306 15225)
4(13280 15305 15306 13281)
4(13201 13282 15307 15226)
4(13281 15306 15307 13282)
4(13282 15307 15308 13283)
4(13204 13285 15310 15229)
4(13284 15309 15310 13285)
4(13205 13286 15311 15230)
4(13285 15310 15311 13286)
4(13206 13287 15312 15231)
4(13286 15311 15312 13287)
4(13207 13288 15313 15232)
4(13287 15312 15313 13288)
4(13208 13289 15314 15233)
4(13288 15313 15314 13289)
4(13209 13290 15315 15234)
4(13289 15314 15315 13290)
4(13210 13291 15316 15235)
4(13290 15315 15316 13291)
4(13211 13292 15317 15236)
4(13291 15316 15317 13292)
4(13212 13293 15318 15237)
4(13292 15317 15318 13293)
4(13213 13294 15319 15238)
4(13293 15318 15319 13294)
4(13214 13295 15320 15239)
4(13294 15319 15320 13295)
4(13215 13296 15321 15240)
4(13295 15320 15321 13296)
4(13216 13297 15322 15241)
4(13296 15321 15322 13297)
4(13217 13298 15323 15242)
4(13297 15322 15323 13298)
4(13218 13299 15324 15243)
4(13298 15323 15324 13299)
4(13219 13300 15325 15244)
4(13299 15324 15325 13300)
4(13220 13301 15326 15245)
4(13300 15325 15326 13301)
4(13221 13302 15327 15246)
4(13301 15326 15327 13302)
4(13222 13303 15328 15247)
4(13302 15327 15328 13303)
4(13223 13304 15329 15248)
4(13303 15328 15329 13304)
4(13224 13305 15330 15249)
4(13304 15329 15330 13305)
4(13225 13306 15331 15250)
4(13305 15330 15331 13306)
4(13226 13307 15332 15251)
4(13306 15331 15332 13307)
4(13227 13308 15333 15252)
4(13307 15332 15333 13308)
4(13228 13309 15334 15253)
4(13308 15333 15334 13309)
4(13229 13310 15335 15254)
4(13309 15334 15335 13310)
4(13230 13311 15336 15255)
4(13310 15335 15336 13311)
4(13231 13312 15337 15256)
4(13311 15336 15337 13312)
4(13232 13313 15338 15257)
4(13312 15337 15338 13313)
4(13233 13314 15339 15258)
4(13313 15338 15339 13314)
4(13234 13315 15340 15259)
4(13314 15339 15340 13315)
4(13235 13316 15341 15260)
4(13315 15340 15341 13316)
4(13236 13317 15342 15261)
4(13316 15341 15342 13317)
4(13237 13318 15343 15262)
4(13317 15342 15343 13318)
4(13238 13319 15344 15263)
4(13318 15343 15344 13319)
4(13239 13320 15345 15264)
4(13319 15344 15345 13320)
4(13240 13321 15346 15265)
4(13320 15345 15346 13321)
4(13241 13322 15347 15266)
4(13321 15346 15347 13322)
4(13242 13323 15348 15267)
4(13322 15347 15348 13323)
4(13243 13324 15349 15268)
4(13323 15348 15349 13324)
4(13244 13325 15350 15269)
4(13324 15349 15350 13325)
4(13245 13326 15351 15270)
4(13325 15350 15351 13326)
4(13246 13327 15352 15271)
4(13326 15351 15352 13327)
4(13247 13328 15353 15272)
4(13327 15352 15353 13328)
4(13248 13329 15354 15273)
4(13328 15353 15354 13329)
4(13249 13330 15355 15274)
4(13329 15354 15355 13330)
4(13250 13331 15356 15275)
4(13330 15355 15356 13331)
4(13251 13332 15357 15276)
4(13331 15356 15357 13332)
4(13252 13333 15358 15277)
4(13332 15357 15358 13333)
4(13253 13334 15359 15278)
4(13333 15358 15359 13334)
4(13254 13335 15360 15279)
4(13334 15359 15360 13335)
4(13255 13336 15361 15280)
4(13335 15360 15361 13336)
4(13256 13337 15362 15281)
4(13336 15361 15362 13337)
4(13257 13338 15363 15282)
4(13337 15362 15363 13338)
4(13258 13339 15364 15283)
4(13338 15363 15364 13339)
4(13259 13340 15365 15284)
4(13339 15364 15365 13340)
4(13260 13341 15366 15285)
4(13340 15365 15366 13341)
4(13261 13342 15367 15286)
4(13341 15366 15367 13342)
4(13262 13343 15368 15287)
4(13342 15367 15368 13343)
4(13263 13344 15369 15288)
4(13343 15368 15369 13344)
4(13264 13345 15370 15289)
4(13344 15369 15370 13345)
4(13265 13346 15371 15290)
4(13345 15370 15371 13346)
4(13266 13347 15372 15291)
4(13346 15371 15372 13347)
4(13267 13348 15373 15292)
4(13347 15372 15373 13348)
4(13268 13349 15374 15293)
4(13348 15373 15374 13349)
4(13269 13350 15375 15294)
4(13349 15374 15375 13350)
4(13270 13351 15376 15295)
4(13350 15375 15376 13351)
4(13271 13352 15377 15296)
4(13351 15376 15377 13352)
4(13272 13353 15378 15297)
4(13352 15377 15378 13353)
4(13273 13354 15379 15298)
4(13353 15378 15379 13354)
4(13274 13355 15380 15299)
4(13354 15379 15380 13355)
4(13275 13356 15381 15300)
4(13355 15380 15381 13356)
4(13276 13357 15382 15301)
4(13356 15381 15382 13357)
4(13277 13358 15383 15302)
4(13357 15382 15383 13358)
4(13278 13359 15384 15303)
4(13358 15383 15384 13359)
4(13279 13360 15385 15304)
4(13359 15384 15385 13360)
4(13280 13361 15386 15305)
4(13360 15385 15386 13361)
4(13281 13362 15387 15306)
4(13361 15386 15387 13362)
4(13282 13363 15388 15307)
4(13362 15387 15388 13363)
4(13363 15388 15389 13364)
4(13285 13366 15391 15310)
4(13365 15390 15391 13366)
4(13286 13367 15392 15311)
4(13366 15391 15392 13367)
4(13287 13368 15393 15312)
4(13367 15392 15393 13368)
4(13288 13369 15394 15313)
4(13368 15393 15394 13369)
4(13289 13370 15395 15314)
4(13369 15394 15395 13370)
4(13290 13371 15396 15315)
4(13370 15395 15396 13371)
4(13291 13372 15397 15316)
4(13371 15396 15397 13372)
4(13292 13373 15398 15317)
4(13372 15397 15398 13373)
4(13293 13374 15399 15318)
4(13373 15398 15399 13374)
4(13294 13375 15400 15319)
4(13374 15399 15400 13375)
4(13295 13376 15401 15320)
4(13375 15400 15401 13376)
4(13296 13377 15402 15321)
4(13376 15401 15402 13377)
4(13297 13378 15403 15322)
4(13377 15402 15403 13378)
4(13298 13379 15404 15323)
4(13378 15403 15404 13379)
4(13299 13380 15405 15324)
4(13379 15404 15405 13380)
4(13300 13381 15406 15325)
4(13380 15405 15406 13381)
4(13301 13382 15407 15326)
4(13381 15406 15407 13382)
4(13302 13383 15408 15327)
4(13382 15407 15408 13383)
4(13303 13384 15409 15328)
4(13383 15408 15409 13384)
4(13304 13385 15410 15329)
4(13384 15409 15410 13385)
4(13305 13386 15411 15330)
4(13385 15410 15411 13386)
4(13306 13387 15412 15331)
4(13386 15411 15412 13387)
4(13307 13388 15413 15332)
4(13387 15412 15413 13388)
4(13308 13389 15414 15333)
4(13388 15413 15414 13389)
4(13309 13390 15415 15334)
4(13389 15414 15415 13390)
4(13310 13391 15416 15335)
4(13390 15415 15416 13391)
4(13311 13392 15417 15336)
4(13391 15416 15417 13392)
4(13312 13393 15418 15337)
4(13392 15417 15418 13393)
4(13313 13394 15419 15338)
4(13393 15418 15419 13394)
4(13314 13395 15420 15339)
4(13394 15419 15420 13395)
4(13315 13396 15421 15340)
4(13395 15420 15421 13396)
4(13316 13397 15422 15341)
4(13396 15421 15422 13397)
4(13317 13398 15423 15342)
4(13397 15422 15423 13398)
4(13318 13399 15424 15343)
4(13398 15423 15424 13399)
4(13319 13400 15425 15344)
4(13399 15424 15425 13400)
4(13320 13401 15426 15345)
4(13400 15425 15426 13401)
4(13321 13402 15427 15346)
4(13401 15426 15427 13402)
4(13322 13403 15428 15347)
4(13402 15427 15428 13403)
4(13323 13404 15429 15348)
4(13403 15428 15429 13404)
4(13324 13405 15430 15349)
4(13404 15429 15430 13405)
4(13325 13406 15431 15350)
4(13405 15430 15431 13406)
4(13326 13407 15432 15351)
4(13406 15431 15432 13407)
4(13327 13408 15433 15352)
4(13407 15432 15433 13408)
4(13328 13409 15434 15353)
4(13408 15433 15434 13409)
4(13329 13410 15435 15354)
4(13409 15434 15435 13410)
4(13330 13411 15436 15355)
4(13410 15435 15436 13411)
4(13331 13412 15437 15356)
4(13411 15436 15437 13412)
4(13332 13413 15438 15357)
4(13412 15437 15438 13413)
4(13333 13414 15439 15358)
4(13413 15438 15439 13414)
4(13334 13415 15440 15359)
4(13414 15439 15440 13415)
4(13335 13416 15441 15360)
4(13415 15440 15441 13416)
4(13336 13417 15442 15361)
4(13416 15441 15442 13417)
4(13337 13418 15443 15362)
4(13417 15442 15443 13418)
4(13338 13419 15444 15363)
4(13418 15443 15444 13419)
4(13339 13420 15445 15364)
4(13419 15444 15445 13420)
4(13340 13421 15446 15365)
4(13420 15445 15446 13421)
4(13341 13422 15447 15366)
4(13421 15446 15447 13422)
4(13342 13423 15448 15367)
4(13422 15447 15448 13423)
4(13343 13424 15449 15368)
4(13423 15448 15449 13424)
4(13344 13425 15450 15369)
4(13424 15449 15450 13425)
4(13345 13426 15451 15370)
4(13425 15450 15451 13426)
4(13346 13427 15452 15371)
4(13426 15451 15452 13427)
4(13347 13428 15453 15372)
4(13427 15452 15453 13428)
4(13348 13429 15454 15373)
4(13428 15453 15454 13429)
4(13349 13430 15455 15374)
4(13429 15454 15455 13430)
4(13350 13431 15456 15375)
4(13430 15455 15456 13431)
4(13351 13432 15457 15376)
4(13431 15456 15457 13432)
4(13352 13433 15458 15377)
4(13432 15457 15458 13433)
4(13353 13434 15459 15378)
4(13433 15458 15459 13434)
4(13354 13435 15460 15379)
4(13434 15459 15460 13435)
4(13355 13436 15461 15380)
4(13435 15460 15461 13436)
4(13356 13437 15462 15381)
4(13436 15461 15462 13437)
4(13357 13438 15463 15382)
4(13437 15462 15463 13438)
4(13358 13439 15464 15383)
4(13438 15463 15464 13439)
4(13359 13440 15465 15384)
4(13439 15464 15465 13440)
4(13360 13441 15466 15385)
4(13440 15465 15466 13441)
4(13361 13442 15467 15386)
4(13441 15466 15467 13442)
4(13362 13443 15468 15387)
4(13442 15467 15468 13443)
4(13363 13444 15469 15388)
4(13443 15468 15469 13444)
4(13444 15469 15470 13445)
4(13366 13447 15472 15391)
4(13446 15471 15472 13447)
4(13367 13448 15473 15392)
4(13447 15472 15473 13448)
4(13368 13449 15474 15393)
4(13448 15473 15474 13449)
4(13369 13450 15475 15394)
4(13449 15474 15475 13450)
4(13370 13451 15476 15395)
4(13450 15475 15476 13451)
4(13371 13452 15477 15396)
4(13451 15476 15477 13452)
4(13372 13453 15478 15397)
4(13452 15477 15478 13453)
4(13373 13454 15479 15398)
4(13453 15478 15479 13454)
4(13374 13455 15480 15399)
4(13454 15479 15480 13455)
4(13375 13456 15481 15400)
4(13455 15480 15481 13456)
4(13376 13457 15482 15401)
4(13456 15481 15482 13457)
4(13377 13458 15483 15402)
4(13457 15482 15483 13458)
4(13378 13459 15484 15403)
4(13458 15483 15484 13459)
4(13379 13460 15485 15404)
4(13459 15484 15485 13460)
4(13380 13461 15486 15405)
4(13460 15485 15486 13461)
4(13381 13462 15487 15406)
4(13461 15486 15487 13462)
4(13382 13463 15488 15407)
4(13462 15487 15488 13463)
4(13383 13464 15489 15408)
4(13463 15488 15489 13464)
4(13384 13465 15490 15409)
4(13464 15489 15490 13465)
4(13385 13466 15491 15410)
4(13465 15490 15491 13466)
4(13386 13467 15492 15411)
4(13466 15491 15492 13467)
4(13387 13468 15493 15412)
4(13467 15492 15493 13468)
4(13388 13469 15494 15413)
4(13468 15493 15494 13469)
4(13389 13470 15495 15414)
4(13469 15494 15495 13470)
4(13390 13471 15496 15415)
4(13470 15495 15496 13471)
4(13391 13472 15497 15416)
4(13471 15496 15497 13472)
4(13392 13473 15498 15417)
4(13472 15497 15498 13473)
4(13393 13474 15499 15418)
4(13473 15498 15499 13474)
4(13394 13475 15500 15419)
4(13474 15499 15500 13475)
4(13395 13476 15501 15420)
4(13475 15500 15501 13476)
4(13396 13477 15502 15421)
4(13476 15501 15502 13477)
4(13397 13478 15503 15422)
4(13477 15502 15503 13478)
4(13398 13479 15504 15423)
4(13478 15503 15504 13479)
4(13399 13480 15505 15424)
4(13479 15504 15505 13480)
4(13400 13481 15506 15425)
4(13480 15505 15506 13481)
4(13401 13482 15507 15426)
4(13481 15506 15507 13482)
4(13402 13483 15508 15427)
4(13482 15507 15508 13483)
4(13403 13484 15509 15428)
4(13483 15508 15509 13484)
4(13404 13485 15510 15429)
4(13484 15509 15510 13485)
4(13405 13486 15511 15430)
4(13485 15510 15511 13486)
4(13406 13487 15512 15431)
4(13486 15511 15512 13487)
4(13407 13488 15513 15432)
4(13487 15512 15513 13488)
4(13408 13489 15514 15433)
4(13488 15513 15514 13489)
4(13409 13490 15515 15434)
4(13489 15514 15515 13490)
4(13410 13491 15516 15435)
4(13490 15515 15516 13491)
4(13411 13492 15517 15436)
4(13491 15516 15517 13492)
4(13412 13493 15518 15437)
4(13492 15517 15518 13493)
4(13413 13494 15519 15438)
4(13493 15518 15519 13494)
4(13414 13495 15520 15439)
4(13494 15519 15520 13495)
4(13415 13496 15521 15440)
4(13495 15520 15521 13496)
4(13416 13497 15522 15441)
4(13496 15521 15522 13497)
4(13417 13498 15523 15442)
4(13497 15522 15523 13498)
4(13418 13499 15524 15443)
4(13498 15523 15524 13499)
4(13419 13500 15525 15444)
4(13499 15524 15525 13500)
4(13420 13501 15526 15445)
4(13500 15525 15526 13501)
4(13421 13502 15527 15446)
4(13501 15526 15527 13502)
4(13422 13503 15528 15447)
4(13502 15527 15528 13503)
4(13423 13504 15529 15448)
4(13503 15528 15529 13504)
4(13424 13505 15530 15449)
4(13504 15529 15530 13505)
4(13425 13506 15531 15450)
4(13505 15530 15531 13506)
4(13426 13507 15532 15451)
4(13506 15531 15532 13507)
4(13427 13508 15533 15452)
4(13507 15532 15533 13508)
4(13428 13509 15534 15453)
4(13508 15533 15534 13509)
4(13429 13510 15535 15454)
4(13509 15534 15535 13510)
4(13430 13511 15536 15455)
4(13510 15535 15536 13511)
4(13431 13512 15537 15456)
4(13511 15536 15537 13512)
4(13432 13513 15538 15457)
4(13512 15537 15538 13513)
4(13433 13514 15539 15458)
4(13513 15538 15539 13514)
4(13434 13515 15540 15459)
4(13514 15539 15540 13515)
4(13435 13516 15541 15460)
4(13515 15540 15541 13516)
4(13436 13517 15542 15461)
4(13516 15541 15542 13517)
4(13437 13518 15543 15462)
4(13517 15542 15543 13518)
4(13438 13519 15544 15463)
4(13518 15543 15544 13519)
4(13439 13520 15545 15464)
4(13519 15544 15545 13520)
4(13440 13521 15546 15465)
4(13520 15545 15546 13521)
4(13441 13522 15547 15466)
4(13521 15546 15547 13522)
4(13442 13523 15548 15467)
4(13522 15547 15548 13523)
4(13443 13524 15549 15468)
4(13523 15548 15549 13524)
4(13444 13525 15550 15469)
4(13524 15549 15550 13525)
4(13525 15550 15551 13526)
4(13447 13528 15553 15472)
4(13527 15552 15553 13528)
4(13448 13529 15554 15473)
4(13528 15553 15554 13529)
4(13449 13530 15555 15474)
4(13529 15554 15555 13530)
4(13450 13531 15556 15475)
4(13530 15555 15556 13531)
4(13451 13532 15557 15476)
4(13531 15556 15557 13532)
4(13452 13533 15558 15477)
4(13532 15557 15558 13533)
4(13453 13534 15559 15478)
4(13533 15558 15559 13534)
4(13454 13535 15560 15479)
4(13534 15559 15560 13535)
4(13455 13536 15561 15480)
4(13535 15560 15561 13536)
4(13456 13537 15562 15481)
4(13536 15561 15562 13537)
4(13457 13538 15563 15482)
4(13537 15562 15563 13538)
4(13458 13539 15564 15483)
4(13538 15563 15564 13539)
4(13459 13540 15565 15484)
4(13539 15564 15565 13540)
4(13460 13541 15566 15485)
4(13540 15565 15566 13541)
4(13461 13542 15567 15486)
4(13541 15566 15567 13542)
4(13462 13543 15568 15487)
4(13542 15567 15568 13543)
4(13463 13544 15569 15488)
4(13543 15568 15569 13544)
4(13464 13545 15570 15489)
4(13544 15569 15570 13545)
4(13465 13546 15571 15490)
4(13545 15570 15571 13546)
4(13466 13547 15572 15491)
4(13546 15571 15572 13547)
4(13467 13548 15573 15492)
4(13547 15572 15573 13548)
4(13468 13549 15574 15493)
4(13548 15573 15574 13549)
4(13469 13550 15575 15494)
4(13549 15574 15575 13550)
4(13470 13551 15576 15495)
4(13550 15575 15576 13551)
4(13471 13552 15577 15496)
4(13551 15576 15577 13552)
4(13472 13553 15578 15497)
4(13552 15577 15578 13553)
4(13473 13554 15579 15498)
4(13553 15578 15579 13554)
4(13474 13555 15580 15499)
4(13554 15579 15580 13555)
4(13475 13556 15581 15500)
4(13555 15580 15581 13556)
4(13476 13557 15582 15501)
4(13556 15581 15582 13557)
4(13477 13558 15583 15502)
4(13557 15582 15583 13558)
4(13478 13559 15584 15503)
4(13558 15583 15584 13559)
4(13479 13560 15585 15504)
4(13559 15584 15585 13560)
4(13480 13561 15586 15505)
4(13560 15585 15586 13561)
4(13481 13562 15587 15506)
4(13561 15586 15587 13562)
4(13482 13563 15588 15507)
4(13562 15587 15588 13563)
4(13483 13564 15589 15508)
4(13563 15588 15589 13564)
4(13484 13565 15590 15509)
4(13564 15589 15590 13565)
4(13485 13566 15591 15510)
4(13565 15590 15591 13566)
4(13486 13567 15592 15511)
4(13566 15591 15592 13567)
4(13487 13568 15593 15512)
4(13567 15592 15593 13568)
4(13488 13569 15594 15513)
4(13568 15593 15594 13569)
4(13489 13570 15595 15514)
4(13569 15594 15595 13570)
4(13490 13571 15596 15515)
4(13570 15595 15596 13571)
4(13491 13572 15597 15516)
4(13571 15596 15597 13572)
4(13492 13573 15598 15517)
4(13572 15597 15598 13573)
4(13493 13574 15599 15518)
4(13573 15598 15599 13574)
4(13494 13575 15600 15519)
4(13574 15599 15600 13575)
4(13495 13576 15601 15520)
4(13575 15600 15601 13576)
4(13496 13577 15602 15521)
4(13576 15601 15602 13577)
4(13497 13578 15603 15522)
4(13577 15602 15603 13578)
4(13498 13579 15604 15523)
4(13578 15603 15604 13579)
4(13499 13580 15605 15524)
4(13579 15604 15605 13580)
4(13500 13581 15606 15525)
4(13580 15605 15606 13581)
4(13501 13582 15607 15526)
4(13581 15606 15607 13582)
4(13502 13583 15608 15527)
4(13582 15607 15608 13583)
4(13503 13584 15609 15528)
4(13583 15608 15609 13584)
4(13504 13585 15610 15529)
4(13584 15609 15610 13585)
4(13505 13586 15611 15530)
4(13585 15610 15611 13586)
4(13506 13587 15612 15531)
4(13586 15611 15612 13587)
4(13507 13588 15613 15532)
4(13587 15612 15613 13588)
4(13508 13589 15614 15533)
4(13588 15613 15614 13589)
4(13509 13590 15615 15534)
4(13589 15614 15615 13590)
4(13510 13591 15616 15535)
4(13590 15615 15616 13591)
4(13511 13592 15617 15536)
4(13591 15616 15617 13592)
4(13512 13593 15618 15537)
4(13592 15617 15618 13593)
4(13513 13594 15619 15538)
4(13593 15618 15619 13594)
4(13514 13595 15620 15539)
4(13594 15619 15620 13595)
4(13515 13596 15621 15540)
4(13595 15620 15621 13596)
4(13516 13597 15622 15541)
4(13596 15621 15622 13597)
4(13517 13598 15623 15542)
4(13597 15622 15623 13598)
4(13518 13599 15624 15543)
4(13598 15623 15624 13599)
4(13519 13600 15625 15544)
4(13599 15624 15625 13600)
4(13520 13601 15626 15545)
4(13600 15625 15626 13601)
4(13521 13602 15627 15546)
4(13601 15626 15627 13602)
4(13522 13603 15628 15547)
4(13602 15627 15628 13603)
4(13523 13604 15629 15548)
4(13603 15628 15629 13604)
4(13524 13605 15630 15549)
4(13604 15629 15630 13605)
4(13525 13606 15631 15550)
4(13605 15630 15631 13606)
4(13606 15631 15632 13607)
4(13528 13609 15634 15553)
4(13608 15633 15634 13609)
4(13529 13610 15635 15554)
4(13609 15634 15635 13610)
4(13530 13611 15636 15555)
4(13610 15635 15636 13611)
4(13531 13612 15637 15556)
4(13611 15636 15637 13612)
4(13532 13613 15638 15557)
4(13612 15637 15638 13613)
4(13533 13614 15639 15558)
4(13613 15638 15639 13614)
4(13534 13615 15640 15559)
4(13614 15639 15640 13615)
4(13535 13616 15641 15560)
4(13615 15640 15641 13616)
4(13536 13617 15642 15561)
4(13616 15641 15642 13617)
4(13537 13618 15643 15562)
4(13617 15642 15643 13618)
4(13538 13619 15644 15563)
4(13618 15643 15644 13619)
4(13539 13620 15645 15564)
4(13619 15644 15645 13620)
4(13540 13621 15646 15565)
4(13620 15645 15646 13621)
4(13541 13622 15647 15566)
4(13621 15646 15647 13622)
4(13542 13623 15648 15567)
4(13622 15647 15648 13623)
4(13543 13624 15649 15568)
4(13623 15648 15649 13624)
4(13544 13625 15650 15569)
4(13624 15649 15650 13625)
4(13545 13626 15651 15570)
4(13625 15650 15651 13626)
4(13546 13627 15652 15571)
4(13626 15651 15652 13627)
4(13547 13628 15653 15572)
4(13627 15652 15653 13628)
4(13548 13629 15654 15573)
4(13628 15653 15654 13629)
4(13549 13630 15655 15574)
4(13629 15654 15655 13630)
4(13550 13631 15656 15575)
4(13630 15655 15656 13631)
4(13551 13632 15657 15576)
4(13631 15656 15657 13632)
4(13552 13633 15658 15577)
4(13632 15657 15658 13633)
4(13553 13634 15659 15578)
4(13633 15658 15659 13634)
4(13554 13635 15660 15579)
4(13634 15659 15660 13635)
4(13555 13636 15661 15580)
4(13635 15660 15661 13636)
4(13556 13637 15662 15581)
4(13636 15661 15662 13637)
4(13557 13638 15663 15582)
4(13637 15662 15663 13638)
4(13558 13639 15664 15583)
4(13638 15663 15664 13639)
4(13559 13640 15665 15584)
4(13639 15664 15665 13640)
4(13560 13641 15666 15585)
4(13640 15665 15666 13641)
4(13561 13642 15667 15586)
4(13641 15666 15667 13642)
4(13562 13643 15668 15587)
4(13642 15667 15668 13643)
4(13563 13644 15669 15588)
4(13643 15668 15669 13644)
4(13564 13645 15670 15589)
4(13644 15669 15670 13645)
4(13565 13646 15671 15590)
4(13645 15670 15671 13646)
4(13566 13647 15672 15591)
4(13646 15671 15672 13647)
4(13567 13648 15673 15592)
4(13647 15672 15673 13648)
4(13568 13649 15674 15593)
4(13648 15673 15674 13649)
4(13569 13650 15675 15594)
4(13649 15674 15675 13650)
4(13570 13651 15676 15595)
4(13650 15675 15676 13651)
4(13571 13652 15677 15596)
4(13651 15676 15677 13652)
4(13572 13653 15678 15597)
4(13652 15677 15678 13653)
4(13573 13654 15679 15598)
4(13653 15678 15679 13654)
4(13574 13655 15680 15599)
4(13654 15679 15680 13655)
4(13575 13656 15681 15600)
4(13655 15680 15681 13656)
4(13576 13657 15682 15601)
4(13656 15681 15682 13657)
4(13577 13658 15683 15602)
4(13657 15682 15683 13658)
4(13578 13659 15684 15603)
4(13658 15683 15684 13659)
4(13579 13660 15685 15604)
4(13659 15684 15685 13660)
4(13580 13661 15686 15605)
4(13660 15685 15686 13661)
4(13581 13662 15687 15606)
4(13661 15686 15687 13662)
4(13582 13663 15688 15607)
4(13662 15687 15688 13663)
4(13583 13664 15689 15608)
4(13663 15688 15689 13664)
4(13584 13665 15690 15609)
4(13664 15689 15690 13665)
4(13585 13666 15691 15610)
4(13665 15690 15691 13666)
4(13586 13667 15692 15611)
4(13666 15691 15692 13667)
4(13587 13668 15693 15612)
4(13667 15692 15693 13668)
4(13588 13669 15694 15613)
4(13668 15693 15694 13669)
4(13589 13670 15695 15614)
4(13669 15694 15695 13670)
4(13590 13671 15696 15615)
4(13670 15695 15696 13671)
4(13591 13672 15697 15616)
4(13671 15696 15697 13672)
4(13592 13673 15698 15617)
4(13672 15697 15698 13673)
4(13593 13674 15699 15618)
4(13673 15698 15699 13674)
4(13594 13675 15700 15619)
4(13674 15699 15700 13675)
4(13595 13676 15701 15620)
4(13675 15700 15701 13676)
4(13596 13677 15702 15621)
4(13676 15701 15702 13677)
4(13597 13678 15703 15622)
4(13677 15702 15703 13678)
4(13598 13679 15704 15623)
4(13678 15703 15704 13679)
4(13599 13680 15705 15624)
4(13679 15704 15705 13680)
4(13600 13681 15706 15625)
4(13680 15705 15706 13681)
4(13601 13682 15707 15626)
4(13681 15706 15707 13682)
4(13602 13683 15708 15627)
4(13682 15707 15708 13683)
4(13603 13684 15709 15628)
4(13683 15708 15709 13684)
4(13604 13685 15710 15629)
4(13684 15709 15710 13685)
4(13605 13686 15711 15630)
4(13685 15710 15711 13686)
4(13606 13687 15712 15631)
4(13686 15711 15712 13687)
4(13687 15712 15713 13688)
4(13609 13690 15715 15634)
4(13689 15714 15715 13690)
4(13610 13691 15716 15635)
4(13690 15715 15716 13691)
4(13611 13692 15717 15636)
4(13691 15716 15717 13692)
4(13612 13693 15718 15637)
4(13692 15717 15718 13693)
4(13613 13694 15719 15638)
4(13693 15718 15719 13694)
4(13614 13695 15720 15639)
4(13694 15719 15720 13695)
4(13615 13696 15721 15640)
4(13695 15720 15721 13696)
4(13616 13697 15722 15641)
4(13696 15721 15722 13697)
4(13617 13698 15723 15642)
4(13697 15722 15723 13698)
4(13618 13699 15724 15643)
4(13698 15723 15724 13699)
4(13619 13700 15725 15644)
4(13699 15724 15725 13700)
4(13620 13701 15726 15645)
4(13700 15725 15726 13701)
4(13621 13702 15727 15646)
4(13701 15726 15727 13702)
4(13622 13703 15728 15647)
4(13702 15727 15728 13703)
4(13623 13704 15729 15648)
4(13703 15728 15729 13704)
4(13624 13705 15730 15649)
4(13704 15729 15730 13705)
4(13625 13706 15731 15650)
4(13705 15730 15731 13706)
4(13626 13707 15732 15651)
4(13706 15731 15732 13707)
4(13627 13708 15733 15652)
4(13707 15732 15733 13708)
4(13628 13709 15734 15653)
4(13708 15733 15734 13709)
4(13629 13710 15735 15654)
4(13709 15734 15735 13710)
4(13630 13711 15736 15655)
4(13710 15735 15736 13711)
4(13631 13712 15737 15656)
4(13711 15736 15737 13712)
4(13632 13713 15738 15657)
4(13712 15737 15738 13713)
4(13633 13714 15739 15658)
4(13713 15738 15739 13714)
4(13634 13715 15740 15659)
4(13714 15739 15740 13715)
4(13635 13716 15741 15660)
4(13715 15740 15741 13716)
4(13636 13717 15742 15661)
4(13716 15741 15742 13717)
4(13637 13718 15743 15662)
4(13717 15742 15743 13718)
4(13638 13719 15744 15663)
4(13718 15743 15744 13719)
4(13639 13720 15745 15664)
4(13719 15744 15745 13720)
4(13640 13721 15746 15665)
4(13720 15745 15746 13721)
4(13641 13722 15747 15666)
4(13721 15746 15747 13722)
4(13642 13723 15748 15667)
4(13722 15747 15748 13723)
4(13643 13724 15749 15668)
4(13723 15748 15749 13724)
4(13644 13725 15750 15669)
4(13724 15749 15750 13725)
4(13645 13726 15751 15670)
4(13725 15750 15751 13726)
4(13646 13727 15752 15671)
4(13726 15751 15752 13727)
4(13647 13728 15753 15672)
4(13727 15752 15753 13728)
4(13648 13729 15754 15673)
4(13728 15753 15754 13729)
4(13649 13730 15755 15674)
4(13729 15754 15755 13730)
4(13650 13731 15756 15675)
4(13730 15755 15756 13731)
4(13651 13732 15757 15676)
4(13731 15756 15757 13732)
4(13652 13733 15758 15677)
4(13732 15757 15758 13733)
4(13653 13734 15759 15678)
4(13733 15758 15759 13734)
4(13654 13735 15760 15679)
4(13734 15759 15760 13735)
4(13655 13736 15761 15680)
4(13735 15760 15761 13736)
4(13656 13737 15762 15681)
4(13736 15761 15762 13737)
4(13657 13738 15763 15682)
4(13737 15762 15763 13738)
4(13658 13739 15764 15683)
4(13738 15763 15764 13739)
4(13659 13740 15765 15684)
4(13739 15764 15765 13740)
4(13660 13741 15766 15685)
4(13740 15765 15766 13741)
4(13661 13742 15767 15686)
4(13741 15766 15767 13742)
4(13662 13743 15768 15687)
4(13742 15767 15768 13743)
4(13663 13744 15769 15688)
4(13743 15768 15769 13744)
4(13664 13745 15770 15689)
4(13744 15769 15770 13745)
4(13665 13746 15771 15690)
4(13745 15770 15771 13746)
4(13666 13747 15772 15691)
4(13746 15771 15772 13747)
4(13667 13748 15773 15692)
4(13747 15772 15773 13748)
4(13668 13749 15774 15693)
4(13748 15773 15774 13749)
4(13669 13750 15775 15694)
4(13749 15774 15775 13750)
4(13670 13751 15776 15695)
4(13750 15775 15776 13751)
4(13671 13752 15777 15696)
4(13751 15776 15777 13752)
4(13672 13753 15778 15697)
4(13752 15777 15778 13753)
4(13673 13754 15779 15698)
4(13753 15778 15779 13754)
4(13674 13755 15780 15699)
4(13754 15779 15780 13755)
4(13675 13756 15781 15700)
4(13755 15780 15781 13756)
4(13676 13757 15782 15701)
4(13756 15781 15782 13757)
4(13677 13758 15783 15702)
4(13757 15782 15783 13758)
4(13678 13759 15784 15703)
4(13758 15783 15784 13759)
4(13679 13760 15785 15704)
4(13759 15784 15785 13760)
4(13680 13761 15786 15705)
4(13760 15785 15786 13761)
4(13681 13762 15787 15706)
4(13761 15786 15787 13762)
4(13682 13763 15788 15707)
4(13762 15787 15788 13763)
4(13683 13764 15789 15708)
4(13763 15788 15789 13764)
4(13684 13765 15790 15709)
4(13764 15789 15790 13765)
4(13685 13766 15791 15710)
4(13765 15790 15791 13766)
4(13686 13767 15792 15711)
4(13766 15791 15792 13767)
4(13687 13768 15793 15712)
4(13767 15792 15793 13768)
4(13768 15793 15794 13769)
4(13690 13771 15796 15715)
4(13770 15795 15796 13771)
4(13691 13772 15797 15716)
4(13771 15796 15797 13772)
4(13692 13773 15798 15717)
4(13772 15797 15798 13773)
4(13693 13774 15799 15718)
4(13773 15798 15799 13774)
4(13694 13775 15800 15719)
4(13774 15799 15800 13775)
4(13695 13776 15801 15720)
4(13775 15800 15801 13776)
4(13696 13777 15802 15721)
4(13776 15801 15802 13777)
4(13697 13778 15803 15722)
4(13777 15802 15803 13778)
4(13698 13779 15804 15723)
4(13778 15803 15804 13779)
4(13699 13780 15805 15724)
4(13779 15804 15805 13780)
4(13700 13781 15806 15725)
4(13780 15805 15806 13781)
4(13701 13782 15807 15726)
4(13781 15806 15807 13782)
4(13702 13783 15808 15727)
4(13782 15807 15808 13783)
4(13703 13784 15809 15728)
4(13783 15808 15809 13784)
4(13704 13785 15810 15729)
4(13784 15809 15810 13785)
4(13705 13786 15811 15730)
4(13785 15810 15811 13786)
4(13706 13787 15812 15731)
4(13786 15811 15812 13787)
4(13707 13788 15813 15732)
4(13787 15812 15813 13788)
4(13708 13789 15814 15733)
4(13788 15813 15814 13789)
4(13709 13790 15815 15734)
4(13789 15814 15815 13790)
4(13710 13791 15816 15735)
4(13790 15815 15816 13791)
4(13711 13792 15817 15736)
4(13791 15816 15817 13792)
4(13712 13793 15818 15737)
4(13792 15817 15818 13793)
4(13713 13794 15819 15738)
4(13793 15818 15819 13794)
4(13714 13795 15820 15739)
4(13794 15819 15820 13795)
4(13715 13796 15821 15740)
4(13795 15820 15821 13796)
4(13716 13797 15822 15741)
4(13796 15821 15822 13797)
4(13717 13798 15823 15742)
4(13797 15822 15823 13798)
4(13718 13799 15824 15743)
4(13798 15823 15824 13799)
4(13719 13800 15825 15744)
4(13799 15824 15825 13800)
4(13720 13801 15826 15745)
4(13800 15825 15826 13801)
4(13721 13802 15827 15746)
4(13801 15826 15827 13802)
4(13722 13803 15828 15747)
4(13802 15827 15828 13803)
4(13723 13804 15829 15748)
4(13803 15828 15829 13804)
4(13724 13805 15830 15749)
4(13804 15829 15830 13805)
4(13725 13806 15831 15750)
4(13805 15830 15831 13806)
4(13726 13807 15832 15751)
4(13806 15831 15832 13807)
4(13727 13808 15833 15752)
4(13807 15832 15833 13808)
4(13728 13809 15834 15753)
4(13808 15833 15834 13809)
4(13729 13810 15835 15754)
4(13809 15834 15835 13810)
4(13730 13811 15836 15755)
4(13810 15835 15836 13811)
4(13731 13812 15837 15756)
4(13811 15836 15837 13812)
4(13732 13813 15838 15757)
4(13812 15837 15838 13813)
4(13733 13814 15839 15758)
4(13813 15838 15839 13814)
4(13734 13815 15840 15759)
4(13814 15839 15840 13815)
4(13735 13816 15841 15760)
4(13815 15840 15841 13816)
4(13736 13817 15842 15761)
4(13816 15841 15842 13817)
4(13737 13818 15843 15762)
4(13817 15842 15843 13818)
4(13738 13819 15844 15763)
4(13818 15843 15844 13819)
4(13739 13820 15845 15764)
4(13819 15844 15845 13820)
4(13740 13821 15846 15765)
4(13820 15845 15846 13821)
4(13741 13822 15847 15766)
4(13821 15846 15847 13822)
4(13742 13823 15848 15767)
4(13822 15847 15848 13823)
4(13743 13824 15849 15768)
4(13823 15848 15849 13824)
4(13744 13825 15850 15769)
4(13824 15849 15850 13825)
4(13745 13826 15851 15770)
4(13825 15850 15851 13826)
4(13746 13827 15852 15771)
4(13826 15851 15852 13827)
4(13747 13828 15853 15772)
4(13827 15852 15853 13828)
4(13748 13829 15854 15773)
4(13828 15853 15854 13829)
4(13749 13830 15855 15774)
4(13829 15854 15855 13830)
4(13750 13831 15856 15775)
4(13830 15855 15856 13831)
4(13751 13832 15857 15776)
4(13831 15856 15857 13832)
4(13752 13833 15858 15777)
4(13832 15857 15858 13833)
4(13753 13834 15859 15778)
4(13833 15858 15859 13834)
4(13754 13835 15860 15779)
4(13834 15859 15860 13835)
4(13755 13836 15861 15780)
4(13835 15860 15861 13836)
4(13756 13837 15862 15781)
4(13836 15861 15862 13837)
4(13757 13838 15863 15782)
4(13837 15862 15863 13838)
4(13758 13839 15864 15783)
4(13838 15863 15864 13839)
4(13759 13840 15865 15784)
4(13839 15864 15865 13840)
4(13760 13841 15866 15785)
4(13840 15865 15866 13841)
4(13761 13842 15867 15786)
4(13841 15866 15867 13842)
4(13762 13843 15868 15787)
4(13842 15867 15868 13843)
4(13763 13844 15869 15788)
4(13843 15868 15869 13844)
4(13764 13845 15870 15789)
4(13844 15869 15870 13845)
4(13765 13846 15871 15790)
4(13845 15870 15871 13846)
4(13766 13847 15872 15791)
4(13846 15871 15872 13847)
4(13767 13848 15873 15792)
4(13847 15872 15873 13848)
4(13768 13849 15874 15793)
4(13848 15873 15874 13849)
4(13849 15874 15875 13850)
4(13771 13852 15877 15796)
4(13851 15876 15877 13852)
4(13772 13853 15878 15797)
4(13852 15877 15878 13853)
4(13773 13854 15879 15798)
4(13853 15878 15879 13854)
4(13774 13855 15880 15799)
4(13854 15879 15880 13855)
4(13775 13856 15881 15800)
4(13855 15880 15881 13856)
4(13776 13857 15882 15801)
4(13856 15881 15882 13857)
4(13777 13858 15883 15802)
4(13857 15882 15883 13858)
4(13778 13859 15884 15803)
4(13858 15883 15884 13859)
4(13779 13860 15885 15804)
4(13859 15884 15885 13860)
4(13780 13861 15886 15805)
4(13860 15885 15886 13861)
4(13781 13862 15887 15806)
4(13861 15886 15887 13862)
4(13782 13863 15888 15807)
4(13862 15887 15888 13863)
4(13783 13864 15889 15808)
4(13863 15888 15889 13864)
4(13784 13865 15890 15809)
4(13864 15889 15890 13865)
4(13785 13866 15891 15810)
4(13865 15890 15891 13866)
4(13786 13867 15892 15811)
4(13866 15891 15892 13867)
4(13787 13868 15893 15812)
4(13867 15892 15893 13868)
4(13788 13869 15894 15813)
4(13868 15893 15894 13869)
4(13789 13870 15895 15814)
4(13869 15894 15895 13870)
4(13790 13871 15896 15815)
4(13870 15895 15896 13871)
4(13791 13872 15897 15816)
4(13871 15896 15897 13872)
4(13792 13873 15898 15817)
4(13872 15897 15898 13873)
4(13793 13874 15899 15818)
4(13873 15898 15899 13874)
4(13794 13875 15900 15819)
4(13874 15899 15900 13875)
4(13795 13876 15901 15820)
4(13875 15900 15901 13876)
4(13796 13877 15902 15821)
4(13876 15901 15902 13877)
4(13797 13878 15903 15822)
4(13877 15902 15903 13878)
4(13798 13879 15904 15823)
4(13878 15903 15904 13879)
4(13799 13880 15905 15824)
4(13879 15904 15905 13880)
4(13800 13881 15906 15825)
4(13880 15905 15906 13881)
4(13801 13882 15907 15826)
4(13881 15906 15907 13882)
4(13802 13883 15908 15827)
4(13882 15907 15908 13883)
4(13803 13884 15909 15828)
4(13883 15908 15909 13884)
4(13804 13885 15910 15829)
4(13884 15909 15910 13885)
4(13805 13886 15911 15830)
4(13885 15910 15911 13886)
4(13806 13887 15912 15831)
4(13886 15911 15912 13887)
4(13807 13888 15913 15832)
4(13887 15912 15913 13888)
4(13808 13889 15914 15833)
4(13888 15913 15914 13889)
4(13809 13890 15915 15834)
4(13889 15914 15915 13890)
4(13810 13891 15916 15835)
4(13890 15915 15916 13891)
4(13811 13892 15917 15836)
4(13891 15916 15917 13892)
4(13812 13893 15918 15837)
4(13892 15917 15918 13893)
4(13813 13894 15919 15838)
4(13893 15918 15919 13894)
4(13814 13895 15920 15839)
4(13894 15919 15920 13895)
4(13815 13896 15921 15840)
4(13895 15920 15921 13896)
4(13816 13897 15922 15841)
4(13896 15921 15922 13897)
4(13817 13898 15923 15842)
4(13897 15922 15923 13898)
4(13818 13899 15924 15843)
4(13898 15923 15924 13899)
4(13819 13900 15925 15844)
4(13899 15924 15925 13900)
4(13820 13901 15926 15845)
4(13900 15925 15926 13901)
4(13821 13902 15927 15846)
4(13901 15926 15927 13902)
4(13822 13903 15928 15847)
4(13902 15927 15928 13903)
4(13823 13904 15929 15848)
4(13903 15928 15929 13904)
4(13824 13905 15930 15849)
4(13904 15929 15930 13905)
4(13825 13906 15931 15850)
4(13905 15930 15931 13906)
4(13826 13907 15932 15851)
4(13906 15931 15932 13907)
4(13827 13908 15933 15852)
4(13907 15932 15933 13908)
4(13828 13909 15934 15853)
4(13908 15933 15934 13909)
4(13829 13910 15935 15854)
4(13909 15934 15935 13910)
4(13830 13911 15936 15855)
4(13910 15935 15936 13911)
4(13831 13912 15937 15856)
4(13911 15936 15937 13912)
4(13832 13913 15938 15857)
4(13912 15937 15938 13913)
4(13833 13914 15939 15858)
4(13913 15938 15939 13914)
4(13834 13915 15940 15859)
4(13914 15939 15940 13915)
4(13835 13916 15941 15860)
4(13915 15940 15941 13916)
4(13836 13917 15942 15861)
4(13916 15941 15942 13917)
4(13837 13918 15943 15862)
4(13917 15942 15943 13918)
4(13838 13919 15944 15863)
4(13918 15943 15944 13919)
4(13839 13920 15945 15864)
4(13919 15944 15945 13920)
4(13840 13921 15946 15865)
4(13920 15945 15946 13921)
4(13841 13922 15947 15866)
4(13921 15946 15947 13922)
4(13842 13923 15948 15867)
4(13922 15947 15948 13923)
4(13843 13924 15949 15868)
4(13923 15948 15949 13924)
4(13844 13925 15950 15869)
4(13924 15949 15950 13925)
4(13845 13926 15951 15870)
4(13925 15950 15951 13926)
4(13846 13927 15952 15871)
4(13926 15951 15952 13927)
4(13847 13928 15953 15872)
4(13927 15952 15953 13928)
4(13848 13929 15954 15873)
4(13928 15953 15954 13929)
4(13849 13930 15955 15874)
4(13929 15954 15955 13930)
4(13930 15955 15956 13931)
4(13852 13933 15958 15877)
4(13932 15957 15958 13933)
4(13853 13934 15959 15878)
4(13933 15958 15959 13934)
4(13854 13935 15960 15879)
4(13934 15959 15960 13935)
4(13855 13936 15961 15880)
4(13935 15960 15961 13936)
4(13856 13937 15962 15881)
4(13936 15961 15962 13937)
4(13857 13938 15963 15882)
4(13937 15962 15963 13938)
4(13858 13939 15964 15883)
4(13938 15963 15964 13939)
4(13859 13940 15965 15884)
4(13939 15964 15965 13940)
4(13860 13941 15966 15885)
4(13940 15965 15966 13941)
4(13861 13942 15967 15886)
4(13941 15966 15967 13942)
4(13862 13943 15968 15887)
4(13942 15967 15968 13943)
4(13863 13944 15969 15888)
4(13943 15968 15969 13944)
4(13864 13945 15970 15889)
4(13944 15969 15970 13945)
4(13865 13946 15971 15890)
4(13945 15970 15971 13946)
4(13866 13947 15972 15891)
4(13946 15971 15972 13947)
4(13867 13948 15973 15892)
4(13947 15972 15973 13948)
4(13868 13949 15974 15893)
4(13948 15973 15974 13949)
4(13869 13950 15975 15894)
4(13949 15974 15975 13950)
4(13870 13951 15976 15895)
4(13950 15975 15976 13951)
4(13871 13952 15977 15896)
4(13951 15976 15977 13952)
4(13872 13953 15978 15897)
4(13952 15977 15978 13953)
4(13873 13954 15979 15898)
4(13953 15978 15979 13954)
4(13874 13955 15980 15899)
4(13954 15979 15980 13955)
4(13875 13956 15981 15900)
4(13955 15980 15981 13956)
4(13876 13957 15982 15901)
4(13956 15981 15982 13957)
4(13877 13958 15983 15902)
4(13957 15982 15983 13958)
4(13878 13959 15984 15903)
4(13958 15983 15984 13959)
4(13879 13960 15985 15904)
4(13959 15984 15985 13960)
4(13880 13961 15986 15905)
4(13960 15985 15986 13961)
4(13881 13962 15987 15906)
4(13961 15986 15987 13962)
4(13882 13963 15988 15907)
4(13962 15987 15988 13963)
4(13883 13964 15989 15908)
4(13963 15988 15989 13964)
4(13884 13965 15990 15909)
4(13964 15989 15990 13965)
4(13885 13966 15991 15910)
4(13965 15990 15991 13966)
4(13886 13967 15992 15911)
4(13966 15991 15992 13967)
4(13887 13968 15993 15912)
4(13967 15992 15993 13968)
4(13888 13969 15994 15913)
4(13968 15993 15994 13969)
4(13889 13970 15995 15914)
4(13969 15994 15995 13970)
4(13890 13971 15996 15915)
4(13970 15995 15996 13971)
4(13891 13972 15997 15916)
4(13971 15996 15997 13972)
4(13892 13973 15998 15917)
4(13972 15997 15998 13973)
4(13893 13974 15999 15918)
4(13973 15998 15999 13974)
4(13894 13975 16000 15919)
4(13974 15999 16000 13975)
4(13895 13976 16001 15920)
4(13975 16000 16001 13976)
4(13896 13977 16002 15921)
4(13976 16001 16002 13977)
4(13897 13978 16003 15922)
4(13977 16002 16003 13978)
4(13898 13979 16004 15923)
4(13978 16003 16004 13979)
4(13899 13980 16005 15924)
4(13979 16004 16005 13980)
4(13900 13981 16006 15925)
4(13980 16005 16006 13981)
4(13901 13982 16007 15926)
4(13981 16006 16007 13982)
4(13902 13983 16008 15927)
4(13982 16007 16008 13983)
4(13903 13984 16009 15928)
4(13983 16008 16009 13984)
4(13904 13985 16010 15929)
4(13984 16009 16010 13985)
4(13905 13986 16011 15930)
4(13985 16010 16011 13986)
4(13906 13987 16012 15931)
4(13986 16011 16012 13987)
4(13907 13988 16013 15932)
4(13987 16012 16013 13988)
4(13908 13989 16014 15933)
4(13988 16013 16014 13989)
4(13909 13990 16015 15934)
4(13989 16014 16015 13990)
4(13910 13991 16016 15935)
4(13990 16015 16016 13991)
4(13911 13992 16017 15936)
4(13991 16016 16017 13992)
4(13912 13993 16018 15937)
4(13992 16017 16018 13993)
4(13913 13994 16019 15938)
4(13993 16018 16019 13994)
4(13914 13995 16020 15939)
4(13994 16019 16020 13995)
4(13915 13996 16021 15940)
4(13995 16020 16021 13996)
4(13916 13997 16022 15941)
4(13996 16021 16022 13997)
4(13917 13998 16023 15942)
4(13997 16022 16023 13998)
4(13918 13999 16024 15943)
4(13998 16023 16024 13999)
4(13919 14000 16025 15944)
4(13999 16024 16025 14000)
4(13920 14001 16026 15945)
4(14000 16025 16026 14001)
4(13921 14002 16027 15946)
4(14001 16026 16027 14002)
4(13922 14003 16028 15947)
4(14002 16027 16028 14003)
4(13923 14004 16029 15948)
4(14003 16028 16029 14004)
4(13924 14005 16030 15949)
4(14004 16029 16030 14005)
4(13925 14006 16031 15950)
4(14005 16030 16031 14006)
4(13926 14007 16032 15951)
4(14006 16031 16032 14007)
4(13927 14008 16033 15952)
4(14007 16032 16033 14008)
4(13928 14009 16034 15953)
4(14008 16033 16034 14009)
4(13929 14010 16035 15954)
4(14009 16034 16035 14010)
4(13930 14011 16036 15955)
4(14010 16035 16036 14011)
4(14011 16036 16037 14012)
4(13933 14014 16039 15958)
4(14013 16038 16039 14014)
4(13934 14015 16040 15959)
4(14014 16039 16040 14015)
4(13935 14016 16041 15960)
4(14015 16040 16041 14016)
4(13936 14017 16042 15961)
4(14016 16041 16042 14017)
4(13937 14018 16043 15962)
4(14017 16042 16043 14018)
4(13938 14019 16044 15963)
4(14018 16043 16044 14019)
4(13939 14020 16045 15964)
4(14019 16044 16045 14020)
4(13940 14021 16046 15965)
4(14020 16045 16046 14021)
4(13941 14022 16047 15966)
4(14021 16046 16047 14022)
4(13942 14023 16048 15967)
4(14022 16047 16048 14023)
4(13943 14024 16049 15968)
4(14023 16048 16049 14024)
4(13944 14025 16050 15969)
4(14024 16049 16050 14025)
4(13945 14026 16051 15970)
4(14025 16050 16051 14026)
4(13946 14027 16052 15971)
4(14026 16051 16052 14027)
4(13947 14028 16053 15972)
4(14027 16052 16053 14028)
4(13948 14029 16054 15973)
4(14028 16053 16054 14029)
4(13949 14030 16055 15974)
4(14029 16054 16055 14030)
4(13950 14031 16056 15975)
4(14030 16055 16056 14031)
4(13951 14032 16057 15976)
4(14031 16056 16057 14032)
4(13952 14033 16058 15977)
4(14032 16057 16058 14033)
4(13953 14034 16059 15978)
4(14033 16058 16059 14034)
4(13954 14035 16060 15979)
4(14034 16059 16060 14035)
4(13955 14036 16061 15980)
4(14035 16060 16061 14036)
4(13956 14037 16062 15981)
4(14036 16061 16062 14037)
4(13957 14038 16063 15982)
4(14037 16062 16063 14038)
4(13958 14039 16064 15983)
4(14038 16063 16064 14039)
4(13959 14040 16065 15984)
4(14039 16064 16065 14040)
4(13960 14041 16066 15985)
4(14040 16065 16066 14041)
4(13961 14042 16067 15986)
4(14041 16066 16067 14042)
4(13962 14043 16068 15987)
4(14042 16067 16068 14043)
4(13963 14044 16069 15988)
4(14043 16068 16069 14044)
4(13964 14045 16070 15989)
4(14044 16069 16070 14045)
4(13965 14046 16071 15990)
4(14045 16070 16071 14046)
4(13966 14047 16072 15991)
4(14046 16071 16072 14047)
4(13967 14048 16073 15992)
4(14047 16072 16073 14048)
4(13968 14049 16074 15993)
4(14048 16073 16074 14049)
4(13969 14050 16075 15994)
4(14049 16074 16075 14050)
4(13970 14051 16076 15995)
4(14050 16075 16076 14051)
4(13971 14052 16077 15996)
4(14051 16076 16077 14052)
4(13972 14053 16078 15997)
4(14052 16077 16078 14053)
4(13973 14054 16079 15998)
4(14053 16078 16079 14054)
4(13974 14055 16080 15999)
4(14054 16079 16080 14055)
4(13975 14056 16081 16000)
4(14055 16080 16081 14056)
4(13976 14057 16082 16001)
4(14056 16081 16082 14057)
4(13977 14058 16083 16002)
4(14057 16082 16083 14058)
4(13978 14059 16084 16003)
4(14058 16083 16084 14059)
4(13979 14060 16085 16004)
4(14059 16084 16085 14060)
4(13980 14061 16086 16005)
4(14060 16085 16086 14061)
4(13981 14062 16087 16006)
4(14061 16086 16087 14062)
4(13982 14063 16088 16007)
4(14062 16087 16088 14063)
4(13983 14064 16089 16008)
4(14063 16088 16089 14064)
4(13984 14065 16090 16009)
4(14064 16089 16090 14065)
4(13985 14066 16091 16010)
4(14065 16090 16091 14066)
4(13986 14067 16092 16011)
4(14066 16091 16092 14067)
4(13987 14068 16093 16012)
4(14067 16092 16093 14068)
4(13988 14069 16094 16013)
4(14068 16093 16094 14069)
4(13989 14070 16095 16014)
4(14069 16094 16095 14070)
4(13990 14071 16096 16015)
4(14070 16095 16096 14071)
4(13991 14072 16097 16016)
4(14071 16096 16097 14072)
4(13992 14073 16098 16017)
4(14072 16097 16098 14073)
4(13993 14074 16099 16018)
4(14073 16098 16099 14074)
4(13994 14075 16100 16019)
4(14074 16099 16100 14075)
4(13995 14076 16101 16020)
4(14075 16100 16101 14076)
4(13996 14077 16102 16021)
4(14076 16101 16102 14077)
4(13997 14078 16103 16022)
4(14077 16102 16103 14078)
4(13998 14079 16104 16023)
4(14078 16103 16104 14079)
4(13999 14080 16105 16024)
4(14079 16104 16105 14080)
4(14000 14081 16106 16025)
4(14080 16105 16106 14081)
4(14001 14082 16107 16026)
4(14081 16106 16107 14082)
4(14002 14083 16108 16027)
4(14082 16107 16108 14083)
4(14003 14084 16109 16028)
4(14083 16108 16109 14084)
4(14004 14085 16110 16029)
4(14084 16109 16110 14085)
4(14005 14086 16111 16030)
4(14085 16110 16111 14086)
4(14006 14087 16112 16031)
4(14086 16111 16112 14087)
4(14007 14088 16113 16032)
4(14087 16112 16113 14088)
4(14008 14089 16114 16033)
4(14088 16113 16114 14089)
4(14009 14090 16115 16034)
4(14089 16114 16115 14090)
4(14010 14091 16116 16035)
4(14090 16115 16116 14091)
4(14011 14092 16117 16036)
4(14091 16116 16117 14092)
4(14092 16117 16118 14093)
4(14014 14095 16120 16039)
4(14094 16119 16120 14095)
4(14015 14096 16121 16040)
4(14095 16120 16121 14096)
4(14016 14097 16122 16041)
4(14096 16121 16122 14097)
4(14017 14098 16123 16042)
4(14097 16122 16123 14098)
4(14018 14099 16124 16043)
4(14098 16123 16124 14099)
4(14019 14100 16125 16044)
4(14099 16124 16125 14100)
4(14020 14101 16126 16045)
4(14100 16125 16126 14101)
4(14021 14102 16127 16046)
4(14101 16126 16127 14102)
4(14022 14103 16128 16047)
4(14102 16127 16128 14103)
4(14023 14104 16129 16048)
4(14103 16128 16129 14104)
4(14024 14105 16130 16049)
4(14104 16129 16130 14105)
4(14025 14106 16131 16050)
4(14105 16130 16131 14106)
4(14026 14107 16132 16051)
4(14106 16131 16132 14107)
4(14027 14108 16133 16052)
4(14107 16132 16133 14108)
4(14028 14109 16134 16053)
4(14108 16133 16134 14109)
4(14029 14110 16135 16054)
4(14109 16134 16135 14110)
4(14030 14111 16136 16055)
4(14110 16135 16136 14111)
4(14031 14112 16137 16056)
4(14111 16136 16137 14112)
4(14032 14113 16138 16057)
4(14112 16137 16138 14113)
4(14033 14114 16139 16058)
4(14113 16138 16139 14114)
4(14034 14115 16140 16059)
4(14114 16139 16140 14115)
4(14035 14116 16141 16060)
4(14115 16140 16141 14116)
4(14036 14117 16142 16061)
4(14116 16141 16142 14117)
4(14037 14118 16143 16062)
4(14117 16142 16143 14118)
4(14038 14119 16144 16063)
4(14118 16143 16144 14119)
4(14039 14120 16145 16064)
4(14119 16144 16145 14120)
4(14040 14121 16146 16065)
4(14120 16145 16146 14121)
4(14041 14122 16147 16066)
4(14121 16146 16147 14122)
4(14042 14123 16148 16067)
4(14122 16147 16148 14123)
4(14043 14124 16149 16068)
4(14123 16148 16149 14124)
4(14044 14125 16150 16069)
4(14124 16149 16150 14125)
4(14045 14126 16151 16070)
4(14125 16150 16151 14126)
4(14046 14127 16152 16071)
4(14126 16151 16152 14127)
4(14047 14128 16153 16072)
4(14127 16152 16153 14128)
4(14048 14129 16154 16073)
4(14128 16153 16154 14129)
4(14049 14130 16155 16074)
4(14129 16154 16155 14130)
4(14050 14131 16156 16075)
4(14130 16155 16156 14131)
4(14051 14132 16157 16076)
4(14131 16156 16157 14132)
4(14052 14133 16158 16077)
4(14132 16157 16158 14133)
4(14053 14134 16159 16078)
4(14133 16158 16159 14134)
4(14054 14135 16160 16079)
4(14134 16159 16160 14135)
4(14055 14136 16161 16080)
4(14135 16160 16161 14136)
4(14056 14137 16162 16081)
4(14136 16161 16162 14137)
4(14057 14138 16163 16082)
4(14137 16162 16163 14138)
4(14058 14139 16164 16083)
4(14138 16163 16164 14139)
4(14059 14140 16165 16084)
4(14139 16164 16165 14140)
4(14060 14141 16166 16085)
4(14140 16165 16166 14141)
4(14061 14142 16167 16086)
4(14141 16166 16167 14142)
4(14062 14143 16168 16087)
4(14142 16167 16168 14143)
4(14063 14144 16169 16088)
4(14143 16168 16169 14144)
4(14064 14145 16170 16089)
4(14144 16169 16170 14145)
4(14065 14146 16171 16090)
4(14145 16170 16171 14146)
4(14066 14147 16172 16091)
4(14146 16171 16172 14147)
4(14067 14148 16173 16092)
4(14147 16172 16173 14148)
4(14068 14149 16174 16093)
4(14148 16173 16174 14149)
4(14069 14150 16175 16094)
4(14149 16174 16175 14150)
4(14070 14151 16176 16095)
4(14150 16175 16176 14151)
4(14071 14152 16177 16096)
4(14151 16176 16177 14152)
4(14072 14153 16178 16097)
4(14152 16177 16178 14153)
4(14073 14154 16179 16098)
4(14153 16178 16179 14154)
4(14074 14155 16180 16099)
4(14154 16179 16180 14155)
4(14075 14156 16181 16100)
4(14155 16180 16181 14156)
4(14076 14157 16182 16101)
4(14156 16181 16182 14157)
4(14077 14158 16183 16102)
4(14157 16182 16183 14158)
4(14078 14159 16184 16103)
4(14158 16183 16184 14159)
4(14079 14160 16185 16104)
4(14159 16184 16185 14160)
4(14080 14161 16186 16105)
4(14160 16185 16186 14161)
4(14081 14162 16187 16106)
4(14161 16186 16187 14162)
4(14082 14163 16188 16107)
4(14162 16187 16188 14163)
4(14083 14164 16189 16108)
4(14163 16188 16189 14164)
4(14084 14165 16190 16109)
4(14164 16189 16190 14165)
4(14085 14166 16191 16110)
4(14165 16190 16191 14166)
4(14086 14167 16192 16111)
4(14166 16191 16192 14167)
4(14087 14168 16193 16112)
4(14167 16192 16193 14168)
4(14088 14169 16194 16113)
4(14168 16193 16194 14169)
4(14089 14170 16195 16114)
4(14169 16194 16195 14170)
4(14090 14171 16196 16115)
4(14170 16195 16196 14171)
4(14091 14172 16197 16116)
4(14171 16196 16197 14172)
4(14092 14173 16198 16117)
4(14172 16197 16198 14173)
4(14173 16198 16199 14174)
4(14095 14176 16201 16120)
4(14175 16200 16201 14176)
4(14096 14177 16202 16121)
4(14176 16201 16202 14177)
4(14097 14178 16203 16122)
4(14177 16202 16203 14178)
4(14098 14179 16204 16123)
4(14178 16203 16204 14179)
4(14099 14180 16205 16124)
4(14179 16204 16205 14180)
4(14100 14181 16206 16125)
4(14180 16205 16206 14181)
4(14101 14182 16207 16126)
4(14181 16206 16207 14182)
4(14102 14183 16208 16127)
4(14182 16207 16208 14183)
4(14103 14184 16209 16128)
4(14183 16208 16209 14184)
4(14104 14185 16210 16129)
4(14184 16209 16210 14185)
4(14105 14186 16211 16130)
4(14185 16210 16211 14186)
4(14106 14187 16212 16131)
4(14186 16211 16212 14187)
4(14107 14188 16213 16132)
4(14187 16212 16213 14188)
4(14108 14189 16214 16133)
4(14188 16213 16214 14189)
4(14109 14190 16215 16134)
4(14189 16214 16215 14190)
4(14110 14191 16216 16135)
4(14190 16215 16216 14191)
4(14111 14192 16217 16136)
4(14191 16216 16217 14192)
4(14112 14193 16218 16137)
4(14192 16217 16218 14193)
4(14113 14194 16219 16138)
4(14193 16218 16219 14194)
4(14114 14195 16220 16139)
4(14194 16219 16220 14195)
4(14115 14196 16221 16140)
4(14195 16220 16221 14196)
4(14116 14197 16222 16141)
4(14196 16221 16222 14197)
4(14117 14198 16223 16142)
4(14197 16222 16223 14198)
4(14118 14199 16224 16143)
4(14198 16223 16224 14199)
4(14119 14200 16225 16144)
4(14199 16224 16225 14200)
4(14120 14201 16226 16145)
4(14200 16225 16226 14201)
4(14121 14202 16227 16146)
4(14201 16226 16227 14202)
4(14122 14203 16228 16147)
4(14202 16227 16228 14203)
4(14123 14204 16229 16148)
4(14203 16228 16229 14204)
4(14124 14205 16230 16149)
4(14204 16229 16230 14205)
4(14125 14206 16231 16150)
4(14205 16230 16231 14206)
4(14126 14207 16232 16151)
4(14206 16231 16232 14207)
4(14127 14208 16233 16152)
4(14207 16232 16233 14208)
4(14128 14209 16234 16153)
4(14208 16233 16234 14209)
4(14129 14210 16235 16154)
4(14209 16234 16235 14210)
4(14130 14211 16236 16155)
4(14210 16235 16236 14211)
4(14131 14212 16237 16156)
4(14211 16236 16237 14212)
4(14132 14213 16238 16157)
4(14212 16237 16238 14213)
4(14133 14214 16239 16158)
4(14213 16238 16239 14214)
4(14134 14215 16240 16159)
4(14214 16239 16240 14215)
4(14135 14216 16241 16160)
4(14215 16240 16241 14216)
4(14136 14217 16242 16161)
4(14216 16241 16242 14217)
4(14137 14218 16243 16162)
4(14217 16242 16243 14218)
4(14138 14219 16244 16163)
4(14218 16243 16244 14219)
4(14139 14220 16245 16164)
4(14219 16244 16245 14220)
4(14140 14221 16246 16165)
4(14220 16245 16246 14221)
4(14141 14222 16247 16166)
4(14221 16246 16247 14222)
4(14142 14223 16248 16167)
4(14222 16247 16248 14223)
4(14143 14224 16249 16168)
4(14223 16248 16249 14224)
4(14144 14225 16250 16169)
4(14224 16249 16250 14225)
4(14145 14226 16251 16170)
4(14225 16250 16251 14226)
4(14146 14227 16252 16171)
4(14226 16251 16252 14227)
4(14147 14228 16253 16172)
4(14227 16252 16253 14228)
4(14148 14229 16254 16173)
4(14228 16253 16254 14229)
4(14149 14230 16255 16174)
4(14229 16254 16255 14230)
4(14150 14231 16256 16175)
4(14230 16255 16256 14231)
4(14151 14232 16257 16176)
4(14231 16256 16257 14232)
4(14152 14233 16258 16177)
4(14232 16257 16258 14233)
4(14153 14234 16259 16178)
4(14233 16258 16259 14234)
4(14154 14235 16260 16179)
4(14234 16259 16260 14235)
4(14155 14236 16261 16180)
4(14235 16260 16261 14236)
4(14156 14237 16262 16181)
4(14236 16261 16262 14237)
4(14157 14238 16263 16182)
4(14237 16262 16263 14238)
4(14158 14239 16264 16183)
4(14238 16263 16264 14239)
4(14159 14240 16265 16184)
4(14239 16264 16265 14240)
4(14160 14241 16266 16185)
4(14240 16265 16266 14241)
4(14161 14242 16267 16186)
4(14241 16266 16267 14242)
4(14162 14243 16268 16187)
4(14242 16267 16268 14243)
4(14163 14244 16269 16188)
4(14243 16268 16269 14244)
4(14164 14245 16270 16189)
4(14244 16269 16270 14245)
4(14165 14246 16271 16190)
4(14245 16270 16271 14246)
4(14166 14247 16272 16191)
4(14246 16271 16272 14247)
4(14167 14248 16273 16192)
4(14247 16272 16273 14248)
4(14168 14249 16274 16193)
4(14248 16273 16274 14249)
4(14169 14250 16275 16194)
4(14249 16274 16275 14250)
4(14170 14251 16276 16195)
4(14250 16275 16276 14251)
4(14171 14252 16277 16196)
4(14251 16276 16277 14252)
4(14172 14253 16278 16197)
4(14252 16277 16278 14253)
4(14173 14254 16279 16198)
4(14253 16278 16279 14254)
4(14254 16279 16280 14255)
4(14176 14257 16282 16201)
4(14256 16281 16282 14257)
4(14177 14258 16283 16202)
4(14257 16282 16283 14258)
4(14178 14259 16284 16203)
4(14258 16283 16284 14259)
4(14179 14260 16285 16204)
4(14259 16284 16285 14260)
4(14180 14261 16286 16205)
4(14260 16285 16286 14261)
4(14181 14262 16287 16206)
4(14261 16286 16287 14262)
4(14182 14263 16288 16207)
4(14262 16287 16288 14263)
4(14183 14264 16289 16208)
4(14263 16288 16289 14264)
4(14184 14265 16290 16209)
4(14264 16289 16290 14265)
4(14185 14266 16291 16210)
4(14265 16290 16291 14266)
4(14186 14267 16292 16211)
4(14266 16291 16292 14267)
4(14187 14268 16293 16212)
4(14267 16292 16293 14268)
4(14188 14269 16294 16213)
4(14268 16293 16294 14269)
4(14189 14270 16295 16214)
4(14269 16294 16295 14270)
4(14190 14271 16296 16215)
4(14270 16295 16296 14271)
4(14191 14272 16297 16216)
4(14271 16296 16297 14272)
4(14192 14273 16298 16217)
4(14272 16297 16298 14273)
4(14193 14274 16299 16218)
4(14273 16298 16299 14274)
4(14194 14275 16300 16219)
4(14274 16299 16300 14275)
4(14195 14276 16301 16220)
4(14275 16300 16301 14276)
4(14196 14277 16302 16221)
4(14276 16301 16302 14277)
4(14197 14278 16303 16222)
4(14277 16302 16303 14278)
4(14198 14279 16304 16223)
4(14278 16303 16304 14279)
4(14199 14280 16305 16224)
4(14279 16304 16305 14280)
4(14200 14281 16306 16225)
4(14280 16305 16306 14281)
4(14201 14282 16307 16226)
4(14281 16306 16307 14282)
4(14202 14283 16308 16227)
4(14282 16307 16308 14283)
4(14203 14284 16309 16228)
4(14283 16308 16309 14284)
4(14204 14285 16310 16229)
4(14284 16309 16310 14285)
4(14205 14286 16311 16230)
4(14285 16310 16311 14286)
4(14206 14287 16312 16231)
4(14286 16311 16312 14287)
4(14207 14288 16313 16232)
4(14287 16312 16313 14288)
4(14208 14289 16314 16233)
4(14288 16313 16314 14289)
4(14209 14290 16315 16234)
4(14289 16314 16315 14290)
4(14210 14291 16316 16235)
4(14290 16315 16316 14291)
4(14211 14292 16317 16236)
4(14291 16316 16317 14292)
4(14212 14293 16318 16237)
4(14292 16317 16318 14293)
4(14213 14294 16319 16238)
4(14293 16318 16319 14294)
4(14214 14295 16320 16239)
4(14294 16319 16320 14295)
4(14215 14296 16321 16240)
4(14295 16320 16321 14296)
4(14216 14297 16322 16241)
4(14296 16321 16322 14297)
4(14217 14298 16323 16242)
4(14297 16322 16323 14298)
4(14218 14299 16324 16243)
4(14298 16323 16324 14299)
4(14219 14300 16325 16244)
4(14299 16324 16325 14300)
4(14220 14301 16326 16245)
4(14300 16325 16326 14301)
4(14221 14302 16327 16246)
4(14301 16326 16327 14302)
4(14222 14303 16328 16247)
4(14302 16327 16328 14303)
4(14223 14304 16329 16248)
4(14303 16328 16329 14304)
4(14224 14305 16330 16249)
4(14304 16329 16330 14305)
4(14225 14306 16331 16250)
4(14305 16330 16331 14306)
4(14226 14307 16332 16251)
4(14306 16331 16332 14307)
4(14227 14308 16333 16252)
4(14307 16332 16333 14308)
4(14228 14309 16334 16253)
4(14308 16333 16334 14309)
4(14229 14310 16335 16254)
4(14309 16334 16335 14310)
4(14230 14311 16336 16255)
4(14310 16335 16336 14311)
4(14231 14312 16337 16256)
4(14311 16336 16337 14312)
4(14232 14313 16338 16257)
4(14312 16337 16338 14313)
4(14233 14314 16339 16258)
4(14313 16338 16339 14314)
4(14234 14315 16340 16259)
4(14314 16339 16340 14315)
4(14235 14316 16341 16260)
4(14315 16340 16341 14316)
4(14236 14317 16342 16261)
4(14316 16341 16342 14317)
4(14237 14318 16343 16262)
4(14317 16342 16343 14318)
4(14238 14319 16344 16263)
4(14318 16343 16344 14319)
4(14239 14320 16345 16264)
4(14319 16344 16345 14320)
4(14240 14321 16346 16265)
4(14320 16345 16346 14321)
4(14241 14322 16347 16266)
4(14321 16346 16347 14322)
4(14242 14323 16348 16267)
4(14322 16347 16348 14323)
4(14243 14324 16349 16268)
4(14323 16348 16349 14324)
4(14244 14325 16350 16269)
4(14324 16349 16350 14325)
4(14245 14326 16351 16270)
4(14325 16350 16351 14326)
4(14246 14327 16352 16271)
4(14326 16351 16352 14327)
4(14247 14328 16353 16272)
4(14327 16352 16353 14328)
4(14248 14329 16354 16273)
4(14328 16353 16354 14329)
4(14249 14330 16355 16274)
4(14329 16354 16355 14330)
4(14250 14331 16356 16275)
4(14330 16355 16356 14331)
4(14251 14332 16357 16276)
4(14331 16356 16357 14332)
4(14252 14333 16358 16277)
4(14332 16357 16358 14333)
4(14253 14334 16359 16278)
4(14333 16358 16359 14334)
4(14254 14335 16360 16279)
4(14334 16359 16360 14335)
4(14335 16360 16361 14336)
4(14257 14338 16363 16282)
4(14337 16362 16363 14338)
4(14258 14339 16364 16283)
4(14338 16363 16364 14339)
4(14259 14340 16365 16284)
4(14339 16364 16365 14340)
4(14260 14341 16366 16285)
4(14340 16365 16366 14341)
4(14261 14342 16367 16286)
4(14341 16366 16367 14342)
4(14262 14343 16368 16287)
4(14342 16367 16368 14343)
4(14263 14344 16369 16288)
4(14343 16368 16369 14344)
4(14264 14345 16370 16289)
4(14344 16369 16370 14345)
4(14265 14346 16371 16290)
4(14345 16370 16371 14346)
4(14266 14347 16372 16291)
4(14346 16371 16372 14347)
4(14267 14348 16373 16292)
4(14347 16372 16373 14348)
4(14268 14349 16374 16293)
4(14348 16373 16374 14349)
4(14269 14350 16375 16294)
4(14349 16374 16375 14350)
4(14270 14351 16376 16295)
4(14350 16375 16376 14351)
4(14271 14352 16377 16296)
4(14351 16376 16377 14352)
4(14272 14353 16378 16297)
4(14352 16377 16378 14353)
4(14273 14354 16379 16298)
4(14353 16378 16379 14354)
4(14274 14355 16380 16299)
4(14354 16379 16380 14355)
4(14275 14356 16381 16300)
4(14355 16380 16381 14356)
4(14276 14357 16382 16301)
4(14356 16381 16382 14357)
4(14277 14358 16383 16302)
4(14357 16382 16383 14358)
4(14278 14359 16384 16303)
4(14358 16383 16384 14359)
4(14279 14360 16385 16304)
4(14359 16384 16385 14360)
4(14280 14361 16386 16305)
4(14360 16385 16386 14361)
4(14281 14362 16387 16306)
4(14361 16386 16387 14362)
4(14282 14363 16388 16307)
4(14362 16387 16388 14363)
4(14283 14364 16389 16308)
4(14363 16388 16389 14364)
4(14284 14365 16390 16309)
4(14364 16389 16390 14365)
4(14285 14366 16391 16310)
4(14365 16390 16391 14366)
4(14286 14367 16392 16311)
4(14366 16391 16392 14367)
4(14287 14368 16393 16312)
4(14367 16392 16393 14368)
4(14288 14369 16394 16313)
4(14368 16393 16394 14369)
4(14289 14370 16395 16314)
4(14369 16394 16395 14370)
4(14290 14371 16396 16315)
4(14370 16395 16396 14371)
4(14291 14372 16397 16316)
4(14371 16396 16397 14372)
4(14292 14373 16398 16317)
4(14372 16397 16398 14373)
4(14293 14374 16399 16318)
4(14373 16398 16399 14374)
4(14294 14375 16400 16319)
4(14374 16399 16400 14375)
4(14295 14376 16401 16320)
4(14375 16400 16401 14376)
4(14296 14377 16402 16321)
4(14376 16401 16402 14377)
4(14297 14378 16403 16322)
4(14377 16402 16403 14378)
4(14298 14379 16404 16323)
4(14378 16403 16404 14379)
4(14299 14380 16405 16324)
4(14379 16404 16405 14380)
4(14300 14381 16406 16325)
4(14380 16405 16406 14381)
4(14301 14382 16407 16326)
4(14381 16406 16407 14382)
4(14302 14383 16408 16327)
4(14382 16407 16408 14383)
4(14303 14384 16409 16328)
4(14383 16408 16409 14384)
4(14304 14385 16410 16329)
4(14384 16409 16410 14385)
4(14305 14386 16411 16330)
4(14385 16410 16411 14386)
4(14306 14387 16412 16331)
4(14386 16411 16412 14387)
4(14307 14388 16413 16332)
4(14387 16412 16413 14388)
4(14308 14389 16414 16333)
4(14388 16413 16414 14389)
4(14309 14390 16415 16334)
4(14389 16414 16415 14390)
4(14310 14391 16416 16335)
4(14390 16415 16416 14391)
4(14311 14392 16417 16336)
4(14391 16416 16417 14392)
4(14312 14393 16418 16337)
4(14392 16417 16418 14393)
4(14313 14394 16419 16338)
4(14393 16418 16419 14394)
4(14314 14395 16420 16339)
4(14394 16419 16420 14395)
4(14315 14396 16421 16340)
4(14395 16420 16421 14396)
4(14316 14397 16422 16341)
4(14396 16421 16422 14397)
4(14317 14398 16423 16342)
4(14397 16422 16423 14398)
4(14318 14399 16424 16343)
4(14398 16423 16424 14399)
4(14319 14400 16425 16344)
4(14399 16424 16425 14400)
4(14320 14401 16426 16345)
4(14400 16425 16426 14401)
4(14321 14402 16427 16346)
4(14401 16426 16427 14402)
4(14322 14403 16428 16347)
4(14402 16427 16428 14403)
4(14323 14404 16429 16348)
4(14403 16428 16429 14404)
4(14324 14405 16430 16349)
4(14404 16429 16430 14405)
4(14325 14406 16431 16350)
4(14405 16430 16431 14406)
4(14326 14407 16432 16351)
4(14406 16431 16432 14407)
4(14327 14408 16433 16352)
4(14407 16432 16433 14408)
4(14328 14409 16434 16353)
4(14408 16433 16434 14409)
4(14329 14410 16435 16354)
4(14409 16434 16435 14410)
4(14330 14411 16436 16355)
4(14410 16435 16436 14411)
4(14331 14412 16437 16356)
4(14411 16436 16437 14412)
4(14332 14413 16438 16357)
4(14412 16437 16438 14413)
4(14333 14414 16439 16358)
4(14413 16438 16439 14414)
4(14334 14415 16440 16359)
4(14414 16439 16440 14415)
4(14335 14416 16441 16360)
4(14415 16440 16441 14416)
4(14416 16441 16442 14417)
4(14338 14419 16444 16363)
4(14339 14420 16445 16364)
4(14340 14421 16446 16365)
4(14341 14422 16447 16366)
4(14342 14423 16448 16367)
4(14343 14424 16449 16368)
4(14344 14425 16450 16369)
4(14345 14426 16451 16370)
4(14346 14427 16452 16371)
4(14347 14428 16453 16372)
4(14348 14429 16454 16373)
4(14349 14430 16455 16374)
4(14350 14431 16456 16375)
4(14351 14432 16457 16376)
4(14352 14433 16458 16377)
4(14353 14434 16459 16378)
4(14354 14435 16460 16379)
4(14355 14436 16461 16380)
4(14356 14437 16462 16381)
4(14357 14438 16463 16382)
4(14358 14439 16464 16383)
4(14359 14440 16465 16384)
4(14360 14441 16466 16385)
4(14361 14442 16467 16386)
4(14362 14443 16468 16387)
4(14363 14444 16469 16388)
4(14364 14445 16470 16389)
4(14365 14446 16471 16390)
4(14366 14447 16472 16391)
4(14367 14448 16473 16392)
4(14368 14449 16474 16393)
4(14369 14450 16475 16394)
4(14370 14451 16476 16395)
4(14371 14452 16477 16396)
4(14372 14453 16478 16397)
4(14373 14454 16479 16398)
4(14374 14455 16480 16399)
4(14375 14456 16481 16400)
4(14376 14457 16482 16401)
4(14377 14458 16483 16402)
4(14378 14459 16484 16403)
4(14379 14460 16485 16404)
4(14380 14461 16486 16405)
4(14381 14462 16487 16406)
4(14382 14463 16488 16407)
4(14383 14464 16489 16408)
4(14384 14465 16490 16409)
4(14385 14466 16491 16410)
4(14386 14467 16492 16411)
4(14387 14468 16493 16412)
4(14388 14469 16494 16413)
4(14389 14470 16495 16414)
4(14390 14471 16496 16415)
4(14391 14472 16497 16416)
4(14392 14473 16498 16417)
4(14393 14474 16499 16418)
4(14394 14475 16500 16419)
4(14395 14476 16501 16420)
4(14396 14477 16502 16421)
4(14397 14478 16503 16422)
4(14398 14479 16504 16423)
4(14399 14480 16505 16424)
4(14400 14481 16506 16425)
4(14401 14482 16507 16426)
4(14402 14483 16508 16427)
4(14403 14484 16509 16428)
4(14404 14485 16510 16429)
4(14405 14486 16511 16430)
4(14406 14487 16512 16431)
4(14407 14488 16513 16432)
4(14408 14489 16514 16433)
4(14409 14490 16515 16434)
4(14410 14491 16516 16435)
4(14411 14492 16517 16436)
4(14412 14493 16518 16437)
4(14413 14494 16519 16438)
4(14414 14495 16520 16439)
4(14415 14496 16521 16440)
4(14416 14497 16522 16441)
4(0 2106 2187 81)
4(81 2187 2268 162)
4(162 2268 2349 243)
4(243 2349 2430 324)
4(324 2430 2511 405)
4(405 2511 2592 486)
4(486 2592 2673 567)
4(567 2673 2754 648)
4(648 2754 2835 729)
4(729 2835 2916 810)
4(810 2916 2997 891)
4(891 2997 3078 972)
4(972 3078 3159 1053)
4(1053 3159 3240 1134)
4(1134 3240 3321 1215)
4(1215 3321 3402 1296)
4(1296 3402 3483 1377)
4(1377 3483 3564 1458)
4(1458 3564 3645 1539)
4(1539 3645 3726 1620)
4(1620 3726 3807 1701)
4(1701 3807 3888 1782)
4(1782 3888 3969 1863)
4(1863 3969 4050 1944)
4(1944 4050 4131 2025)
4(2106 4212 4293 2187)
4(2187 4293 4374 2268)
4(2268 4374 4455 2349)
4(2349 4455 4536 2430)
4(2430 4536 4617 2511)
4(2511 4617 4698 2592)
4(2592 4698 4779 2673)
4(2673 4779 4860 2754)
4(2754 4860 4941 2835)
4(2835 4941 5022 2916)
4(2916 5022 5103 2997)
4(2997 5103 5184 3078)
4(3078 5184 5265 3159)
4(3159 5265 5346 3240)
4(3240 5346 5427 3321)
4(3321 5427 5508 3402)
4(3402 5508 5589 3483)
4(3483 5589 5670 3564)
4(3564 5670 5751 3645)
4(3645 5751 5832 3726)
4(3726 5832 5913 3807)
4(3807 5913 5994 3888)
4(3888 5994 6075 3969)
4(3969 6075 6156 4050)
4(4050 6156 6237 4131)
4(4212 6318 6399 4293)
4(4293 6399 6480 4374)
4(4374 6480 6561 4455)
4(4455 6561 6642 4536)
4(4536 6642 6723 4617)
4(4617 6723 6804 4698)
4(4698 6804 6885 4779)
4(4779 6885 6966 4860)
4(4860 6966 7047 4941)
4(4941 7047 7128 5022)
4(5022 7128 7209 5103)
4(5103 7209 7290 5184)
4(5184 7290 7371 5265)
4(5265 7371 7452 5346)
4(5346 7452 7533 5427)
4(5427 7533 7614 5508)
4(5508 7614 7695 5589)
4(5589 7695 7776 5670)
4(5670 7776 7857 5751)
4(5751 7857 7938 5832)
4(5832 7938 8019 5913)
4(5913 8019 8100 5994)
4(5994 8100 8181 6075)
4(6075 8181 8262 6156)
4(6156 8262 8343 6237)
4(2025 4131 10449 8424)
4(8424 10449 10530 8505)
4(8505 10530 10611 8586)
4(8586 10611 10692 8667)
4(8667 10692 10773 8748)
4(8748 10773 10854 8829)
4(8829 10854 10935 8910)
4(8910 10935 11016 8991)
4(8991 11016 11097 9072)
4(9072 11097 11178 9153)
4(9153 11178 11259 9234)
4(9234 11259 11340 9315)
4(9315 11340 11421 9396)
4(9396 11421 11502 9477)
4(9477 11502 11583 9558)
4(9558 11583 11664 9639)
4(9639 11664 11745 9720)
4(9720 11745 11826 9801)
4(9801 11826 11907 9882)
4(9882 11907 11988 9963)
4(9963 11988 12069 10044)
4(10044 12069 12150 10125)
4(10125 12150 12231 10206)
4(10206 12231 12312 10287)
4(10287 12312 12393 10368)
4(4131 6237 12474 10449)
4(10449 12474 12555 10530)
4(10530 12555 12636 10611)
4(10611 12636 12717 10692)
4(10692 12717 12798 10773)
4(10773 12798 12879 10854)
4(10854 12879 12960 10935)
4(10935 12960 13041 11016)
4(11016 13041 13122 11097)
4(11097 13122 13203 11178)
4(11178 13203 13284 11259)
4(11259 13284 13365 11340)
4(11340 13365 13446 11421)
4(11421 13446 13527 11502)
4(11502 13527 13608 11583)
4(11583 13608 13689 11664)
4(11664 13689 13770 11745)
4(11745 13770 13851 11826)
4(11826 13851 13932 11907)
4(11907 13932 14013 11988)
4(11988 14013 14094 12069)
4(12069 14094 14175 12150)
4(12150 14175 14256 12231)
4(12231 14256 14337 12312)
4(12312 14337 14418 12393)
4(6237 8343 14499 12474)
4(12474 14499 14580 12555)
4(12555 14580 14661 12636)
4(12636 14661 14742 12717)
4(12717 14742 14823 12798)
4(12798 14823 14904 12879)
4(12879 14904 14985 12960)
4(12960 14985 15066 13041)
4(13041 15066 15147 13122)
4(13122 15147 15228 13203)
4(13203 15228 15309 13284)
4(13284 15309 15390 13365)
4(13365 15390 15471 13446)
4(13446 15471 15552 13527)
4(13527 15552 15633 13608)
4(13608 15633 15714 13689)
4(13689 15714 15795 13770)
4(13770 15795 15876 13851)
4(13851 15876 15957 13932)
4(13932 15957 16038 14013)
4(14013 16038 16119 14094)
4(14094 16119 16200 14175)
4(14175 16200 16281 14256)
4(14256 16281 16362 14337)
4(14337 16362 16443 14418)
4(80 161 2267 2186)
4(161 242 2348 2267)
4(242 323 2429 2348)
4(323 404 2510 2429)
4(404 485 2591 2510)
4(485 566 2672 2591)
4(566 647 2753 2672)
4(647 728 2834 2753)
4(728 809 2915 2834)
4(809 890 2996 2915)
4(890 971 3077 2996)
4(971 1052 3158 3077)
4(1052 1133 3239 3158)
4(1133 1214 3320 3239)
4(1214 1295 3401 3320)
4(1295 1376 3482 3401)
4(1376 1457 3563 3482)
4(1457 1538 3644 3563)
4(1538 1619 3725 3644)
4(1619 1700 3806 3725)
4(1700 1781 3887 3806)
4(1781 1862 3968 3887)
4(1862 1943 4049 3968)
4(1943 2024 4130 4049)
4(2024 2105 4211 4130)
4(2186 2267 4373 4292)
4(2267 2348 4454 4373)
4(2348 2429 4535 4454)
4(2429 2510 4616 4535)
4(2510 2591 4697 4616)
4(2591 2672 4778 4697)
4(2672 2753 4859 4778)
4(2753 2834 4940 4859)
4(2834 2915 5021 4940)
4(2915 2996 5102 5021)
4(2996 3077 5183 5102)
4(3077 3158 5264 5183)
4(3158 3239 5345 5264)
4(3239 3320 5426 5345)
4(3320 3401 5507 5426)
4(3401 3482 5588 5507)
4(3482 3563 5669 5588)
4(3563 3644 5750 5669)
4(3644 3725 5831 5750)
4(3725 3806 5912 5831)
4(3806 3887 5993 5912)
4(3887 3968 6074 5993)
4(3968 4049 6155 6074)
4(4049 4130 6236 6155)
4(4130 4211 6317 6236)
4(4292 4373 6479 6398)
4(4373 4454 6560 6479)
4(4454 4535 6641 6560)
4(4535 4616 6722 6641)
4(4616 4697 6803 6722)
4(4697 4778 6884 6803)
4(4778 4859 6965 6884)
4(4859 4940 7046 6965)
4(4940 5021 7127 7046)
4(5021 5102 7208 7127)
4(5102 5183 7289 7208)
4(5183 5264 7370 7289)
4(5264 5345 7451 7370)
4(5345 5426 7532 7451)
4(5426 5507 7613 7532)
4(5507 5588 7694 7613)
4(5588 5669 7775 7694)
4(5669 5750 7856 7775)
4(5750 5831 7937 7856)
4(5831 5912 8018 7937)
4(5912 5993 8099 8018)
4(5993 6074 8180 8099)
4(6074 6155 8261 8180)
4(6155 6236 8342 8261)
4(6236 6317 8423 8342)
4(2105 8504 10529 4211)
4(8504 8585 10610 10529)
4(8585 8666 10691 10610)
4(8666 8747 10772 10691)
4(8747 8828 10853 10772)
4(8828 8909 10934 10853)
4(8909 8990 11015 10934)
4(8990 9071 11096 11015)
4(9071 9152 11177 11096)
4(9152 9233 11258 11177)
4(9233 9314 11339 11258)
4(9314 9395 11420 11339)
4(9395 9476 11501 11420)
4(9476 9557 11582 11501)
4(9557 9638 11663 11582)
4(9638 9719 11744 11663)
4(9719 9800 11825 11744)
4(9800 9881 11906 11825)
4(9881 9962 11987 11906)
4(9962 10043 12068 11987)
4(10043 10124 12149 12068)
4(10124 10205 12230 12149)
4(10205 10286 12311 12230)
4(10286 10367 12392 12311)
4(10367 10448 12473 12392)
4(4211 10529 12554 6317)
4(10529 10610 12635 12554)
4(10610 10691 12716 12635)
4(10691 10772 12797 12716)
4(10772 10853 12878 12797)
4(10853 10934 12959 12878)
4(10934 11015 13040 12959)
4(11015 11096 13121 13040)
4(11096 11177 13202 13121)
4(11177 11258 13283 13202)
4(11258 11339 13364 13283)
4(11339 11420 13445 13364)
4(11420 11501 13526 13445)
4(11501 11582 13607 13526)
4(11582 11663 13688 13607)
4(11663 11744 13769 13688)
4(11744 11825 13850 13769)
4(11825 11906 13931 13850)
4(11906 11987 14012 13931)
4(11987 12068 14093 14012)
4(12068 12149 14174 14093)
4(12149 12230 14255 14174)
4(12230 12311 14336 14255)
4(12311 12392 14417 14336)
4(12392 12473 14498 14417)
4(6317 12554 14579 8423)
4(12554 12635 14660 14579)
4(12635 12716 14741 14660)
4(12716 12797 14822 14741)
4(12797 12878 14903 14822)
4(12878 12959 14984 14903)
4(12959 13040 15065 14984)
4(13040 13121 15146 15065)
4(13121 13202 15227 15146)
4(13202 13283 15308 15227)
4(13283 13364 15389 15308)
4(13364 13445 15470 15389)
4(13445 13526 15551 15470)
4(13526 13607 15632 15551)
4(13607 13688 15713 15632)
4(13688 13769 15794 15713)
4(13769 13850 15875 15794)
4(13850 13931 15956 15875)
4(13931 14012 16037 15956)
4(14012 14093 16118 16037)
4(14093 14174 16199 16118)
4(14174 14255 16280 16199)
4(14255 14336 16361 16280)
4(14336 14417 16442 16361)
4(14417 14498 16523 16442)
4(0 1 2107 2106)
4(2106 2107 4213 4212)
4(4212 4213 6319 6318)
4(1 2 2108 2107)
4(2107 2108 4214 4213)
4(4213 4214 6320 6319)
4(2 3 2109 2108)
4(2108 2109 4215 4214)
4(4214 4215 6321 6320)
4(3 4 2110 2109)
4(2109 2110 4216 4215)
4(4215 4216 6322 6321)
4(4 5 2111 2110)
4(2110 2111 4217 4216)
4(4216 4217 6323 6322)
4(5 6 2112 2111)
4(2111 2112 4218 4217)
4(4217 4218 6324 6323)
4(6 7 2113 2112)
4(2112 2113 4219 4218)
4(4218 4219 6325 6324)
4(7 8 2114 2113)
4(2113 2114 4220 4219)
4(4219 4220 6326 6325)
4(8 9 2115 2114)
4(2114 2115 4221 4220)
4(4220 4221 6327 6326)
4(9 10 2116 2115)
4(2115 2116 4222 4221)
4(4221 4222 6328 6327)
4(10 11 2117 2116)
4(2116 2117 4223 4222)
4(4222 4223 6329 6328)
4(11 12 2118 2117)
4(2117 2118 4224 4223)
4(4223 4224 6330 6329)
4(12 13 2119 2118)
4(2118 2119 4225 4224)
4(4224 4225 6331 6330)
4(13 14 2120 2119)
4(2119 2120 4226 4225)
4(4225 4226 6332 6331)
4(14 15 2121 2120)
4(2120 2121 4227 4226)
4(4226 4227 6333 6332)
4(15 16 2122 2121)
4(2121 2122 4228 4227)
4(4227 4228 6334 6333)
4(16 17 2123 2122)
4(2122 2123 4229 4228)
4(4228 4229 6335 6334)
4(17 18 2124 2123)
4(2123 2124 4230 4229)
4(4229 4230 6336 6335)
4(18 19 2125 2124)
4(2124 2125 4231 4230)
4(4230 4231 6337 6336)
4(19 20 2126 2125)
4(2125 2126 4232 4231)
4(4231 4232 6338 6337)
4(20 21 2127 2126)
4(2126 2127 4233 4232)
4(4232 4233 6339 6338)
4(21 22 2128 2127)
4(2127 2128 4234 4233)
4(4233 4234 6340 6339)
4(22 23 2129 2128)
4(2128 2129 4235 4234)
4(4234 4235 6341 6340)
4(23 24 2130 2129)
4(2129 2130 4236 4235)
4(4235 4236 6342 6341)
4(24 25 2131 2130)
4(2130 2131 4237 4236)
4(4236 4237 6343 6342)
4(25 26 2132 2131)
4(2131 2132 4238 4237)
4(4237 4238 6344 6343)
4(26 27 2133 2132)
4(2132 2133 4239 4238)
4(4238 4239 6345 6344)
4(27 28 2134 2133)
4(2133 2134 4240 4239)
4(4239 4240 6346 6345)
4(28 29 2135 2134)
4(2134 2135 4241 4240)
4(4240 4241 6347 6346)
4(29 30 2136 2135)
4(2135 2136 4242 4241)
4(4241 4242 6348 6347)
4(30 31 2137 2136)
4(2136 2137 4243 4242)
4(4242 4243 6349 6348)
4(31 32 2138 2137)
4(2137 2138 4244 4243)
4(4243 4244 6350 6349)
4(32 33 2139 2138)
4(2138 2139 4245 4244)
4(4244 4245 6351 6350)
4(33 34 2140 2139)
4(2139 2140 4246 4245)
4(4245 4246 6352 6351)
4(34 35 2141 2140)
4(2140 2141 4247 4246)
4(4246 4247 6353 6352)
4(35 36 2142 2141)
4(2141 2142 4248 4247)
4(4247 4248 6354 6353)
4(36 37 2143 2142)
4(2142 2143 4249 4248)
4(4248 4249 6355 6354)
4(37 38 2144 2143)
4(2143 2144 4250 4249)
4(4249 4250 6356 6355)
4(38 39 2145 2144)
4(2144 2145 4251 4250)
4(4250 4251 6357 6356)
4(39 40 2146 2145)
4(2145 2146 4252 4251)
4(4251 4252 6358 6357)
4(40 41 2147 2146)
4(2146 2147 4253 4252)
4(4252 4253 6359 6358)
4(41 42 2148 2147)
4(2147 2148 4254 4253)
4(4253 4254 6360 6359)
4(42 43 2149 2148)
4(2148 2149 4255 4254)
4(4254 4255 6361 6360)
4(43 44 2150 2149)
4(2149 2150 4256 4255)
4(4255 4256 6362 6361)
4(44 45 2151 2150)
4(2150 2151 4257 4256)
4(4256 4257 6363 6362)
4(45 46 2152 2151)
4(2151 2152 4258 4257)
4(4257 4258 6364 6363)
4(46 47 2153 2152)
4(2152 2153 4259 4258)
4(4258 4259 6365 6364)
4(47 48 2154 2153)
4(2153 2154 4260 4259)
4(4259 4260 6366 6365)
4(48 49 2155 2154)
4(2154 2155 4261 4260)
4(4260 4261 6367 6366)
4(49 50 2156 2155)
4(2155 2156 4262 4261)
4(4261 4262 6368 6367)
4(50 51 2157 2156)
4(2156 2157 4263 4262)
4(4262 4263 6369 6368)
4(51 52 2158 2157)
4(2157 2158 4264 4263)
4(4263 4264 6370 6369)
4(52 53 2159 2158)
4(2158 2159 4265 4264)
4(4264 4265 6371 6370)
4(53 54 2160 2159)
4(2159 2160 4266 4265)
4(4265 4266 6372 6371)
4(54 55 2161 2160)
4(2160 2161 4267 4266)
4(4266 4267 6373 6372)
4(55 56 2162 2161)
4(2161 2162 4268 4267)
4(4267 4268 6374 6373)
4(56 57 2163 2162)
4(2162 2163 4269 4268)
4(4268 4269 6375 6374)
4(57 58 2164 2163)
4(2163 2164 4270 4269)
4(4269 4270 6376 6375)
4(58 59 2165 2164)
4(2164 2165 4271 4270)
4(4270 4271 6377 6376)
4(59 60 2166 2165)
4(2165 2166 4272 4271)
4(4271 4272 6378 6377)
4(60 61 2167 2166)
4(2166 2167 4273 4272)
4(4272 4273 6379 6378)
4(61 62 2168 2167)
4(2167 2168 4274 4273)
4(4273 4274 6380 6379)
4(62 63 2169 2168)
4(2168 2169 4275 4274)
4(4274 4275 6381 6380)
4(63 64 2170 2169)
4(2169 2170 4276 4275)
4(4275 4276 6382 6381)
4(64 65 2171 2170)
4(2170 2171 4277 4276)
4(4276 4277 6383 6382)
4(65 66 2172 2171)
4(2171 2172 4278 4277)
4(4277 4278 6384 6383)
4(66 67 2173 2172)
4(2172 2173 4279 4278)
4(4278 4279 6385 6384)
4(67 68 2174 2173)
4(2173 2174 4280 4279)
4(4279 4280 6386 6385)
4(68 69 2175 2174)
4(2174 2175 4281 4280)
4(4280 4281 6387 6386)
4(69 70 2176 2175)
4(2175 2176 4282 4281)
4(4281 4282 6388 6387)
4(70 71 2177 2176)
4(2176 2177 4283 4282)
4(4282 4283 6389 6388)
4(71 72 2178 2177)
4(2177 2178 4284 4283)
4(4283 4284 6390 6389)
4(72 73 2179 2178)
4(2178 2179 4285 4284)
4(4284 4285 6391 6390)
4(73 74 2180 2179)
4(2179 2180 4286 4285)
4(4285 4286 6392 6391)
4(74 75 2181 2180)
4(2180 2181 4287 4286)
4(4286 4287 6393 6392)
4(75 76 2182 2181)
4(2181 2182 4288 4287)
4(4287 4288 6394 6393)
4(76 77 2183 2182)
4(2182 2183 4289 4288)
4(4288 4289 6395 6394)
4(77 78 2184 2183)
4(2183 2184 4290 4289)
4(4289 4290 6396 6395)
4(78 79 2185 2184)
4(2184 2185 4291 4290)
4(4290 4291 6397 6396)
4(79 80 2186 2185)
4(2185 2186 4292 4291)
4(4291 4292 6398 6397)
4(10368 12393 12394 10369)
4(12393 14418 14419 12394)
4(14418 16443 16444 14419)
4(10369 12394 12395 10370)
4(12394 14419 14420 12395)
4(14419 16444 16445 14420)
4(10370 12395 12396 10371)
4(12395 14420 14421 12396)
4(14420 16445 16446 14421)
4(10371 12396 12397 10372)
4(12396 14421 14422 12397)
4(14421 16446 16447 14422)
4(10372 12397 12398 10373)
4(12397 14422 14423 12398)
4(14422 16447 16448 14423)
4(10373 12398 12399 10374)
4(12398 14423 14424 12399)
4(14423 16448 16449 14424)
4(10374 12399 12400 10375)
4(12399 14424 14425 12400)
4(14424 16449 16450 14425)
4(10375 12400 12401 10376)
4(12400 14425 14426 12401)
4(14425 16450 16451 14426)
4(10376 12401 12402 10377)
4(12401 14426 14427 12402)
4(14426 16451 16452 14427)
4(10377 12402 12403 10378)
4(12402 14427 14428 12403)
4(14427 16452 16453 14428)
4(10378 12403 12404 10379)
4(12403 14428 14429 12404)
4(14428 16453 16454 14429)
4(10379 12404 12405 10380)
4(12404 14429 14430 12405)
4(14429 16454 16455 14430)
4(10380 12405 12406 10381)
4(12405 14430 14431 12406)
4(14430 16455 16456 14431)
4(10381 12406 12407 10382)
4(12406 14431 14432 12407)
4(14431 16456 16457 14432)
4(10382 12407 12408 10383)
4(12407 14432 14433 12408)
4(14432 16457 16458 14433)
4(10383 12408 12409 10384)
4(12408 14433 14434 12409)
4(14433 16458 16459 14434)
4(10384 12409 12410 10385)
4(12409 14434 14435 12410)
4(14434 16459 16460 14435)
4(10385 12410 12411 10386)
4(12410 14435 14436 12411)
4(14435 16460 16461 14436)
4(10386 12411 12412 10387)
4(12411 14436 14437 12412)
4(14436 16461 16462 14437)
4(10387 12412 12413 10388)
4(12412 14437 14438 12413)
4(14437 16462 16463 14438)
4(10388 12413 12414 10389)
4(12413 14438 14439 12414)
4(14438 16463 16464 14439)
4(10389 12414 12415 10390)
4(12414 14439 14440 12415)
4(14439 16464 16465 14440)
4(10390 12415 12416 10391)
4(12415 14440 14441 12416)
4(14440 16465 16466 14441)
4(10391 12416 12417 10392)
4(12416 14441 14442 12417)
4(14441 16466 16467 14442)
4(10392 12417 12418 10393)
4(12417 14442 14443 12418)
4(14442 16467 16468 14443)
4(10393 12418 12419 10394)
4(12418 14443 14444 12419)
4(14443 16468 16469 14444)
4(10394 12419 12420 10395)
4(12419 14444 14445 12420)
4(14444 16469 16470 14445)
4(10395 12420 12421 10396)
4(12420 14445 14446 12421)
4(14445 16470 16471 14446)
4(10396 12421 12422 10397)
4(12421 14446 14447 12422)
4(14446 16471 16472 14447)
4(10397 12422 12423 10398)
4(12422 14447 14448 12423)
4(14447 16472 16473 14448)
4(10398 12423 12424 10399)
4(12423 14448 14449 12424)
4(14448 16473 16474 14449)
4(10399 12424 12425 10400)
4(12424 14449 14450 12425)
4(14449 16474 16475 14450)
4(10400 12425 12426 10401)
4(12425 14450 14451 12426)
4(14450 16475 16476 14451)
4(10401 12426 12427 10402)
4(12426 14451 14452 12427)
4(14451 16476 16477 14452)
4(10402 12427 12428 10403)
4(12427 14452 14453 12428)
4(14452 16477 16478 14453)
4(10403 12428 12429 10404)
4(12428 14453 14454 12429)
4(14453 16478 16479 14454)
4(10404 12429 12430 10405)
4(12429 14454 14455 12430)
4(14454 16479 16480 14455)
4(10405 12430 12431 10406)
4(12430 14455 14456 12431)
4(14455 16480 16481 14456)
4(10406 12431 12432 10407)
4(12431 14456 14457 12432)
4(14456 16481 16482 14457)
4(10407 12432 12433 10408)
4(12432 14457 14458 12433)
4(14457 16482 16483 14458)
4(10408 12433 12434 10409)
4(12433 14458 14459 12434)
4(14458 16483 16484 14459)
4(10409 12434 12435 10410)
4(12434 14459 14460 12435)
4(14459 16484 16485 14460)
4(10410 12435 12436 10411)
4(12435 14460 14461 12436)
4(14460 16485 16486 14461)
4(10411 12436 12437 10412)
4(12436 14461 14462 12437)
4(14461 16486 16487 14462)
4(10412 12437 12438 10413)
4(12437 14462 14463 12438)
4(14462 16487 16488 14463)
4(10413 12438 12439 10414)
4(12438 14463 14464 12439)
4(14463 16488 16489 14464)
4(10414 12439 12440 10415)
4(12439 14464 14465 12440)
4(14464 16489 16490 14465)
4(10415 12440 12441 10416)
4(12440 14465 14466 12441)
4(14465 16490 16491 14466)
4(10416 12441 12442 10417)
4(12441 14466 14467 12442)
4(14466 16491 16492 14467)
4(10417 12442 12443 10418)
4(12442 14467 14468 12443)
4(14467 16492 16493 14468)
4(10418 12443 12444 10419)
4(12443 14468 14469 12444)
4(14468 16493 16494 14469)
4(10419 12444 12445 10420)
4(12444 14469 14470 12445)
4(14469 16494 16495 14470)
4(10420 12445 12446 10421)
4(12445 14470 14471 12446)
4(14470 16495 16496 14471)
4(10421 12446 12447 10422)
4(12446 14471 14472 12447)
4(14471 16496 16497 14472)
4(10422 12447 12448 10423)
4(12447 14472 14473 12448)
4(14472 16497 16498 14473)
4(10423 12448 12449 10424)
4(12448 14473 14474 12449)
4(14473 16498 16499 14474)
4(10424 12449 12450 10425)
4(12449 14474 14475 12450)
4(14474 16499 16500 14475)
4(10425 12450 12451 10426)
4(12450 14475 14476 12451)
4(14475 16500 16501 14476)
4(10426 12451 12452 10427)
4(12451 14476 14477 12452)
4(14476 16501 16502 14477)
4(10427 12452 12453 10428)
4(12452 14477 14478 12453)
4(14477 16502 16503 14478)
4(10428 12453 12454 10429)
4(12453 14478 14479 12454)
4(14478 16503 16504 14479)
4(10429 12454 12455 10430)
4(12454 14479 14480 12455)
4(14479 16504 16505 14480)
4(10430 12455 12456 10431)
4(12455 14480 14481 12456)
4(14480 16505 16506 14481)
4(10431 12456 12457 10432)
4(12456 14481 14482 12457)
4(14481 16506 16507 14482)
4(10432 12457 12458 10433)
4(12457 14482 14483 12458)
4(14482 16507 16508 14483)
4(10433 12458 12459 10434)
4(12458 14483 14484 12459)
4(14483 16508 16509 14484)
4(10434 12459 12460 10435)
4(12459 14484 14485 12460)
4(14484 16509 16510 14485)
4(10435 12460 12461 10436)
4(12460 14485 14486 12461)
4(14485 16510 16511 14486)
4(10436 12461 12462 10437)
4(12461 14486 14487 12462)
4(14486 16511 16512 14487)
4(10437 12462 12463 10438)
4(12462 14487 14488 12463)
4(14487 16512 16513 14488)
4(10438 12463 12464 10439)
4(12463 14488 14489 12464)
4(14488 16513 16514 14489)
4(10439 12464 12465 10440)
4(12464 14489 14490 12465)
4(14489 16514 16515 14490)
4(10440 12465 12466 10441)
4(12465 14490 14491 12466)
4(14490 16515 16516 14491)
4(10441 12466 12467 10442)
4(12466 14491 14492 12467)
4(14491 16516 16517 14492)
4(10442 12467 12468 10443)
4(12467 14492 14493 12468)
4(14492 16517 16518 14493)
4(10443 12468 12469 10444)
4(12468 14493 14494 12469)
4(14493 16518 16519 14494)
4(10444 12469 12470 10445)
4(12469 14494 14495 12470)
4(14494 16519 16520 14495)
4(10445 12470 12471 10446)
4(12470 14495 14496 12471)
4(14495 16520 16521 14496)
4(10446 12471 12472 10447)
4(12471 14496 14497 12472)
4(14496 16521 16522 14497)
4(10447 12472 12473 10448)
4(12472 14497 14498 12473)
4(14497 16522 16523 14498)
4(0 81 82 1)
4(81 162 163 82)
4(162 243 244 163)
4(243 324 325 244)
4(324 405 406 325)
4(405 486 487 406)
4(486 567 568 487)
4(567 648 649 568)
4(648 729 730 649)
4(729 810 811 730)
4(810 891 892 811)
4(891 972 973 892)
4(972 1053 1054 973)
4(1053 1134 1135 1054)
4(1134 1215 1216 1135)
4(1215 1296 1297 1216)
4(1296 1377 1378 1297)
4(1377 1458 1459 1378)
4(1458 1539 1540 1459)
4(1539 1620 1621 1540)
4(1620 1701 1702 1621)
4(1701 1782 1783 1702)
4(1782 1863 1864 1783)
4(1863 1944 1945 1864)
4(1944 2025 2026 1945)
4(1 82 83 2)
4(82 163 164 83)
4(163 244 245 164)
4(244 325 326 245)
4(325 406 407 326)
4(406 487 488 407)
4(487 568 569 488)
4(568 649 650 569)
4(649 730 731 650)
4(730 811 812 731)
4(811 892 893 812)
4(892 973 974 893)
4(973 1054 1055 974)
4(1054 1135 1136 1055)
4(1135 1216 1217 1136)
4(1216 1297 1298 1217)
4(1297 1378 1379 1298)
4(1378 1459 1460 1379)
4(1459 1540 1541 1460)
4(1540 1621 1622 1541)
4(1621 1702 1703 1622)
4(1702 1783 1784 1703)
4(1783 1864 1865 1784)
4(1864 1945 1946 1865)
4(1945 2026 2027 1946)
4(2 83 84 3)
4(83 164 165 84)
4(164 245 246 165)
4(245 326 327 246)
4(326 407 408 327)
4(407 488 489 408)
4(488 569 570 489)
4(569 650 651 570)
4(650 731 732 651)
4(731 812 813 732)
4(812 893 894 813)
4(893 974 975 894)
4(974 1055 1056 975)
4(1055 1136 1137 1056)
4(1136 1217 1218 1137)
4(1217 1298 1299 1218)
4(1298 1379 1380 1299)
4(1379 1460 1461 1380)
4(1460 1541 1542 1461)
4(1541 1622 1623 1542)
4(1622 1703 1704 1623)
4(1703 1784 1785 1704)
4(1784 1865 1866 1785)
4(1865 1946 1947 1866)
4(1946 2027 2028 1947)
4(3 84 85 4)
4(84 165 166 85)
4(165 246 247 166)
4(246 327 328 247)
4(327 408 409 328)
4(408 489 490 409)
4(489 570 571 490)
4(570 651 652 571)
4(651 732 733 652)
4(732 813 814 733)
4(813 894 895 814)
4(894 975 976 895)
4(975 1056 1057 976)
4(1056 1137 1138 1057)
4(1137 1218 1219 1138)
4(1218 1299 1300 1219)
4(1299 1380 1381 1300)
4(1380 1461 1462 1381)
4(1461 1542 1543 1462)
4(1542 1623 1624 1543)
4(1623 1704 1705 1624)
4(1704 1785 1786 1705)
4(1785 1866 1867 1786)
4(1866 1947 1948 1867)
4(1947 2028 2029 1948)
4(4 85 86 5)
4(85 166 167 86)
4(166 247 248 167)
4(247 328 329 248)
4(328 409 410 329)
4(409 490 491 410)
4(490 571 572 491)
4(571 652 653 572)
4(652 733 734 653)
4(733 814 815 734)
4(814 895 896 815)
4(895 976 977 896)
4(976 1057 1058 977)
4(1057 1138 1139 1058)
4(1138 1219 1220 1139)
4(1219 1300 1301 1220)
4(1300 1381 1382 1301)
4(1381 1462 1463 1382)
4(1462 1543 1544 1463)
4(1543 1624 1625 1544)
4(1624 1705 1706 1625)
4(1705 1786 1787 1706)
4(1786 1867 1868 1787)
4(1867 1948 1949 1868)
4(1948 2029 2030 1949)
4(5 86 87 6)
4(86 167 168 87)
4(167 248 249 168)
4(248 329 330 249)
4(329 410 411 330)
4(410 491 492 411)
4(491 572 573 492)
4(572 653 654 573)
4(653 734 735 654)
4(734 815 816 735)
4(815 896 897 816)
4(896 977 978 897)
4(977 1058 1059 978)
4(1058 1139 1140 1059)
4(1139 1220 1221 1140)
4(1220 1301 1302 1221)
4(1301 1382 1383 1302)
4(1382 1463 1464 1383)
4(1463 1544 1545 1464)
4(1544 1625 1626 1545)
4(1625 1706 1707 1626)
4(1706 1787 1788 1707)
4(1787 1868 1869 1788)
4(1868 1949 1950 1869)
4(1949 2030 2031 1950)
4(6 87 88 7)
4(87 168 169 88)
4(168 249 250 169)
4(249 330 331 250)
4(330 411 412 331)
4(411 492 493 412)
4(492 573 574 493)
4(573 654 655 574)
4(654 735 736 655)
4(735 816 817 736)
4(816 897 898 817)
4(897 978 979 898)
4(978 1059 1060 979)
4(1059 1140 1141 1060)
4(1140 1221 1222 1141)
4(1221 1302 1303 1222)
4(1302 1383 1384 1303)
4(1383 1464 1465 1384)
4(1464 1545 1546 1465)
4(1545 1626 1627 1546)
4(1626 1707 1708 1627)
4(1707 1788 1789 1708)
4(1788 1869 1870 1789)
4(1869 1950 1951 1870)
4(1950 2031 2032 1951)
4(7 88 89 8)
4(88 169 170 89)
4(169 250 251 170)
4(250 331 332 251)
4(331 412 413 332)
4(412 493 494 413)
4(493 574 575 494)
4(574 655 656 575)
4(655 736 737 656)
4(736 817 818 737)
4(817 898 899 818)
4(898 979 980 899)
4(979 1060 1061 980)
4(1060 1141 1142 1061)
4(1141 1222 1223 1142)
4(1222 1303 1304 1223)
4(1303 1384 1385 1304)
4(1384 1465 1466 1385)
4(1465 1546 1547 1466)
4(1546 1627 1628 1547)
4(1627 1708 1709 1628)
4(1708 1789 1790 1709)
4(1789 1870 1871 1790)
4(1870 1951 1952 1871)
4(1951 2032 2033 1952)
4(8 89 90 9)
4(89 170 171 90)
4(170 251 252 171)
4(251 332 333 252)
4(332 413 414 333)
4(413 494 495 414)
4(494 575 576 495)
4(575 656 657 576)
4(656 737 738 657)
4(737 818 819 738)
4(818 899 900 819)
4(899 980 981 900)
4(980 1061 1062 981)
4(1061 1142 1143 1062)
4(1142 1223 1224 1143)
4(1223 1304 1305 1224)
4(1304 1385 1386 1305)
4(1385 1466 1467 1386)
4(1466 1547 1548 1467)
4(1547 1628 1629 1548)
4(1628 1709 1710 1629)
4(1709 1790 1791 1710)
4(1790 1871 1872 1791)
4(1871 1952 1953 1872)
4(1952 2033 2034 1953)
4(9 90 91 10)
4(90 171 172 91)
4(171 252 253 172)
4(252 333 334 253)
4(333 414 415 334)
4(414 495 496 415)
4(495 576 577 496)
4(576 657 658 577)
4(657 738 739 658)
4(738 819 820 739)
4(819 900 901 820)
4(900 981 982 901)
4(981 1062 1063 982)
4(1062 1143 1144 1063)
4(1143 1224 1225 1144)
4(1224 1305 1306 1225)
4(1305 1386 1387 1306)
4(1386 1467 1468 1387)
4(1467 1548 1549 1468)
4(1548 1629 1630 1549)
4(1629 1710 1711 1630)
4(1710 1791 1792 1711)
4(1791 1872 1873 1792)
4(1872 1953 1954 1873)
4(1953 2034 2035 1954)
4(10 91 92 11)
4(91 172 173 92)
4(172 253 254 173)
4(253 334 335 254)
4(334 415 416 335)
4(415 496 497 416)
4(496 577 578 497)
4(577 658 659 578)
4(658 739 740 659)
4(739 820 821 740)
4(820 901 902 821)
4(901 982 983 902)
4(982 1063 1064 983)
4(1063 1144 1145 1064)
4(1144 1225 1226 1145)
4(1225 1306 1307 1226)
4(1306 1387 1388 1307)
4(1387 1468 1469 1388)
4(1468 1549 1550 1469)
4(1549 1630 1631 1550)
4(1630 1711 1712 1631)
4(1711 1792 1793 1712)
4(1792 1873 1874 1793)
4(1873 1954 1955 1874)
4(1954 2035 2036 1955)
4(11 92 93 12)
4(92 173 174 93)
4(173 254 255 174)
4(254 335 336 255)
4(335 416 417 336)
4(416 497 498 417)
4(497 578 579 498)
4(578 659 660 579)
4(659 740 741 660)
4(740 821 822 741)
4(821 902 903 822)
4(902 983 984 903)
4(983 1064 1065 984)
4(1064 1145 1146 1065)
4(1145 1226 1227 1146)
4(1226 1307 1308 1227)
4(1307 1388 1389 1308)
4(1388 1469 1470 1389)
4(1469 1550 1551 1470)
4(1550 1631 1632 1551)
4(1631 1712 1713 1632)
4(1712 1793 1794 1713)
4(1793 1874 1875 1794)
4(1874 1955 1956 1875)
4(1955 2036 2037 1956)
4(12 93 94 13)
4(93 174 175 94)
4(174 255 256 175)
4(255 336 337 256)
4(336 417 418 337)
4(417 498 499 418)
4(498 579 580 499)
4(579 660 661 580)
4(660 741 742 661)
4(741 822 823 742)
4(822 903 904 823)
4(903 984 985 904)
4(984 1065 1066 985)
4(1065 1146 1147 1066)
4(1146 1227 1228 1147)
4(1227 1308 1309 1228)
4(1308 1389 1390 1309)
4(1389 1470 1471 1390)
4(1470 1551 1552 1471)
4(1551 1632 1633 1552)
4(1632 1713 1714 1633)
4(1713 1794 1795 1714)
4(1794 1875 1876 1795)
4(1875 1956 1957 1876)
4(1956 2037 2038 1957)
4(13 94 95 14)
4(94 175 176 95)
4(175 256 257 176)
4(256 337 338 257)
4(337 418 419 338)
4(418 499 500 419)
4(499 580 581 500)
4(580 661 662 581)
4(661 742 743 662)
4(742 823 824 743)
4(823 904 905 824)
4(904 985 986 905)
4(985 1066 1067 986)
4(1066 1147 1148 1067)
4(1147 1228 1229 1148)
4(1228 1309 1310 1229)
4(1309 1390 1391 1310)
4(1390 1471 1472 1391)
4(1471 1552 1553 1472)
4(1552 1633 1634 1553)
4(1633 1714 1715 1634)
4(1714 1795 1796 1715)
4(1795 1876 1877 1796)
4(1876 1957 1958 1877)
4(1957 2038 2039 1958)
4(14 95 96 15)
4(95 176 177 96)
4(176 257 258 177)
4(257 338 339 258)
4(338 419 420 339)
4(419 500 501 420)
4(500 581 582 501)
4(581 662 663 582)
4(662 743 744 663)
4(743 824 825 744)
4(824 905 906 825)
4(905 986 987 906)
4(986 1067 1068 987)
4(1067 1148 1149 1068)
4(1148 1229 1230 1149)
4(1229 1310 1311 1230)
4(1310 1391 1392 1311)
4(1391 1472 1473 1392)
4(1472 1553 1554 1473)
4(1553 1634 1635 1554)
4(1634 1715 1716 1635)
4(1715 1796 1797 1716)
4(1796 1877 1878 1797)
4(1877 1958 1959 1878)
4(1958 2039 2040 1959)
4(15 96 97 16)
4(96 177 178 97)
4(177 258 259 178)
4(258 339 340 259)
4(339 420 421 340)
4(420 501 502 421)
4(501 582 583 502)
4(582 663 664 583)
4(663 744 745 664)
4(744 825 826 745)
4(825 906 907 826)
4(906 987 988 907)
4(987 1068 1069 988)
4(1068 1149 1150 1069)
4(1149 1230 1231 1150)
4(1230 1311 1312 1231)
4(1311 1392 1393 1312)
4(1392 1473 1474 1393)
4(1473 1554 1555 1474)
4(1554 1635 1636 1555)
4(1635 1716 1717 1636)
4(1716 1797 1798 1717)
4(1797 1878 1879 1798)
4(1878 1959 1960 1879)
4(1959 2040 2041 1960)
4(16 97 98 17)
4(97 178 179 98)
4(178 259 260 179)
4(259 340 341 260)
4(340 421 422 341)
4(421 502 503 422)
4(502 583 584 503)
4(583 664 665 584)
4(664 745 746 665)
4(745 826 827 746)
4(826 907 908 827)
4(907 988 989 908)
4(988 1069 1070 989)
4(1069 1150 1151 1070)
4(1150 1231 1232 1151)
4(1231 1312 1313 1232)
4(1312 1393 1394 1313)
4(1393 1474 1475 1394)
4(1474 1555 1556 1475)
4(1555 1636 1637 1556)
4(1636 1717 1718 1637)
4(1717 1798 1799 1718)
4(1798 1879 1880 1799)
4(1879 1960 1961 1880)
4(1960 2041 2042 1961)
4(17 98 99 18)
4(98 179 180 99)
4(179 260 261 180)
4(260 341 342 261)
4(341 422 423 342)
4(422 503 504 423)
4(503 584 585 504)
4(584 665 666 585)
4(665 746 747 666)
4(746 827 828 747)
4(827 908 909 828)
4(908 989 990 909)
4(989 1070 1071 990)
4(1070 1151 1152 1071)
4(1151 1232 1233 1152)
4(1232 1313 1314 1233)
4(1313 1394 1395 1314)
4(1394 1475 1476 1395)
4(1475 1556 1557 1476)
4(1556 1637 1638 1557)
4(1637 1718 1719 1638)
4(1718 1799 1800 1719)
4(1799 1880 1881 1800)
4(1880 1961 1962 1881)
4(1961 2042 2043 1962)
4(18 99 100 19)
4(99 180 181 100)
4(180 261 262 181)
4(261 342 343 262)
4(342 423 424 343)
4(423 504 505 424)
4(504 585 586 505)
4(585 666 667 586)
4(666 747 748 667)
4(747 828 829 748)
4(828 909 910 829)
4(909 990 991 910)
4(990 1071 1072 991)
4(1071 1152 1153 1072)
4(1152 1233 1234 1153)
4(1233 1314 1315 1234)
4(1314 1395 1396 1315)
4(1395 1476 1477 1396)
4(1476 1557 1558 1477)
4(1557 1638 1639 1558)
4(1638 1719 1720 1639)
4(1719 1800 1801 1720)
4(1800 1881 1882 1801)
4(1881 1962 1963 1882)
4(1962 2043 2044 1963)
4(19 100 101 20)
4(100 181 182 101)
4(181 262 263 182)
4(262 343 344 263)
4(343 424 425 344)
4(424 505 506 425)
4(505 586 587 506)
4(586 667 668 587)
4(667 748 749 668)
4(748 829 830 749)
4(829 910 911 830)
4(910 991 992 911)
4(991 1072 1073 992)
4(1072 1153 1154 1073)
4(1153 1234 1235 1154)
4(1234 1315 1316 1235)
4(1315 1396 1397 1316)
4(1396 1477 1478 1397)
4(1477 1558 1559 1478)
4(1558 1639 1640 1559)
4(1639 1720 1721 1640)
4(1720 1801 1802 1721)
4(1801 1882 1883 1802)
4(1882 1963 1964 1883)
4(1963 2044 2045 1964)
4(20 101 102 21)
4(101 182 183 102)
4(182 263 264 183)
4(263 344 345 264)
4(344 425 426 345)
4(425 506 507 426)
4(506 587 588 507)
4(587 668 669 588)
4(668 749 750 669)
4(749 830 831 750)
4(830 911 912 831)
4(911 992 993 912)
4(992 1073 1074 993)
4(1073 1154 1155 1074)
4(1154 1235 1236 1155)
4(1235 1316 1317 1236)
4(1316 1397 1398 1317)
4(1397 1478 1479 1398)
4(1478 1559 1560 1479)
4(1559 1640 1641 1560)
4(1640 1721 1722 1641)
4(1721 1802 1803 1722)
4(1802 1883 1884 1803)
4(1883 1964 1965 1884)
4(1964 2045 2046 1965)
4(21 102 103 22)
4(102 183 184 103)
4(183 264 265 184)
4(264 345 346 265)
4(345 426 427 346)
4(426 507 508 427)
4(507 588 589 508)
4(588 669 670 589)
4(669 750 751 670)
4(750 831 832 751)
4(831 912 913 832)
4(912 993 994 913)
4(993 1074 1075 994)
4(1074 1155 1156 1075)
4(1155 1236 1237 1156)
4(1236 1317 1318 1237)
4(1317 1398 1399 1318)
4(1398 1479 1480 1399)
4(1479 1560 1561 1480)
4(1560 1641 1642 1561)
4(1641 1722 1723 1642)
4(1722 1803 1804 1723)
4(1803 1884 1885 1804)
4(1884 1965 1966 1885)
4(1965 2046 2047 1966)
4(22 103 104 23)
4(103 184 185 104)
4(184 265 266 185)
4(265 346 347 266)
4(346 427 428 347)
4(427 508 509 428)
4(508 589 590 509)
4(589 670 671 590)
4(670 751 752 671)
4(751 832 833 752)
4(832 913 914 833)
4(913 994 995 914)
4(994 1075 1076 995)
4(1075 1156 1157 1076)
4(1156 1237 1238 1157)
4(1237 1318 1319 1238)
4(1318 1399 1400 1319)
4(1399 1480 1481 1400)
4(1480 1561 1562 1481)
4(1561 1642 1643 1562)
4(1642 1723 1724 1643)
4(1723 1804 1805 1724)
4(1804 1885 1886 1805)
4(1885 1966 1967 1886)
4(1966 2047 2048 1967)
4(23 104 105 24)
4(104 185 186 105)
4(185 266 267 186)
4(266 347 348 267)
4(347 428 429 348)
4(428 509 510 429)
4(509 590 591 510)
4(590 671 672 591)
4(671 752 753 672)
4(752 833 834 753)
4(833 914 915 834)
4(914 995 996 915)
4(995 1076 1077 996)
4(1076 1157 1158 1077)
4(1157 1238 1239 1158)
4(1238 1319 1320 1239)
4(1319 1400 1401 1320)
4(1400 1481 1482 1401)
4(1481 1562 1563 1482)
4(1562 1643 1644 1563)
4(1643 1724 1725 1644)
4(1724 1805 1806 1725)
4(1805 1886 1887 1806)
4(1886 1967 1968 1887)
4(1967 2048 2049 1968)
4(24 105 106 25)
4(105 186 187 106)
4(186 267 268 187)
4(267 348 349 268)
4(348 429 430 349)
4(429 510 511 430)
4(510 591 592 511)
4(591 672 673 592)
4(672 753 754 673)
4(753 834 835 754)
4(834 915 916 835)
4(915 996 997 916)
4(996 1077 1078 997)
4(1077 1158 1159 1078)
4(1158 1239 1240 1159)
4(1239 1320 1321 1240)
4(1320 1401 1402 1321)
4(1401 1482 1483 1402)
4(1482 1563 1564 1483)
4(1563 1644 1645 1564)
4(1644 1725 1726 1645)
4(1725 1806 1807 1726)
4(1806 1887 1888 1807)
4(1887 1968 1969 1888)
4(1968 2049 2050 1969)
4(25 106 107 26)
4(106 187 188 107)
4(187 268 269 188)
4(268 349 350 269)
4(349 430 431 350)
4(430 511 512 431)
4(511 592 593 512)
4(592 673 674 593)
4(673 754 755 674)
4(754 835 836 755)
4(835 916 917 836)
4(916 997 998 917)
4(997 1078 1079 998)
4(1078 1159 1160 1079)
4(1159 1240 1241 1160)
4(1240 1321 1322 1241)
4(1321 1402 1403 1322)
4(1402 1483 1484 1403)
4(1483 1564 1565 1484)
4(1564 1645 1646 1565)
4(1645 1726 1727 1646)
4(1726 1807 1808 1727)
4(1807 1888 1889 1808)
4(1888 1969 1970 1889)
4(1969 2050 2051 1970)
4(26 107 108 27)
4(107 188 189 108)
4(188 269 270 189)
4(269 350 351 270)
4(350 431 432 351)
4(431 512 513 432)
4(512 593 594 513)
4(593 674 675 594)
4(674 755 756 675)
4(755 836 837 756)
4(836 917 918 837)
4(917 998 999 918)
4(998 1079 1080 999)
4(1079 1160 1161 1080)
4(1160 1241 1242 1161)
4(1241 1322 1323 1242)
4(1322 1403 1404 1323)
4(1403 1484 1485 1404)
4(1484 1565 1566 1485)
4(1565 1646 1647 1566)
4(1646 1727 1728 1647)
4(1727 1808 1809 1728)
4(1808 1889 1890 1809)
4(1889 1970 1971 1890)
4(1970 2051 2052 1971)
4(27 108 109 28)
4(108 189 190 109)
4(189 270 271 190)
4(270 351 352 271)
4(351 432 433 352)
4(432 513 514 433)
4(513 594 595 514)
4(594 675 676 595)
4(675 756 757 676)
4(756 837 838 757)
4(837 918 919 838)
4(918 999 1000 919)
4(999 1080 1081 1000)
4(1080 1161 1162 1081)
4(1161 1242 1243 1162)
4(1242 1323 1324 1243)
4(1323 1404 1405 1324)
4(1404 1485 1486 1405)
4(1485 1566 1567 1486)
4(1566 1647 1648 1567)
4(1647 1728 1729 1648)
4(1728 1809 1810 1729)
4(1809 1890 1891 1810)
4(1890 1971 1972 1891)
4(1971 2052 2053 1972)
4(28 109 110 29)
4(109 190 191 110)
4(190 271 272 191)
4(271 352 353 272)
4(352 433 434 353)
4(433 514 515 434)
4(514 595 596 515)
4(595 676 677 596)
4(676 757 758 677)
4(757 838 839 758)
4(838 919 920 839)
4(919 1000 1001 920)
4(1000 1081 1082 1001)
4(1081 1162 1163 1082)
4(1162 1243 1244 1163)
4(1243 1324 1325 1244)
4(1324 1405 1406 1325)
4(1405 1486 1487 1406)
4(1486 1567 1568 1487)
4(1567 1648 1649 1568)
4(1648 1729 1730 1649)
4(1729 1810 1811 1730)
4(1810 1891 1892 1811)
4(1891 1972 1973 1892)
4(1972 2053 2054 1973)
4(29 110 111 30)
4(110 191 192 111)
4(191 272 273 192)
4(272 353 354 273)
4(353 434 435 354)
4(434 515 516 435)
4(515 596 597 516)
4(596 677 678 597)
4(677 758 759 678)
4(758 839 840 759)
4(839 920 921 840)
4(920 1001 1002 921)
4(1001 1082 1083 1002)
4(1082 1163 1164 1083)
4(1163 1244 1245 1164)
4(1244 1325 1326 1245)
4(1325 1406 1407 1326)
4(1406 1487 1488 1407)
4(1487 1568 1569 1488)
4(1568 1649 1650 1569)
4(1649 1730 1731 1650)
4(1730 1811 1812 1731)
4(1811 1892 1893 1812)
4(1892 1973 1974 1893)
4(1973 2054 2055 1974)
4(30 111 112 31)
4(111 192 193 112)
4(192 273 274 193)
4(273 354 355 274)
4(354 435 436 355)
4(435 516 517 436)
4(516 597 598 517)
4(597 678 679 598)
4(678 759 760 679)
4(759 840 841 760)
4(840 921 922 841)
4(921 1002 1003 922)
4(1002 1083 1084 1003)
4(1083 1164 1165 1084)
4(1164 1245 1246 1165)
4(1245 1326 1327 1246)
4(1326 1407 1408 1327)
4(1407 1488 1489 1408)
4(1488 1569 1570 1489)
4(1569 1650 1651 1570)
4(1650 1731 1732 1651)
4(1731 1812 1813 1732)
4(1812 1893 1894 1813)
4(1893 1974 1975 1894)
4(1974 2055 2056 1975)
4(31 112 113 32)
4(112 193 194 113)
4(193 274 275 194)
4(274 355 356 275)
4(355 436 437 356)
4(436 517 518 437)
4(517 598 599 518)
4(598 679 680 599)
4(679 760 761 680)
4(760 841 842 761)
4(841 922 923 842)
4(922 1003 1004 923)
4(1003 1084 1085 1004)
4(1084 1165 1166 1085)
4(1165 1246 1247 1166)
4(1246 1327 1328 1247)
4(1327 1408 1409 1328)
4(1408 1489 1490 1409)
4(1489 1570 1571 1490)
4(1570 1651 1652 1571)
4(1651 1732 1733 1652)
4(1732 1813 1814 1733)
4(1813 1894 1895 1814)
4(1894 1975 1976 1895)
4(1975 2056 2057 1976)
4(32 113 114 33)
4(113 194 195 114)
4(194 275 276 195)
4(275 356 357 276)
4(356 437 438 357)
4(437 518 519 438)
4(518 599 600 519)
4(599 680 681 600)
4(680 761 762 681)
4(761 842 843 762)
4(842 923 924 843)
4(923 1004 1005 924)
4(1004 1085 1086 1005)
4(1085 1166 1167 1086)
4(1166 1247 1248 1167)
4(1247 1328 1329 1248)
4(1328 1409 1410 1329)
4(1409 1490 1491 1410)
4(1490 1571 1572 1491)
4(1571 1652 1653 1572)
4(1652 1733 1734 1653)
4(1733 1814 1815 1734)
4(1814 1895 1896 1815)
4(1895 1976 1977 1896)
4(1976 2057 2058 1977)
4(33 114 115 34)
4(114 195 196 115)
4(195 276 277 196)
4(276 357 358 277)
4(357 438 439 358)
4(438 519 520 439)
4(519 600 601 520)
4(600 681 682 601)
4(681 762 763 682)
4(762 843 844 763)
4(843 924 925 844)
4(924 1005 1006 925)
4(1005 1086 1087 1006)
4(1086 1167 1168 1087)
4(1167 1248 1249 1168)
4(1248 1329 1330 1249)
4(1329 1410 1411 1330)
4(1410 1491 1492 1411)
4(1491 1572 1573 1492)
4(1572 1653 1654 1573)
4(1653 1734 1735 1654)
4(1734 1815 1816 1735)
4(1815 1896 1897 1816)
4(1896 1977 1978 1897)
4(1977 2058 2059 1978)
4(34 115 116 35)
4(115 196 197 116)
4(196 277 278 197)
4(277 358 359 278)
4(358 439 440 359)
4(439 520 521 440)
4(520 601 602 521)
4(601 682 683 602)
4(682 763 764 683)
4(763 844 845 764)
4(844 925 926 845)
4(925 1006 1007 926)
4(1006 1087 1088 1007)
4(1087 1168 1169 1088)
4(1168 1249 1250 1169)
4(1249 1330 1331 1250)
4(1330 1411 1412 1331)
4(1411 1492 1493 1412)
4(1492 1573 1574 1493)
4(1573 1654 1655 1574)
4(1654 1735 1736 1655)
4(1735 1816 1817 1736)
4(1816 1897 1898 1817)
4(1897 1978 1979 1898)
4(1978 2059 2060 1979)
4(35 116 117 36)
4(116 197 198 117)
4(197 278 279 198)
4(278 359 360 279)
4(359 440 441 360)
4(440 521 522 441)
4(521 602 603 522)
4(602 683 684 603)
4(683 764 765 684)
4(764 845 846 765)
4(845 926 927 846)
4(926 1007 1008 927)
4(1007 1088 1089 1008)
4(1088 1169 1170 1089)
4(1169 1250 1251 1170)
4(1250 1331 1332 1251)
4(1331 1412 1413 1332)
4(1412 1493 1494 1413)
4(1493 1574 1575 1494)
4(1574 1655 1656 1575)
4(1655 1736 1737 1656)
4(1736 1817 1818 1737)
4(1817 1898 1899 1818)
4(1898 1979 1980 1899)
4(1979 2060 2061 1980)
4(36 117 118 37)
4(117 198 199 118)
4(198 279 280 199)
4(279 360 361 280)
4(360 441 442 361)
4(441 522 523 442)
4(522 603 604 523)
4(603 684 685 604)
4(684 765 766 685)
4(765 846 847 766)
4(846 927 928 847)
4(927 1008 1009 928)
4(1008 1089 1090 1009)
4(1089 1170 1171 1090)
4(1170 1251 1252 1171)
4(1251 1332 1333 1252)
4(1332 1413 1414 1333)
4(1413 1494 1495 1414)
4(1494 1575 1576 1495)
4(1575 1656 1657 1576)
4(1656 1737 1738 1657)
4(1737 1818 1819 1738)
4(1818 1899 1900 1819)
4(1899 1980 1981 1900)
4(1980 2061 2062 1981)
4(37 118 119 38)
4(118 199 200 119)
4(199 280 281 200)
4(280 361 362 281)
4(361 442 443 362)
4(442 523 524 443)
4(523 604 605 524)
4(604 685 686 605)
4(685 766 767 686)
4(766 847 848 767)
4(847 928 929 848)
4(928 1009 1010 929)
4(1009 1090 1091 1010)
4(1090 1171 1172 1091)
4(1171 1252 1253 1172)
4(1252 1333 1334 1253)
4(1333 1414 1415 1334)
4(1414 1495 1496 1415)
4(1495 1576 1577 1496)
4(1576 1657 1658 1577)
4(1657 1738 1739 1658)
4(1738 1819 1820 1739)
4(1819 1900 1901 1820)
4(1900 1981 1982 1901)
4(1981 2062 2063 1982)
4(38 119 120 39)
4(119 200 201 120)
4(200 281 282 201)
4(281 362 363 282)
4(362 443 444 363)
4(443 524 525 444)
4(524 605 606 525)
4(605 686 687 606)
4(686 767 768 687)
4(767 848 849 768)
4(848 929 930 849)
4(929 1010 1011 930)
4(1010 1091 1092 1011)
4(1091 1172 1173 1092)
4(1172 1253 1254 1173)
4(1253 1334 1335 1254)
4(1334 1415 1416 1335)
4(1415 1496 1497 1416)
4(1496 1577 1578 1497)
4(1577 1658 1659 1578)
4(1658 1739 1740 1659)
4(1739 1820 1821 1740)
4(1820 1901 1902 1821)
4(1901 1982 1983 1902)
4(1982 2063 2064 1983)
4(39 120 121 40)
4(120 201 202 121)
4(201 282 283 202)
4(282 363 364 283)
4(363 444 445 364)
4(444 525 526 445)
4(525 606 607 526)
4(606 687 688 607)
4(687 768 769 688)
4(768 849 850 769)
4(849 930 931 850)
4(930 1011 1012 931)
4(1011 1092 1093 1012)
4(1092 1173 1174 1093)
4(1173 1254 1255 1174)
4(1254 1335 1336 1255)
4(1335 1416 1417 1336)
4(1416 1497 1498 1417)
4(1497 1578 1579 1498)
4(1578 1659 1660 1579)
4(1659 1740 1741 1660)
4(1740 1821 1822 1741)
4(1821 1902 1903 1822)
4(1902 1983 1984 1903)
4(1983 2064 2065 1984)
4(40 121 122 41)
4(121 202 203 122)
4(202 283 284 203)
4(283 364 365 284)
4(364 445 446 365)
4(445 526 527 446)
4(526 607 608 527)
4(607 688 689 608)
4(688 769 770 689)
4(769 850 851 770)
4(850 931 932 851)
4(931 1012 1013 932)
4(1012 1093 1094 1013)
4(1093 1174 1175 1094)
4(1174 1255 1256 1175)
4(1255 1336 1337 1256)
4(1336 1417 1418 1337)
4(1417 1498 1499 1418)
4(1498 1579 1580 1499)
4(1579 1660 1661 1580)
4(1660 1741 1742 1661)
4(1741 1822 1823 1742)
4(1822 1903 1904 1823)
4(1903 1984 1985 1904)
4(1984 2065 2066 1985)
4(41 122 123 42)
4(122 203 204 123)
4(203 284 285 204)
4(284 365 366 285)
4(365 446 447 366)
4(446 527 528 447)
4(527 608 609 528)
4(608 689 690 609)
4(689 770 771 690)
4(770 851 852 771)
4(851 932 933 852)
4(932 1013 1014 933)
4(1013 1094 1095 1014)
4(1094 1175 1176 1095)
4(1175 1256 1257 1176)
4(1256 1337 1338 1257)
4(1337 1418 1419 1338)
4(1418 1499 1500 1419)
4(1499 1580 1581 1500)
4(1580 1661 1662 1581)
4(1661 1742 1743 1662)
4(1742 1823 1824 1743)
4(1823 1904 1905 1824)
4(1904 1985 1986 1905)
4(1985 2066 2067 1986)
4(42 123 124 43)
4(123 204 205 124)
4(204 285 286 205)
4(285 366 367 286)
4(366 447 448 367)
4(447 528 529 448)
4(528 609 610 529)
4(609 690 691 610)
4(690 771 772 691)
4(771 852 853 772)
4(852 933 934 853)
4(933 1014 1015 934)
4(1014 1095 1096 1015)
4(1095 1176 1177 1096)
4(1176 1257 1258 1177)
4(1257 1338 1339 1258)
4(1338 1419 1420 1339)
4(1419 1500 1501 1420)
4(1500 1581 1582 1501)
4(1581 1662 1663 1582)
4(1662 1743 1744 1663)
4(1743 1824 1825 1744)
4(1824 1905 1906 1825)
4(1905 1986 1987 1906)
4(1986 2067 2068 1987)
4(43 124 125 44)
4(124 205 206 125)
4(205 286 287 206)
4(286 367 368 287)
4(367 448 449 368)
4(448 529 530 449)
4(529 610 611 530)
4(610 691 692 611)
4(691 772 773 692)
4(772 853 854 773)
4(853 934 935 854)
4(934 1015 1016 935)
4(1015 1096 1097 1016)
4(1096 1177 1178 1097)
4(1177 1258 1259 1178)
4(1258 1339 1340 1259)
4(1339 1420 1421 1340)
4(1420 1501 1502 1421)
4(1501 1582 1583 1502)
4(1582 1663 1664 1583)
4(1663 1744 1745 1664)
4(1744 1825 1826 1745)
4(1825 1906 1907 1826)
4(1906 1987 1988 1907)
4(1987 2068 2069 1988)
4(44 125 126 45)
4(125 206 207 126)
4(206 287 288 207)
4(287 368 369 288)
4(368 449 450 369)
4(449 530 531 450)
4(530 611 612 531)
4(611 692 693 612)
4(692 773 774 693)
4(773 854 855 774)
4(854 935 936 855)
4(935 1016 1017 936)
4(1016 1097 1098 1017)
4(1097 1178 1179 1098)
4(1178 1259 1260 1179)
4(1259 1340 1341 1260)
4(1340 1421 1422 1341)
4(1421 1502 1503 1422)
4(1502 1583 1584 1503)
4(1583 1664 1665 1584)
4(1664 1745 1746 1665)
4(1745 1826 1827 1746)
4(1826 1907 1908 1827)
4(1907 1988 1989 1908)
4(1988 2069 2070 1989)
4(45 126 127 46)
4(126 207 208 127)
4(207 288 289 208)
4(288 369 370 289)
4(369 450 451 370)
4(450 531 532 451)
4(531 612 613 532)
4(612 693 694 613)
4(693 774 775 694)
4(774 855 856 775)
4(855 936 937 856)
4(936 1017 1018 937)
4(1017 1098 1099 1018)
4(1098 1179 1180 1099)
4(1179 1260 1261 1180)
4(1260 1341 1342 1261)
4(1341 1422 1423 1342)
4(1422 1503 1504 1423)
4(1503 1584 1585 1504)
4(1584 1665 1666 1585)
4(1665 1746 1747 1666)
4(1746 1827 1828 1747)
4(1827 1908 1909 1828)
4(1908 1989 1990 1909)
4(1989 2070 2071 1990)
4(46 127 128 47)
4(127 208 209 128)
4(208 289 290 209)
4(289 370 371 290)
4(370 451 452 371)
4(451 532 533 452)
4(532 613 614 533)
4(613 694 695 614)
4(694 775 776 695)
4(775 856 857 776)
4(856 937 938 857)
4(937 1018 1019 938)
4(1018 1099 1100 1019)
4(1099 1180 1181 1100)
4(1180 1261 1262 1181)
4(1261 1342 1343 1262)
4(1342 1423 1424 1343)
4(1423 1504 1505 1424)
4(1504 1585 1586 1505)
4(1585 1666 1667 1586)
4(1666 1747 1748 1667)
4(1747 1828 1829 1748)
4(1828 1909 1910 1829)
4(1909 1990 1991 1910)
4(1990 2071 2072 1991)
4(47 128 129 48)
4(128 209 210 129)
4(209 290 291 210)
4(290 371 372 291)
4(371 452 453 372)
4(452 533 534 453)
4(533 614 615 534)
4(614 695 696 615)
4(695 776 777 696)
4(776 857 858 777)
4(857 938 939 858)
4(938 1019 1020 939)
4(1019 1100 1101 1020)
4(1100 1181 1182 1101)
4(1181 1262 1263 1182)
4(1262 1343 1344 1263)
4(1343 1424 1425 1344)
4(1424 1505 1506 1425)
4(1505 1586 1587 1506)
4(1586 1667 1668 1587)
4(1667 1748 1749 1668)
4(1748 1829 1830 1749)
4(1829 1910 1911 1830)
4(1910 1991 1992 1911)
4(1991 2072 2073 1992)
4(48 129 130 49)
4(129 210 211 130)
4(210 291 292 211)
4(291 372 373 292)
4(372 453 454 373)
4(453 534 535 454)
4(534 615 616 535)
4(615 696 697 616)
4(696 777 778 697)
4(777 858 859 778)
4(858 939 940 859)
4(939 1020 1021 940)
4(1020 1101 1102 1021)
4(1101 1182 1183 1102)
4(1182 1263 1264 1183)
4(1263 1344 1345 1264)
4(1344 1425 1426 1345)
4(1425 1506 1507 1426)
4(1506 1587 1588 1507)
4(1587 1668 1669 1588)
4(1668 1749 1750 1669)
4(1749 1830 1831 1750)
4(1830 1911 1912 1831)
4(1911 1992 1993 1912)
4(1992 2073 2074 1993)
4(49 130 131 50)
4(130 211 212 131)
4(211 292 293 212)
4(292 373 374 293)
4(373 454 455 374)
4(454 535 536 455)
4(535 616 617 536)
4(616 697 698 617)
4(697 778 779 698)
4(778 859 860 779)
4(859 940 941 860)
4(940 1021 1022 941)
4(1021 1102 1103 1022)
4(1102 1183 1184 1103)
4(1183 1264 1265 1184)
4(1264 1345 1346 1265)
4(1345 1426 1427 1346)
4(1426 1507 1508 1427)
4(1507 1588 1589 1508)
4(1588 1669 1670 1589)
4(1669 1750 1751 1670)
4(1750 1831 1832 1751)
4(1831 1912 1913 1832)
4(1912 1993 1994 1913)
4(1993 2074 2075 1994)
4(50 131 132 51)
4(131 212 213 132)
4(212 293 294 213)
4(293 374 375 294)
4(374 455 456 375)
4(455 536 537 456)
4(536 617 618 537)
4(617 698 699 618)
4(698 779 780 699)
4(779 860 861 780)
4(860 941 942 861)
4(941 1022 1023 942)
4(1022 1103 1104 1023)
4(1103 1184 1185 1104)
4(1184 1265 1266 1185)
4(1265 1346 1347 1266)
4(1346 1427 1428 1347)
4(1427 1508 1509 1428)
4(1508 1589 1590 1509)
4(1589 1670 1671 1590)
4(1670 1751 1752 1671)
4(1751 1832 1833 1752)
4(1832 1913 1914 1833)
4(1913 1994 1995 1914)
4(1994 2075 2076 1995)
4(51 132 133 52)
4(132 213 214 133)
4(213 294 295 214)
4(294 375 376 295)
4(375 456 457 376)
4(456 537 538 457)
4(537 618 619 538)
4(618 699 700 619)
4(699 780 781 700)
4(780 861 862 781)
4(861 942 943 862)
4(942 1023 1024 943)
4(1023 1104 1105 1024)
4(1104 1185 1186 1105)
4(1185 1266 1267 1186)
4(1266 1347 1348 1267)
4(1347 1428 1429 1348)
4(1428 1509 1510 1429)
4(1509 1590 1591 1510)
4(1590 1671 1672 1591)
4(1671 1752 1753 1672)
4(1752 1833 1834 1753)
4(1833 1914 1915 1834)
4(1914 1995 1996 1915)
4(1995 2076 2077 1996)
4(52 133 134 53)
4(133 214 215 134)
4(214 295 296 215)
4(295 376 377 296)
4(376 457 458 377)
4(457 538 539 458)
4(538 619 620 539)
4(619 700 701 620)
4(700 781 782 701)
4(781 862 863 782)
4(862 943 944 863)
4(943 1024 1025 944)
4(1024 1105 1106 1025)
4(1105 1186 1187 1106)
4(1186 1267 1268 1187)
4(1267 1348 1349 1268)
4(1348 1429 1430 1349)
4(1429 1510 1511 1430)
4(1510 1591 1592 1511)
4(1591 1672 1673 1592)
4(1672 1753 1754 1673)
4(1753 1834 1835 1754)
4(1834 1915 1916 1835)
4(1915 1996 1997 1916)
4(1996 2077 2078 1997)
4(53 134 135 54)
4(134 215 216 135)
4(215 296 297 216)
4(296 377 378 297)
4(377 458 459 378)
4(458 539 540 459)
4(539 620 621 540)
4(620 701 702 621)
4(701 782 783 702)
4(782 863 864 783)
4(863 944 945 864)
4(944 1025 1026 945)
4(1025 1106 1107 1026)
4(1106 1187 1188 1107)
4(1187 1268 1269 1188)
4(1268 1349 1350 1269)
4(1349 1430 1431 1350)
4(1430 1511 1512 1431)
4(1511 1592 1593 1512)
4(1592 1673 1674 1593)
4(1673 1754 1755 1674)
4(1754 1835 1836 1755)
4(1835 1916 1917 1836)
4(1916 1997 1998 1917)
4(1997 2078 2079 1998)
4(54 135 136 55)
4(135 216 217 136)
4(216 297 298 217)
4(297 378 379 298)
4(378 459 460 379)
4(459 540 541 460)
4(540 621 622 541)
4(621 702 703 622)
4(702 783 784 703)
4(783 864 865 784)
4(864 945 946 865)
4(945 1026 1027 946)
4(1026 1107 1108 1027)
4(1107 1188 1189 1108)
4(1188 1269 1270 1189)
4(1269 1350 1351 1270)
4(1350 1431 1432 1351)
4(1431 1512 1513 1432)
4(1512 1593 1594 1513)
4(1593 1674 1675 1594)
4(1674 1755 1756 1675)
4(1755 1836 1837 1756)
4(1836 1917 1918 1837)
4(1917 1998 1999 1918)
4(1998 2079 2080 1999)
4(55 136 137 56)
4(136 217 218 137)
4(217 298 299 218)
4(298 379 380 299)
4(379 460 461 380)
4(460 541 542 461)
4(541 622 623 542)
4(622 703 704 623)
4(703 784 785 704)
4(784 865 866 785)
4(865 946 947 866)
4(946 1027 1028 947)
4(1027 1108 1109 1028)
4(1108 1189 1190 1109)
4(1189 1270 1271 1190)
4(1270 1351 1352 1271)
4(1351 1432 1433 1352)
4(1432 1513 1514 1433)
4(1513 1594 1595 1514)
4(1594 1675 1676 1595)
4(1675 1756 1757 1676)
4(1756 1837 1838 1757)
4(1837 1918 1919 1838)
4(1918 1999 2000 1919)
4(1999 2080 2081 2000)
4(56 137 138 57)
4(137 218 219 138)
4(218 299 300 219)
4(299 380 381 300)
4(380 461 462 381)
4(461 542 543 462)
4(542 623 624 543)
4(623 704 705 624)
4(704 785 786 705)
4(785 866 867 786)
4(866 947 948 867)
4(947 1028 1029 948)
4(1028 1109 1110 1029)
4(1109 1190 1191 1110)
4(1190 1271 1272 1191)
4(1271 1352 1353 1272)
4(1352 1433 1434 1353)
4(1433 1514 1515 1434)
4(1514 1595 1596 1515)
4(1595 1676 1677 1596)
4(1676 1757 1758 1677)
4(1757 1838 1839 1758)
4(1838 1919 1920 1839)
4(1919 2000 2001 1920)
4(2000 2081 2082 2001)
4(57 138 139 58)
4(138 219 220 139)
4(219 300 301 220)
4(300 381 382 301)
4(381 462 463 382)
4(462 543 544 463)
4(543 624 625 544)
4(624 705 706 625)
4(705 786 787 706)
4(786 867 868 787)
4(867 948 949 868)
4(948 1029 1030 949)
4(1029 1110 1111 1030)
4(1110 1191 1192 1111)
4(1191 1272 1273 1192)
4(1272 1353 1354 1273)
4(1353 1434 1435 1354)
4(1434 1515 1516 1435)
4(1515 1596 1597 1516)
4(1596 1677 1678 1597)
4(1677 1758 1759 1678)
4(1758 1839 1840 1759)
4(1839 1920 1921 1840)
4(1920 2001 2002 1921)
4(2001 2082 2083 2002)
4(58 139 140 59)
4(139 220 221 140)
4(220 301 302 221)
4(301 382 383 302)
4(382 463 464 383)
4(463 544 545 464)
4(544 625 626 545)
4(625 706 707 626)
4(706 787 788 707)
4(787 868 869 788)
4(868 949 950 869)
4(949 1030 1031 950)
4(1030 1111 1112 1031)
4(1111 1192 1193 1112)
4(1192 1273 1274 1193)
4(1273 1354 1355 1274)
4(1354 1435 1436 1355)
4(1435 1516 1517 1436)
4(1516 1597 1598 1517)
4(1597 1678 1679 1598)
4(1678 1759 1760 1679)
4(1759 1840 1841 1760)
4(1840 1921 1922 1841)
4(1921 2002 2003 1922)
4(2002 2083 2084 2003)
4(59 140 141 60)
4(140 221 222 141)
4(221 302 303 222)
4(302 383 384 303)
4(383 464 465 384)
4(464 545 546 465)
4(545 626 627 546)
4(626 707 708 627)
4(707 788 789 708)
4(788 869 870 789)
4(869 950 951 870)
4(950 1031 1032 951)
4(1031 1112 1113 1032)
4(1112 1193 1194 1113)
4(1193 1274 1275 1194)
4(1274 1355 1356 1275)
4(1355 1436 1437 1356)
4(1436 1517 1518 1437)
4(1517 1598 1599 1518)
4(1598 1679 1680 1599)
4(1679 1760 1761 1680)
4(1760 1841 1842 1761)
4(1841 1922 1923 1842)
4(1922 2003 2004 1923)
4(2003 2084 2085 2004)
4(60 141 142 61)
4(141 222 223 142)
4(222 303 304 223)
4(303 384 385 304)
4(384 465 466 385)
4(465 546 547 466)
4(546 627 628 547)
4(627 708 709 628)
4(708 789 790 709)
4(789 870 871 790)
4(870 951 952 871)
4(951 1032 1033 952)
4(1032 1113 1114 1033)
4(1113 1194 1195 1114)
4(1194 1275 1276 1195)
4(1275 1356 1357 1276)
4(1356 1437 1438 1357)
4(1437 1518 1519 1438)
4(1518 1599 1600 1519)
4(1599 1680 1681 1600)
4(1680 1761 1762 1681)
4(1761 1842 1843 1762)
4(1842 1923 1924 1843)
4(1923 2004 2005 1924)
4(2004 2085 2086 2005)
4(61 142 143 62)
4(142 223 224 143)
4(223 304 305 224)
4(304 385 386 305)
4(385 466 467 386)
4(466 547 548 467)
4(547 628 629 548)
4(628 709 710 629)
4(709 790 791 710)
4(790 871 872 791)
4(871 952 953 872)
4(952 1033 1034 953)
4(1033 1114 1115 1034)
4(1114 1195 1196 1115)
4(1195 1276 1277 1196)
4(1276 1357 1358 1277)
4(1357 1438 1439 1358)
4(1438 1519 1520 1439)
4(1519 1600 1601 1520)
4(1600 1681 1682 1601)
4(1681 1762 1763 1682)
4(1762 1843 1844 1763)
4(1843 1924 1925 1844)
4(1924 2005 2006 1925)
4(2005 2086 2087 2006)
4(62 143 144 63)
4(143 224 225 144)
4(224 305 306 225)
4(305 386 387 306)
4(386 467 468 387)
4(467 548 549 468)
4(548 629 630 549)
4(629 710 711 630)
4(710 791 792 711)
4(791 872 873 792)
4(872 953 954 873)
4(953 1034 1035 954)
4(1034 1115 1116 1035)
4(1115 1196 1197 1116)
4(1196 1277 1278 1197)
4(1277 1358 1359 1278)
4(1358 1439 1440 1359)
4(1439 1520 1521 1440)
4(1520 1601 1602 1521)
4(1601 1682 1683 1602)
4(1682 1763 1764 1683)
4(1763 1844 1845 1764)
4(1844 1925 1926 1845)
4(1925 2006 2007 1926)
4(2006 2087 2088 2007)
4(63 144 145 64)
4(144 225 226 145)
4(225 306 307 226)
4(306 387 388 307)
4(387 468 469 388)
4(468 549 550 469)
4(549 630 631 550)
4(630 711 712 631)
4(711 792 793 712)
4(792 873 874 793)
4(873 954 955 874)
4(954 1035 1036 955)
4(1035 1116 1117 1036)
4(1116 1197 1198 1117)
4(1197 1278 1279 1198)
4(1278 1359 1360 1279)
4(1359 1440 1441 1360)
4(1440 1521 1522 1441)
4(1521 1602 1603 1522)
4(1602 1683 1684 1603)
4(1683 1764 1765 1684)
4(1764 1845 1846 1765)
4(1845 1926 1927 1846)
4(1926 2007 2008 1927)
4(2007 2088 2089 2008)
4(64 145 146 65)
4(145 226 227 146)
4(226 307 308 227)
4(307 388 389 308)
4(388 469 470 389)
4(469 550 551 470)
4(550 631 632 551)
4(631 712 713 632)
4(712 793 794 713)
4(793 874 875 794)
4(874 955 956 875)
4(955 1036 1037 956)
4(1036 1117 1118 1037)
4(1117 1198 1199 1118)
4(1198 1279 1280 1199)
4(1279 1360 1361 1280)
4(1360 1441 1442 1361)
4(1441 1522 1523 1442)
4(1522 1603 1604 1523)
4(1603 1684 1685 1604)
4(1684 1765 1766 1685)
4(1765 1846 1847 1766)
4(1846 1927 1928 1847)
4(1927 2008 2009 1928)
4(2008 2089 2090 2009)
4(65 146 147 66)
4(146 227 228 147)
4(227 308 309 228)
4(308 389 390 309)
4(389 470 471 390)
4(470 551 552 471)
4(551 632 633 552)
4(632 713 714 633)
4(713 794 795 714)
4(794 875 876 795)
4(875 956 957 876)
4(956 1037 1038 957)
4(1037 1118 1119 1038)
4(1118 1199 1200 1119)
4(1199 1280 1281 1200)
4(1280 1361 1362 1281)
4(1361 1442 1443 1362)
4(1442 1523 1524 1443)
4(1523 1604 1605 1524)
4(1604 1685 1686 1605)
4(1685 1766 1767 1686)
4(1766 1847 1848 1767)
4(1847 1928 1929 1848)
4(1928 2009 2010 1929)
4(2009 2090 2091 2010)
4(66 147 148 67)
4(147 228 229 148)
4(228 309 310 229)
4(309 390 391 310)
4(390 471 472 391)
4(471 552 553 472)
4(552 633 634 553)
4(633 714 715 634)
4(714 795 796 715)
4(795 876 877 796)
4(876 957 958 877)
4(957 1038 1039 958)
4(1038 1119 1120 1039)
4(1119 1200 1201 1120)
4(1200 1281 1282 1201)
4(1281 1362 1363 1282)
4(1362 1443 1444 1363)
4(1443 1524 1525 1444)
4(1524 1605 1606 1525)
4(1605 1686 1687 1606)
4(1686 1767 1768 1687)
4(1767 1848 1849 1768)
4(1848 1929 1930 1849)
4(1929 2010 2011 1930)
4(2010 2091 2092 2011)
4(67 148 149 68)
4(148 229 230 149)
4(229 310 311 230)
4(310 391 392 311)
4(391 472 473 392)
4(472 553 554 473)
4(553 634 635 554)
4(634 715 716 635)
4(715 796 797 716)
4(796 877 878 797)
4(877 958 959 878)
4(958 1039 1040 959)
4(1039 1120 1121 1040)
4(1120 1201 1202 1121)
4(1201 1282 1283 1202)
4(1282 1363 1364 1283)
4(1363 1444 1445 1364)
4(1444 1525 1526 1445)
4(1525 1606 1607 1526)
4(1606 1687 1688 1607)
4(1687 1768 1769 1688)
4(1768 1849 1850 1769)
4(1849 1930 1931 1850)
4(1930 2011 2012 1931)
4(2011 2092 2093 2012)
4(68 149 150 69)
4(149 230 231 150)
4(230 311 312 231)
4(311 392 393 312)
4(392 473 474 393)
4(473 554 555 474)
4(554 635 636 555)
4(635 716 717 636)
4(716 797 798 717)
4(797 878 879 798)
4(878 959 960 879)
4(959 1040 1041 960)
4(1040 1121 1122 1041)
4(1121 1202 1203 1122)
4(1202 1283 1284 1203)
4(1283 1364 1365 1284)
4(1364 1445 1446 1365)
4(1445 1526 1527 1446)
4(1526 1607 1608 1527)
4(1607 1688 1689 1608)
4(1688 1769 1770 1689)
4(1769 1850 1851 1770)
4(1850 1931 1932 1851)
4(1931 2012 2013 1932)
4(2012 2093 2094 2013)
4(69 150 151 70)
4(150 231 232 151)
4(231 312 313 232)
4(312 393 394 313)
4(393 474 475 394)
4(474 555 556 475)
4(555 636 637 556)
4(636 717 718 637)
4(717 798 799 718)
4(798 879 880 799)
4(879 960 961 880)
4(960 1041 1042 961)
4(1041 1122 1123 1042)
4(1122 1203 1204 1123)
4(1203 1284 1285 1204)
4(1284 1365 1366 1285)
4(1365 1446 1447 1366)
4(1446 1527 1528 1447)
4(1527 1608 1609 1528)
4(1608 1689 1690 1609)
4(1689 1770 1771 1690)
4(1770 1851 1852 1771)
4(1851 1932 1933 1852)
4(1932 2013 2014 1933)
4(2013 2094 2095 2014)
4(70 151 152 71)
4(151 232 233 152)
4(232 313 314 233)
4(313 394 395 314)
4(394 475 476 395)
4(475 556 557 476)
4(556 637 638 557)
4(637 718 719 638)
4(718 799 800 719)
4(799 880 881 800)
4(880 961 962 881)
4(961 1042 1043 962)
4(1042 1123 1124 1043)
4(1123 1204 1205 1124)
4(1204 1285 1286 1205)
4(1285 1366 1367 1286)
4(1366 1447 1448 1367)
4(1447 1528 1529 1448)
4(1528 1609 1610 1529)
4(1609 1690 1691 1610)
4(1690 1771 1772 1691)
4(1771 1852 1853 1772)
4(1852 1933 1934 1853)
4(1933 2014 2015 1934)
4(2014 2095 2096 2015)
4(71 152 153 72)
4(152 233 234 153)
4(233 314 315 234)
4(314 395 396 315)
4(395 476 477 396)
4(476 557 558 477)
4(557 638 639 558)
4(638 719 720 639)
4(719 800 801 720)
4(800 881 882 801)
4(881 962 963 882)
4(962 1043 1044 963)
4(1043 1124 1125 1044)
4(1124 1205 1206 1125)
4(1205 1286 1287 1206)
4(1286 1367 1368 1287)
4(1367 1448 1449 1368)
4(1448 1529 1530 1449)
4(1529 1610 1611 1530)
4(1610 1691 1692 1611)
4(1691 1772 1773 1692)
4(1772 1853 1854 1773)
4(1853 1934 1935 1854)
4(1934 2015 2016 1935)
4(2015 2096 2097 2016)
4(72 153 154 73)
4(153 234 235 154)
4(234 315 316 235)
4(315 396 397 316)
4(396 477 478 397)
4(477 558 559 478)
4(558 639 640 559)
4(639 720 721 640)
4(720 801 802 721)
4(801 882 883 802)
4(882 963 964 883)
4(963 1044 1045 964)
4(1044 1125 1126 1045)
4(1125 1206 1207 1126)
4(1206 1287 1288 1207)
4(1287 1368 1369 1288)
4(1368 1449 1450 1369)
4(1449 1530 1531 1450)
4(1530 1611 1612 1531)
4(1611 1692 1693 1612)
4(1692 1773 1774 1693)
4(1773 1854 1855 1774)
4(1854 1935 1936 1855)
4(1935 2016 2017 1936)
4(2016 2097 2098 2017)
4(73 154 155 74)
4(154 235 236 155)
4(235 316 317 236)
4(316 397 398 317)
4(397 478 479 398)
4(478 559 560 479)
4(559 640 641 560)
4(640 721 722 641)
4(721 802 803 722)
4(802 883 884 803)
4(883 964 965 884)
4(964 1045 1046 965)
4(1045 1126 1127 1046)
4(1126 1207 1208 1127)
4(1207 1288 1289 1208)
4(1288 1369 1370 1289)
4(1369 1450 1451 1370)
4(1450 1531 1532 1451)
4(1531 1612 1613 1532)
4(1612 1693 1694 1613)
4(1693 1774 1775 1694)
4(1774 1855 1856 1775)
4(1855 1936 1937 1856)
4(1936 2017 2018 1937)
4(2017 2098 2099 2018)
4(74 155 156 75)
4(155 236 237 156)
4(236 317 318 237)
4(317 398 399 318)
4(398 479 480 399)
4(479 560 561 480)
4(560 641 642 561)
4(641 722 723 642)
4(722 803 804 723)
4(803 884 885 804)
4(884 965 966 885)
4(965 1046 1047 966)
4(1046 1127 1128 1047)
4(1127 1208 1209 1128)
4(1208 1289 1290 1209)
4(1289 1370 1371 1290)
4(1370 1451 1452 1371)
4(1451 1532 1533 1452)
4(1532 1613 1614 1533)
4(1613 1694 1695 1614)
4(1694 1775 1776 1695)
4(1775 1856 1857 1776)
4(1856 1937 1938 1857)
4(1937 2018 2019 1938)
4(2018 2099 2100 2019)
4(75 156 157 76)
4(156 237 238 157)
4(237 318 319 238)
4(318 399 400 319)
4(399 480 481 400)
4(480 561 562 481)
4(561 642 643 562)
4(642 723 724 643)
4(723 804 805 724)
4(804 885 886 805)
4(885 966 967 886)
4(966 1047 1048 967)
4(1047 1128 1129 1048)
4(1128 1209 1210 1129)
4(1209 1290 1291 1210)
4(1290 1371 1372 1291)
4(1371 1452 1453 1372)
4(1452 1533 1534 1453)
4(1533 1614 1615 1534)
4(1614 1695 1696 1615)
4(1695 1776 1777 1696)
4(1776 1857 1858 1777)
4(1857 1938 1939 1858)
4(1938 2019 2020 1939)
4(2019 2100 2101 2020)
4(76 157 158 77)
4(157 238 239 158)
4(238 319 320 239)
4(319 400 401 320)
4(400 481 482 401)
4(481 562 563 482)
4(562 643 644 563)
4(643 724 725 644)
4(724 805 806 725)
4(805 886 887 806)
4(886 967 968 887)
4(967 1048 1049 968)
4(1048 1129 1130 1049)
4(1129 1210 1211 1130)
4(1210 1291 1292 1211)
4(1291 1372 1373 1292)
4(1372 1453 1454 1373)
4(1453 1534 1535 1454)
4(1534 1615 1616 1535)
4(1615 1696 1697 1616)
4(1696 1777 1778 1697)
4(1777 1858 1859 1778)
4(1858 1939 1940 1859)
4(1939 2020 2021 1940)
4(2020 2101 2102 2021)
4(77 158 159 78)
4(158 239 240 159)
4(239 320 321 240)
4(320 401 402 321)
4(401 482 483 402)
4(482 563 564 483)
4(563 644 645 564)
4(644 725 726 645)
4(725 806 807 726)
4(806 887 888 807)
4(887 968 969 888)
4(968 1049 1050 969)
4(1049 1130 1131 1050)
4(1130 1211 1212 1131)
4(1211 1292 1293 1212)
4(1292 1373 1374 1293)
4(1373 1454 1455 1374)
4(1454 1535 1536 1455)
4(1535 1616 1617 1536)
4(1616 1697 1698 1617)
4(1697 1778 1779 1698)
4(1778 1859 1860 1779)
4(1859 1940 1941 1860)
4(1940 2021 2022 1941)
4(2021 2102 2103 2022)
4(78 159 160 79)
4(159 240 241 160)
4(240 321 322 241)
4(321 402 403 322)
4(402 483 484 403)
4(483 564 565 484)
4(564 645 646 565)
4(645 726 727 646)
4(726 807 808 727)
4(807 888 889 808)
4(888 969 970 889)
4(969 1050 1051 970)
4(1050 1131 1132 1051)
4(1131 1212 1213 1132)
4(1212 1293 1294 1213)
4(1293 1374 1375 1294)
4(1374 1455 1456 1375)
4(1455 1536 1537 1456)
4(1536 1617 1618 1537)
4(1617 1698 1699 1618)
4(1698 1779 1780 1699)
4(1779 1860 1861 1780)
4(1860 1941 1942 1861)
4(1941 2022 2023 1942)
4(2022 2103 2104 2023)
4(79 160 161 80)
4(160 241 242 161)
4(241 322 323 242)
4(322 403 404 323)
4(403 484 485 404)
4(484 565 566 485)
4(565 646 647 566)
4(646 727 728 647)
4(727 808 809 728)
4(808 889 890 809)
4(889 970 971 890)
4(970 1051 1052 971)
4(1051 1132 1133 1052)
4(1132 1213 1214 1133)
4(1213 1294 1295 1214)
4(1294 1375 1376 1295)
4(1375 1456 1457 1376)
4(1456 1537 1538 1457)
4(1537 1618 1619 1538)
4(1618 1699 1700 1619)
4(1699 1780 1781 1700)
4(1780 1861 1862 1781)
4(1861 1942 1943 1862)
4(1942 2023 2024 1943)
4(2023 2104 2105 2024)
4(2025 8424 8425 2026)
4(8424 8505 8506 8425)
4(8505 8586 8587 8506)
4(8586 8667 8668 8587)
4(8667 8748 8749 8668)
4(8748 8829 8830 8749)
4(8829 8910 8911 8830)
4(8910 8991 8992 8911)
4(8991 9072 9073 8992)
4(9072 9153 9154 9073)
4(9153 9234 9235 9154)
4(9234 9315 9316 9235)
4(9315 9396 9397 9316)
4(9396 9477 9478 9397)
4(9477 9558 9559 9478)
4(9558 9639 9640 9559)
4(9639 9720 9721 9640)
4(9720 9801 9802 9721)
4(9801 9882 9883 9802)
4(9882 9963 9964 9883)
4(9963 10044 10045 9964)
4(10044 10125 10126 10045)
4(10125 10206 10207 10126)
4(10206 10287 10288 10207)
4(10287 10368 10369 10288)
4(2026 8425 8426 2027)
4(8425 8506 8507 8426)
4(8506 8587 8588 8507)
4(8587 8668 8669 8588)
4(8668 8749 8750 8669)
4(8749 8830 8831 8750)
4(8830 8911 8912 8831)
4(8911 8992 8993 8912)
4(8992 9073 9074 8993)
4(9073 9154 9155 9074)
4(9154 9235 9236 9155)
4(9235 9316 9317 9236)
4(9316 9397 9398 9317)
4(9397 9478 9479 9398)
4(9478 9559 9560 9479)
4(9559 9640 9641 9560)
4(9640 9721 9722 9641)
4(9721 9802 9803 9722)
4(9802 9883 9884 9803)
4(9883 9964 9965 9884)
4(9964 10045 10046 9965)
4(10045 10126 10127 10046)
4(10126 10207 10208 10127)
4(10207 10288 10289 10208)
4(10288 10369 10370 10289)
4(2027 8426 8427 2028)
4(8426 8507 8508 8427)
4(8507 8588 8589 8508)
4(8588 8669 8670 8589)
4(8669 8750 8751 8670)
4(8750 8831 8832 8751)
4(8831 8912 8913 8832)
4(8912 8993 8994 8913)
4(8993 9074 9075 8994)
4(9074 9155 9156 9075)
4(9155 9236 9237 9156)
4(9236 9317 9318 9237)
4(9317 9398 9399 9318)
4(9398 9479 9480 9399)
4(9479 9560 9561 9480)
4(9560 9641 9642 9561)
4(9641 9722 9723 9642)
4(9722 9803 9804 9723)
4(9803 9884 9885 9804)
4(9884 9965 9966 9885)
4(9965 10046 10047 9966)
4(10046 10127 10128 10047)
4(10127 10208 10209 10128)
4(10208 10289 10290 10209)
4(10289 10370 10371 10290)
4(2028 8427 8428 2029)
4(8427 8508 8509 8428)
4(8508 8589 8590 8509)
4(8589 8670 8671 8590)
4(8670 8751 8752 8671)
4(8751 8832 8833 8752)
4(8832 8913 8914 8833)
4(8913 8994 8995 8914)
4(8994 9075 9076 8995)
4(9075 9156 9157 9076)
4(9156 9237 9238 9157)
4(9237 9318 9319 9238)
4(9318 9399 9400 9319)
4(9399 9480 9481 9400)
4(9480 9561 9562 9481)
4(9561 9642 9643 9562)
4(9642 9723 9724 9643)
4(9723 9804 9805 9724)
4(9804 9885 9886 9805)
4(9885 9966 9967 9886)
4(9966 10047 10048 9967)
4(10047 10128 10129 10048)
4(10128 10209 10210 10129)
4(10209 10290 10291 10210)
4(10290 10371 10372 10291)
4(2029 8428 8429 2030)
4(8428 8509 8510 8429)
4(8509 8590 8591 8510)
4(8590 8671 8672 8591)
4(8671 8752 8753 8672)
4(8752 8833 8834 8753)
4(8833 8914 8915 8834)
4(8914 8995 8996 8915)
4(8995 9076 9077 8996)
4(9076 9157 9158 9077)
4(9157 9238 9239 9158)
4(9238 9319 9320 9239)
4(9319 9400 9401 9320)
4(9400 9481 9482 9401)
4(9481 9562 9563 9482)
4(9562 9643 9644 9563)
4(9643 9724 9725 9644)
4(9724 9805 9806 9725)
4(9805 9886 9887 9806)
4(9886 9967 9968 9887)
4(9967 10048 10049 9968)
4(10048 10129 10130 10049)
4(10129 10210 10211 10130)
4(10210 10291 10292 10211)
4(10291 10372 10373 10292)
4(2030 8429 8430 2031)
4(8429 8510 8511 8430)
4(8510 8591 8592 8511)
4(8591 8672 8673 8592)
4(8672 8753 8754 8673)
4(8753 8834 8835 8754)
4(8834 8915 8916 8835)
4(8915 8996 8997 8916)
4(8996 9077 9078 8997)
4(9077 9158 9159 9078)
4(9158 9239 9240 9159)
4(9239 9320 9321 9240)
4(9320 9401 9402 9321)
4(9401 9482 9483 9402)
4(9482 9563 9564 9483)
4(9563 9644 9645 9564)
4(9644 9725 9726 9645)
4(9725 9806 9807 9726)
4(9806 9887 9888 9807)
4(9887 9968 9969 9888)
4(9968 10049 10050 9969)
4(10049 10130 10131 10050)
4(10130 10211 10212 10131)
4(10211 10292 10293 10212)
4(10292 10373 10374 10293)
4(2031 8430 8431 2032)
4(8430 8511 8512 8431)
4(8511 8592 8593 8512)
4(8592 8673 8674 8593)
4(8673 8754 8755 8674)
4(8754 8835 8836 8755)
4(8835 8916 8917 8836)
4(8916 8997 8998 8917)
4(8997 9078 9079 8998)
4(9078 9159 9160 9079)
4(9159 9240 9241 9160)
4(9240 9321 9322 9241)
4(9321 9402 9403 9322)
4(9402 9483 9484 9403)
4(9483 9564 9565 9484)
4(9564 9645 9646 9565)
4(9645 9726 9727 9646)
4(9726 9807 9808 9727)
4(9807 9888 9889 9808)
4(9888 9969 9970 9889)
4(9969 10050 10051 9970)
4(10050 10131 10132 10051)
4(10131 10212 10213 10132)
4(10212 10293 10294 10213)
4(10293 10374 10375 10294)
4(2032 8431 8432 2033)
4(8431 8512 8513 8432)
4(8512 8593 8594 8513)
4(8593 8674 8675 8594)
4(8674 8755 8756 8675)
4(8755 8836 8837 8756)
4(8836 8917 8918 8837)
4(8917 8998 8999 8918)
4(8998 9079 9080 8999)
4(9079 9160 9161 9080)
4(9160 9241 9242 9161)
4(9241 9322 9323 9242)
4(9322 9403 9404 9323)
4(9403 9484 9485 9404)
4(9484 9565 9566 9485)
4(9565 9646 9647 9566)
4(9646 9727 9728 9647)
4(9727 9808 9809 9728)
4(9808 9889 9890 9809)
4(9889 9970 9971 9890)
4(9970 10051 10052 9971)
4(10051 10132 10133 10052)
4(10132 10213 10214 10133)
4(10213 10294 10295 10214)
4(10294 10375 10376 10295)
4(2033 8432 8433 2034)
4(8432 8513 8514 8433)
4(8513 8594 8595 8514)
4(8594 8675 8676 8595)
4(8675 8756 8757 8676)
4(8756 8837 8838 8757)
4(8837 8918 8919 8838)
4(8918 8999 9000 8919)
4(8999 9080 9081 9000)
4(9080 9161 9162 9081)
4(9161 9242 9243 9162)
4(9242 9323 9324 9243)
4(9323 9404 9405 9324)
4(9404 9485 9486 9405)
4(9485 9566 9567 9486)
4(9566 9647 9648 9567)
4(9647 9728 9729 9648)
4(9728 9809 9810 9729)
4(9809 9890 9891 9810)
4(9890 9971 9972 9891)
4(9971 10052 10053 9972)
4(10052 10133 10134 10053)
4(10133 10214 10215 10134)
4(10214 10295 10296 10215)
4(10295 10376 10377 10296)
4(2034 8433 8434 2035)
4(8433 8514 8515 8434)
4(8514 8595 8596 8515)
4(8595 8676 8677 8596)
4(8676 8757 8758 8677)
4(8757 8838 8839 8758)
4(8838 8919 8920 8839)
4(8919 9000 9001 8920)
4(9000 9081 9082 9001)
4(9081 9162 9163 9082)
4(9162 9243 9244 9163)
4(9243 9324 9325 9244)
4(9324 9405 9406 9325)
4(9405 9486 9487 9406)
4(9486 9567 9568 9487)
4(9567 9648 9649 9568)
4(9648 9729 9730 9649)
4(9729 9810 9811 9730)
4(9810 9891 9892 9811)
4(9891 9972 9973 9892)
4(9972 10053 10054 9973)
4(10053 10134 10135 10054)
4(10134 10215 10216 10135)
4(10215 10296 10297 10216)
4(10296 10377 10378 10297)
4(2035 8434 8435 2036)
4(8434 8515 8516 8435)
4(8515 8596 8597 8516)
4(8596 8677 8678 8597)
4(8677 8758 8759 8678)
4(8758 8839 8840 8759)
4(8839 8920 8921 8840)
4(8920 9001 9002 8921)
4(9001 9082 9083 9002)
4(9082 9163 9164 9083)
4(9163 9244 9245 9164)
4(9244 9325 9326 9245)
4(9325 9406 9407 9326)
4(9406 9487 9488 9407)
4(9487 9568 9569 9488)
4(9568 9649 9650 9569)
4(9649 9730 9731 9650)
4(9730 9811 9812 9731)
4(9811 9892 9893 9812)
4(9892 9973 9974 9893)
4(9973 10054 10055 9974)
4(10054 10135 10136 10055)
4(10135 10216 10217 10136)
4(10216 10297 10298 10217)
4(10297 10378 10379 10298)
4(2036 8435 8436 2037)
4(8435 8516 8517 8436)
4(8516 8597 8598 8517)
4(8597 8678 8679 8598)
4(8678 8759 8760 8679)
4(8759 8840 8841 8760)
4(8840 8921 8922 8841)
4(8921 9002 9003 8922)
4(9002 9083 9084 9003)
4(9083 9164 9165 9084)
4(9164 9245 9246 9165)
4(9245 9326 9327 9246)
4(9326 9407 9408 9327)
4(9407 9488 9489 9408)
4(9488 9569 9570 9489)
4(9569 9650 9651 9570)
4(9650 9731 9732 9651)
4(9731 9812 9813 9732)
4(9812 9893 9894 9813)
4(9893 9974 9975 9894)
4(9974 10055 10056 9975)
4(10055 10136 10137 10056)
4(10136 10217 10218 10137)
4(10217 10298 10299 10218)
4(10298 10379 10380 10299)
4(2037 8436 8437 2038)
4(8436 8517 8518 8437)
4(8517 8598 8599 8518)
4(8598 8679 8680 8599)
4(8679 8760 8761 8680)
4(8760 8841 8842 8761)
4(8841 8922 8923 8842)
4(8922 9003 9004 8923)
4(9003 9084 9085 9004)
4(9084 9165 9166 9085)
4(9165 9246 9247 9166)
4(9246 9327 9328 9247)
4(9327 9408 9409 9328)
4(9408 9489 9490 9409)
4(9489 9570 9571 9490)
4(9570 9651 9652 9571)
4(9651 9732 9733 9652)
4(9732 9813 9814 9733)
4(9813 9894 9895 9814)
4(9894 9975 9976 9895)
4(9975 10056 10057 9976)
4(10056 10137 10138 10057)
4(10137 10218 10219 10138)
4(10218 10299 10300 10219)
4(10299 10380 10381 10300)
4(2038 8437 8438 2039)
4(8437 8518 8519 8438)
4(8518 8599 8600 8519)
4(8599 8680 8681 8600)
4(8680 8761 8762 8681)
4(8761 8842 8843 8762)
4(8842 8923 8924 8843)
4(8923 9004 9005 8924)
4(9004 9085 9086 9005)
4(9085 9166 9167 9086)
4(9166 9247 9248 9167)
4(9247 9328 9329 9248)
4(9328 9409 9410 9329)
4(9409 9490 9491 9410)
4(9490 9571 9572 9491)
4(9571 9652 9653 9572)
4(9652 9733 9734 9653)
4(9733 9814 9815 9734)
4(9814 9895 9896 9815)
4(9895 9976 9977 9896)
4(9976 10057 10058 9977)
4(10057 10138 10139 10058)
4(10138 10219 10220 10139)
4(10219 10300 10301 10220)
4(10300 10381 10382 10301)
4(2039 8438 8439 2040)
4(8438 8519 8520 8439)
4(8519 8600 8601 8520)
4(8600 8681 8682 8601)
4(8681 8762 8763 8682)
4(8762 8843 8844 8763)
4(8843 8924 8925 8844)
4(8924 9005 9006 8925)
4(9005 9086 9087 9006)
4(9086 9167 9168 9087)
4(9167 9248 9249 9168)
4(9248 9329 9330 9249)
4(9329 9410 9411 9330)
4(9410 9491 9492 9411)
4(9491 9572 9573 9492)
4(9572 9653 9654 9573)
4(9653 9734 9735 9654)
4(9734 9815 9816 9735)
4(9815 9896 9897 9816)
4(9896 9977 9978 9897)
4(9977 10058 10059 9978)
4(10058 10139 10140 10059)
4(10139 10220 10221 10140)
4(10220 10301 10302 10221)
4(10301 10382 10383 10302)
4(2040 8439 8440 2041)
4(8439 8520 8521 8440)
4(8520 8601 8602 8521)
4(8601 8682 8683 8602)
4(8682 8763 8764 8683)
4(8763 8844 8845 8764)
4(8844 8925 8926 8845)
4(8925 9006 9007 8926)
4(9006 9087 9088 9007)
4(9087 9168 9169 9088)
4(9168 9249 9250 9169)
4(9249 9330 9331 9250)
4(9330 9411 9412 9331)
4(9411 9492 9493 9412)
4(9492 9573 9574 9493)
4(9573 9654 9655 9574)
4(9654 9735 9736 9655)
4(9735 9816 9817 9736)
4(9816 9897 9898 9817)
4(9897 9978 9979 9898)
4(9978 10059 10060 9979)
4(10059 10140 10141 10060)
4(10140 10221 10222 10141)
4(10221 10302 10303 10222)
4(10302 10383 10384 10303)
4(2041 8440 8441 2042)
4(8440 8521 8522 8441)
4(8521 8602 8603 8522)
4(8602 8683 8684 8603)
4(8683 8764 8765 8684)
4(8764 8845 8846 8765)
4(8845 8926 8927 8846)
4(8926 9007 9008 8927)
4(9007 9088 9089 9008)
4(9088 9169 9170 9089)
4(9169 9250 9251 9170)
4(9250 9331 9332 9251)
4(9331 9412 9413 9332)
4(9412 9493 9494 9413)
4(9493 9574 9575 9494)
4(9574 9655 9656 9575)
4(9655 9736 9737 9656)
4(9736 9817 9818 9737)
4(9817 9898 9899 9818)
4(9898 9979 9980 9899)
4(9979 10060 10061 9980)
4(10060 10141 10142 10061)
4(10141 10222 10223 10142)
4(10222 10303 10304 10223)
4(10303 10384 10385 10304)
4(2042 8441 8442 2043)
4(8441 8522 8523 8442)
4(8522 8603 8604 8523)
4(8603 8684 8685 8604)
4(8684 8765 8766 8685)
4(8765 8846 8847 8766)
4(8846 8927 8928 8847)
4(8927 9008 9009 8928)
4(9008 9089 9090 9009)
4(9089 9170 9171 9090)
4(9170 9251 9252 9171)
4(9251 9332 9333 9252)
4(9332 9413 9414 9333)
4(9413 9494 9495 9414)
4(9494 9575 9576 9495)
4(9575 9656 9657 9576)
4(9656 9737 9738 9657)
4(9737 9818 9819 9738)
4(9818 9899 9900 9819)
4(9899 9980 9981 9900)
4(9980 10061 10062 9981)
4(10061 10142 10143 10062)
4(10142 10223 10224 10143)
4(10223 10304 10305 10224)
4(10304 10385 10386 10305)
4(2043 8442 8443 2044)
4(8442 8523 8524 8443)
4(8523 8604 8605 8524)
4(8604 8685 8686 8605)
4(8685 8766 8767 8686)
4(8766 8847 8848 8767)
4(8847 8928 8929 8848)
4(8928 9009 9010 8929)
4(9009 9090 9091 9010)
4(9090 9171 9172 9091)
4(9171 9252 9253 9172)
4(9252 9333 9334 9253)
4(9333 9414 9415 9334)
4(9414 9495 9496 9415)
4(9495 9576 9577 9496)
4(9576 9657 9658 9577)
4(9657 9738 9739 9658)
4(9738 9819 9820 9739)
4(9819 9900 9901 9820)
4(9900 9981 9982 9901)
4(9981 10062 10063 9982)
4(10062 10143 10144 10063)
4(10143 10224 10225 10144)
4(10224 10305 10306 10225)
4(10305 10386 10387 10306)
4(2044 8443 8444 2045)
4(8443 8524 8525 8444)
4(8524 8605 8606 8525)
4(8605 8686 8687 8606)
4(8686 8767 8768 8687)
4(8767 8848 8849 8768)
4(8848 8929 8930 8849)
4(8929 9010 9011 8930)
4(9010 9091 9092 9011)
4(9091 9172 9173 9092)
4(9172 9253 9254 9173)
4(9253 9334 9335 9254)
4(9334 9415 9416 9335)
4(9415 9496 9497 9416)
4(9496 9577 9578 9497)
4(9577 9658 9659 9578)
4(9658 9739 9740 9659)
4(9739 9820 9821 9740)
4(9820 9901 9902 9821)
4(9901 9982 9983 9902)
4(9982 10063 10064 9983)
4(10063 10144 10145 10064)
4(10144 10225 10226 10145)
4(10225 10306 10307 10226)
4(10306 10387 10388 10307)
4(2045 8444 8445 2046)
4(8444 8525 8526 8445)
4(8525 8606 8607 8526)
4(8606 8687 8688 8607)
4(8687 8768 8769 8688)
4(8768 8849 8850 8769)
4(8849 8930 8931 8850)
4(8930 9011 9012 8931)
4(9011 9092 9093 9012)
4(9092 9173 9174 9093)
4(9173 9254 9255 9174)
4(9254 9335 9336 9255)
4(9335 9416 9417 9336)
4(9416 9497 9498 9417)
4(9497 9578 9579 9498)
4(9578 9659 9660 9579)
4(9659 9740 9741 9660)
4(9740 9821 9822 9741)
4(9821 9902 9903 9822)
4(9902 9983 9984 9903)
4(9983 10064 10065 9984)
4(10064 10145 10146 10065)
4(10145 10226 10227 10146)
4(10226 10307 10308 10227)
4(10307 10388 10389 10308)
4(2046 8445 8446 2047)
4(8445 8526 8527 8446)
4(8526 8607 8608 8527)
4(8607 8688 8689 8608)
4(8688 8769 8770 8689)
4(8769 8850 8851 8770)
4(8850 8931 8932 8851)
4(8931 9012 9013 8932)
4(9012 9093 9094 9013)
4(9093 9174 9175 9094)
4(9174 9255 9256 9175)
4(9255 9336 9337 9256)
4(9336 9417 9418 9337)
4(9417 9498 9499 9418)
4(9498 9579 9580 9499)
4(9579 9660 9661 9580)
4(9660 9741 9742 9661)
4(9741 9822 9823 9742)
4(9822 9903 9904 9823)
4(9903 9984 9985 9904)
4(9984 10065 10066 9985)
4(10065 10146 10147 10066)
4(10146 10227 10228 10147)
4(10227 10308 10309 10228)
4(10308 10389 10390 10309)
4(2047 8446 8447 2048)
4(8446 8527 8528 8447)
4(8527 8608 8609 8528)
4(8608 8689 8690 8609)
4(8689 8770 8771 8690)
4(8770 8851 8852 8771)
4(8851 8932 8933 8852)
4(8932 9013 9014 8933)
4(9013 9094 9095 9014)
4(9094 9175 9176 9095)
4(9175 9256 9257 9176)
4(9256 9337 9338 9257)
4(9337 9418 9419 9338)
4(9418 9499 9500 9419)
4(9499 9580 9581 9500)
4(9580 9661 9662 9581)
4(9661 9742 9743 9662)
4(9742 9823 9824 9743)
4(9823 9904 9905 9824)
4(9904 9985 9986 9905)
4(9985 10066 10067 9986)
4(10066 10147 10148 10067)
4(10147 10228 10229 10148)
4(10228 10309 10310 10229)
4(10309 10390 10391 10310)
4(2048 8447 8448 2049)
4(8447 8528 8529 8448)
4(8528 8609 8610 8529)
4(8609 8690 8691 8610)
4(8690 8771 8772 8691)
4(8771 8852 8853 8772)
4(8852 8933 8934 8853)
4(8933 9014 9015 8934)
4(9014 9095 9096 9015)
4(9095 9176 9177 9096)
4(9176 9257 9258 9177)
4(9257 9338 9339 9258)
4(9338 9419 9420 9339)
4(9419 9500 9501 9420)
4(9500 9581 9582 9501)
4(9581 9662 9663 9582)
4(9662 9743 9744 9663)
4(9743 9824 9825 9744)
4(9824 9905 9906 9825)
4(9905 9986 9987 9906)
4(9986 10067 10068 9987)
4(10067 10148 10149 10068)
4(10148 10229 10230 10149)
4(10229 10310 10311 10230)
4(10310 10391 10392 10311)
4(2049 8448 8449 2050)
4(8448 8529 8530 8449)
4(8529 8610 8611 8530)
4(8610 8691 8692 8611)
4(8691 8772 8773 8692)
4(8772 8853 8854 8773)
4(8853 8934 8935 8854)
4(8934 9015 9016 8935)
4(9015 9096 9097 9016)
4(9096 9177 9178 9097)
4(9177 9258 9259 9178)
4(9258 9339 9340 9259)
4(9339 9420 9421 9340)
4(9420 9501 9502 9421)
4(9501 9582 9583 9502)
4(9582 9663 9664 9583)
4(9663 9744 9745 9664)
4(9744 9825 9826 9745)
4(9825 9906 9907 9826)
4(9906 9987 9988 9907)
4(9987 10068 10069 9988)
4(10068 10149 10150 10069)
4(10149 10230 10231 10150)
4(10230 10311 10312 10231)
4(10311 10392 10393 10312)
4(2050 8449 8450 2051)
4(8449 8530 8531 8450)
4(8530 8611 8612 8531)
4(8611 8692 8693 8612)
4(8692 8773 8774 8693)
4(8773 8854 8855 8774)
4(8854 8935 8936 8855)
4(8935 9016 9017 8936)
4(9016 9097 9098 9017)
4(9097 9178 9179 9098)
4(9178 9259 9260 9179)
4(9259 9340 9341 9260)
4(9340 9421 9422 9341)
4(9421 9502 9503 9422)
4(9502 9583 9584 9503)
4(9583 9664 9665 9584)
4(9664 9745 9746 9665)
4(9745 9826 9827 9746)
4(9826 9907 9908 9827)
4(9907 9988 9989 9908)
4(9988 10069 10070 9989)
4(10069 10150 10151 10070)
4(10150 10231 10232 10151)
4(10231 10312 10313 10232)
4(10312 10393 10394 10313)
4(2051 8450 8451 2052)
4(8450 8531 8532 8451)
4(8531 8612 8613 8532)
4(8612 8693 8694 8613)
4(8693 8774 8775 8694)
4(8774 8855 8856 8775)
4(8855 8936 8937 8856)
4(8936 9017 9018 8937)
4(9017 9098 9099 9018)
4(9098 9179 9180 9099)
4(9179 9260 9261 9180)
4(9260 9341 9342 9261)
4(9341 9422 9423 9342)
4(9422 9503 9504 9423)
4(9503 9584 9585 9504)
4(9584 9665 9666 9585)
4(9665 9746 9747 9666)
4(9746 9827 9828 9747)
4(9827 9908 9909 9828)
4(9908 9989 9990 9909)
4(9989 10070 10071 9990)
4(10070 10151 10152 10071)
4(10151 10232 10233 10152)
4(10232 10313 10314 10233)
4(10313 10394 10395 10314)
4(2052 8451 8452 2053)
4(8451 8532 8533 8452)
4(8532 8613 8614 8533)
4(8613 8694 8695 8614)
4(8694 8775 8776 8695)
4(8775 8856 8857 8776)
4(8856 8937 8938 8857)
4(8937 9018 9019 8938)
4(9018 9099 9100 9019)
4(9099 9180 9181 9100)
4(9180 9261 9262 9181)
4(9261 9342 9343 9262)
4(9342 9423 9424 9343)
4(9423 9504 9505 9424)
4(9504 9585 9586 9505)
4(9585 9666 9667 9586)
4(9666 9747 9748 9667)
4(9747 9828 9829 9748)
4(9828 9909 9910 9829)
4(9909 9990 9991 9910)
4(9990 10071 10072 9991)
4(10071 10152 10153 10072)
4(10152 10233 10234 10153)
4(10233 10314 10315 10234)
4(10314 10395 10396 10315)
4(2053 8452 8453 2054)
4(8452 8533 8534 8453)
4(8533 8614 8615 8534)
4(8614 8695 8696 8615)
4(8695 8776 8777 8696)
4(8776 8857 8858 8777)
4(8857 8938 8939 8858)
4(8938 9019 9020 8939)
4(9019 9100 9101 9020)
4(9100 9181 9182 9101)
4(9181 9262 9263 9182)
4(9262 9343 9344 9263)
4(9343 9424 9425 9344)
4(9424 9505 9506 9425)
4(9505 9586 9587 9506)
4(9586 9667 9668 9587)
4(9667 9748 9749 9668)
4(9748 9829 9830 9749)
4(9829 9910 9911 9830)
4(9910 9991 9992 9911)
4(9991 10072 10073 9992)
4(10072 10153 10154 10073)
4(10153 10234 10235 10154)
4(10234 10315 10316 10235)
4(10315 10396 10397 10316)
4(2054 8453 8454 2055)
4(8453 8534 8535 8454)
4(8534 8615 8616 8535)
4(8615 8696 8697 8616)
4(8696 8777 8778 8697)
4(8777 8858 8859 8778)
4(8858 8939 8940 8859)
4(8939 9020 9021 8940)
4(9020 9101 9102 9021)
4(9101 9182 9183 9102)
4(9182 9263 9264 9183)
4(9263 9344 9345 9264)
4(9344 9425 9426 9345)
4(9425 9506 9507 9426)
4(9506 9587 9588 9507)
4(9587 9668 9669 9588)
4(9668 9749 9750 9669)
4(9749 9830 9831 9750)
4(9830 9911 9912 9831)
4(9911 9992 9993 9912)
4(9992 10073 10074 9993)
4(10073 10154 10155 10074)
4(10154 10235 10236 10155)
4(10235 10316 10317 10236)
4(10316 10397 10398 10317)
4(2055 8454 8455 2056)
4(8454 8535 8536 8455)
4(8535 8616 8617 8536)
4(8616 8697 8698 8617)
4(8697 8778 8779 8698)
4(8778 8859 8860 8779)
4(8859 8940 8941 8860)
4(8940 9021 9022 8941)
4(9021 9102 9103 9022)
4(9102 9183 9184 9103)
4(9183 9264 9265 9184)
4(9264 9345 9346 9265)
4(9345 9426 9427 9346)
4(9426 9507 9508 9427)
4(9507 9588 9589 9508)
4(9588 9669 9670 9589)
4(9669 9750 9751 9670)
4(9750 9831 9832 9751)
4(9831 9912 9913 9832)
4(9912 9993 9994 9913)
4(9993 10074 10075 9994)
4(10074 10155 10156 10075)
4(10155 10236 10237 10156)
4(10236 10317 10318 10237)
4(10317 10398 10399 10318)
4(2056 8455 8456 2057)
4(8455 8536 8537 8456)
4(8536 8617 8618 8537)
4(8617 8698 8699 8618)
4(8698 8779 8780 8699)
4(8779 8860 8861 8780)
4(8860 8941 8942 8861)
4(8941 9022 9023 8942)
4(9022 9103 9104 9023)
4(9103 9184 9185 9104)
4(9184 9265 9266 9185)
4(9265 9346 9347 9266)
4(9346 9427 9428 9347)
4(9427 9508 9509 9428)
4(9508 9589 9590 9509)
4(9589 9670 9671 9590)
4(9670 9751 9752 9671)
4(9751 9832 9833 9752)
4(9832 9913 9914 9833)
4(9913 9994 9995 9914)
4(9994 10075 10076 9995)
4(10075 10156 10157 10076)
4(10156 10237 10238 10157)
4(10237 10318 10319 10238)
4(10318 10399 10400 10319)
4(2057 8456 8457 2058)
4(8456 8537 8538 8457)
4(8537 8618 8619 8538)
4(8618 8699 8700 8619)
4(8699 8780 8781 8700)
4(8780 8861 8862 8781)
4(8861 8942 8943 8862)
4(8942 9023 9024 8943)
4(9023 9104 9105 9024)
4(9104 9185 9186 9105)
4(9185 9266 9267 9186)
4(9266 9347 9348 9267)
4(9347 9428 9429 9348)
4(9428 9509 9510 9429)
4(9509 9590 9591 9510)
4(9590 9671 9672 9591)
4(9671 9752 9753 9672)
4(9752 9833 9834 9753)
4(9833 9914 9915 9834)
4(9914 9995 9996 9915)
4(9995 10076 10077 9996)
4(10076 10157 10158 10077)
4(10157 10238 10239 10158)
4(10238 10319 10320 10239)
4(10319 10400 10401 10320)
4(2058 8457 8458 2059)
4(8457 8538 8539 8458)
4(8538 8619 8620 8539)
4(8619 8700 8701 8620)
4(8700 8781 8782 8701)
4(8781 8862 8863 8782)
4(8862 8943 8944 8863)
4(8943 9024 9025 8944)
4(9024 9105 9106 9025)
4(9105 9186 9187 9106)
4(9186 9267 9268 9187)
4(9267 9348 9349 9268)
4(9348 9429 9430 9349)
4(9429 9510 9511 9430)
4(9510 9591 9592 9511)
4(9591 9672 9673 9592)
4(9672 9753 9754 9673)
4(9753 9834 9835 9754)
4(9834 9915 9916 9835)
4(9915 9996 9997 9916)
4(9996 10077 10078 9997)
4(10077 10158 10159 10078)
4(10158 10239 10240 10159)
4(10239 10320 10321 10240)
4(10320 10401 10402 10321)
4(2059 8458 8459 2060)
4(8458 8539 8540 8459)
4(8539 8620 8621 8540)
4(8620 8701 8702 8621)
4(8701 8782 8783 8702)
4(8782 8863 8864 8783)
4(8863 8944 8945 8864)
4(8944 9025 9026 8945)
4(9025 9106 9107 9026)
4(9106 9187 9188 9107)
4(9187 9268 9269 9188)
4(9268 9349 9350 9269)
4(9349 9430 9431 9350)
4(9430 9511 9512 9431)
4(9511 9592 9593 9512)
4(9592 9673 9674 9593)
4(9673 9754 9755 9674)
4(9754 9835 9836 9755)
4(9835 9916 9917 9836)
4(9916 9997 9998 9917)
4(9997 10078 10079 9998)
4(10078 10159 10160 10079)
4(10159 10240 10241 10160)
4(10240 10321 10322 10241)
4(10321 10402 10403 10322)
4(2060 8459 8460 2061)
4(8459 8540 8541 8460)
4(8540 8621 8622 8541)
4(8621 8702 8703 8622)
4(8702 8783 8784 8703)
4(8783 8864 8865 8784)
4(8864 8945 8946 8865)
4(8945 9026 9027 8946)
4(9026 9107 9108 9027)
4(9107 9188 9189 9108)
4(9188 9269 9270 9189)
4(9269 9350 9351 9270)
4(9350 9431 9432 9351)
4(9431 9512 9513 9432)
4(9512 9593 9594 9513)
4(9593 9674 9675 9594)
4(9674 9755 9756 9675)
4(9755 9836 9837 9756)
4(9836 9917 9918 9837)
4(9917 9998 9999 9918)
4(9998 10079 10080 9999)
4(10079 10160 10161 10080)
4(10160 10241 10242 10161)
4(10241 10322 10323 10242)
4(10322 10403 10404 10323)
4(2061 8460 8461 2062)
4(8460 8541 8542 8461)
4(8541 8622 8623 8542)
4(8622 8703 8704 8623)
4(8703 8784 8785 8704)
4(8784 8865 8866 8785)
4(8865 8946 8947 8866)
4(8946 9027 9028 8947)
4(9027 9108 9109 9028)
4(9108 9189 9190 9109)
4(9189 9270 9271 9190)
4(9270 9351 9352 9271)
4(9351 9432 9433 9352)
4(9432 9513 9514 9433)
4(9513 9594 9595 9514)
4(9594 9675 9676 9595)
4(9675 9756 9757 9676)
4(9756 9837 9838 9757)
4(9837 9918 9919 9838)
4(9918 9999 10000 9919)
4(9999 10080 10081 10000)
4(10080 10161 10162 10081)
4(10161 10242 10243 10162)
4(10242 10323 10324 10243)
4(10323 10404 10405 10324)
4(2062 8461 8462 2063)
4(8461 8542 8543 8462)
4(8542 8623 8624 8543)
4(8623 8704 8705 8624)
4(8704 8785 8786 8705)
4(8785 8866 8867 8786)
4(8866 8947 8948 8867)
4(8947 9028 9029 8948)
4(9028 9109 9110 9029)
4(9109 9190 9191 9110)
4(9190 9271 9272 9191)
4(9271 9352 9353 9272)
4(9352 9433 9434 9353)
4(9433 9514 9515 9434)
4(9514 9595 9596 9515)
4(9595 9676 9677 9596)
4(9676 9757 9758 9677)
4(9757 9838 9839 9758)
4(9838 9919 9920 9839)
4(9919 10000 10001 9920)
4(10000 10081 10082 10001)
4(10081 10162 10163 10082)
4(10162 10243 10244 10163)
4(10243 10324 10325 10244)
4(10324 10405 10406 10325)
4(2063 8462 8463 2064)
4(8462 8543 8544 8463)
4(8543 8624 8625 8544)
4(8624 8705 8706 8625)
4(8705 8786 8787 8706)
4(8786 8867 8868 8787)
4(8867 8948 8949 8868)
4(8948 9029 9030 8949)
4(9029 9110 9111 9030)
4(9110 9191 9192 9111)
4(9191 9272 9273 9192)
4(9272 9353 9354 9273)
4(9353 9434 9435 9354)
4(9434 9515 9516 9435)
4(9515 9596 9597 9516)
4(9596 9677 9678 9597)
4(9677 9758 9759 9678)
4(9758 9839 9840 9759)
4(9839 9920 9921 9840)
4(9920 10001 10002 9921)
4(10001 10082 10083 10002)
4(10082 10163 10164 10083)
4(10163 10244 10245 10164)
4(10244 10325 10326 10245)
4(10325 10406 10407 10326)
4(2064 8463 8464 2065)
4(8463 8544 8545 8464)
4(8544 8625 8626 8545)
4(8625 8706 8707 8626)
4(8706 8787 8788 8707)
4(8787 8868 8869 8788)
4(8868 8949 8950 8869)
4(8949 9030 9031 8950)
4(9030 9111 9112 9031)
4(9111 9192 9193 9112)
4(9192 9273 9274 9193)
4(9273 9354 9355 9274)
4(9354 9435 9436 9355)
4(9435 9516 9517 9436)
4(9516 9597 9598 9517)
4(9597 9678 9679 9598)
4(9678 9759 9760 9679)
4(9759 9840 9841 9760)
4(9840 9921 9922 9841)
4(9921 10002 10003 9922)
4(10002 10083 10084 10003)
4(10083 10164 10165 10084)
4(10164 10245 10246 10165)
4(10245 10326 10327 10246)
4(10326 10407 10408 10327)
4(2065 8464 8465 2066)
4(8464 8545 8546 8465)
4(8545 8626 8627 8546)
4(8626 8707 8708 8627)
4(8707 8788 8789 8708)
4(8788 8869 8870 8789)
4(8869 8950 8951 8870)
4(8950 9031 9032 8951)
4(9031 9112 9113 9032)
4(9112 9193 9194 9113)
4(9193 9274 9275 9194)
4(9274 9355 9356 9275)
4(9355 9436 9437 9356)
4(9436 9517 9518 9437)
4(9517 9598 9599 9518)
4(9598 9679 9680 9599)
4(9679 9760 9761 9680)
4(9760 9841 9842 9761)
4(9841 9922 9923 9842)
4(9922 10003 10004 9923)
4(10003 10084 10085 10004)
4(10084 10165 10166 10085)
4(10165 10246 10247 10166)
4(10246 10327 10328 10247)
4(10327 10408 10409 10328)
4(2066 8465 8466 2067)
4(8465 8546 8547 8466)
4(8546 8627 8628 8547)
4(8627 8708 8709 8628)
4(8708 8789 8790 8709)
4(8789 8870 8871 8790)
4(8870 8951 8952 8871)
4(8951 9032 9033 8952)
4(9032 9113 9114 9033)
4(9113 9194 9195 9114)
4(9194 9275 9276 9195)
4(9275 9356 9357 9276)
4(9356 9437 9438 9357)
4(9437 9518 9519 9438)
4(9518 9599 9600 9519)
4(9599 9680 9681 9600)
4(9680 9761 9762 9681)
4(9761 9842 9843 9762)
4(9842 9923 9924 9843)
4(9923 10004 10005 9924)
4(10004 10085 10086 10005)
4(10085 10166 10167 10086)
4(10166 10247 10248 10167)
4(10247 10328 10329 10248)
4(10328 10409 10410 10329)
4(2067 8466 8467 2068)
4(8466 8547 8548 8467)
4(8547 8628 8629 8548)
4(8628 8709 8710 8629)
4(8709 8790 8791 8710)
4(8790 8871 8872 8791)
4(8871 8952 8953 8872)
4(8952 9033 9034 8953)
4(9033 9114 9115 9034)
4(9114 9195 9196 9115)
4(9195 9276 9277 9196)
4(9276 9357 9358 9277)
4(9357 9438 9439 9358)
4(9438 9519 9520 9439)
4(9519 9600 9601 9520)
4(9600 9681 9682 9601)
4(9681 9762 9763 9682)
4(9762 9843 9844 9763)
4(9843 9924 9925 9844)
4(9924 10005 10006 9925)
4(10005 10086 10087 10006)
4(10086 10167 10168 10087)
4(10167 10248 10249 10168)
4(10248 10329 10330 10249)
4(10329 10410 10411 10330)
4(2068 8467 8468 2069)
4(8467 8548 8549 8468)
4(8548 8629 8630 8549)
4(8629 8710 8711 8630)
4(8710 8791 8792 8711)
4(8791 8872 8873 8792)
4(8872 8953 8954 8873)
4(8953 9034 9035 8954)
4(9034 9115 9116 9035)
4(9115 9196 9197 9116)
4(9196 9277 9278 9197)
4(9277 9358 9359 9278)
4(9358 9439 9440 9359)
4(9439 9520 9521 9440)
4(9520 9601 9602 9521)
4(9601 9682 9683 9602)
4(9682 9763 9764 9683)
4(9763 9844 9845 9764)
4(9844 9925 9926 9845)
4(9925 10006 10007 9926)
4(10006 10087 10088 10007)
4(10087 10168 10169 10088)
4(10168 10249 10250 10169)
4(10249 10330 10331 10250)
4(10330 10411 10412 10331)
4(2069 8468 8469 2070)
4(8468 8549 8550 8469)
4(8549 8630 8631 8550)
4(8630 8711 8712 8631)
4(8711 8792 8793 8712)
4(8792 8873 8874 8793)
4(8873 8954 8955 8874)
4(8954 9035 9036 8955)
4(9035 9116 9117 9036)
4(9116 9197 9198 9117)
4(9197 9278 9279 9198)
4(9278 9359 9360 9279)
4(9359 9440 9441 9360)
4(9440 9521 9522 9441)
4(9521 9602 9603 9522)
4(9602 9683 9684 9603)
4(9683 9764 9765 9684)
4(9764 9845 9846 9765)
4(9845 9926 9927 9846)
4(9926 10007 10008 9927)
4(10007 10088 10089 10008)
4(10088 10169 10170 10089)
4(10169 10250 10251 10170)
4(10250 10331 10332 10251)
4(10331 10412 10413 10332)
4(2070 8469 8470 2071)
4(8469 8550 8551 8470)
4(8550 8631 8632 8551)
4(8631 8712 8713 8632)
4(8712 8793 8794 8713)
4(8793 8874 8875 8794)
4(8874 8955 8956 8875)
4(8955 9036 9037 8956)
4(9036 9117 9118 9037)
4(9117 9198 9199 9118)
4(9198 9279 9280 9199)
4(9279 9360 9361 9280)
4(9360 9441 9442 9361)
4(9441 9522 9523 9442)
4(9522 9603 9604 9523)
4(9603 9684 9685 9604)
4(9684 9765 9766 9685)
4(9765 9846 9847 9766)
4(9846 9927 9928 9847)
4(9927 10008 10009 9928)
4(10008 10089 10090 10009)
4(10089 10170 10171 10090)
4(10170 10251 10252 10171)
4(10251 10332 10333 10252)
4(10332 10413 10414 10333)
4(2071 8470 8471 2072)
4(8470 8551 8552 8471)
4(8551 8632 8633 8552)
4(8632 8713 8714 8633)
4(8713 8794 8795 8714)
4(8794 8875 8876 8795)
4(8875 8956 8957 8876)
4(8956 9037 9038 8957)
4(9037 9118 9119 9038)
4(9118 9199 9200 9119)
4(9199 9280 9281 9200)
4(9280 9361 9362 9281)
4(9361 9442 9443 9362)
4(9442 9523 9524 9443)
4(9523 9604 9605 9524)
4(9604 9685 9686 9605)
4(9685 9766 9767 9686)
4(9766 9847 9848 9767)
4(9847 9928 9929 9848)
4(9928 10009 10010 9929)
4(10009 10090 10091 10010)
4(10090 10171 10172 10091)
4(10171 10252 10253 10172)
4(10252 10333 10334 10253)
4(10333 10414 10415 10334)
4(2072 8471 8472 2073)
4(8471 8552 8553 8472)
4(8552 8633 8634 8553)
4(8633 8714 8715 8634)
4(8714 8795 8796 8715)
4(8795 8876 8877 8796)
4(8876 8957 8958 8877)
4(8957 9038 9039 8958)
4(9038 9119 9120 9039)
4(9119 9200 9201 9120)
4(9200 9281 9282 9201)
4(9281 9362 9363 9282)
4(9362 9443 9444 9363)
4(9443 9524 9525 9444)
4(9524 9605 9606 9525)
4(9605 9686 9687 9606)
4(9686 9767 9768 9687)
4(9767 9848 9849 9768)
4(9848 9929 9930 9849)
4(9929 10010 10011 9930)
4(10010 10091 10092 10011)
4(10091 10172 10173 10092)
4(10172 10253 10254 10173)
4(10253 10334 10335 10254)
4(10334 10415 10416 10335)
4(2073 8472 8473 2074)
4(8472 8553 8554 8473)
4(8553 8634 8635 8554)
4(8634 8715 8716 8635)
4(8715 8796 8797 8716)
4(8796 8877 8878 8797)
4(8877 8958 8959 8878)
4(8958 9039 9040 8959)
4(9039 9120 9121 9040)
4(9120 9201 9202 9121)
4(9201 9282 9283 9202)
4(9282 9363 9364 9283)
4(9363 9444 9445 9364)
4(9444 9525 9526 9445)
4(9525 9606 9607 9526)
4(9606 9687 9688 9607)
4(9687 9768 9769 9688)
4(9768 9849 9850 9769)
4(9849 9930 9931 9850)
4(9930 10011 10012 9931)
4(10011 10092 10093 10012)
4(10092 10173 10174 10093)
4(10173 10254 10255 10174)
4(10254 10335 10336 10255)
4(10335 10416 10417 10336)
4(2074 8473 8474 2075)
4(8473 8554 8555 8474)
4(8554 8635 8636 8555)
4(8635 8716 8717 8636)
4(8716 8797 8798 8717)
4(8797 8878 8879 8798)
4(8878 8959 8960 8879)
4(8959 9040 9041 8960)
4(9040 9121 9122 9041)
4(9121 9202 9203 9122)
4(9202 9283 9284 9203)
4(9283 9364 9365 9284)
4(9364 9445 9446 9365)
4(9445 9526 9527 9446)
4(9526 9607 9608 9527)
4(9607 9688 9689 9608)
4(9688 9769 9770 9689)
4(9769 9850 9851 9770)
4(9850 9931 9932 9851)
4(9931 10012 10013 9932)
4(10012 10093 10094 10013)
4(10093 10174 10175 10094)
4(10174 10255 10256 10175)
4(10255 10336 10337 10256)
4(10336 10417 10418 10337)
4(2075 8474 8475 2076)
4(8474 8555 8556 8475)
4(8555 8636 8637 8556)
4(8636 8717 8718 8637)
4(8717 8798 8799 8718)
4(8798 8879 8880 8799)
4(8879 8960 8961 8880)
4(8960 9041 9042 8961)
4(9041 9122 9123 9042)
4(9122 9203 9204 9123)
4(9203 9284 9285 9204)
4(9284 9365 9366 9285)
4(9365 9446 9447 9366)
4(9446 9527 9528 9447)
4(9527 9608 9609 9528)
4(9608 9689 9690 9609)
4(9689 9770 9771 9690)
4(9770 9851 9852 9771)
4(9851 9932 9933 9852)
4(9932 10013 10014 9933)
4(10013 10094 10095 10014)
4(10094 10175 10176 10095)
4(10175 10256 10257 10176)
4(10256 10337 10338 10257)
4(10337 10418 10419 10338)
4(2076 8475 8476 2077)
4(8475 8556 8557 8476)
4(8556 8637 8638 8557)
4(8637 8718 8719 8638)
4(8718 8799 8800 8719)
4(8799 8880 8881 8800)
4(8880 8961 8962 8881)
4(8961 9042 9043 8962)
4(9042 9123 9124 9043)
4(9123 9204 9205 9124)
4(9204 9285 9286 9205)
4(9285 9366 9367 9286)
4(9366 9447 9448 9367)
4(9447 9528 9529 9448)
4(9528 9609 9610 9529)
4(9609 9690 9691 9610)
4(9690 9771 9772 9691)
4(9771 9852 9853 9772)
4(9852 9933 9934 9853)
4(9933 10014 10015 9934)
4(10014 10095 10096 10015)
4(10095 10176 10177 10096)
4(10176 10257 10258 10177)
4(10257 10338 10339 10258)
4(10338 10419 10420 10339)
4(2077 8476 8477 2078)
4(8476 8557 8558 8477)
4(8557 8638 8639 8558)
4(8638 8719 8720 8639)
4(8719 8800 8801 8720)
4(8800 8881 8882 8801)
4(8881 8962 8963 8882)
4(8962 9043 9044 8963)
4(9043 9124 9125 9044)
4(9124 9205 9206 9125)
4(9205 9286 9287 9206)
4(9286 9367 9368 9287)
4(9367 9448 9449 9368)
4(9448 9529 9530 9449)
4(9529 9610 9611 9530)
4(9610 9691 9692 9611)
4(9691 9772 9773 9692)
4(9772 9853 9854 9773)
4(9853 9934 9935 9854)
4(9934 10015 10016 9935)
4(10015 10096 10097 10016)
4(10096 10177 10178 10097)
4(10177 10258 10259 10178)
4(10258 10339 10340 10259)
4(10339 10420 10421 10340)
4(2078 8477 8478 2079)
4(8477 8558 8559 8478)
4(8558 8639 8640 8559)
4(8639 8720 8721 8640)
4(8720 8801 8802 8721)
4(8801 8882 8883 8802)
4(8882 8963 8964 8883)
4(8963 9044 9045 8964)
4(9044 9125 9126 9045)
4(9125 9206 9207 9126)
4(9206 9287 9288 9207)
4(9287 9368 9369 9288)
4(9368 9449 9450 9369)
4(9449 9530 9531 9450)
4(9530 9611 9612 9531)
4(9611 9692 9693 9612)
4(9692 9773 9774 9693)
4(9773 9854 9855 9774)
4(9854 9935 9936 9855)
4(9935 10016 10017 9936)
4(10016 10097 10098 10017)
4(10097 10178 10179 10098)
4(10178 10259 10260 10179)
4(10259 10340 10341 10260)
4(10340 10421 10422 10341)
4(2079 8478 8479 2080)
4(8478 8559 8560 8479)
4(8559 8640 8641 8560)
4(8640 8721 8722 8641)
4(8721 8802 8803 8722)
4(8802 8883 8884 8803)
4(8883 8964 8965 8884)
4(8964 9045 9046 8965)
4(9045 9126 9127 9046)
4(9126 9207 9208 9127)
4(9207 9288 9289 9208)
4(9288 9369 9370 9289)
4(9369 9450 9451 9370)
4(9450 9531 9532 9451)
4(9531 9612 9613 9532)
4(9612 9693 9694 9613)
4(9693 9774 9775 9694)
4(9774 9855 9856 9775)
4(9855 9936 9937 9856)
4(9936 10017 10018 9937)
4(10017 10098 10099 10018)
4(10098 10179 10180 10099)
4(10179 10260 10261 10180)
4(10260 10341 10342 10261)
4(10341 10422 10423 10342)
4(2080 8479 8480 2081)
4(8479 8560 8561 8480)
4(8560 8641 8642 8561)
4(8641 8722 8723 8642)
4(8722 8803 8804 8723)
4(8803 8884 8885 8804)
4(8884 8965 8966 8885)
4(8965 9046 9047 8966)
4(9046 9127 9128 9047)
4(9127 9208 9209 9128)
4(9208 9289 9290 9209)
4(9289 9370 9371 9290)
4(9370 9451 9452 9371)
4(9451 9532 9533 9452)
4(9532 9613 9614 9533)
4(9613 9694 9695 9614)
4(9694 9775 9776 9695)
4(9775 9856 9857 9776)
4(9856 9937 9938 9857)
4(9937 10018 10019 9938)
4(10018 10099 10100 10019)
4(10099 10180 10181 10100)
4(10180 10261 10262 10181)
4(10261 10342 10343 10262)
4(10342 10423 10424 10343)
4(2081 8480 8481 2082)
4(8480 8561 8562 8481)
4(8561 8642 8643 8562)
4(8642 8723 8724 8643)
4(8723 8804 8805 8724)
4(8804 8885 8886 8805)
4(8885 8966 8967 8886)
4(8966 9047 9048 8967)
4(9047 9128 9129 9048)
4(9128 9209 9210 9129)
4(9209 9290 9291 9210)
4(9290 9371 9372 9291)
4(9371 9452 9453 9372)
4(9452 9533 9534 9453)
4(9533 9614 9615 9534)
4(9614 9695 9696 9615)
4(9695 9776 9777 9696)
4(9776 9857 9858 9777)
4(9857 9938 9939 9858)
4(9938 10019 10020 9939)
4(10019 10100 10101 10020)
4(10100 10181 10182 10101)
4(10181 10262 10263 10182)
4(10262 10343 10344 10263)
4(10343 10424 10425 10344)
4(2082 8481 8482 2083)
4(8481 8562 8563 8482)
4(8562 8643 8644 8563)
4(8643 8724 8725 8644)
4(8724 8805 8806 8725)
4(8805 8886 8887 8806)
4(8886 8967 8968 8887)
4(8967 9048 9049 8968)
4(9048 9129 9130 9049)
4(9129 9210 9211 9130)
4(9210 9291 9292 9211)
4(9291 9372 9373 9292)
4(9372 9453 9454 9373)
4(9453 9534 9535 9454)
4(9534 9615 9616 9535)
4(9615 9696 9697 9616)
4(9696 9777 9778 9697)
4(9777 9858 9859 9778)
4(9858 9939 9940 9859)
4(9939 10020 10021 9940)
4(10020 10101 10102 10021)
4(10101 10182 10183 10102)
4(10182 10263 10264 10183)
4(10263 10344 10345 10264)
4(10344 10425 10426 10345)
4(2083 8482 8483 2084)
4(8482 8563 8564 8483)
4(8563 8644 8645 8564)
4(8644 8725 8726 8645)
4(8725 8806 8807 8726)
4(8806 8887 8888 8807)
4(8887 8968 8969 8888)
4(8968 9049 9050 8969)
4(9049 9130 9131 9050)
4(9130 9211 9212 9131)
4(9211 9292 9293 9212)
4(9292 9373 9374 9293)
4(9373 9454 9455 9374)
4(9454 9535 9536 9455)
4(9535 9616 9617 9536)
4(9616 9697 9698 9617)
4(9697 9778 9779 9698)
4(9778 9859 9860 9779)
4(9859 9940 9941 9860)
4(9940 10021 10022 9941)
4(10021 10102 10103 10022)
4(10102 10183 10184 10103)
4(10183 10264 10265 10184)
4(10264 10345 10346 10265)
4(10345 10426 10427 10346)
4(2084 8483 8484 2085)
4(8483 8564 8565 8484)
4(8564 8645 8646 8565)
4(8645 8726 8727 8646)
4(8726 8807 8808 8727)
4(8807 8888 8889 8808)
4(8888 8969 8970 8889)
4(8969 9050 9051 8970)
4(9050 9131 9132 9051)
4(9131 9212 9213 9132)
4(9212 9293 9294 9213)
4(9293 9374 9375 9294)
4(9374 9455 9456 9375)
4(9455 9536 9537 9456)
4(9536 9617 9618 9537)
4(9617 9698 9699 9618)
4(9698 9779 9780 9699)
4(9779 9860 9861 9780)
4(9860 9941 9942 9861)
4(9941 10022 10023 9942)
4(10022 10103 10104 10023)
4(10103 10184 10185 10104)
4(10184 10265 10266 10185)
4(10265 10346 10347 10266)
4(10346 10427 10428 10347)
4(2085 8484 8485 2086)
4(8484 8565 8566 8485)
4(8565 8646 8647 8566)
4(8646 8727 8728 8647)
4(8727 8808 8809 8728)
4(8808 8889 8890 8809)
4(8889 8970 8971 8890)
4(8970 9051 9052 8971)
4(9051 9132 9133 9052)
4(9132 9213 9214 9133)
4(9213 9294 9295 9214)
4(9294 9375 9376 9295)
4(9375 9456 9457 9376)
4(9456 9537 9538 9457)
4(9537 9618 9619 9538)
4(9618 9699 9700 9619)
4(9699 9780 9781 9700)
4(9780 9861 9862 9781)
4(9861 9942 9943 9862)
4(9942 10023 10024 9943)
4(10023 10104 10105 10024)
4(10104 10185 10186 10105)
4(10185 10266 10267 10186)
4(10266 10347 10348 10267)
4(10347 10428 10429 10348)
4(2086 8485 8486 2087)
4(8485 8566 8567 8486)
4(8566 8647 8648 8567)
4(8647 8728 8729 8648)
4(8728 8809 8810 8729)
4(8809 8890 8891 8810)
4(8890 8971 8972 8891)
4(8971 9052 9053 8972)
4(9052 9133 9134 9053)
4(9133 9214 9215 9134)
4(9214 9295 9296 9215)
4(9295 9376 9377 9296)
4(9376 9457 9458 9377)
4(9457 9538 9539 9458)
4(9538 9619 9620 9539)
4(9619 9700 9701 9620)
4(9700 9781 9782 9701)
4(9781 9862 9863 9782)
4(9862 9943 9944 9863)
4(9943 10024 10025 9944)
4(10024 10105 10106 10025)
4(10105 10186 10187 10106)
4(10186 10267 10268 10187)
4(10267 10348 10349 10268)
4(10348 10429 10430 10349)
4(2087 8486 8487 2088)
4(8486 8567 8568 8487)
4(8567 8648 8649 8568)
4(8648 8729 8730 8649)
4(8729 8810 8811 8730)
4(8810 8891 8892 8811)
4(8891 8972 8973 8892)
4(8972 9053 9054 8973)
4(9053 9134 9135 9054)
4(9134 9215 9216 9135)
4(9215 9296 9297 9216)
4(9296 9377 9378 9297)
4(9377 9458 9459 9378)
4(9458 9539 9540 9459)
4(9539 9620 9621 9540)
4(9620 9701 9702 9621)
4(9701 9782 9783 9702)
4(9782 9863 9864 9783)
4(9863 9944 9945 9864)
4(9944 10025 10026 9945)
4(10025 10106 10107 10026)
4(10106 10187 10188 10107)
4(10187 10268 10269 10188)
4(10268 10349 10350 10269)
4(10349 10430 10431 10350)
4(2088 8487 8488 2089)
4(8487 8568 8569 8488)
4(8568 8649 8650 8569)
4(8649 8730 8731 8650)
4(8730 8811 8812 8731)
4(8811 8892 8893 8812)
4(8892 8973 8974 8893)
4(8973 9054 9055 8974)
4(9054 9135 9136 9055)
4(9135 9216 9217 9136)
4(9216 9297 9298 9217)
4(9297 9378 9379 9298)
4(9378 9459 9460 9379)
4(9459 9540 9541 9460)
4(9540 9621 9622 9541)
4(9621 9702 9703 9622)
4(9702 9783 9784 9703)
4(9783 9864 9865 9784)
4(9864 9945 9946 9865)
4(9945 10026 10027 9946)
4(10026 10107 10108 10027)
4(10107 10188 10189 10108)
4(10188 10269 10270 10189)
4(10269 10350 10351 10270)
4(10350 10431 10432 10351)
4(2089 8488 8489 2090)
4(8488 8569 8570 8489)
4(8569 8650 8651 8570)
4(8650 8731 8732 8651)
4(8731 8812 8813 8732)
4(8812 8893 8894 8813)
4(8893 8974 8975 8894)
4(8974 9055 9056 8975)
4(9055 9136 9137 9056)
4(9136 9217 9218 9137)
4(9217 9298 9299 9218)
4(9298 9379 9380 9299)
4(9379 9460 9461 9380)
4(9460 9541 9542 9461)
4(9541 9622 9623 9542)
4(9622 9703 9704 9623)
4(9703 9784 9785 9704)
4(9784 9865 9866 9785)
4(9865 9946 9947 9866)
4(9946 10027 10028 9947)
4(10027 10108 10109 10028)
4(10108 10189 10190 10109)
4(10189 10270 10271 10190)
4(10270 10351 10352 10271)
4(10351 10432 10433 10352)
4(2090 8489 8490 2091)
4(8489 8570 8571 8490)
4(8570 8651 8652 8571)
4(8651 8732 8733 8652)
4(8732 8813 8814 8733)
4(8813 8894 8895 8814)
4(8894 8975 8976 8895)
4(8975 9056 9057 8976)
4(9056 9137 9138 9057)
4(9137 9218 9219 9138)
4(9218 9299 9300 9219)
4(9299 9380 9381 9300)
4(9380 9461 9462 9381)
4(9461 9542 9543 9462)
4(9542 9623 9624 9543)
4(9623 9704 9705 9624)
4(9704 9785 9786 9705)
4(9785 9866 9867 9786)
4(9866 9947 9948 9867)
4(9947 10028 10029 9948)
4(10028 10109 10110 10029)
4(10109 10190 10191 10110)
4(10190 10271 10272 10191)
4(10271 10352 10353 10272)
4(10352 10433 10434 10353)
4(2091 8490 8491 2092)
4(8490 8571 8572 8491)
4(8571 8652 8653 8572)
4(8652 8733 8734 8653)
4(8733 8814 8815 8734)
4(8814 8895 8896 8815)
4(8895 8976 8977 8896)
4(8976 9057 9058 8977)
4(9057 9138 9139 9058)
4(9138 9219 9220 9139)
4(9219 9300 9301 9220)
4(9300 9381 9382 9301)
4(9381 9462 9463 9382)
4(9462 9543 9544 9463)
4(9543 9624 9625 9544)
4(9624 9705 9706 9625)
4(9705 9786 9787 9706)
4(9786 9867 9868 9787)
4(9867 9948 9949 9868)
4(9948 10029 10030 9949)
4(10029 10110 10111 10030)
4(10110 10191 10192 10111)
4(10191 10272 10273 10192)
4(10272 10353 10354 10273)
4(10353 10434 10435 10354)
4(2092 8491 8492 2093)
4(8491 8572 8573 8492)
4(8572 8653 8654 8573)
4(8653 8734 8735 8654)
4(8734 8815 8816 8735)
4(8815 8896 8897 8816)
4(8896 8977 8978 8897)
4(8977 9058 9059 8978)
4(9058 9139 9140 9059)
4(9139 9220 9221 9140)
4(9220 9301 9302 9221)
4(9301 9382 9383 9302)
4(9382 9463 9464 9383)
4(9463 9544 9545 9464)
4(9544 9625 9626 9545)
4(9625 9706 9707 9626)
4(9706 9787 9788 9707)
4(9787 9868 9869 9788)
4(9868 9949 9950 9869)
4(9949 10030 10031 9950)
4(10030 10111 10112 10031)
4(10111 10192 10193 10112)
4(10192 10273 10274 10193)
4(10273 10354 10355 10274)
4(10354 10435 10436 10355)
4(2093 8492 8493 2094)
4(8492 8573 8574 8493)
4(8573 8654 8655 8574)
4(8654 8735 8736 8655)
4(8735 8816 8817 8736)
4(8816 8897 8898 8817)
4(8897 8978 8979 8898)
4(8978 9059 9060 8979)
4(9059 9140 9141 9060)
4(9140 9221 9222 9141)
4(9221 9302 9303 9222)
4(9302 9383 9384 9303)
4(9383 9464 9465 9384)
4(9464 9545 9546 9465)
4(9545 9626 9627 9546)
4(9626 9707 9708 9627)
4(9707 9788 9789 9708)
4(9788 9869 9870 9789)
4(9869 9950 9951 9870)
4(9950 10031 10032 9951)
4(10031 10112 10113 10032)
4(10112 10193 10194 10113)
4(10193 10274 10275 10194)
4(10274 10355 10356 10275)
4(10355 10436 10437 10356)
4(2094 8493 8494 2095)
4(8493 8574 8575 8494)
4(8574 8655 8656 8575)
4(8655 8736 8737 8656)
4(8736 8817 8818 8737)
4(8817 8898 8899 8818)
4(8898 8979 8980 8899)
4(8979 9060 9061 8980)
4(9060 9141 9142 9061)
4(9141 9222 9223 9142)
4(9222 9303 9304 9223)
4(9303 9384 9385 9304)
4(9384 9465 9466 9385)
4(9465 9546 9547 9466)
4(9546 9627 9628 9547)
4(9627 9708 9709 9628)
4(9708 9789 9790 9709)
4(9789 9870 9871 9790)
4(9870 9951 9952 9871)
4(9951 10032 10033 9952)
4(10032 10113 10114 10033)
4(10113 10194 10195 10114)
4(10194 10275 10276 10195)
4(10275 10356 10357 10276)
4(10356 10437 10438 10357)
4(2095 8494 8495 2096)
4(8494 8575 8576 8495)
4(8575 8656 8657 8576)
4(8656 8737 8738 8657)
4(8737 8818 8819 8738)
4(8818 8899 8900 8819)
4(8899 8980 8981 8900)
4(8980 9061 9062 8981)
4(9061 9142 9143 9062)
4(9142 9223 9224 9143)
4(9223 9304 9305 9224)
4(9304 9385 9386 9305)
4(9385 9466 9467 9386)
4(9466 9547 9548 9467)
4(9547 9628 9629 9548)
4(9628 9709 9710 9629)
4(9709 9790 9791 9710)
4(9790 9871 9872 9791)
4(9871 9952 9953 9872)
4(9952 10033 10034 9953)
4(10033 10114 10115 10034)
4(10114 10195 10196 10115)
4(10195 10276 10277 10196)
4(10276 10357 10358 10277)
4(10357 10438 10439 10358)
4(2096 8495 8496 2097)
4(8495 8576 8577 8496)
4(8576 8657 8658 8577)
4(8657 8738 8739 8658)
4(8738 8819 8820 8739)
4(8819 8900 8901 8820)
4(8900 8981 8982 8901)
4(8981 9062 9063 8982)
4(9062 9143 9144 9063)
4(9143 9224 9225 9144)
4(9224 9305 9306 9225)
4(9305 9386 9387 9306)
4(9386 9467 9468 9387)
4(9467 9548 9549 9468)
4(9548 9629 9630 9549)
4(9629 9710 9711 9630)
4(9710 9791 9792 9711)
4(9791 9872 9873 9792)
4(9872 9953 9954 9873)
4(9953 10034 10035 9954)
4(10034 10115 10116 10035)
4(10115 10196 10197 10116)
4(10196 10277 10278 10197)
4(10277 10358 10359 10278)
4(10358 10439 10440 10359)
4(2097 8496 8497 2098)
4(8496 8577 8578 8497)
4(8577 8658 8659 8578)
4(8658 8739 8740 8659)
4(8739 8820 8821 8740)
4(8820 8901 8902 8821)
4(8901 8982 8983 8902)
4(8982 9063 9064 8983)
4(9063 9144 9145 9064)
4(9144 9225 9226 9145)
4(9225 9306 9307 9226)
4(9306 9387 9388 9307)
4(9387 9468 9469 9388)
4(9468 9549 9550 9469)
4(9549 9630 9631 9550)
4(9630 9711 9712 9631)
4(9711 9792 9793 9712)
4(9792 9873 9874 9793)
4(9873 9954 9955 9874)
4(9954 10035 10036 9955)
4(10035 10116 10117 10036)
4(10116 10197 10198 10117)
4(10197 10278 10279 10198)
4(10278 10359 10360 10279)
4(10359 10440 10441 10360)
4(2098 8497 8498 2099)
4(8497 8578 8579 8498)
4(8578 8659 8660 8579)
4(8659 8740 8741 8660)
4(8740 8821 8822 8741)
4(8821 8902 8903 8822)
4(8902 8983 8984 8903)
4(8983 9064 9065 8984)
4(9064 9145 9146 9065)
4(9145 9226 9227 9146)
4(9226 9307 9308 9227)
4(9307 9388 9389 9308)
4(9388 9469 9470 9389)
4(9469 9550 9551 9470)
4(9550 9631 9632 9551)
4(9631 9712 9713 9632)
4(9712 9793 9794 9713)
4(9793 9874 9875 9794)
4(9874 9955 9956 9875)
4(9955 10036 10037 9956)
4(10036 10117 10118 10037)
4(10117 10198 10199 10118)
4(10198 10279 10280 10199)
4(10279 10360 10361 10280)
4(10360 10441 10442 10361)
4(2099 8498 8499 2100)
4(8498 8579 8580 8499)
4(8579 8660 8661 8580)
4(8660 8741 8742 8661)
4(8741 8822 8823 8742)
4(8822 8903 8904 8823)
4(8903 8984 8985 8904)
4(8984 9065 9066 8985)
4(9065 9146 9147 9066)
4(9146 9227 9228 9147)
4(9227 9308 9309 9228)
4(9308 9389 9390 9309)
4(9389 9470 9471 9390)
4(9470 9551 9552 9471)
4(9551 9632 9633 9552)
4(9632 9713 9714 9633)
4(9713 9794 9795 9714)
4(9794 9875 9876 9795)
4(9875 9956 9957 9876)
4(9956 10037 10038 9957)
4(10037 10118 10119 10038)
4(10118 10199 10200 10119)
4(10199 10280 10281 10200)
4(10280 10361 10362 10281)
4(10361 10442 10443 10362)
4(2100 8499 8500 2101)
4(8499 8580 8581 8500)
4(8580 8661 8662 8581)
4(8661 8742 8743 8662)
4(8742 8823 8824 8743)
4(8823 8904 8905 8824)
4(8904 8985 8986 8905)
4(8985 9066 9067 8986)
4(9066 9147 9148 9067)
4(9147 9228 9229 9148)
4(9228 9309 9310 9229)
4(9309 9390 9391 9310)
4(9390 9471 9472 9391)
4(9471 9552 9553 9472)
4(9552 9633 9634 9553)
4(9633 9714 9715 9634)
4(9714 9795 9796 9715)
4(9795 9876 9877 9796)
4(9876 9957 9958 9877)
4(9957 10038 10039 9958)
4(10038 10119 10120 10039)
4(10119 10200 10201 10120)
4(10200 10281 10282 10201)
4(10281 10362 10363 10282)
4(10362 10443 10444 10363)
4(2101 8500 8501 2102)
4(8500 8581 8582 8501)
4(8581 8662 8663 8582)
4(8662 8743 8744 8663)
4(8743 8824 8825 8744)
4(8824 8905 8906 8825)
4(8905 8986 8987 8906)
4(8986 9067 9068 8987)
4(9067 9148 9149 9068)
4(9148 9229 9230 9149)
4(9229 9310 9311 9230)
4(9310 9391 9392 9311)
4(9391 9472 9473 9392)
4(9472 9553 9554 9473)
4(9553 9634 9635 9554)
4(9634 9715 9716 9635)
4(9715 9796 9797 9716)
4(9796 9877 9878 9797)
4(9877 9958 9959 9878)
4(9958 10039 10040 9959)
4(10039 10120 10121 10040)
4(10120 10201 10202 10121)
4(10201 10282 10283 10202)
4(10282 10363 10364 10283)
4(10363 10444 10445 10364)
4(2102 8501 8502 2103)
4(8501 8582 8583 8502)
4(8582 8663 8664 8583)
4(8663 8744 8745 8664)
4(8744 8825 8826 8745)
4(8825 8906 8907 8826)
4(8906 8987 8988 8907)
4(8987 9068 9069 8988)
4(9068 9149 9150 9069)
4(9149 9230 9231 9150)
4(9230 9311 9312 9231)
4(9311 9392 9393 9312)
4(9392 9473 9474 9393)
4(9473 9554 9555 9474)
4(9554 9635 9636 9555)
4(9635 9716 9717 9636)
4(9716 9797 9798 9717)
4(9797 9878 9879 9798)
4(9878 9959 9960 9879)
4(9959 10040 10041 9960)
4(10040 10121 10122 10041)
4(10121 10202 10203 10122)
4(10202 10283 10284 10203)
4(10283 10364 10365 10284)
4(10364 10445 10446 10365)
4(2103 8502 8503 2104)
4(8502 8583 8584 8503)
4(8583 8664 8665 8584)
4(8664 8745 8746 8665)
4(8745 8826 8827 8746)
4(8826 8907 8908 8827)
4(8907 8988 8989 8908)
4(8988 9069 9070 8989)
4(9069 9150 9151 9070)
4(9150 9231 9232 9151)
4(9231 9312 9313 9232)
4(9312 9393 9394 9313)
4(9393 9474 9475 9394)
4(9474 9555 9556 9475)
4(9555 9636 9637 9556)
4(9636 9717 9718 9637)
4(9717 9798 9799 9718)
4(9798 9879 9880 9799)
4(9879 9960 9961 9880)
4(9960 10041 10042 9961)
4(10041 10122 10123 10042)
4(10122 10203 10204 10123)
4(10203 10284 10285 10204)
4(10284 10365 10366 10285)
4(10365 10446 10447 10366)
4(2104 8503 8504 2105)
4(8503 8584 8585 8504)
4(8584 8665 8666 8585)
4(8665 8746 8747 8666)
4(8746 8827 8828 8747)
4(8827 8908 8909 8828)
4(8908 8989 8990 8909)
4(8989 9070 9071 8990)
4(9070 9151 9152 9071)
4(9151 9232 9233 9152)
4(9232 9313 9314 9233)
4(9313 9394 9395 9314)
4(9394 9475 9476 9395)
4(9475 9556 9557 9476)
4(9556 9637 9638 9557)
4(9637 9718 9719 9638)
4(9718 9799 9800 9719)
4(9799 9880 9881 9800)
4(9880 9961 9962 9881)
4(9961 10042 10043 9962)
4(10042 10123 10124 10043)
4(10123 10204 10205 10124)
4(10204 10285 10286 10205)
4(10285 10366 10367 10286)
4(10366 10447 10448 10367)
4(6318 6319 6400 6399)
4(6399 6400 6481 6480)
4(6480 6481 6562 6561)
4(6561 6562 6643 6642)
4(6642 6643 6724 6723)
4(6723 6724 6805 6804)
4(6804 6805 6886 6885)
4(6885 6886 6967 6966)
4(6966 6967 7048 7047)
4(7047 7048 7129 7128)
4(7128 7129 7210 7209)
4(7209 7210 7291 7290)
4(7290 7291 7372 7371)
4(7371 7372 7453 7452)
4(7452 7453 7534 7533)
4(7533 7534 7615 7614)
4(7614 7615 7696 7695)
4(7695 7696 7777 7776)
4(7776 7777 7858 7857)
4(7857 7858 7939 7938)
4(7938 7939 8020 8019)
4(8019 8020 8101 8100)
4(8100 8101 8182 8181)
4(8181 8182 8263 8262)
4(8262 8263 8344 8343)
4(6319 6320 6401 6400)
4(6400 6401 6482 6481)
4(6481 6482 6563 6562)
4(6562 6563 6644 6643)
4(6643 6644 6725 6724)
4(6724 6725 6806 6805)
4(6805 6806 6887 6886)
4(6886 6887 6968 6967)
4(6967 6968 7049 7048)
4(7048 7049 7130 7129)
4(7129 7130 7211 7210)
4(7210 7211 7292 7291)
4(7291 7292 7373 7372)
4(7372 7373 7454 7453)
4(7453 7454 7535 7534)
4(7534 7535 7616 7615)
4(7615 7616 7697 7696)
4(7696 7697 7778 7777)
4(7777 7778 7859 7858)
4(7858 7859 7940 7939)
4(7939 7940 8021 8020)
4(8020 8021 8102 8101)
4(8101 8102 8183 8182)
4(8182 8183 8264 8263)
4(8263 8264 8345 8344)
4(6320 6321 6402 6401)
4(6401 6402 6483 6482)
4(6482 6483 6564 6563)
4(6563 6564 6645 6644)
4(6644 6645 6726 6725)
4(6725 6726 6807 6806)
4(6806 6807 6888 6887)
4(6887 6888 6969 6968)
4(6968 6969 7050 7049)
4(7049 7050 7131 7130)
4(7130 7131 7212 7211)
4(7211 7212 7293 7292)
4(7292 7293 7374 7373)
4(7373 7374 7455 7454)
4(7454 7455 7536 7535)
4(7535 7536 7617 7616)
4(7616 7617 7698 7697)
4(7697 7698 7779 7778)
4(7778 7779 7860 7859)
4(7859 7860 7941 7940)
4(7940 7941 8022 8021)
4(8021 8022 8103 8102)
4(8102 8103 8184 8183)
4(8183 8184 8265 8264)
4(8264 8265 8346 8345)
4(6321 6322 6403 6402)
4(6402 6403 6484 6483)
4(6483 6484 6565 6564)
4(6564 6565 6646 6645)
4(6645 6646 6727 6726)
4(6726 6727 6808 6807)
4(6807 6808 6889 6888)
4(6888 6889 6970 6969)
4(6969 6970 7051 7050)
4(7050 7051 7132 7131)
4(7131 7132 7213 7212)
4(7212 7213 7294 7293)
4(7293 7294 7375 7374)
4(7374 7375 7456 7455)
4(7455 7456 7537 7536)
4(7536 7537 7618 7617)
4(7617 7618 7699 7698)
4(7698 7699 7780 7779)
4(7779 7780 7861 7860)
4(7860 7861 7942 7941)
4(7941 7942 8023 8022)
4(8022 8023 8104 8103)
4(8103 8104 8185 8184)
4(8184 8185 8266 8265)
4(8265 8266 8347 8346)
4(6322 6323 6404 6403)
4(6403 6404 6485 6484)
4(6484 6485 6566 6565)
4(6565 6566 6647 6646)
4(6646 6647 6728 6727)
4(6727 6728 6809 6808)
4(6808 6809 6890 6889)
4(6889 6890 6971 6970)
4(6970 6971 7052 7051)
4(7051 7052 7133 7132)
4(7132 7133 7214 7213)
4(7213 7214 7295 7294)
4(7294 7295 7376 7375)
4(7375 7376 7457 7456)
4(7456 7457 7538 7537)
4(7537 7538 7619 7618)
4(7618 7619 7700 7699)
4(7699 7700 7781 7780)
4(7780 7781 7862 7861)
4(7861 7862 7943 7942)
4(7942 7943 8024 8023)
4(8023 8024 8105 8104)
4(8104 8105 8186 8185)
4(8185 8186 8267 8266)
4(8266 8267 8348 8347)
4(6323 6324 6405 6404)
4(6404 6405 6486 6485)
4(6485 6486 6567 6566)
4(6566 6567 6648 6647)
4(6647 6648 6729 6728)
4(6728 6729 6810 6809)
4(6809 6810 6891 6890)
4(6890 6891 6972 6971)
4(6971 6972 7053 7052)
4(7052 7053 7134 7133)
4(7133 7134 7215 7214)
4(7214 7215 7296 7295)
4(7295 7296 7377 7376)
4(7376 7377 7458 7457)
4(7457 7458 7539 7538)
4(7538 7539 7620 7619)
4(7619 7620 7701 7700)
4(7700 7701 7782 7781)
4(7781 7782 7863 7862)
4(7862 7863 7944 7943)
4(7943 7944 8025 8024)
4(8024 8025 8106 8105)
4(8105 8106 8187 8186)
4(8186 8187 8268 8267)
4(8267 8268 8349 8348)
4(6324 6325 6406 6405)
4(6405 6406 6487 6486)
4(6486 6487 6568 6567)
4(6567 6568 6649 6648)
4(6648 6649 6730 6729)
4(6729 6730 6811 6810)
4(6810 6811 6892 6891)
4(6891 6892 6973 6972)
4(6972 6973 7054 7053)
4(7053 7054 7135 7134)
4(7134 7135 7216 7215)
4(7215 7216 7297 7296)
4(7296 7297 7378 7377)
4(7377 7378 7459 7458)
4(7458 7459 7540 7539)
4(7539 7540 7621 7620)
4(7620 7621 7702 7701)
4(7701 7702 7783 7782)
4(7782 7783 7864 7863)
4(7863 7864 7945 7944)
4(7944 7945 8026 8025)
4(8025 8026 8107 8106)
4(8106 8107 8188 8187)
4(8187 8188 8269 8268)
4(8268 8269 8350 8349)
4(6325 6326 6407 6406)
4(6406 6407 6488 6487)
4(6487 6488 6569 6568)
4(6568 6569 6650 6649)
4(6649 6650 6731 6730)
4(6730 6731 6812 6811)
4(6811 6812 6893 6892)
4(6892 6893 6974 6973)
4(6973 6974 7055 7054)
4(7054 7055 7136 7135)
4(7135 7136 7217 7216)
4(7216 7217 7298 7297)
4(7297 7298 7379 7378)
4(7378 7379 7460 7459)
4(7459 7460 7541 7540)
4(7540 7541 7622 7621)
4(7621 7622 7703 7702)
4(7702 7703 7784 7783)
4(7783 7784 7865 7864)
4(7864 7865 7946 7945)
4(7945 7946 8027 8026)
4(8026 8027 8108 8107)
4(8107 8108 8189 8188)
4(8188 8189 8270 8269)
4(8269 8270 8351 8350)
4(6326 6327 6408 6407)
4(6407 6408 6489 6488)
4(6488 6489 6570 6569)
4(6569 6570 6651 6650)
4(6650 6651 6732 6731)
4(6731 6732 6813 6812)
4(6812 6813 6894 6893)
4(6893 6894 6975 6974)
4(6974 6975 7056 7055)
4(7055 7056 7137 7136)
4(7136 7137 7218 7217)
4(7217 7218 7299 7298)
4(7298 7299 7380 7379)
4(7379 7380 7461 7460)
4(7460 7461 7542 7541)
4(7541 7542 7623 7622)
4(7622 7623 7704 7703)
4(7703 7704 7785 7784)
4(7784 7785 7866 7865)
4(7865 7866 7947 7946)
4(7946 7947 8028 8027)
4(8027 8028 8109 8108)
4(8108 8109 8190 8189)
4(8189 8190 8271 8270)
4(8270 8271 8352 8351)
4(6327 6328 6409 6408)
4(6408 6409 6490 6489)
4(6489 6490 6571 6570)
4(6570 6571 6652 6651)
4(6651 6652 6733 6732)
4(6732 6733 6814 6813)
4(6813 6814 6895 6894)
4(6894 6895 6976 6975)
4(6975 6976 7057 7056)
4(7056 7057 7138 7137)
4(7137 7138 7219 7218)
4(7218 7219 7300 7299)
4(7299 7300 7381 7380)
4(7380 7381 7462 7461)
4(7461 7462 7543 7542)
4(7542 7543 7624 7623)
4(7623 7624 7705 7704)
4(7704 7705 7786 7785)
4(7785 7786 7867 7866)
4(7866 7867 7948 7947)
4(7947 7948 8029 8028)
4(8028 8029 8110 8109)
4(8109 8110 8191 8190)
4(8190 8191 8272 8271)
4(8271 8272 8353 8352)
4(6328 6329 6410 6409)
4(6409 6410 6491 6490)
4(6490 6491 6572 6571)
4(6571 6572 6653 6652)
4(6652 6653 6734 6733)
4(6733 6734 6815 6814)
4(6814 6815 6896 6895)
4(6895 6896 6977 6976)
4(6976 6977 7058 7057)
4(7057 7058 7139 7138)
4(7138 7139 7220 7219)
4(7219 7220 7301 7300)
4(7300 7301 7382 7381)
4(7381 7382 7463 7462)
4(7462 7463 7544 7543)
4(7543 7544 7625 7624)
4(7624 7625 7706 7705)
4(7705 7706 7787 7786)
4(7786 7787 7868 7867)
4(7867 7868 7949 7948)
4(7948 7949 8030 8029)
4(8029 8030 8111 8110)
4(8110 8111 8192 8191)
4(8191 8192 8273 8272)
4(8272 8273 8354 8353)
4(6329 6330 6411 6410)
4(6410 6411 6492 6491)
4(6491 6492 6573 6572)
4(6572 6573 6654 6653)
4(6653 6654 6735 6734)
4(6734 6735 6816 6815)
4(6815 6816 6897 6896)
4(6896 6897 6978 6977)
4(6977 6978 7059 7058)
4(7058 7059 7140 7139)
4(7139 7140 7221 7220)
4(7220 7221 7302 7301)
4(7301 7302 7383 7382)
4(7382 7383 7464 7463)
4(7463 7464 7545 7544)
4(7544 7545 7626 7625)
4(7625 7626 7707 7706)
4(7706 7707 7788 7787)
4(7787 7788 7869 7868)
4(7868 7869 7950 7949)
4(7949 7950 8031 8030)
4(8030 8031 8112 8111)
4(8111 8112 8193 8192)
4(8192 8193 8274 8273)
4(8273 8274 8355 8354)
4(6330 6331 6412 6411)
4(6411 6412 6493 6492)
4(6492 6493 6574 6573)
4(6573 6574 6655 6654)
4(6654 6655 6736 6735)
4(6735 6736 6817 6816)
4(6816 6817 6898 6897)
4(6897 6898 6979 6978)
4(6978 6979 7060 7059)
4(7059 7060 7141 7140)
4(7140 7141 7222 7221)
4(7221 7222 7303 7302)
4(7302 7303 7384 7383)
4(7383 7384 7465 7464)
4(7464 7465 7546 7545)
4(7545 7546 7627 7626)
4(7626 7627 7708 7707)
4(7707 7708 7789 7788)
4(7788 7789 7870 7869)
4(7869 7870 7951 7950)
4(7950 7951 8032 8031)
4(8031 8032 8113 8112)
4(8112 8113 8194 8193)
4(8193 8194 8275 8274)
4(8274 8275 8356 8355)
4(6331 6332 6413 6412)
4(6412 6413 6494 6493)
4(6493 6494 6575 6574)
4(6574 6575 6656 6655)
4(6655 6656 6737 6736)
4(6736 6737 6818 6817)
4(6817 6818 6899 6898)
4(6898 6899 6980 6979)
4(6979 6980 7061 7060)
4(7060 7061 7142 7141)
4(7141 7142 7223 7222)
4(7222 7223 7304 7303)
4(7303 7304 7385 7384)
4(7384 7385 7466 7465)
4(7465 7466 7547 7546)
4(7546 7547 7628 7627)
4(7627 7628 7709 7708)
4(7708 7709 7790 7789)
4(7789 7790 7871 7870)
4(7870 7871 7952 7951)
4(7951 7952 8033 8032)
4(8032 8033 8114 8113)
4(8113 8114 8195 8194)
4(8194 8195 8276 8275)
4(8275 8276 8357 8356)
4(6332 6333 6414 6413)
4(6413 6414 6495 6494)
4(6494 6495 6576 6575)
4(6575 6576 6657 6656)
4(6656 6657 6738 6737)
4(6737 6738 6819 6818)
4(6818 6819 6900 6899)
4(6899 6900 6981 6980)
4(6980 6981 7062 7061)
4(7061 7062 7143 7142)
4(7142 7143 7224 7223)
4(7223 7224 7305 7304)
4(7304 7305 7386 7385)
4(7385 7386 7467 7466)
4(7466 7467 7548 7547)
4(7547 7548 7629 7628)
4(7628 7629 7710 7709)
4(7709 7710 7791 7790)
4(7790 7791 7872 7871)
4(7871 7872 7953 7952)
4(7952 7953 8034 8033)
4(8033 8034 8115 8114)
4(8114 8115 8196 8195)
4(8195 8196 8277 8276)
4(8276 8277 8358 8357)
4(6333 6334 6415 6414)
4(6414 6415 6496 6495)
4(6495 6496 6577 6576)
4(6576 6577 6658 6657)
4(6657 6658 6739 6738)
4(6738 6739 6820 6819)
4(6819 6820 6901 6900)
4(6900 6901 6982 6981)
4(6981 6982 7063 7062)
4(7062 7063 7144 7143)
4(7143 7144 7225 7224)
4(7224 7225 7306 7305)
4(7305 7306 7387 7386)
4(7386 7387 7468 7467)
4(7467 7468 7549 7548)
4(7548 7549 7630 7629)
4(7629 7630 7711 7710)
4(7710 7711 7792 7791)
4(7791 7792 7873 7872)
4(7872 7873 7954 7953)
4(7953 7954 8035 8034)
4(8034 8035 8116 8115)
4(8115 8116 8197 8196)
4(8196 8197 8278 8277)
4(8277 8278 8359 8358)
4(6334 6335 6416 6415)
4(6415 6416 6497 6496)
4(6496 6497 6578 6577)
4(6577 6578 6659 6658)
4(6658 6659 6740 6739)
4(6739 6740 6821 6820)
4(6820 6821 6902 6901)
4(6901 6902 6983 6982)
4(6982 6983 7064 7063)
4(7063 7064 7145 7144)
4(7144 7145 7226 7225)
4(7225 7226 7307 7306)
4(7306 7307 7388 7387)
4(7387 7388 7469 7468)
4(7468 7469 7550 7549)
4(7549 7550 7631 7630)
4(7630 7631 7712 7711)
4(7711 7712 7793 7792)
4(7792 7793 7874 7873)
4(7873 7874 7955 7954)
4(7954 7955 8036 8035)
4(8035 8036 8117 8116)
4(8116 8117 8198 8197)
4(8197 8198 8279 8278)
4(8278 8279 8360 8359)
4(6335 6336 6417 6416)
4(6416 6417 6498 6497)
4(6497 6498 6579 6578)
4(6578 6579 6660 6659)
4(6659 6660 6741 6740)
4(6740 6741 6822 6821)
4(6821 6822 6903 6902)
4(6902 6903 6984 6983)
4(6983 6984 7065 7064)
4(7064 7065 7146 7145)
4(7145 7146 7227 7226)
4(7226 7227 7308 7307)
4(7307 7308 7389 7388)
4(7388 7389 7470 7469)
4(7469 7470 7551 7550)
4(7550 7551 7632 7631)
4(7631 7632 7713 7712)
4(7712 7713 7794 7793)
4(7793 7794 7875 7874)
4(7874 7875 7956 7955)
4(7955 7956 8037 8036)
4(8036 8037 8118 8117)
4(8117 8118 8199 8198)
4(8198 8199 8280 8279)
4(8279 8280 8361 8360)
4(6336 6337 6418 6417)
4(6417 6418 6499 6498)
4(6498 6499 6580 6579)
4(6579 6580 6661 6660)
4(6660 6661 6742 6741)
4(6741 6742 6823 6822)
4(6822 6823 6904 6903)
4(6903 6904 6985 6984)
4(6984 6985 7066 7065)
4(7065 7066 7147 7146)
4(7146 7147 7228 7227)
4(7227 7228 7309 7308)
4(7308 7309 7390 7389)
4(7389 7390 7471 7470)
4(7470 7471 7552 7551)
4(7551 7552 7633 7632)
4(7632 7633 7714 7713)
4(7713 7714 7795 7794)
4(7794 7795 7876 7875)
4(7875 7876 7957 7956)
4(7956 7957 8038 8037)
4(8037 8038 8119 8118)
4(8118 8119 8200 8199)
4(8199 8200 8281 8280)
4(8280 8281 8362 8361)
4(6337 6338 6419 6418)
4(6418 6419 6500 6499)
4(6499 6500 6581 6580)
4(6580 6581 6662 6661)
4(6661 6662 6743 6742)
4(6742 6743 6824 6823)
4(6823 6824 6905 6904)
4(6904 6905 6986 6985)
4(6985 6986 7067 7066)
4(7066 7067 7148 7147)
4(7147 7148 7229 7228)
4(7228 7229 7310 7309)
4(7309 7310 7391 7390)
4(7390 7391 7472 7471)
4(7471 7472 7553 7552)
4(7552 7553 7634 7633)
4(7633 7634 7715 7714)
4(7714 7715 7796 7795)
4(7795 7796 7877 7876)
4(7876 7877 7958 7957)
4(7957 7958 8039 8038)
4(8038 8039 8120 8119)
4(8119 8120 8201 8200)
4(8200 8201 8282 8281)
4(8281 8282 8363 8362)
4(6338 6339 6420 6419)
4(6419 6420 6501 6500)
4(6500 6501 6582 6581)
4(6581 6582 6663 6662)
4(6662 6663 6744 6743)
4(6743 6744 6825 6824)
4(6824 6825 6906 6905)
4(6905 6906 6987 6986)
4(6986 6987 7068 7067)
4(7067 7068 7149 7148)
4(7148 7149 7230 7229)
4(7229 7230 7311 7310)
4(7310 7311 7392 7391)
4(7391 7392 7473 7472)
4(7472 7473 7554 7553)
4(7553 7554 7635 7634)
4(7634 7635 7716 7715)
4(7715 7716 7797 7796)
4(7796 7797 7878 7877)
4(7877 7878 7959 7958)
4(7958 7959 8040 8039)
4(8039 8040 8121 8120)
4(8120 8121 8202 8201)
4(8201 8202 8283 8282)
4(8282 8283 8364 8363)
4(6339 6340 6421 6420)
4(6420 6421 6502 6501)
4(6501 6502 6583 6582)
4(6582 6583 6664 6663)
4(6663 6664 6745 6744)
4(6744 6745 6826 6825)
4(6825 6826 6907 6906)
4(6906 6907 6988 6987)
4(6987 6988 7069 7068)
4(7068 7069 7150 7149)
4(7149 7150 7231 7230)
4(7230 7231 7312 7311)
4(7311 7312 7393 7392)
4(7392 7393 7474 7473)
4(7473 7474 7555 7554)
4(7554 7555 7636 7635)
4(7635 7636 7717 7716)
4(7716 7717 7798 7797)
4(7797 7798 7879 7878)
4(7878 7879 7960 7959)
4(7959 7960 8041 8040)
4(8040 8041 8122 8121)
4(8121 8122 8203 8202)
4(8202 8203 8284 8283)
4(8283 8284 8365 8364)
4(6340 6341 6422 6421)
4(6421 6422 6503 6502)
4(6502 6503 6584 6583)
4(6583 6584 6665 6664)
4(6664 6665 6746 6745)
4(6745 6746 6827 6826)
4(6826 6827 6908 6907)
4(6907 6908 6989 6988)
4(6988 6989 7070 7069)
4(7069 7070 7151 7150)
4(7150 7151 7232 7231)
4(7231 7232 7313 7312)
4(7312 7313 7394 7393)
4(7393 7394 7475 7474)
4(7474 7475 7556 7555)
4(7555 7556 7637 7636)
4(7636 7637 7718 7717)
4(7717 7718 7799 7798)
4(7798 7799 7880 7879)
4(7879 7880 7961 7960)
4(7960 7961 8042 8041)
4(8041 8042 8123 8122)
4(8122 8123 8204 8203)
4(8203 8204 8285 8284)
4(8284 8285 8366 8365)
4(6341 6342 6423 6422)
4(6422 6423 6504 6503)
4(6503 6504 6585 6584)
4(6584 6585 6666 6665)
4(6665 6666 6747 6746)
4(6746 6747 6828 6827)
4(6827 6828 6909 6908)
4(6908 6909 6990 6989)
4(6989 6990 7071 7070)
4(7070 7071 7152 7151)
4(7151 7152 7233 7232)
4(7232 7233 7314 7313)
4(7313 7314 7395 7394)
4(7394 7395 7476 7475)
4(7475 7476 7557 7556)
4(7556 7557 7638 7637)
4(7637 7638 7719 7718)
4(7718 7719 7800 7799)
4(7799 7800 7881 7880)
4(7880 7881 7962 7961)
4(7961 7962 8043 8042)
4(8042 8043 8124 8123)
4(8123 8124 8205 8204)
4(8204 8205 8286 8285)
4(8285 8286 8367 8366)
4(6342 6343 6424 6423)
4(6423 6424 6505 6504)
4(6504 6505 6586 6585)
4(6585 6586 6667 6666)
4(6666 6667 6748 6747)
4(6747 6748 6829 6828)
4(6828 6829 6910 6909)
4(6909 6910 6991 6990)
4(6990 6991 7072 7071)
4(7071 7072 7153 7152)
4(7152 7153 7234 7233)
4(7233 7234 7315 7314)
4(7314 7315 7396 7395)
4(7395 7396 7477 7476)
4(7476 7477 7558 7557)
4(7557 7558 7639 7638)
4(7638 7639 7720 7719)
4(7719 7720 7801 7800)
4(7800 7801 7882 7881)
4(7881 7882 7963 7962)
4(7962 7963 8044 8043)
4(8043 8044 8125 8124)
4(8124 8125 8206 8205)
4(8205 8206 8287 8286)
4(8286 8287 8368 8367)
4(6343 6344 6425 6424)
4(6424 6425 6506 6505)
4(6505 6506 6587 6586)
4(6586 6587 6668 6667)
4(6667 6668 6749 6748)
4(6748 6749 6830 6829)
4(6829 6830 6911 6910)
4(6910 6911 6992 6991)
4(6991 6992 7073 7072)
4(7072 7073 7154 7153)
4(7153 7154 7235 7234)
4(7234 7235 7316 7315)
4(7315 7316 7397 7396)
4(7396 7397 7478 7477)
4(7477 7478 7559 7558)
4(7558 7559 7640 7639)
4(7639 7640 7721 7720)
4(7720 7721 7802 7801)
4(7801 7802 7883 7882)
4(7882 7883 7964 7963)
4(7963 7964 8045 8044)
4(8044 8045 8126 8125)
4(8125 8126 8207 8206)
4(8206 8207 8288 8287)
4(8287 8288 8369 8368)
4(6344 6345 6426 6425)
4(6425 6426 6507 6506)
4(6506 6507 6588 6587)
4(6587 6588 6669 6668)
4(6668 6669 6750 6749)
4(6749 6750 6831 6830)
4(6830 6831 6912 6911)
4(6911 6912 6993 6992)
4(6992 6993 7074 7073)
4(7073 7074 7155 7154)
4(7154 7155 7236 7235)
4(7235 7236 7317 7316)
4(7316 7317 7398 7397)
4(7397 7398 7479 7478)
4(7478 7479 7560 7559)
4(7559 7560 7641 7640)
4(7640 7641 7722 7721)
4(7721 7722 7803 7802)
4(7802 7803 7884 7883)
4(7883 7884 7965 7964)
4(7964 7965 8046 8045)
4(8045 8046 8127 8126)
4(8126 8127 8208 8207)
4(8207 8208 8289 8288)
4(8288 8289 8370 8369)
4(6345 6346 6427 6426)
4(6426 6427 6508 6507)
4(6507 6508 6589 6588)
4(6588 6589 6670 6669)
4(6669 6670 6751 6750)
4(6750 6751 6832 6831)
4(6831 6832 6913 6912)
4(6912 6913 6994 6993)
4(6993 6994 7075 7074)
4(7074 7075 7156 7155)
4(7155 7156 7237 7236)
4(7236 7237 7318 7317)
4(7317 7318 7399 7398)
4(7398 7399 7480 7479)
4(7479 7480 7561 7560)
4(7560 7561 7642 7641)
4(7641 7642 7723 7722)
4(7722 7723 7804 7803)
4(7803 7804 7885 7884)
4(7884 7885 7966 7965)
4(7965 7966 8047 8046)
4(8046 8047 8128 8127)
4(8127 8128 8209 8208)
4(8208 8209 8290 8289)
4(8289 8290 8371 8370)
4(6346 6347 6428 6427)
4(6427 6428 6509 6508)
4(6508 6509 6590 6589)
4(6589 6590 6671 6670)
4(6670 6671 6752 6751)
4(6751 6752 6833 6832)
4(6832 6833 6914 6913)
4(6913 6914 6995 6994)
4(6994 6995 7076 7075)
4(7075 7076 7157 7156)
4(7156 7157 7238 7237)
4(7237 7238 7319 7318)
4(7318 7319 7400 7399)
4(7399 7400 7481 7480)
4(7480 7481 7562 7561)
4(7561 7562 7643 7642)
4(7642 7643 7724 7723)
4(7723 7724 7805 7804)
4(7804 7805 7886 7885)
4(7885 7886 7967 7966)
4(7966 7967 8048 8047)
4(8047 8048 8129 8128)
4(8128 8129 8210 8209)
4(8209 8210 8291 8290)
4(8290 8291 8372 8371)
4(6347 6348 6429 6428)
4(6428 6429 6510 6509)
4(6509 6510 6591 6590)
4(6590 6591 6672 6671)
4(6671 6672 6753 6752)
4(6752 6753 6834 6833)
4(6833 6834 6915 6914)
4(6914 6915 6996 6995)
4(6995 6996 7077 7076)
4(7076 7077 7158 7157)
4(7157 7158 7239 7238)
4(7238 7239 7320 7319)
4(7319 7320 7401 7400)
4(7400 7401 7482 7481)
4(7481 7482 7563 7562)
4(7562 7563 7644 7643)
4(7643 7644 7725 7724)
4(7724 7725 7806 7805)
4(7805 7806 7887 7886)
4(7886 7887 7968 7967)
4(7967 7968 8049 8048)
4(8048 8049 8130 8129)
4(8129 8130 8211 8210)
4(8210 8211 8292 8291)
4(8291 8292 8373 8372)
4(6348 6349 6430 6429)
4(6429 6430 6511 6510)
4(6510 6511 6592 6591)
4(6591 6592 6673 6672)
4(6672 6673 6754 6753)
4(6753 6754 6835 6834)
4(6834 6835 6916 6915)
4(6915 6916 6997 6996)
4(6996 6997 7078 7077)
4(7077 7078 7159 7158)
4(7158 7159 7240 7239)
4(7239 7240 7321 7320)
4(7320 7321 7402 7401)
4(7401 7402 7483 7482)
4(7482 7483 7564 7563)
4(7563 7564 7645 7644)
4(7644 7645 7726 7725)
4(7725 7726 7807 7806)
4(7806 7807 7888 7887)
4(7887 7888 7969 7968)
4(7968 7969 8050 8049)
4(8049 8050 8131 8130)
4(8130 8131 8212 8211)
4(8211 8212 8293 8292)
4(8292 8293 8374 8373)
4(6349 6350 6431 6430)
4(6430 6431 6512 6511)
4(6511 6512 6593 6592)
4(6592 6593 6674 6673)
4(6673 6674 6755 6754)
4(6754 6755 6836 6835)
4(6835 6836 6917 6916)
4(6916 6917 6998 6997)
4(6997 6998 7079 7078)
4(7078 7079 7160 7159)
4(7159 7160 7241 7240)
4(7240 7241 7322 7321)
4(7321 7322 7403 7402)
4(7402 7403 7484 7483)
4(7483 7484 7565 7564)
4(7564 7565 7646 7645)
4(7645 7646 7727 7726)
4(7726 7727 7808 7807)
4(7807 7808 7889 7888)
4(7888 7889 7970 7969)
4(7969 7970 8051 8050)
4(8050 8051 8132 8131)
4(8131 8132 8213 8212)
4(8212 8213 8294 8293)
4(8293 8294 8375 8374)
4(6350 6351 6432 6431)
4(6431 6432 6513 6512)
4(6512 6513 6594 6593)
4(6593 6594 6675 6674)
4(6674 6675 6756 6755)
4(6755 6756 6837 6836)
4(6836 6837 6918 6917)
4(6917 6918 6999 6998)
4(6998 6999 7080 7079)
4(7079 7080 7161 7160)
4(7160 7161 7242 7241)
4(7241 7242 7323 7322)
4(7322 7323 7404 7403)
4(7403 7404 7485 7484)
4(7484 7485 7566 7565)
4(7565 7566 7647 7646)
4(7646 7647 7728 7727)
4(7727 7728 7809 7808)
4(7808 7809 7890 7889)
4(7889 7890 7971 7970)
4(7970 7971 8052 8051)
4(8051 8052 8133 8132)
4(8132 8133 8214 8213)
4(8213 8214 8295 8294)
4(8294 8295 8376 8375)
4(6351 6352 6433 6432)
4(6432 6433 6514 6513)
4(6513 6514 6595 6594)
4(6594 6595 6676 6675)
4(6675 6676 6757 6756)
4(6756 6757 6838 6837)
4(6837 6838 6919 6918)
4(6918 6919 7000 6999)
4(6999 7000 7081 7080)
4(7080 7081 7162 7161)
4(7161 7162 7243 7242)
4(7242 7243 7324 7323)
4(7323 7324 7405 7404)
4(7404 7405 7486 7485)
4(7485 7486 7567 7566)
4(7566 7567 7648 7647)
4(7647 7648 7729 7728)
4(7728 7729 7810 7809)
4(7809 7810 7891 7890)
4(7890 7891 7972 7971)
4(7971 7972 8053 8052)
4(8052 8053 8134 8133)
4(8133 8134 8215 8214)
4(8214 8215 8296 8295)
4(8295 8296 8377 8376)
4(6352 6353 6434 6433)
4(6433 6434 6515 6514)
4(6514 6515 6596 6595)
4(6595 6596 6677 6676)
4(6676 6677 6758 6757)
4(6757 6758 6839 6838)
4(6838 6839 6920 6919)
4(6919 6920 7001 7000)
4(7000 7001 7082 7081)
4(7081 7082 7163 7162)
4(7162 7163 7244 7243)
4(7243 7244 7325 7324)
4(7324 7325 7406 7405)
4(7405 7406 7487 7486)
4(7486 7487 7568 7567)
4(7567 7568 7649 7648)
4(7648 7649 7730 7729)
4(7729 7730 7811 7810)
4(7810 7811 7892 7891)
4(7891 7892 7973 7972)
4(7972 7973 8054 8053)
4(8053 8054 8135 8134)
4(8134 8135 8216 8215)
4(8215 8216 8297 8296)
4(8296 8297 8378 8377)
4(6353 6354 6435 6434)
4(6434 6435 6516 6515)
4(6515 6516 6597 6596)
4(6596 6597 6678 6677)
4(6677 6678 6759 6758)
4(6758 6759 6840 6839)
4(6839 6840 6921 6920)
4(6920 6921 7002 7001)
4(7001 7002 7083 7082)
4(7082 7083 7164 7163)
4(7163 7164 7245 7244)
4(7244 7245 7326 7325)
4(7325 7326 7407 7406)
4(7406 7407 7488 7487)
4(7487 7488 7569 7568)
4(7568 7569 7650 7649)
4(7649 7650 7731 7730)
4(7730 7731 7812 7811)
4(7811 7812 7893 7892)
4(7892 7893 7974 7973)
4(7973 7974 8055 8054)
4(8054 8055 8136 8135)
4(8135 8136 8217 8216)
4(8216 8217 8298 8297)
4(8297 8298 8379 8378)
4(6354 6355 6436 6435)
4(6435 6436 6517 6516)
4(6516 6517 6598 6597)
4(6597 6598 6679 6678)
4(6678 6679 6760 6759)
4(6759 6760 6841 6840)
4(6840 6841 6922 6921)
4(6921 6922 7003 7002)
4(7002 7003 7084 7083)
4(7083 7084 7165 7164)
4(7164 7165 7246 7245)
4(7245 7246 7327 7326)
4(7326 7327 7408 7407)
4(7407 7408 7489 7488)
4(7488 7489 7570 7569)
4(7569 7570 7651 7650)
4(7650 7651 7732 7731)
4(7731 7732 7813 7812)
4(7812 7813 7894 7893)
4(7893 7894 7975 7974)
4(7974 7975 8056 8055)
4(8055 8056 8137 8136)
4(8136 8137 8218 8217)
4(8217 8218 8299 8298)
4(8298 8299 8380 8379)
4(6355 6356 6437 6436)
4(6436 6437 6518 6517)
4(6517 6518 6599 6598)
4(6598 6599 6680 6679)
4(6679 6680 6761 6760)
4(6760 6761 6842 6841)
4(6841 6842 6923 6922)
4(6922 6923 7004 7003)
4(7003 7004 7085 7084)
4(7084 7085 7166 7165)
4(7165 7166 7247 7246)
4(7246 7247 7328 7327)
4(7327 7328 7409 7408)
4(7408 7409 7490 7489)
4(7489 7490 7571 7570)
4(7570 7571 7652 7651)
4(7651 7652 7733 7732)
4(7732 7733 7814 7813)
4(7813 7814 7895 7894)
4(7894 7895 7976 7975)
4(7975 7976 8057 8056)
4(8056 8057 8138 8137)
4(8137 8138 8219 8218)
4(8218 8219 8300 8299)
4(8299 8300 8381 8380)
4(6356 6357 6438 6437)
4(6437 6438 6519 6518)
4(6518 6519 6600 6599)
4(6599 6600 6681 6680)
4(6680 6681 6762 6761)
4(6761 6762 6843 6842)
4(6842 6843 6924 6923)
4(6923 6924 7005 7004)
4(7004 7005 7086 7085)
4(7085 7086 7167 7166)
4(7166 7167 7248 7247)
4(7247 7248 7329 7328)
4(7328 7329 7410 7409)
4(7409 7410 7491 7490)
4(7490 7491 7572 7571)
4(7571 7572 7653 7652)
4(7652 7653 7734 7733)
4(7733 7734 7815 7814)
4(7814 7815 7896 7895)
4(7895 7896 7977 7976)
4(7976 7977 8058 8057)
4(8057 8058 8139 8138)
4(8138 8139 8220 8219)
4(8219 8220 8301 8300)
4(8300 8301 8382 8381)
4(6357 6358 6439 6438)
4(6438 6439 6520 6519)
4(6519 6520 6601 6600)
4(6600 6601 6682 6681)
4(6681 6682 6763 6762)
4(6762 6763 6844 6843)
4(6843 6844 6925 6924)
4(6924 6925 7006 7005)
4(7005 7006 7087 7086)
4(7086 7087 7168 7167)
4(7167 7168 7249 7248)
4(7248 7249 7330 7329)
4(7329 7330 7411 7410)
4(7410 7411 7492 7491)
4(7491 7492 7573 7572)
4(7572 7573 7654 7653)
4(7653 7654 7735 7734)
4(7734 7735 7816 7815)
4(7815 7816 7897 7896)
4(7896 7897 7978 7977)
4(7977 7978 8059 8058)
4(8058 8059 8140 8139)
4(8139 8140 8221 8220)
4(8220 8221 8302 8301)
4(8301 8302 8383 8382)
4(6358 6359 6440 6439)
4(6439 6440 6521 6520)
4(6520 6521 6602 6601)
4(6601 6602 6683 6682)
4(6682 6683 6764 6763)
4(6763 6764 6845 6844)
4(6844 6845 6926 6925)
4(6925 6926 7007 7006)
4(7006 7007 7088 7087)
4(7087 7088 7169 7168)
4(7168 7169 7250 7249)
4(7249 7250 7331 7330)
4(7330 7331 7412 7411)
4(7411 7412 7493 7492)
4(7492 7493 7574 7573)
4(7573 7574 7655 7654)
4(7654 7655 7736 7735)
4(7735 7736 7817 7816)
4(7816 7817 7898 7897)
4(7897 7898 7979 7978)
4(7978 7979 8060 8059)
4(8059 8060 8141 8140)
4(8140 8141 8222 8221)
4(8221 8222 8303 8302)
4(8302 8303 8384 8383)
4(6359 6360 6441 6440)
4(6440 6441 6522 6521)
4(6521 6522 6603 6602)
4(6602 6603 6684 6683)
4(6683 6684 6765 6764)
4(6764 6765 6846 6845)
4(6845 6846 6927 6926)
4(6926 6927 7008 7007)
4(7007 7008 7089 7088)
4(7088 7089 7170 7169)
4(7169 7170 7251 7250)
4(7250 7251 7332 7331)
4(7331 7332 7413 7412)
4(7412 7413 7494 7493)
4(7493 7494 7575 7574)
4(7574 7575 7656 7655)
4(7655 7656 7737 7736)
4(7736 7737 7818 7817)
4(7817 7818 7899 7898)
4(7898 7899 7980 7979)
4(7979 7980 8061 8060)
4(8060 8061 8142 8141)
4(8141 8142 8223 8222)
4(8222 8223 8304 8303)
4(8303 8304 8385 8384)
4(6360 6361 6442 6441)
4(6441 6442 6523 6522)
4(6522 6523 6604 6603)
4(6603 6604 6685 6684)
4(6684 6685 6766 6765)
4(6765 6766 6847 6846)
4(6846 6847 6928 6927)
4(6927 6928 7009 7008)
4(7008 7009 7090 7089)
4(7089 7090 7171 7170)
4(7170 7171 7252 7251)
4(7251 7252 7333 7332)
4(7332 7333 7414 7413)
4(7413 7414 7495 7494)
4(7494 7495 7576 7575)
4(7575 7576 7657 7656)
4(7656 7657 7738 7737)
4(7737 7738 7819 7818)
4(7818 7819 7900 7899)
4(7899 7900 7981 7980)
4(7980 7981 8062 8061)
4(8061 8062 8143 8142)
4(8142 8143 8224 8223)
4(8223 8224 8305 8304)
4(8304 8305 8386 8385)
4(6361 6362 6443 6442)
4(6442 6443 6524 6523)
4(6523 6524 6605 6604)
4(6604 6605 6686 6685)
4(6685 6686 6767 6766)
4(6766 6767 6848 6847)
4(6847 6848 6929 6928)
4(6928 6929 7010 7009)
4(7009 7010 7091 7090)
4(7090 7091 7172 7171)
4(7171 7172 7253 7252)
4(7252 7253 7334 7333)
4(7333 7334 7415 7414)
4(7414 7415 7496 7495)
4(7495 7496 7577 7576)
4(7576 7577 7658 7657)
4(7657 7658 7739 7738)
4(7738 7739 7820 7819)
4(7819 7820 7901 7900)
4(7900 7901 7982 7981)
4(7981 7982 8063 8062)
4(8062 8063 8144 8143)
4(8143 8144 8225 8224)
4(8224 8225 8306 8305)
4(8305 8306 8387 8386)
4(6362 6363 6444 6443)
4(6443 6444 6525 6524)
4(6524 6525 6606 6605)
4(6605 6606 6687 6686)
4(6686 6687 6768 6767)
4(6767 6768 6849 6848)
4(6848 6849 6930 6929)
4(6929 6930 7011 7010)
4(7010 7011 7092 7091)
4(7091 7092 7173 7172)
4(7172 7173 7254 7253)
4(7253 7254 7335 7334)
4(7334 7335 7416 7415)
4(7415 7416 7497 7496)
4(7496 7497 7578 7577)
4(7577 7578 7659 7658)
4(7658 7659 7740 7739)
4(7739 7740 7821 7820)
4(7820 7821 7902 7901)
4(7901 7902 7983 7982)
4(7982 7983 8064 8063)
4(8063 8064 8145 8144)
4(8144 8145 8226 8225)
4(8225 8226 8307 8306)
4(8306 8307 8388 8387)
4(6363 6364 6445 6444)
4(6444 6445 6526 6525)
4(6525 6526 6607 6606)
4(6606 6607 6688 6687)
4(6687 6688 6769 6768)
4(6768 6769 6850 6849)
4(6849 6850 6931 6930)
4(6930 6931 7012 7011)
4(7011 7012 7093 7092)
4(7092 7093 7174 7173)
4(7173 7174 7255 7254)
4(7254 7255 7336 7335)
4(7335 7336 7417 7416)
4(7416 7417 7498 7497)
4(7497 7498 7579 7578)
4(7578 7579 7660 7659)
4(7659 7660 7741 7740)
4(7740 7741 7822 7821)
4(7821 7822 7903 7902)
4(7902 7903 7984 7983)
4(7983 7984 8065 8064)
4(8064 8065 8146 8145)
4(8145 8146 8227 8226)
4(8226 8227 8308 8307)
4(8307 8308 8389 8388)
4(6364 6365 6446 6445)
4(6445 6446 6527 6526)
4(6526 6527 6608 6607)
4(6607 6608 6689 6688)
4(6688 6689 6770 6769)
4(6769 6770 6851 6850)
4(6850 6851 6932 6931)
4(6931 6932 7013 7012)
4(7012 7013 7094 7093)
4(7093 7094 7175 7174)
4(7174 7175 7256 7255)
4(7255 7256 7337 7336)
4(7336 7337 7418 7417)
4(7417 7418 7499 7498)
4(7498 7499 7580 7579)
4(7579 7580 7661 7660)
4(7660 7661 7742 7741)
4(7741 7742 7823 7822)
4(7822 7823 7904 7903)
4(7903 7904 7985 7984)
4(7984 7985 8066 8065)
4(8065 8066 8147 8146)
4(8146 8147 8228 8227)
4(8227 8228 8309 8308)
4(8308 8309 8390 8389)
4(6365 6366 6447 6446)
4(6446 6447 6528 6527)
4(6527 6528 6609 6608)
4(6608 6609 6690 6689)
4(6689 6690 6771 6770)
4(6770 6771 6852 6851)
4(6851 6852 6933 6932)
4(6932 6933 7014 7013)
4(7013 7014 7095 7094)
4(7094 7095 7176 7175)
4(7175 7176 7257 7256)
4(7256 7257 7338 7337)
4(7337 7338 7419 7418)
4(7418 7419 7500 7499)
4(7499 7500 7581 7580)
4(7580 7581 7662 7661)
4(7661 7662 7743 7742)
4(7742 7743 7824 7823)
4(7823 7824 7905 7904)
4(7904 7905 7986 7985)
4(7985 7986 8067 8066)
4(8066 8067 8148 8147)
4(8147 8148 8229 8228)
4(8228 8229 8310 8309)
4(8309 8310 8391 8390)
4(6366 6367 6448 6447)
4(6447 6448 6529 6528)
4(6528 6529 6610 6609)
4(6609 6610 6691 6690)
4(6690 6691 6772 6771)
4(6771 6772 6853 6852)
4(6852 6853 6934 6933)
4(6933 6934 7015 7014)
4(7014 7015 7096 7095)
4(7095 7096 7177 7176)
4(7176 7177 7258 7257)
4(7257 7258 7339 7338)
4(7338 7339 7420 7419)
4(7419 7420 7501 7500)
4(7500 7501 7582 7581)
4(7581 7582 7663 7662)
4(7662 7663 7744 7743)
4(7743 7744 7825 7824)
4(7824 7825 7906 7905)
4(7905 7906 7987 7986)
4(7986 7987 8068 8067)
4(8067 8068 8149 8148)
4(8148 8149 8230 8229)
4(8229 8230 8311 8310)
4(8310 8311 8392 8391)
4(6367 6368 6449 6448)
4(6448 6449 6530 6529)
4(6529 6530 6611 6610)
4(6610 6611 6692 6691)
4(6691 6692 6773 6772)
4(6772 6773 6854 6853)
4(6853 6854 6935 6934)
4(6934 6935 7016 7015)
4(7015 7016 7097 7096)
4(7096 7097 7178 7177)
4(7177 7178 7259 7258)
4(7258 7259 7340 7339)
4(7339 7340 7421 7420)
4(7420 7421 7502 7501)
4(7501 7502 7583 7582)
4(7582 7583 7664 7663)
4(7663 7664 7745 7744)
4(7744 7745 7826 7825)
4(7825 7826 7907 7906)
4(7906 7907 7988 7987)
4(7987 7988 8069 8068)
4(8068 8069 8150 8149)
4(8149 8150 8231 8230)
4(8230 8231 8312 8311)
4(8311 8312 8393 8392)
4(6368 6369 6450 6449)
4(6449 6450 6531 6530)
4(6530 6531 6612 6611)
4(6611 6612 6693 6692)
4(6692 6693 6774 6773)
4(6773 6774 6855 6854)
4(6854 6855 6936 6935)
4(6935 6936 7017 7016)
4(7016 7017 7098 7097)
4(7097 7098 7179 7178)
4(7178 7179 7260 7259)
4(7259 7260 7341 7340)
4(7340 7341 7422 7421)
4(7421 7422 7503 7502)
4(7502 7503 7584 7583)
4(7583 7584 7665 7664)
4(7664 7665 7746 7745)
4(7745 7746 7827 7826)
4(7826 7827 7908 7907)
4(7907 7908 7989 7988)
4(7988 7989 8070 8069)
4(8069 8070 8151 8150)
4(8150 8151 8232 8231)
4(8231 8232 8313 8312)
4(8312 8313 8394 8393)
4(6369 6370 6451 6450)
4(6450 6451 6532 6531)
4(6531 6532 6613 6612)
4(6612 6613 6694 6693)
4(6693 6694 6775 6774)
4(6774 6775 6856 6855)
4(6855 6856 6937 6936)
4(6936 6937 7018 7017)
4(7017 7018 7099 7098)
4(7098 7099 7180 7179)
4(7179 7180 7261 7260)
4(7260 7261 7342 7341)
4(7341 7342 7423 7422)
4(7422 7423 7504 7503)
4(7503 7504 7585 7584)
4(7584 7585 7666 7665)
4(7665 7666 7747 7746)
4(7746 7747 7828 7827)
4(7827 7828 7909 7908)
4(7908 7909 7990 7989)
4(7989 7990 8071 8070)
4(8070 8071 8152 8151)
4(8151 8152 8233 8232)
4(8232 8233 8314 8313)
4(8313 8314 8395 8394)
4(6370 6371 6452 6451)
4(6451 6452 6533 6532)
4(6532 6533 6614 6613)
4(6613 6614 6695 6694)
4(6694 6695 6776 6775)
4(6775 6776 6857 6856)
4(6856 6857 6938 6937)
4(6937 6938 7019 7018)
4(7018 7019 7100 7099)
4(7099 7100 7181 7180)
4(7180 7181 7262 7261)
4(7261 7262 7343 7342)
4(7342 7343 7424 7423)
4(7423 7424 7505 7504)
4(7504 7505 7586 7585)
4(7585 7586 7667 7666)
4(7666 7667 7748 7747)
4(7747 7748 7829 7828)
4(7828 7829 7910 7909)
4(7909 7910 7991 7990)
4(7990 7991 8072 8071)
4(8071 8072 8153 8152)
4(8152 8153 8234 8233)
4(8233 8234 8315 8314)
4(8314 8315 8396 8395)
4(6371 6372 6453 6452)
4(6452 6453 6534 6533)
4(6533 6534 6615 6614)
4(6614 6615 6696 6695)
4(6695 6696 6777 6776)
4(6776 6777 6858 6857)
4(6857 6858 6939 6938)
4(6938 6939 7020 7019)
4(7019 7020 7101 7100)
4(7100 7101 7182 7181)
4(7181 7182 7263 7262)
4(7262 7263 7344 7343)
4(7343 7344 7425 7424)
4(7424 7425 7506 7505)
4(7505 7506 7587 7586)
4(7586 7587 7668 7667)
4(7667 7668 7749 7748)
4(7748 7749 7830 7829)
4(7829 7830 7911 7910)
4(7910 7911 7992 7991)
4(7991 7992 8073 8072)
4(8072 8073 8154 8153)
4(8153 8154 8235 8234)
4(8234 8235 8316 8315)
4(8315 8316 8397 8396)
4(6372 6373 6454 6453)
4(6453 6454 6535 6534)
4(6534 6535 6616 6615)
4(6615 6616 6697 6696)
4(6696 6697 6778 6777)
4(6777 6778 6859 6858)
4(6858 6859 6940 6939)
4(6939 6940 7021 7020)
4(7020 7021 7102 7101)
4(7101 7102 7183 7182)
4(7182 7183 7264 7263)
4(7263 7264 7345 7344)
4(7344 7345 7426 7425)
4(7425 7426 7507 7506)
4(7506 7507 7588 7587)
4(7587 7588 7669 7668)
4(7668 7669 7750 7749)
4(7749 7750 7831 7830)
4(7830 7831 7912 7911)
4(7911 7912 7993 7992)
4(7992 7993 8074 8073)
4(8073 8074 8155 8154)
4(8154 8155 8236 8235)
4(8235 8236 8317 8316)
4(8316 8317 8398 8397)
4(6373 6374 6455 6454)
4(6454 6455 6536 6535)
4(6535 6536 6617 6616)
4(6616 6617 6698 6697)
4(6697 6698 6779 6778)
4(6778 6779 6860 6859)
4(6859 6860 6941 6940)
4(6940 6941 7022 7021)
4(7021 7022 7103 7102)
4(7102 7103 7184 7183)
4(7183 7184 7265 7264)
4(7264 7265 7346 7345)
4(7345 7346 7427 7426)
4(7426 7427 7508 7507)
4(7507 7508 7589 7588)
4(7588 7589 7670 7669)
4(7669 7670 7751 7750)
4(7750 7751 7832 7831)
4(7831 7832 7913 7912)
4(7912 7913 7994 7993)
4(7993 7994 8075 8074)
4(8074 8075 8156 8155)
4(8155 8156 8237 8236)
4(8236 8237 8318 8317)
4(8317 8318 8399 8398)
4(6374 6375 6456 6455)
4(6455 6456 6537 6536)
4(6536 6537 6618 6617)
4(6617 6618 6699 6698)
4(6698 6699 6780 6779)
4(6779 6780 6861 6860)
4(6860 6861 6942 6941)
4(6941 6942 7023 7022)
4(7022 7023 7104 7103)
4(7103 7104 7185 7184)
4(7184 7185 7266 7265)
4(7265 7266 7347 7346)
4(7346 7347 7428 7427)
4(7427 7428 7509 7508)
4(7508 7509 7590 7589)
4(7589 7590 7671 7670)
4(7670 7671 7752 7751)
4(7751 7752 7833 7832)
4(7832 7833 7914 7913)
4(7913 7914 7995 7994)
4(7994 7995 8076 8075)
4(8075 8076 8157 8156)
4(8156 8157 8238 8237)
4(8237 8238 8319 8318)
4(8318 8319 8400 8399)
4(6375 6376 6457 6456)
4(6456 6457 6538 6537)
4(6537 6538 6619 6618)
4(6618 6619 6700 6699)
4(6699 6700 6781 6780)
4(6780 6781 6862 6861)
4(6861 6862 6943 6942)
4(6942 6943 7024 7023)
4(7023 7024 7105 7104)
4(7104 7105 7186 7185)
4(7185 7186 7267 7266)
4(7266 7267 7348 7347)
4(7347 7348 7429 7428)
4(7428 7429 7510 7509)
4(7509 7510 7591 7590)
4(7590 7591 7672 7671)
4(7671 7672 7753 7752)
4(7752 7753 7834 7833)
4(7833 7834 7915 7914)
4(7914 7915 7996 7995)
4(7995 7996 8077 8076)
4(8076 8077 8158 8157)
4(8157 8158 8239 8238)
4(8238 8239 8320 8319)
4(8319 8320 8401 8400)
4(6376 6377 6458 6457)
4(6457 6458 6539 6538)
4(6538 6539 6620 6619)
4(6619 6620 6701 6700)
4(6700 6701 6782 6781)
4(6781 6782 6863 6862)
4(6862 6863 6944 6943)
4(6943 6944 7025 7024)
4(7024 7025 7106 7105)
4(7105 7106 7187 7186)
4(7186 7187 7268 7267)
4(7267 7268 7349 7348)
4(7348 7349 7430 7429)
4(7429 7430 7511 7510)
4(7510 7511 7592 7591)
4(7591 7592 7673 7672)
4(7672 7673 7754 7753)
4(7753 7754 7835 7834)
4(7834 7835 7916 7915)
4(7915 7916 7997 7996)
4(7996 7997 8078 8077)
4(8077 8078 8159 8158)
4(8158 8159 8240 8239)
4(8239 8240 8321 8320)
4(8320 8321 8402 8401)
4(6377 6378 6459 6458)
4(6458 6459 6540 6539)
4(6539 6540 6621 6620)
4(6620 6621 6702 6701)
4(6701 6702 6783 6782)
4(6782 6783 6864 6863)
4(6863 6864 6945 6944)
4(6944 6945 7026 7025)
4(7025 7026 7107 7106)
4(7106 7107 7188 7187)
4(7187 7188 7269 7268)
4(7268 7269 7350 7349)
4(7349 7350 7431 7430)
4(7430 7431 7512 7511)
4(7511 7512 7593 7592)
4(7592 7593 7674 7673)
4(7673 7674 7755 7754)
4(7754 7755 7836 7835)
4(7835 7836 7917 7916)
4(7916 7917 7998 7997)
4(7997 7998 8079 8078)
4(8078 8079 8160 8159)
4(8159 8160 8241 8240)
4(8240 8241 8322 8321)
4(8321 8322 8403 8402)
4(6378 6379 6460 6459)
4(6459 6460 6541 6540)
4(6540 6541 6622 6621)
4(6621 6622 6703 6702)
4(6702 6703 6784 6783)
4(6783 6784 6865 6864)
4(6864 6865 6946 6945)
4(6945 6946 7027 7026)
4(7026 7027 7108 7107)
4(7107 7108 7189 7188)
4(7188 7189 7270 7269)
4(7269 7270 7351 7350)
4(7350 7351 7432 7431)
4(7431 7432 7513 7512)
4(7512 7513 7594 7593)
4(7593 7594 7675 7674)
4(7674 7675 7756 7755)
4(7755 7756 7837 7836)
4(7836 7837 7918 7917)
4(7917 7918 7999 7998)
4(7998 7999 8080 8079)
4(8079 8080 8161 8160)
4(8160 8161 8242 8241)
4(8241 8242 8323 8322)
4(8322 8323 8404 8403)
4(6379 6380 6461 6460)
4(6460 6461 6542 6541)
4(6541 6542 6623 6622)
4(6622 6623 6704 6703)
4(6703 6704 6785 6784)
4(6784 6785 6866 6865)
4(6865 6866 6947 6946)
4(6946 6947 7028 7027)
4(7027 7028 7109 7108)
4(7108 7109 7190 7189)
4(7189 7190 7271 7270)
4(7270 7271 7352 7351)
4(7351 7352 7433 7432)
4(7432 7433 7514 7513)
4(7513 7514 7595 7594)
4(7594 7595 7676 7675)
4(7675 7676 7757 7756)
4(7756 7757 7838 7837)
4(7837 7838 7919 7918)
4(7918 7919 8000 7999)
4(7999 8000 8081 8080)
4(8080 8081 8162 8161)
4(8161 8162 8243 8242)
4(8242 8243 8324 8323)
4(8323 8324 8405 8404)
4(6380 6381 6462 6461)
4(6461 6462 6543 6542)
4(6542 6543 6624 6623)
4(6623 6624 6705 6704)
4(6704 6705 6786 6785)
4(6785 6786 6867 6866)
4(6866 6867 6948 6947)
4(6947 6948 7029 7028)
4(7028 7029 7110 7109)
4(7109 7110 7191 7190)
4(7190 7191 7272 7271)
4(7271 7272 7353 7352)
4(7352 7353 7434 7433)
4(7433 7434 7515 7514)
4(7514 7515 7596 7595)
4(7595 7596 7677 7676)
4(7676 7677 7758 7757)
4(7757 7758 7839 7838)
4(7838 7839 7920 7919)
4(7919 7920 8001 8000)
4(8000 8001 8082 8081)
4(8081 8082 8163 8162)
4(8162 8163 8244 8243)
4(8243 8244 8325 8324)
4(8324 8325 8406 8405)
4(6381 6382 6463 6462)
4(6462 6463 6544 6543)
4(6543 6544 6625 6624)
4(6624 6625 6706 6705)
4(6705 6706 6787 6786)
4(6786 6787 6868 6867)
4(6867 6868 6949 6948)
4(6948 6949 7030 7029)
4(7029 7030 7111 7110)
4(7110 7111 7192 7191)
4(7191 7192 7273 7272)
4(7272 7273 7354 7353)
4(7353 7354 7435 7434)
4(7434 7435 7516 7515)
4(7515 7516 7597 7596)
4(7596 7597 7678 7677)
4(7677 7678 7759 7758)
4(7758 7759 7840 7839)
4(7839 7840 7921 7920)
4(7920 7921 8002 8001)
4(8001 8002 8083 8082)
4(8082 8083 8164 8163)
4(8163 8164 8245 8244)
4(8244 8245 8326 8325)
4(8325 8326 8407 8406)
4(6382 6383 6464 6463)
4(6463 6464 6545 6544)
4(6544 6545 6626 6625)
4(6625 6626 6707 6706)
4(6706 6707 6788 6787)
4(6787 6788 6869 6868)
4(6868 6869 6950 6949)
4(6949 6950 7031 7030)
4(7030 7031 7112 7111)
4(7111 7112 7193 7192)
4(7192 7193 7274 7273)
4(7273 7274 7355 7354)
4(7354 7355 7436 7435)
4(7435 7436 7517 7516)
4(7516 7517 7598 7597)
4(7597 7598 7679 7678)
4(7678 7679 7760 7759)
4(7759 7760 7841 7840)
4(7840 7841 7922 7921)
4(7921 7922 8003 8002)
4(8002 8003 8084 8083)
4(8083 8084 8165 8164)
4(8164 8165 8246 8245)
4(8245 8246 8327 8326)
4(8326 8327 8408 8407)
4(6383 6384 6465 6464)
4(6464 6465 6546 6545)
4(6545 6546 6627 6626)
4(6626 6627 6708 6707)
4(6707 6708 6789 6788)
4(6788 6789 6870 6869)
4(6869 6870 6951 6950)
4(6950 6951 7032 7031)
4(7031 7032 7113 7112)
4(7112 7113 7194 7193)
4(7193 7194 7275 7274)
4(7274 7275 7356 7355)
4(7355 7356 7437 7436)
4(7436 7437 7518 7517)
4(7517 7518 7599 7598)
4(7598 7599 7680 7679)
4(7679 7680 7761 7760)
4(7760 7761 7842 7841)
4(7841 7842 7923 7922)
4(7922 7923 8004 8003)
4(8003 8004 8085 8084)
4(8084 8085 8166 8165)
4(8165 8166 8247 8246)
4(8246 8247 8328 8327)
4(8327 8328 8409 8408)
4(6384 6385 6466 6465)
4(6465 6466 6547 6546)
4(6546 6547 6628 6627)
4(6627 6628 6709 6708)
4(6708 6709 6790 6789)
4(6789 6790 6871 6870)
4(6870 6871 6952 6951)
4(6951 6952 7033 7032)
4(7032 7033 7114 7113)
4(7113 7114 7195 7194)
4(7194 7195 7276 7275)
4(7275 7276 7357 7356)
4(7356 7357 7438 7437)
4(7437 7438 7519 7518)
4(7518 7519 7600 7599)
4(7599 7600 7681 7680)
4(7680 7681 7762 7761)
4(7761 7762 7843 7842)
4(7842 7843 7924 7923)
4(7923 7924 8005 8004)
4(8004 8005 8086 8085)
4(8085 8086 8167 8166)
4(8166 8167 8248 8247)
4(8247 8248 8329 8328)
4(8328 8329 8410 8409)
4(6385 6386 6467 6466)
4(6466 6467 6548 6547)
4(6547 6548 6629 6628)
4(6628 6629 6710 6709)
4(6709 6710 6791 6790)
4(6790 6791 6872 6871)
4(6871 6872 6953 6952)
4(6952 6953 7034 7033)
4(7033 7034 7115 7114)
4(7114 7115 7196 7195)
4(7195 7196 7277 7276)
4(7276 7277 7358 7357)
4(7357 7358 7439 7438)
4(7438 7439 7520 7519)
4(7519 7520 7601 7600)
4(7600 7601 7682 7681)
4(7681 7682 7763 7762)
4(7762 7763 7844 7843)
4(7843 7844 7925 7924)
4(7924 7925 8006 8005)
4(8005 8006 8087 8086)
4(8086 8087 8168 8167)
4(8167 8168 8249 8248)
4(8248 8249 8330 8329)
4(8329 8330 8411 8410)
4(6386 6387 6468 6467)
4(6467 6468 6549 6548)
4(6548 6549 6630 6629)
4(6629 6630 6711 6710)
4(6710 6711 6792 6791)
4(6791 6792 6873 6872)
4(6872 6873 6954 6953)
4(6953 6954 7035 7034)
4(7034 7035 7116 7115)
4(7115 7116 7197 7196)
4(7196 7197 7278 7277)
4(7277 7278 7359 7358)
4(7358 7359 7440 7439)
4(7439 7440 7521 7520)
4(7520 7521 7602 7601)
4(7601 7602 7683 7682)
4(7682 7683 7764 7763)
4(7763 7764 7845 7844)
4(7844 7845 7926 7925)
4(7925 7926 8007 8006)
4(8006 8007 8088 8087)
4(8087 8088 8169 8168)
4(8168 8169 8250 8249)
4(8249 8250 8331 8330)
4(8330 8331 8412 8411)
4(6387 6388 6469 6468)
4(6468 6469 6550 6549)
4(6549 6550 6631 6630)
4(6630 6631 6712 6711)
4(6711 6712 6793 6792)
4(6792 6793 6874 6873)
4(6873 6874 6955 6954)
4(6954 6955 7036 7035)
4(7035 7036 7117 7116)
4(7116 7117 7198 7197)
4(7197 7198 7279 7278)
4(7278 7279 7360 7359)
4(7359 7360 7441 7440)
4(7440 7441 7522 7521)
4(7521 7522 7603 7602)
4(7602 7603 7684 7683)
4(7683 7684 7765 7764)
4(7764 7765 7846 7845)
4(7845 7846 7927 7926)
4(7926 7927 8008 8007)
4(8007 8008 8089 8088)
4(8088 8089 8170 8169)
4(8169 8170 8251 8250)
4(8250 8251 8332 8331)
4(8331 8332 8413 8412)
4(6388 6389 6470 6469)
4(6469 6470 6551 6550)
4(6550 6551 6632 6631)
4(6631 6632 6713 6712)
4(6712 6713 6794 6793)
4(6793 6794 6875 6874)
4(6874 6875 6956 6955)
4(6955 6956 7037 7036)
4(7036 7037 7118 7117)
4(7117 7118 7199 7198)
4(7198 7199 7280 7279)
4(7279 7280 7361 7360)
4(7360 7361 7442 7441)
4(7441 7442 7523 7522)
4(7522 7523 7604 7603)
4(7603 7604 7685 7684)
4(7684 7685 7766 7765)
4(7765 7766 7847 7846)
4(7846 7847 7928 7927)
4(7927 7928 8009 8008)
4(8008 8009 8090 8089)
4(8089 8090 8171 8170)
4(8170 8171 8252 8251)
4(8251 8252 8333 8332)
4(8332 8333 8414 8413)
4(6389 6390 6471 6470)
4(6470 6471 6552 6551)
4(6551 6552 6633 6632)
4(6632 6633 6714 6713)
4(6713 6714 6795 6794)
4(6794 6795 6876 6875)
4(6875 6876 6957 6956)
4(6956 6957 7038 7037)
4(7037 7038 7119 7118)
4(7118 7119 7200 7199)
4(7199 7200 7281 7280)
4(7280 7281 7362 7361)
4(7361 7362 7443 7442)
4(7442 7443 7524 7523)
4(7523 7524 7605 7604)
4(7604 7605 7686 7685)
4(7685 7686 7767 7766)
4(7766 7767 7848 7847)
4(7847 7848 7929 7928)
4(7928 7929 8010 8009)
4(8009 8010 8091 8090)
4(8090 8091 8172 8171)
4(8171 8172 8253 8252)
4(8252 8253 8334 8333)
4(8333 8334 8415 8414)
4(6390 6391 6472 6471)
4(6471 6472 6553 6552)
4(6552 6553 6634 6633)
4(6633 6634 6715 6714)
4(6714 6715 6796 6795)
4(6795 6796 6877 6876)
4(6876 6877 6958 6957)
4(6957 6958 7039 7038)
4(7038 7039 7120 7119)
4(7119 7120 7201 7200)
4(7200 7201 7282 7281)
4(7281 7282 7363 7362)
4(7362 7363 7444 7443)
4(7443 7444 7525 7524)
4(7524 7525 7606 7605)
4(7605 7606 7687 7686)
4(7686 7687 7768 7767)
4(7767 7768 7849 7848)
4(7848 7849 7930 7929)
4(7929 7930 8011 8010)
4(8010 8011 8092 8091)
4(8091 8092 8173 8172)
4(8172 8173 8254 8253)
4(8253 8254 8335 8334)
4(8334 8335 8416 8415)
4(6391 6392 6473 6472)
4(6472 6473 6554 6553)
4(6553 6554 6635 6634)
4(6634 6635 6716 6715)
4(6715 6716 6797 6796)
4(6796 6797 6878 6877)
4(6877 6878 6959 6958)
4(6958 6959 7040 7039)
4(7039 7040 7121 7120)
4(7120 7121 7202 7201)
4(7201 7202 7283 7282)
4(7282 7283 7364 7363)
4(7363 7364 7445 7444)
4(7444 7445 7526 7525)
4(7525 7526 7607 7606)
4(7606 7607 7688 7687)
4(7687 7688 7769 7768)
4(7768 7769 7850 7849)
4(7849 7850 7931 7930)
4(7930 7931 8012 8011)
4(8011 8012 8093 8092)
4(8092 8093 8174 8173)
4(8173 8174 8255 8254)
4(8254 8255 8336 8335)
4(8335 8336 8417 8416)
4(6392 6393 6474 6473)
4(6473 6474 6555 6554)
4(6554 6555 6636 6635)
4(6635 6636 6717 6716)
4(6716 6717 6798 6797)
4(6797 6798 6879 6878)
4(6878 6879 6960 6959)
4(6959 6960 7041 7040)
4(7040 7041 7122 7121)
4(7121 7122 7203 7202)
4(7202 7203 7284 7283)
4(7283 7284 7365 7364)
4(7364 7365 7446 7445)
4(7445 7446 7527 7526)
4(7526 7527 7608 7607)
4(7607 7608 7689 7688)
4(7688 7689 7770 7769)
4(7769 7770 7851 7850)
4(7850 7851 7932 7931)
4(7931 7932 8013 8012)
4(8012 8013 8094 8093)
4(8093 8094 8175 8174)
4(8174 8175 8256 8255)
4(8255 8256 8337 8336)
4(8336 8337 8418 8417)
4(6393 6394 6475 6474)
4(6474 6475 6556 6555)
4(6555 6556 6637 6636)
4(6636 6637 6718 6717)
4(6717 6718 6799 6798)
4(6798 6799 6880 6879)
4(6879 6880 6961 6960)
4(6960 6961 7042 7041)
4(7041 7042 7123 7122)
4(7122 7123 7204 7203)
4(7203 7204 7285 7284)
4(7284 7285 7366 7365)
4(7365 7366 7447 7446)
4(7446 7447 7528 7527)
4(7527 7528 7609 7608)
4(7608 7609 7690 7689)
4(7689 7690 7771 7770)
4(7770 7771 7852 7851)
4(7851 7852 7933 7932)
4(7932 7933 8014 8013)
4(8013 8014 8095 8094)
4(8094 8095 8176 8175)
4(8175 8176 8257 8256)
4(8256 8257 8338 8337)
4(8337 8338 8419 8418)
4(6394 6395 6476 6475)
4(6475 6476 6557 6556)
4(6556 6557 6638 6637)
4(6637 6638 6719 6718)
4(6718 6719 6800 6799)
4(6799 6800 6881 6880)
4(6880 6881 6962 6961)
4(6961 6962 7043 7042)
4(7042 7043 7124 7123)
4(7123 7124 7205 7204)
4(7204 7205 7286 7285)
4(7285 7286 7367 7366)
4(7366 7367 7448 7447)
4(7447 7448 7529 7528)
4(7528 7529 7610 7609)
4(7609 7610 7691 7690)
4(7690 7691 7772 7771)
4(7771 7772 7853 7852)
4(7852 7853 7934 7933)
4(7933 7934 8015 8014)
4(8014 8015 8096 8095)
4(8095 8096 8177 8176)
4(8176 8177 8258 8257)
4(8257 8258 8339 8338)
4(8338 8339 8420 8419)
4(6395 6396 6477 6476)
4(6476 6477 6558 6557)
4(6557 6558 6639 6638)
4(6638 6639 6720 6719)
4(6719 6720 6801 6800)
4(6800 6801 6882 6881)
4(6881 6882 6963 6962)
4(6962 6963 7044 7043)
4(7043 7044 7125 7124)
4(7124 7125 7206 7205)
4(7205 7206 7287 7286)
4(7286 7287 7368 7367)
4(7367 7368 7449 7448)
4(7448 7449 7530 7529)
4(7529 7530 7611 7610)
4(7610 7611 7692 7691)
4(7691 7692 7773 7772)
4(7772 7773 7854 7853)
4(7853 7854 7935 7934)
4(7934 7935 8016 8015)
4(8015 8016 8097 8096)
4(8096 8097 8178 8177)
4(8177 8178 8259 8258)
4(8258 8259 8340 8339)
4(8339 8340 8421 8420)
4(6396 6397 6478 6477)
4(6477 6478 6559 6558)
4(6558 6559 6640 6639)
4(6639 6640 6721 6720)
4(6720 6721 6802 6801)
4(6801 6802 6883 6882)
4(6882 6883 6964 6963)
4(6963 6964 7045 7044)
4(7044 7045 7126 7125)
4(7125 7126 7207 7206)
4(7206 7207 7288 7287)
4(7287 7288 7369 7368)
4(7368 7369 7450 7449)
4(7449 7450 7531 7530)
4(7530 7531 7612 7611)
4(7611 7612 7693 7692)
4(7692 7693 7774 7773)
4(7773 7774 7855 7854)
4(7854 7855 7936 7935)
4(7935 7936 8017 8016)
4(8016 8017 8098 8097)
4(8097 8098 8179 8178)
4(8178 8179 8260 8259)
4(8259 8260 8341 8340)
4(8340 8341 8422 8421)
4(6397 6398 6479 6478)
4(6478 6479 6560 6559)
4(6559 6560 6641 6640)
4(6640 6641 6722 6721)
4(6721 6722 6803 6802)
4(6802 6803 6884 6883)
4(6883 6884 6965 6964)
4(6964 6965 7046 7045)
4(7045 7046 7127 7126)
4(7126 7127 7208 7207)
4(7207 7208 7289 7288)
4(7288 7289 7370 7369)
4(7369 7370 7451 7450)
4(7450 7451 7532 7531)
4(7531 7532 7613 7612)
4(7612 7613 7694 7693)
4(7693 7694 7775 7774)
4(7774 7775 7856 7855)
4(7855 7856 7937 7936)
4(7936 7937 8018 8017)
4(8017 8018 8099 8098)
4(8098 8099 8180 8179)
4(8179 8180 8261 8260)
4(8260 8261 8342 8341)
4(8341 8342 8423 8422)
4(8343 8344 14500 14499)
4(14499 14500 14581 14580)
4(14580 14581 14662 14661)
4(14661 14662 14743 14742)
4(14742 14743 14824 14823)
4(14823 14824 14905 14904)
4(14904 14905 14986 14985)
4(14985 14986 15067 15066)
4(15066 15067 15148 15147)
4(15147 15148 15229 15228)
4(15228 15229 15310 15309)
4(15309 15310 15391 15390)
4(15390 15391 15472 15471)
4(15471 15472 15553 15552)
4(15552 15553 15634 15633)
4(15633 15634 15715 15714)
4(15714 15715 15796 15795)
4(15795 15796 15877 15876)
4(15876 15877 15958 15957)
4(15957 15958 16039 16038)
4(16038 16039 16120 16119)
4(16119 16120 16201 16200)
4(16200 16201 16282 16281)
4(16281 16282 16363 16362)
4(16362 16363 16444 16443)
4(8344 8345 14501 14500)
4(14500 14501 14582 14581)
4(14581 14582 14663 14662)
4(14662 14663 14744 14743)
4(14743 14744 14825 14824)
4(14824 14825 14906 14905)
4(14905 14906 14987 14986)
4(14986 14987 15068 15067)
4(15067 15068 15149 15148)
4(15148 15149 15230 15229)
4(15229 15230 15311 15310)
4(15310 15311 15392 15391)
4(15391 15392 15473 15472)
4(15472 15473 15554 15553)
4(15553 15554 15635 15634)
4(15634 15635 15716 15715)
4(15715 15716 15797 15796)
4(15796 15797 15878 15877)
4(15877 15878 15959 15958)
4(15958 15959 16040 16039)
4(16039 16040 16121 16120)
4(16120 16121 16202 16201)
4(16201 16202 16283 16282)
4(16282 16283 16364 16363)
4(16363 16364 16445 16444)
4(8345 8346 14502 14501)
4(14501 14502 14583 14582)
4(14582 14583 14664 14663)
4(14663 14664 14745 14744)
4(14744 14745 14826 14825)
4(14825 14826 14907 14906)
4(14906 14907 14988 14987)
4(14987 14988 15069 15068)
4(15068 15069 15150 15149)
4(15149 15150 15231 15230)
4(15230 15231 15312 15311)
4(15311 15312 15393 15392)
4(15392 15393 15474 15473)
4(15473 15474 15555 15554)
4(15554 15555 15636 15635)
4(15635 15636 15717 15716)
4(15716 15717 15798 15797)
4(15797 15798 15879 15878)
4(15878 15879 15960 15959)
4(15959 15960 16041 16040)
4(16040 16041 16122 16121)
4(16121 16122 16203 16202)
4(16202 16203 16284 16283)
4(16283 16284 16365 16364)
4(16364 16365 16446 16445)
4(8346 8347 14503 14502)
4(14502 14503 14584 14583)
4(14583 14584 14665 14664)
4(14664 14665 14746 14745)
4(14745 14746 14827 14826)
4(14826 14827 14908 14907)
4(14907 14908 14989 14988)
4(14988 14989 15070 15069)
4(15069 15070 15151 15150)
4(15150 15151 15232 15231)
4(15231 15232 15313 15312)
4(15312 15313 15394 15393)
4(15393 15394 15475 15474)
4(15474 15475 15556 15555)
4(15555 15556 15637 15636)
4(15636 15637 15718 15717)
4(15717 15718 15799 15798)
4(15798 15799 15880 15879)
4(15879 15880 15961 15960)
4(15960 15961 16042 16041)
4(16041 16042 16123 16122)
4(16122 16123 16204 16203)
4(16203 16204 16285 16284)
4(16284 16285 16366 16365)
4(16365 16366 16447 16446)
4(8347 8348 14504 14503)
4(14503 14504 14585 14584)
4(14584 14585 14666 14665)
4(14665 14666 14747 14746)
4(14746 14747 14828 14827)
4(14827 14828 14909 14908)
4(14908 14909 14990 14989)
4(14989 14990 15071 15070)
4(15070 15071 15152 15151)
4(15151 15152 15233 15232)
4(15232 15233 15314 15313)
4(15313 15314 15395 15394)
4(15394 15395 15476 15475)
4(15475 15476 15557 15556)
4(15556 15557 15638 15637)
4(15637 15638 15719 15718)
4(15718 15719 15800 15799)
4(15799 15800 15881 15880)
4(15880 15881 15962 15961)
4(15961 15962 16043 16042)
4(16042 16043 16124 16123)
4(16123 16124 16205 16204)
4(16204 16205 16286 16285)
4(16285 16286 16367 16366)
4(16366 16367 16448 16447)
4(8348 8349 14505 14504)
4(14504 14505 14586 14585)
4(14585 14586 14667 14666)
4(14666 14667 14748 14747)
4(14747 14748 14829 14828)
4(14828 14829 14910 14909)
4(14909 14910 14991 14990)
4(14990 14991 15072 15071)
4(15071 15072 15153 15152)
4(15152 15153 15234 15233)
4(15233 15234 15315 15314)
4(15314 15315 15396 15395)
4(15395 15396 15477 15476)
4(15476 15477 15558 15557)
4(15557 15558 15639 15638)
4(15638 15639 15720 15719)
4(15719 15720 15801 15800)
4(15800 15801 15882 15881)
4(15881 15882 15963 15962)
4(15962 15963 16044 16043)
4(16043 16044 16125 16124)
4(16124 16125 16206 16205)
4(16205 16206 16287 16286)
4(16286 16287 16368 16367)
4(16367 16368 16449 16448)
4(8349 8350 14506 14505)
4(14505 14506 14587 14586)
4(14586 14587 14668 14667)
4(14667 14668 14749 14748)
4(14748 14749 14830 14829)
4(14829 14830 14911 14910)
4(14910 14911 14992 14991)
4(14991 14992 15073 15072)
4(15072 15073 15154 15153)
4(15153 15154 15235 15234)
4(15234 15235 15316 15315)
4(15315 15316 15397 15396)
4(15396 15397 15478 15477)
4(15477 15478 15559 15558)
4(15558 15559 15640 15639)
4(15639 15640 15721 15720)
4(15720 15721 15802 15801)
4(15801 15802 15883 15882)
4(15882 15883 15964 15963)
4(15963 15964 16045 16044)
4(16044 16045 16126 16125)
4(16125 16126 16207 16206)
4(16206 16207 16288 16287)
4(16287 16288 16369 16368)
4(16368 16369 16450 16449)
4(8350 8351 14507 14506)
4(14506 14507 14588 14587)
4(14587 14588 14669 14668)
4(14668 14669 14750 14749)
4(14749 14750 14831 14830)
4(14830 14831 14912 14911)
4(14911 14912 14993 14992)
4(14992 14993 15074 15073)
4(15073 15074 15155 15154)
4(15154 15155 15236 15235)
4(15235 15236 15317 15316)
4(15316 15317 15398 15397)
4(15397 15398 15479 15478)
4(15478 15479 15560 15559)
4(15559 15560 15641 15640)
4(15640 15641 15722 15721)
4(15721 15722 15803 15802)
4(15802 15803 15884 15883)
4(15883 15884 15965 15964)
4(15964 15965 16046 16045)
4(16045 16046 16127 16126)
4(16126 16127 16208 16207)
4(16207 16208 16289 16288)
4(16288 16289 16370 16369)
4(16369 16370 16451 16450)
4(8351 8352 14508 14507)
4(14507 14508 14589 14588)
4(14588 14589 14670 14669)
4(14669 14670 14751 14750)
4(14750 14751 14832 14831)
4(14831 14832 14913 14912)
4(14912 14913 14994 14993)
4(14993 14994 15075 15074)
4(15074 15075 15156 15155)
4(15155 15156 15237 15236)
4(15236 15237 15318 15317)
4(15317 15318 15399 15398)
4(15398 15399 15480 15479)
4(15479 15480 15561 15560)
4(15560 15561 15642 15641)
4(15641 15642 15723 15722)
4(15722 15723 15804 15803)
4(15803 15804 15885 15884)
4(15884 15885 15966 15965)
4(15965 15966 16047 16046)
4(16046 16047 16128 16127)
4(16127 16128 16209 16208)
4(16208 16209 16290 16289)
4(16289 16290 16371 16370)
4(16370 16371 16452 16451)
4(8352 8353 14509 14508)
4(14508 14509 14590 14589)
4(14589 14590 14671 14670)
4(14670 14671 14752 14751)
4(14751 14752 14833 14832)
4(14832 14833 14914 14913)
4(14913 14914 14995 14994)
4(14994 14995 15076 15075)
4(15075 15076 15157 15156)
4(15156 15157 15238 15237)
4(15237 15238 15319 15318)
4(15318 15319 15400 15399)
4(15399 15400 15481 15480)
4(15480 15481 15562 15561)
4(15561 15562 15643 15642)
4(15642 15643 15724 15723)
4(15723 15724 15805 15804)
4(15804 15805 15886 15885)
4(15885 15886 15967 15966)
4(15966 15967 16048 16047)
4(16047 16048 16129 16128)
4(16128 16129 16210 16209)
4(16209 16210 16291 16290)
4(16290 16291 16372 16371)
4(16371 16372 16453 16452)
4(8353 8354 14510 14509)
4(14509 14510 14591 14590)
4(14590 14591 14672 14671)
4(14671 14672 14753 14752)
4(14752 14753 14834 14833)
4(14833 14834 14915 14914)
4(14914 14915 14996 14995)
4(14995 14996 15077 15076)
4(15076 15077 15158 15157)
4(15157 15158 15239 15238)
4(15238 15239 15320 15319)
4(15319 15320 15401 15400)
4(15400 15401 15482 15481)
4(15481 15482 15563 15562)
4(15562 15563 15644 15643)
4(15643 15644 15725 15724)
4(15724 15725 15806 15805)
4(15805 15806 15887 15886)
4(15886 15887 15968 15967)
4(15967 15968 16049 16048)
4(16048 16049 16130 16129)
4(16129 16130 16211 16210)
4(16210 16211 16292 16291)
4(16291 16292 16373 16372)
4(16372 16373 16454 16453)
4(8354 8355 14511 14510)
4(14510 14511 14592 14591)
4(14591 14592 14673 14672)
4(14672 14673 14754 14753)
4(14753 14754 14835 14834)
4(14834 14835 14916 14915)
4(14915 14916 14997 14996)
4(14996 14997 15078 15077)
4(15077 15078 15159 15158)
4(15158 15159 15240 15239)
4(15239 15240 15321 15320)
4(15320 15321 15402 15401)
4(15401 15402 15483 15482)
4(15482 15483 15564 15563)
4(15563 15564 15645 15644)
4(15644 15645 15726 15725)
4(15725 15726 15807 15806)
4(15806 15807 15888 15887)
4(15887 15888 15969 15968)
4(15968 15969 16050 16049)
4(16049 16050 16131 16130)
4(16130 16131 16212 16211)
4(16211 16212 16293 16292)
4(16292 16293 16374 16373)
4(16373 16374 16455 16454)
4(8355 8356 14512 14511)
4(14511 14512 14593 14592)
4(14592 14593 14674 14673)
4(14673 14674 14755 14754)
4(14754 14755 14836 14835)
4(14835 14836 14917 14916)
4(14916 14917 14998 14997)
4(14997 14998 15079 15078)
4(15078 15079 15160 15159)
4(15159 15160 15241 15240)
4(15240 15241 15322 15321)
4(15321 15322 15403 15402)
4(15402 15403 15484 15483)
4(15483 15484 15565 15564)
4(15564 15565 15646 15645)
4(15645 15646 15727 15726)
4(15726 15727 15808 15807)
4(15807 15808 15889 15888)
4(15888 15889 15970 15969)
4(15969 15970 16051 16050)
4(16050 16051 16132 16131)
4(16131 16132 16213 16212)
4(16212 16213 16294 16293)
4(16293 16294 16375 16374)
4(16374 16375 16456 16455)
4(8356 8357 14513 14512)
4(14512 14513 14594 14593)
4(14593 14594 14675 14674)
4(14674 14675 14756 14755)
4(14755 14756 14837 14836)
4(14836 14837 14918 14917)
4(14917 14918 14999 14998)
4(14998 14999 15080 15079)
4(15079 15080 15161 15160)
4(15160 15161 15242 15241)
4(15241 15242 15323 15322)
4(15322 15323 15404 15403)
4(15403 15404 15485 15484)
4(15484 15485 15566 15565)
4(15565 15566 15647 15646)
4(15646 15647 15728 15727)
4(15727 15728 15809 15808)
4(15808 15809 15890 15889)
4(15889 15890 15971 15970)
4(15970 15971 16052 16051)
4(16051 16052 16133 16132)
4(16132 16133 16214 16213)
4(16213 16214 16295 16294)
4(16294 16295 16376 16375)
4(16375 16376 16457 16456)
4(8357 8358 14514 14513)
4(14513 14514 14595 14594)
4(14594 14595 14676 14675)
4(14675 14676 14757 14756)
4(14756 14757 14838 14837)
4(14837 14838 14919 14918)
4(14918 14919 15000 14999)
4(14999 15000 15081 15080)
4(15080 15081 15162 15161)
4(15161 15162 15243 15242)
4(15242 15243 15324 15323)
4(15323 15324 15405 15404)
4(15404 15405 15486 15485)
4(15485 15486 15567 15566)
4(15566 15567 15648 15647)
4(15647 15648 15729 15728)
4(15728 15729 15810 15809)
4(15809 15810 15891 15890)
4(15890 15891 15972 15971)
4(15971 15972 16053 16052)
4(16052 16053 16134 16133)
4(16133 16134 16215 16214)
4(16214 16215 16296 16295)
4(16295 16296 16377 16376)
4(16376 16377 16458 16457)
4(8358 8359 14515 14514)
4(14514 14515 14596 14595)
4(14595 14596 14677 14676)
4(14676 14677 14758 14757)
4(14757 14758 14839 14838)
4(14838 14839 14920 14919)
4(14919 14920 15001 15000)
4(15000 15001 15082 15081)
4(15081 15082 15163 15162)
4(15162 15163 15244 15243)
4(15243 15244 15325 15324)
4(15324 15325 15406 15405)
4(15405 15406 15487 15486)
4(15486 15487 15568 15567)
4(15567 15568 15649 15648)
4(15648 15649 15730 15729)
4(15729 15730 15811 15810)
4(15810 15811 15892 15891)
4(15891 15892 15973 15972)
4(15972 15973 16054 16053)
4(16053 16054 16135 16134)
4(16134 16135 16216 16215)
4(16215 16216 16297 16296)
4(16296 16297 16378 16377)
4(16377 16378 16459 16458)
4(8359 8360 14516 14515)
4(14515 14516 14597 14596)
4(14596 14597 14678 14677)
4(14677 14678 14759 14758)
4(14758 14759 14840 14839)
4(14839 14840 14921 14920)
4(14920 14921 15002 15001)
4(15001 15002 15083 15082)
4(15082 15083 15164 15163)
4(15163 15164 15245 15244)
4(15244 15245 15326 15325)
4(15325 15326 15407 15406)
4(15406 15407 15488 15487)
4(15487 15488 15569 15568)
4(15568 15569 15650 15649)
4(15649 15650 15731 15730)
4(15730 15731 15812 15811)
4(15811 15812 15893 15892)
4(15892 15893 15974 15973)
4(15973 15974 16055 16054)
4(16054 16055 16136 16135)
4(16135 16136 16217 16216)
4(16216 16217 16298 16297)
4(16297 16298 16379 16378)
4(16378 16379 16460 16459)
4(8360 8361 14517 14516)
4(14516 14517 14598 14597)
4(14597 14598 14679 14678)
4(14678 14679 14760 14759)
4(14759 14760 14841 14840)
4(14840 14841 14922 14921)
4(14921 14922 15003 15002)
4(15002 15003 15084 15083)
4(15083 15084 15165 15164)
4(15164 15165 15246 15245)
4(15245 15246 15327 15326)
4(15326 15327 15408 15407)
4(15407 15408 15489 15488)
4(15488 15489 15570 15569)
4(15569 15570 15651 15650)
4(15650 15651 15732 15731)
4(15731 15732 15813 15812)
4(15812 15813 15894 15893)
4(15893 15894 15975 15974)
4(15974 15975 16056 16055)
4(16055 16056 16137 16136)
4(16136 16137 16218 16217)
4(16217 16218 16299 16298)
4(16298 16299 16380 16379)
4(16379 16380 16461 16460)
4(8361 8362 14518 14517)
4(14517 14518 14599 14598)
4(14598 14599 14680 14679)
4(14679 14680 14761 14760)
4(14760 14761 14842 14841)
4(14841 14842 14923 14922)
4(14922 14923 15004 15003)
4(15003 15004 15085 15084)
4(15084 15085 15166 15165)
4(15165 15166 15247 15246)
4(15246 15247 15328 15327)
4(15327 15328 15409 15408)
4(15408 15409 15490 15489)
4(15489 15490 15571 15570)
4(15570 15571 15652 15651)
4(15651 15652 15733 15732)
4(15732 15733 15814 15813)
4(15813 15814 15895 15894)
4(15894 15895 15976 15975)
4(15975 15976 16057 16056)
4(16056 16057 16138 16137)
4(16137 16138 16219 16218)
4(16218 16219 16300 16299)
4(16299 16300 16381 16380)
4(16380 16381 16462 16461)
4(8362 8363 14519 14518)
4(14518 14519 14600 14599)
4(14599 14600 14681 14680)
4(14680 14681 14762 14761)
4(14761 14762 14843 14842)
4(14842 14843 14924 14923)
4(14923 14924 15005 15004)
4(15004 15005 15086 15085)
4(15085 15086 15167 15166)
4(15166 15167 15248 15247)
4(15247 15248 15329 15328)
4(15328 15329 15410 15409)
4(15409 15410 15491 15490)
4(15490 15491 15572 15571)
4(15571 15572 15653 15652)
4(15652 15653 15734 15733)
4(15733 15734 15815 15814)
4(15814 15815 15896 15895)
4(15895 15896 15977 15976)
4(15976 15977 16058 16057)
4(16057 16058 16139 16138)
4(16138 16139 16220 16219)
4(16219 16220 16301 16300)
4(16300 16301 16382 16381)
4(16381 16382 16463 16462)
4(8363 8364 14520 14519)
4(14519 14520 14601 14600)
4(14600 14601 14682 14681)
4(14681 14682 14763 14762)
4(14762 14763 14844 14843)
4(14843 14844 14925 14924)
4(14924 14925 15006 15005)
4(15005 15006 15087 15086)
4(15086 15087 15168 15167)
4(15167 15168 15249 15248)
4(15248 15249 15330 15329)
4(15329 15330 15411 15410)
4(15410 15411 15492 15491)
4(15491 15492 15573 15572)
4(15572 15573 15654 15653)
4(15653 15654 15735 15734)
4(15734 15735 15816 15815)
4(15815 15816 15897 15896)
4(15896 15897 15978 15977)
4(15977 15978 16059 16058)
4(16058 16059 16140 16139)
4(16139 16140 16221 16220)
4(16220 16221 16302 16301)
4(16301 16302 16383 16382)
4(16382 16383 16464 16463)
4(8364 8365 14521 14520)
4(14520 14521 14602 14601)
4(14601 14602 14683 14682)
4(14682 14683 14764 14763)
4(14763 14764 14845 14844)
4(14844 14845 14926 14925)
4(14925 14926 15007 15006)
4(15006 15007 15088 15087)
4(15087 15088 15169 15168)
4(15168 15169 15250 15249)
4(15249 15250 15331 15330)
4(15330 15331 15412 15411)
4(15411 15412 15493 15492)
4(15492 15493 15574 15573)
4(15573 15574 15655 15654)
4(15654 15655 15736 15735)
4(15735 15736 15817 15816)
4(15816 15817 15898 15897)
4(15897 15898 15979 15978)
4(15978 15979 16060 16059)
4(16059 16060 16141 16140)
4(16140 16141 16222 16221)
4(16221 16222 16303 16302)
4(16302 16303 16384 16383)
4(16383 16384 16465 16464)
4(8365 8366 14522 14521)
4(14521 14522 14603 14602)
4(14602 14603 14684 14683)
4(14683 14684 14765 14764)
4(14764 14765 14846 14845)
4(14845 14846 14927 14926)
4(14926 14927 15008 15007)
4(15007 15008 15089 15088)
4(15088 15089 15170 15169)
4(15169 15170 15251 15250)
4(15250 15251 15332 15331)
4(15331 15332 15413 15412)
4(15412 15413 15494 15493)
4(15493 15494 15575 15574)
4(15574 15575 15656 15655)
4(15655 15656 15737 15736)
4(15736 15737 15818 15817)
4(15817 15818 15899 15898)
4(15898 15899 15980 15979)
4(15979 15980 16061 16060)
4(16060 16061 16142 16141)
4(16141 16142 16223 16222)
4(16222 16223 16304 16303)
4(16303 16304 16385 16384)
4(16384 16385 16466 16465)
4(8366 8367 14523 14522)
4(14522 14523 14604 14603)
4(14603 14604 14685 14684)
4(14684 14685 14766 14765)
4(14765 14766 14847 14846)
4(14846 14847 14928 14927)
4(14927 14928 15009 15008)
4(15008 15009 15090 15089)
4(15089 15090 15171 15170)
4(15170 15171 15252 15251)
4(15251 15252 15333 15332)
4(15332 15333 15414 15413)
4(15413 15414 15495 15494)
4(15494 15495 15576 15575)
4(15575 15576 15657 15656)
4(15656 15657 15738 15737)
4(15737 15738 15819 15818)
4(15818 15819 15900 15899)
4(15899 15900 15981 15980)
4(15980 15981 16062 16061)
4(16061 16062 16143 16142)
4(16142 16143 16224 16223)
4(16223 16224 16305 16304)
4(16304 16305 16386 16385)
4(16385 16386 16467 16466)
4(8367 8368 14524 14523)
4(14523 14524 14605 14604)
4(14604 14605 14686 14685)
4(14685 14686 14767 14766)
4(14766 14767 14848 14847)
4(14847 14848 14929 14928)
4(14928 14929 15010 15009)
4(15009 15010 15091 15090)
4(15090 15091 15172 15171)
4(15171 15172 15253 15252)
4(15252 15253 15334 15333)
4(15333 15334 15415 15414)
4(15414 15415 15496 15495)
4(15495 15496 15577 15576)
4(15576 15577 15658 15657)
4(15657 15658 15739 15738)
4(15738 15739 15820 15819)
4(15819 15820 15901 15900)
4(15900 15901 15982 15981)
4(15981 15982 16063 16062)
4(16062 16063 16144 16143)
4(16143 16144 16225 16224)
4(16224 16225 16306 16305)
4(16305 16306 16387 16386)
4(16386 16387 16468 16467)
4(8368 8369 14525 14524)
4(14524 14525 14606 14605)
4(14605 14606 14687 14686)
4(14686 14687 14768 14767)
4(14767 14768 14849 14848)
4(14848 14849 14930 14929)
4(14929 14930 15011 15010)
4(15010 15011 15092 15091)
4(15091 15092 15173 15172)
4(15172 15173 15254 15253)
4(15253 15254 15335 15334)
4(15334 15335 15416 15415)
4(15415 15416 15497 15496)
4(15496 15497 15578 15577)
4(15577 15578 15659 15658)
4(15658 15659 15740 15739)
4(15739 15740 15821 15820)
4(15820 15821 15902 15901)
4(15901 15902 15983 15982)
4(15982 15983 16064 16063)
4(16063 16064 16145 16144)
4(16144 16145 16226 16225)
4(16225 16226 16307 16306)
4(16306 16307 16388 16387)
4(16387 16388 16469 16468)
4(8369 8370 14526 14525)
4(14525 14526 14607 14606)
4(14606 14607 14688 14687)
4(14687 14688 14769 14768)
4(14768 14769 14850 14849)
4(14849 14850 14931 14930)
4(14930 14931 15012 15011)
4(15011 15012 15093 15092)
4(15092 15093 15174 15173)
4(15173 15174 15255 15254)
4(15254 15255 15336 15335)
4(15335 15336 15417 15416)
4(15416 15417 15498 15497)
4(15497 15498 15579 15578)
4(15578 15579 15660 15659)
4(15659 15660 15741 15740)
4(15740 15741 15822 15821)
4(15821 15822 15903 15902)
4(15902 15903 15984 15983)
4(15983 15984 16065 16064)
4(16064 16065 16146 16145)
4(16145 16146 16227 16226)
4(16226 16227 16308 16307)
4(16307 16308 16389 16388)
4(16388 16389 16470 16469)
4(8370 8371 14527 14526)
4(14526 14527 14608 14607)
4(14607 14608 14689 14688)
4(14688 14689 14770 14769)
4(14769 14770 14851 14850)
4(14850 14851 14932 14931)
4(14931 14932 15013 15012)
4(15012 15013 15094 15093)
4(15093 15094 15175 15174)
4(15174 15175 15256 15255)
4(15255 15256 15337 15336)
4(15336 15337 15418 15417)
4(15417 15418 15499 15498)
4(15498 15499 15580 15579)
4(15579 15580 15661 15660)
4(15660 15661 15742 15741)
4(15741 15742 15823 15822)
4(15822 15823 15904 15903)
4(15903 15904 15985 15984)
4(15984 15985 16066 16065)
4(16065 16066 16147 16146)
4(16146 16147 16228 16227)
4(16227 16228 16309 16308)
4(16308 16309 16390 16389)
4(16389 16390 16471 16470)
4(8371 8372 14528 14527)
4(14527 14528 14609 14608)
4(14608 14609 14690 14689)
4(14689 14690 14771 14770)
4(14770 14771 14852 14851)
4(14851 14852 14933 14932)
4(14932 14933 15014 15013)
4(15013 15014 15095 15094)
4(15094 15095 15176 15175)
4(15175 15176 15257 15256)
4(15256 15257 15338 15337)
4(15337 15338 15419 15418)
4(15418 15419 15500 15499)
4(15499 15500 15581 15580)
4(15580 15581 15662 15661)
4(15661 15662 15743 15742)
4(15742 15743 15824 15823)
4(15823 15824 15905 15904)
4(15904 15905 15986 15985)
4(15985 15986 16067 16066)
4(16066 16067 16148 16147)
4(16147 16148 16229 16228)
4(16228 16229 16310 16309)
4(16309 16310 16391 16390)
4(16390 16391 16472 16471)
4(8372 8373 14529 14528)
4(14528 14529 14610 14609)
4(14609 14610 14691 14690)
4(14690 14691 14772 14771)
4(14771 14772 14853 14852)
4(14852 14853 14934 14933)
4(14933 14934 15015 15014)
4(15014 15015 15096 15095)
4(15095 15096 15177 15176)
4(15176 15177 15258 15257)
4(15257 15258 15339 15338)
4(15338 15339 15420 15419)
4(15419 15420 15501 15500)
4(15500 15501 15582 15581)
4(15581 15582 15663 15662)
4(15662 15663 15744 15743)
4(15743 15744 15825 15824)
4(15824 15825 15906 15905)
4(15905 15906 15987 15986)
4(15986 15987 16068 16067)
4(16067 16068 16149 16148)
4(16148 16149 16230 16229)
4(16229 16230 16311 16310)
4(16310 16311 16392 16391)
4(16391 16392 16473 16472)
4(8373 8374 14530 14529)
4(14529 14530 14611 14610)
4(14610 14611 14692 14691)
4(14691 14692 14773 14772)
4(14772 14773 14854 14853)
4(14853 14854 14935 14934)
4(14934 14935 15016 15015)
4(15015 15016 15097 15096)
4(15096 15097 15178 15177)
4(15177 15178 15259 15258)
4(15258 15259 15340 15339)
4(15339 15340 15421 15420)
4(15420 15421 15502 15501)
4(15501 15502 15583 15582)
4(15582 15583 15664 15663)
4(15663 15664 15745 15744)
4(15744 15745 15826 15825)
4(15825 15826 15907 15906)
4(15906 15907 15988 15987)
4(15987 15988 16069 16068)
4(16068 16069 16150 16149)
4(16149 16150 16231 16230)
4(16230 16231 16312 16311)
4(16311 16312 16393 16392)
4(16392 16393 16474 16473)
4(8374 8375 14531 14530)
4(14530 14531 14612 14611)
4(14611 14612 14693 14692)
4(14692 14693 14774 14773)
4(14773 14774 14855 14854)
4(14854 14855 14936 14935)
4(14935 14936 15017 15016)
4(15016 15017 15098 15097)
4(15097 15098 15179 15178)
4(15178 15179 15260 15259)
4(15259 15260 15341 15340)
4(15340 15341 15422 15421)
4(15421 15422 15503 15502)
4(15502 15503 15584 15583)
4(15583 15584 15665 15664)
4(15664 15665 15746 15745)
4(15745 15746 15827 15826)
4(15826 15827 15908 15907)
4(15907 15908 15989 15988)
4(15988 15989 16070 16069)
4(16069 16070 16151 16150)
4(16150 16151 16232 16231)
4(16231 16232 16313 16312)
4(16312 16313 16394 16393)
4(16393 16394 16475 16474)
4(8375 8376 14532 14531)
4(14531 14532 14613 14612)
4(14612 14613 14694 14693)
4(14693 14694 14775 14774)
4(14774 14775 14856 14855)
4(14855 14856 14937 14936)
4(14936 14937 15018 15017)
4(15017 15018 15099 15098)
4(15098 15099 15180 15179)
4(15179 15180 15261 15260)
4(15260 15261 15342 15341)
4(15341 15342 15423 15422)
4(15422 15423 15504 15503)
4(15503 15504 15585 15584)
4(15584 15585 15666 15665)
4(15665 15666 15747 15746)
4(15746 15747 15828 15827)
4(15827 15828 15909 15908)
4(15908 15909 15990 15989)
4(15989 15990 16071 16070)
4(16070 16071 16152 16151)
4(16151 16152 16233 16232)
4(16232 16233 16314 16313)
4(16313 16314 16395 16394)
4(16394 16395 16476 16475)
4(8376 8377 14533 14532)
4(14532 14533 14614 14613)
4(14613 14614 14695 14694)
4(14694 14695 14776 14775)
4(14775 14776 14857 14856)
4(14856 14857 14938 14937)
4(14937 14938 15019 15018)
4(15018 15019 15100 15099)
4(15099 15100 15181 15180)
4(15180 15181 15262 15261)
4(15261 15262 15343 15342)
4(15342 15343 15424 15423)
4(15423 15424 15505 15504)
4(15504 15505 15586 15585)
4(15585 15586 15667 15666)
4(15666 15667 15748 15747)
4(15747 15748 15829 15828)
4(15828 15829 15910 15909)
4(15909 15910 15991 15990)
4(15990 15991 16072 16071)
4(16071 16072 16153 16152)
4(16152 16153 16234 16233)
4(16233 16234 16315 16314)
4(16314 16315 16396 16395)
4(16395 16396 16477 16476)
4(8377 8378 14534 14533)
4(14533 14534 14615 14614)
4(14614 14615 14696 14695)
4(14695 14696 14777 14776)
4(14776 14777 14858 14857)
4(14857 14858 14939 14938)
4(14938 14939 15020 15019)
4(15019 15020 15101 15100)
4(15100 15101 15182 15181)
4(15181 15182 15263 15262)
4(15262 15263 15344 15343)
4(15343 15344 15425 15424)
4(15424 15425 15506 15505)
4(15505 15506 15587 15586)
4(15586 15587 15668 15667)
4(15667 15668 15749 15748)
4(15748 15749 15830 15829)
4(15829 15830 15911 15910)
4(15910 15911 15992 15991)
4(15991 15992 16073 16072)
4(16072 16073 16154 16153)
4(16153 16154 16235 16234)
4(16234 16235 16316 16315)
4(16315 16316 16397 16396)
4(16396 16397 16478 16477)
4(8378 8379 14535 14534)
4(14534 14535 14616 14615)
4(14615 14616 14697 14696)
4(14696 14697 14778 14777)
4(14777 14778 14859 14858)
4(14858 14859 14940 14939)
4(14939 14940 15021 15020)
4(15020 15021 15102 15101)
4(15101 15102 15183 15182)
4(15182 15183 15264 15263)
4(15263 15264 15345 15344)
4(15344 15345 15426 15425)
4(15425 15426 15507 15506)
4(15506 15507 15588 15587)
4(15587 15588 15669 15668)
4(15668 15669 15750 15749)
4(15749 15750 15831 15830)
4(15830 15831 15912 15911)
4(15911 15912 15993 15992)
4(15992 15993 16074 16073)
4(16073 16074 16155 16154)
4(16154 16155 16236 16235)
4(16235 16236 16317 16316)
4(16316 16317 16398 16397)
4(16397 16398 16479 16478)
4(8379 8380 14536 14535)
4(14535 14536 14617 14616)
4(14616 14617 14698 14697)
4(14697 14698 14779 14778)
4(14778 14779 14860 14859)
4(14859 14860 14941 14940)
4(14940 14941 15022 15021)
4(15021 15022 15103 15102)
4(15102 15103 15184 15183)
4(15183 15184 15265 15264)
4(15264 15265 15346 15345)
4(15345 15346 15427 15426)
4(15426 15427 15508 15507)
4(15507 15508 15589 15588)
4(15588 15589 15670 15669)
4(15669 15670 15751 15750)
4(15750 15751 15832 15831)
4(15831 15832 15913 15912)
4(15912 15913 15994 15993)
4(15993 15994 16075 16074)
4(16074 16075 16156 16155)
4(16155 16156 16237 16236)
4(16236 16237 16318 16317)
4(16317 16318 16399 16398)
4(16398 16399 16480 16479)
4(8380 8381 14537 14536)
4(14536 14537 14618 14617)
4(14617 14618 14699 14698)
4(14698 14699 14780 14779)
4(14779 14780 14861 14860)
4(14860 14861 14942 14941)
4(14941 14942 15023 15022)
4(15022 15023 15104 15103)
4(15103 15104 15185 15184)
4(15184 15185 15266 15265)
4(15265 15266 15347 15346)
4(15346 15347 15428 15427)
4(15427 15428 15509 15508)
4(15508 15509 15590 15589)
4(15589 15590 15671 15670)
4(15670 15671 15752 15751)
4(15751 15752 15833 15832)
4(15832 15833 15914 15913)
4(15913 15914 15995 15994)
4(15994 15995 16076 16075)
4(16075 16076 16157 16156)
4(16156 16157 16238 16237)
4(16237 16238 16319 16318)
4(16318 16319 16400 16399)
4(16399 16400 16481 16480)
4(8381 8382 14538 14537)
4(14537 14538 14619 14618)
4(14618 14619 14700 14699)
4(14699 14700 14781 14780)
4(14780 14781 14862 14861)
4(14861 14862 14943 14942)
4(14942 14943 15024 15023)
4(15023 15024 15105 15104)
4(15104 15105 15186 15185)
4(15185 15186 15267 15266)
4(15266 15267 15348 15347)
4(15347 15348 15429 15428)
4(15428 15429 15510 15509)
4(15509 15510 15591 15590)
4(15590 15591 15672 15671)
4(15671 15672 15753 15752)
4(15752 15753 15834 15833)
4(15833 15834 15915 15914)
4(15914 15915 15996 15995)
4(15995 15996 16077 16076)
4(16076 16077 16158 16157)
4(16157 16158 16239 16238)
4(16238 16239 16320 16319)
4(16319 16320 16401 16400)
4(16400 16401 16482 16481)
4(8382 8383 14539 14538)
4(14538 14539 14620 14619)
4(14619 14620 14701 14700)
4(14700 14701 14782 14781)
4(14781 14782 14863 14862)
4(14862 14863 14944 14943)
4(14943 14944 15025 15024)
4(15024 15025 15106 15105)
4(15105 15106 15187 15186)
4(15186 15187 15268 15267)
4(15267 15268 15349 15348)
4(15348 15349 15430 15429)
4(15429 15430 15511 15510)
4(15510 15511 15592 15591)
4(15591 15592 15673 15672)
4(15672 15673 15754 15753)
4(15753 15754 15835 15834)
4(15834 15835 15916 15915)
4(15915 15916 15997 15996)
4(15996 15997 16078 16077)
4(16077 16078 16159 16158)
4(16158 16159 16240 16239)
4(16239 16240 16321 16320)
4(16320 16321 16402 16401)
4(16401 16402 16483 16482)
4(8383 8384 14540 14539)
4(14539 14540 14621 14620)
4(14620 14621 14702 14701)
4(14701 14702 14783 14782)
4(14782 14783 14864 14863)
4(14863 14864 14945 14944)
4(14944 14945 15026 15025)
4(15025 15026 15107 15106)
4(15106 15107 15188 15187)
4(15187 15188 15269 15268)
4(15268 15269 15350 15349)
4(15349 15350 15431 15430)
4(15430 15431 15512 15511)
4(15511 15512 15593 15592)
4(15592 15593 15674 15673)
4(15673 15674 15755 15754)
4(15754 15755 15836 15835)
4(15835 15836 15917 15916)
4(15916 15917 15998 15997)
4(15997 15998 16079 16078)
4(16078 16079 16160 16159)
4(16159 16160 16241 16240)
4(16240 16241 16322 16321)
4(16321 16322 16403 16402)
4(16402 16403 16484 16483)
4(8384 8385 14541 14540)
4(14540 14541 14622 14621)
4(14621 14622 14703 14702)
4(14702 14703 14784 14783)
4(14783 14784 14865 14864)
4(14864 14865 14946 14945)
4(14945 14946 15027 15026)
4(15026 15027 15108 15107)
4(15107 15108 15189 15188)
4(15188 15189 15270 15269)
4(15269 15270 15351 15350)
4(15350 15351 15432 15431)
4(15431 15432 15513 15512)
4(15512 15513 15594 15593)
4(15593 15594 15675 15674)
4(15674 15675 15756 15755)
4(15755 15756 15837 15836)
4(15836 15837 15918 15917)
4(15917 15918 15999 15998)
4(15998 15999 16080 16079)
4(16079 16080 16161 16160)
4(16160 16161 16242 16241)
4(16241 16242 16323 16322)
4(16322 16323 16404 16403)
4(16403 16404 16485 16484)
4(8385 8386 14542 14541)
4(14541 14542 14623 14622)
4(14622 14623 14704 14703)
4(14703 14704 14785 14784)
4(14784 14785 14866 14865)
4(14865 14866 14947 14946)
4(14946 14947 15028 15027)
4(15027 15028 15109 15108)
4(15108 15109 15190 15189)
4(15189 15190 15271 15270)
4(15270 15271 15352 15351)
4(15351 15352 15433 15432)
4(15432 15433 15514 15513)
4(15513 15514 15595 15594)
4(15594 15595 15676 15675)
4(15675 15676 15757 15756)
4(15756 15757 15838 15837)
4(15837 15838 15919 15918)
4(15918 15919 16000 15999)
4(15999 16000 16081 16080)
4(16080 16081 16162 16161)
4(16161 16162 16243 16242)
4(16242 16243 16324 16323)
4(16323 16324 16405 16404)
4(16404 16405 16486 16485)
4(8386 8387 14543 14542)
4(14542 14543 14624 14623)
4(14623 14624 14705 14704)
4(14704 14705 14786 14785)
4(14785 14786 14867 14866)
4(14866 14867 14948 14947)
4(14947 14948 15029 15028)
4(15028 15029 15110 15109)
4(15109 15110 15191 15190)
4(15190 15191 15272 15271)
4(15271 15272 15353 15352)
4(15352 15353 15434 15433)
4(15433 15434 15515 15514)
4(15514 15515 15596 15595)
4(15595 15596 15677 15676)
4(15676 15677 15758 15757)
4(15757 15758 15839 15838)
4(15838 15839 15920 15919)
4(15919 15920 16001 16000)
4(16000 16001 16082 16081)
4(16081 16082 16163 16162)
4(16162 16163 16244 16243)
4(16243 16244 16325 16324)
4(16324 16325 16406 16405)
4(16405 16406 16487 16486)
4(8387 8388 14544 14543)
4(14543 14544 14625 14624)
4(14624 14625 14706 14705)
4(14705 14706 14787 14786)
4(14786 14787 14868 14867)
4(14867 14868 14949 14948)
4(14948 14949 15030 15029)
4(15029 15030 15111 15110)
4(15110 15111 15192 15191)
4(15191 15192 15273 15272)
4(15272 15273 15354 15353)
4(15353 15354 15435 15434)
4(15434 15435 15516 15515)
4(15515 15516 15597 15596)
4(15596 15597 15678 15677)
4(15677 15678 15759 15758)
4(15758 15759 15840 15839)
4(15839 15840 15921 15920)
4(15920 15921 16002 16001)
4(16001 16002 16083 16082)
4(16082 16083 16164 16163)
4(16163 16164 16245 16244)
4(16244 16245 16326 16325)
4(16325 16326 16407 16406)
4(16406 16407 16488 16487)
4(8388 8389 14545 14544)
4(14544 14545 14626 14625)
4(14625 14626 14707 14706)
4(14706 14707 14788 14787)
4(14787 14788 14869 14868)
4(14868 14869 14950 14949)
4(14949 14950 15031 15030)
4(15030 15031 15112 15111)
4(15111 15112 15193 15192)
4(15192 15193 15274 15273)
4(15273 15274 15355 15354)
4(15354 15355 15436 15435)
4(15435 15436 15517 15516)
4(15516 15517 15598 15597)
4(15597 15598 15679 15678)
4(15678 15679 15760 15759)
4(15759 15760 15841 15840)
4(15840 15841 15922 15921)
4(15921 15922 16003 16002)
4(16002 16003 16084 16083)
4(16083 16084 16165 16164)
4(16164 16165 16246 16245)
4(16245 16246 16327 16326)
4(16326 16327 16408 16407)
4(16407 16408 16489 16488)
4(8389 8390 14546 14545)
4(14545 14546 14627 14626)
4(14626 14627 14708 14707)
4(14707 14708 14789 14788)
4(14788 14789 14870 14869)
4(14869 14870 14951 14950)
4(14950 14951 15032 15031)
4(15031 15032 15113 15112)
4(15112 15113 15194 15193)
4(15193 15194 15275 15274)
4(15274 15275 15356 15355)
4(15355 15356 15437 15436)
4(15436 15437 15518 15517)
4(15517 15518 15599 15598)
4(15598 15599 15680 15679)
4(15679 15680 15761 15760)
4(15760 15761 15842 15841)
4(15841 15842 15923 15922)
4(15922 15923 16004 16003)
4(16003 16004 16085 16084)
4(16084 16085 16166 16165)
4(16165 16166 16247 16246)
4(16246 16247 16328 16327)
4(16327 16328 16409 16408)
4(16408 16409 16490 16489)
4(8390 8391 14547 14546)
4(14546 14547 14628 14627)
4(14627 14628 14709 14708)
4(14708 14709 14790 14789)
4(14789 14790 14871 14870)
4(14870 14871 14952 14951)
4(14951 14952 15033 15032)
4(15032 15033 15114 15113)
4(15113 15114 15195 15194)
4(15194 15195 15276 15275)
4(15275 15276 15357 15356)
4(15356 15357 15438 15437)
4(15437 15438 15519 15518)
4(15518 15519 15600 15599)
4(15599 15600 15681 15680)
4(15680 15681 15762 15761)
4(15761 15762 15843 15842)
4(15842 15843 15924 15923)
4(15923 15924 16005 16004)
4(16004 16005 16086 16085)
4(16085 16086 16167 16166)
4(16166 16167 16248 16247)
4(16247 16248 16329 16328)
4(16328 16329 16410 16409)
4(16409 16410 16491 16490)
4(8391 8392 14548 14547)
4(14547 14548 14629 14628)
4(14628 14629 14710 14709)
4(14709 14710 14791 14790)
4(14790 14791 14872 14871)
4(14871 14872 14953 14952)
4(14952 14953 15034 15033)
4(15033 15034 15115 15114)
4(15114 15115 15196 15195)
4(15195 15196 15277 15276)
4(15276 15277 15358 15357)
4(15357 15358 15439 15438)
4(15438 15439 15520 15519)
4(15519 15520 15601 15600)
4(15600 15601 15682 15681)
4(15681 15682 15763 15762)
4(15762 15763 15844 15843)
4(15843 15844 15925 15924)
4(15924 15925 16006 16005)
4(16005 16006 16087 16086)
4(16086 16087 16168 16167)
4(16167 16168 16249 16248)
4(16248 16249 16330 16329)
4(16329 16330 16411 16410)
4(16410 16411 16492 16491)
4(8392 8393 14549 14548)
4(14548 14549 14630 14629)
4(14629 14630 14711 14710)
4(14710 14711 14792 14791)
4(14791 14792 14873 14872)
4(14872 14873 14954 14953)
4(14953 14954 15035 15034)
4(15034 15035 15116 15115)
4(15115 15116 15197 15196)
4(15196 15197 15278 15277)
4(15277 15278 15359 15358)
4(15358 15359 15440 15439)
4(15439 15440 15521 15520)
4(15520 15521 15602 15601)
4(15601 15602 15683 15682)
4(15682 15683 15764 15763)
4(15763 15764 15845 15844)
4(15844 15845 15926 15925)
4(15925 15926 16007 16006)
4(16006 16007 16088 16087)
4(16087 16088 16169 16168)
4(16168 16169 16250 16249)
4(16249 16250 16331 16330)
4(16330 16331 16412 16411)
4(16411 16412 16493 16492)
4(8393 8394 14550 14549)
4(14549 14550 14631 14630)
4(14630 14631 14712 14711)
4(14711 14712 14793 14792)
4(14792 14793 14874 14873)
4(14873 14874 14955 14954)
4(14954 14955 15036 15035)
4(15035 15036 15117 15116)
4(15116 15117 15198 15197)
4(15197 15198 15279 15278)
4(15278 15279 15360 15359)
4(15359 15360 15441 15440)
4(15440 15441 15522 15521)
4(15521 15522 15603 15602)
4(15602 15603 15684 15683)
4(15683 15684 15765 15764)
4(15764 15765 15846 15845)
4(15845 15846 15927 15926)
4(15926 15927 16008 16007)
4(16007 16008 16089 16088)
4(16088 16089 16170 16169)
4(16169 16170 16251 16250)
4(16250 16251 16332 16331)
4(16331 16332 16413 16412)
4(16412 16413 16494 16493)
4(8394 8395 14551 14550)
4(14550 14551 14632 14631)
4(14631 14632 14713 14712)
4(14712 14713 14794 14793)
4(14793 14794 14875 14874)
4(14874 14875 14956 14955)
4(14955 14956 15037 15036)
4(15036 15037 15118 15117)
4(15117 15118 15199 15198)
4(15198 15199 15280 15279)
4(15279 15280 15361 15360)
4(15360 15361 15442 15441)
4(15441 15442 15523 15522)
4(15522 15523 15604 15603)
4(15603 15604 15685 15684)
4(15684 15685 15766 15765)
4(15765 15766 15847 15846)
4(15846 15847 15928 15927)
4(15927 15928 16009 16008)
4(16008 16009 16090 16089)
4(16089 16090 16171 16170)
4(16170 16171 16252 16251)
4(16251 16252 16333 16332)
4(16332 16333 16414 16413)
4(16413 16414 16495 16494)
4(8395 8396 14552 14551)
4(14551 14552 14633 14632)
4(14632 14633 14714 14713)
4(14713 14714 14795 14794)
4(14794 14795 14876 14875)
4(14875 14876 14957 14956)
4(14956 14957 15038 15037)
4(15037 15038 15119 15118)
4(15118 15119 15200 15199)
4(15199 15200 15281 15280)
4(15280 15281 15362 15361)
4(15361 15362 15443 15442)
4(15442 15443 15524 15523)
4(15523 15524 15605 15604)
4(15604 15605 15686 15685)
4(15685 15686 15767 15766)
4(15766 15767 15848 15847)
4(15847 15848 15929 15928)
4(15928 15929 16010 16009)
4(16009 16010 16091 16090)
4(16090 16091 16172 16171)
4(16171 16172 16253 16252)
4(16252 16253 16334 16333)
4(16333 16334 16415 16414)
4(16414 16415 16496 16495)
4(8396 8397 14553 14552)
4(14552 14553 14634 14633)
4(14633 14634 14715 14714)
4(14714 14715 14796 14795)
4(14795 14796 14877 14876)
4(14876 14877 14958 14957)
4(14957 14958 15039 15038)
4(15038 15039 15120 15119)
4(15119 15120 15201 15200)
4(15200 15201 15282 15281)
4(15281 15282 15363 15362)
4(15362 15363 15444 15443)
4(15443 15444 15525 15524)
4(15524 15525 15606 15605)
4(15605 15606 15687 15686)
4(15686 15687 15768 15767)
4(15767 15768 15849 15848)
4(15848 15849 15930 15929)
4(15929 15930 16011 16010)
4(16010 16011 16092 16091)
4(16091 16092 16173 16172)
4(16172 16173 16254 16253)
4(16253 16254 16335 16334)
4(16334 16335 16416 16415)
4(16415 16416 16497 16496)
4(8397 8398 14554 14553)
4(14553 14554 14635 14634)
4(14634 14635 14716 14715)
4(14715 14716 14797 14796)
4(14796 14797 14878 14877)
4(14877 14878 14959 14958)
4(14958 14959 15040 15039)
4(15039 15040 15121 15120)
4(15120 15121 15202 15201)
4(15201 15202 15283 15282)
4(15282 15283 15364 15363)
4(15363 15364 15445 15444)
4(15444 15445 15526 15525)
4(15525 15526 15607 15606)
4(15606 15607 15688 15687)
4(15687 15688 15769 15768)
4(15768 15769 15850 15849)
4(15849 15850 15931 15930)
4(15930 15931 16012 16011)
4(16011 16012 16093 16092)
4(16092 16093 16174 16173)
4(16173 16174 16255 16254)
4(16254 16255 16336 16335)
4(16335 16336 16417 16416)
4(16416 16417 16498 16497)
4(8398 8399 14555 14554)
4(14554 14555 14636 14635)
4(14635 14636 14717 14716)
4(14716 14717 14798 14797)
4(14797 14798 14879 14878)
4(14878 14879 14960 14959)
4(14959 14960 15041 15040)
4(15040 15041 15122 15121)
4(15121 15122 15203 15202)
4(15202 15203 15284 15283)
4(15283 15284 15365 15364)
4(15364 15365 15446 15445)
4(15445 15446 15527 15526)
4(15526 15527 15608 15607)
4(15607 15608 15689 15688)
4(15688 15689 15770 15769)
4(15769 15770 15851 15850)
4(15850 15851 15932 15931)
4(15931 15932 16013 16012)
4(16012 16013 16094 16093)
4(16093 16094 16175 16174)
4(16174 16175 16256 16255)
4(16255 16256 16337 16336)
4(16336 16337 16418 16417)
4(16417 16418 16499 16498)
4(8399 8400 14556 14555)
4(14555 14556 14637 14636)
4(14636 14637 14718 14717)
4(14717 14718 14799 14798)
4(14798 14799 14880 14879)
4(14879 14880 14961 14960)
4(14960 14961 15042 15041)
4(15041 15042 15123 15122)
4(15122 15123 15204 15203)
4(15203 15204 15285 15284)
4(15284 15285 15366 15365)
4(15365 15366 15447 15446)
4(15446 15447 15528 15527)
4(15527 15528 15609 15608)
4(15608 15609 15690 15689)
4(15689 15690 15771 15770)
4(15770 15771 15852 15851)
4(15851 15852 15933 15932)
4(15932 15933 16014 16013)
4(16013 16014 16095 16094)
4(16094 16095 16176 16175)
4(16175 16176 16257 16256)
4(16256 16257 16338 16337)
4(16337 16338 16419 16418)
4(16418 16419 16500 16499)
4(8400 8401 14557 14556)
4(14556 14557 14638 14637)
4(14637 14638 14719 14718)
4(14718 14719 14800 14799)
4(14799 14800 14881 14880)
4(14880 14881 14962 14961)
4(14961 14962 15043 15042)
4(15042 15043 15124 15123)
4(15123 15124 15205 15204)
4(15204 15205 15286 15285)
4(15285 15286 15367 15366)
4(15366 15367 15448 15447)
4(15447 15448 15529 15528)
4(15528 15529 15610 15609)
4(15609 15610 15691 15690)
4(15690 15691 15772 15771)
4(15771 15772 15853 15852)
4(15852 15853 15934 15933)
4(15933 15934 16015 16014)
4(16014 16015 16096 16095)
4(16095 16096 16177 16176)
4(16176 16177 16258 16257)
4(16257 16258 16339 16338)
4(16338 16339 16420 16419)
4(16419 16420 16501 16500)
4(8401 8402 14558 14557)
4(14557 14558 14639 14638)
4(14638 14639 14720 14719)
4(14719 14720 14801 14800)
4(14800 14801 14882 14881)
4(14881 14882 14963 14962)
4(14962 14963 15044 15043)
4(15043 15044 15125 15124)
4(15124 15125 15206 15205)
4(15205 15206 15287 15286)
4(15286 15287 15368 15367)
4(15367 15368 15449 15448)
4(15448 15449 15530 15529)
4(15529 15530 15611 15610)
4(15610 15611 15692 15691)
4(15691 15692 15773 15772)
4(15772 15773 15854 15853)
4(15853 15854 15935 15934)
4(15934 15935 16016 16015)
4(16015 16016 16097 16096)
4(16096 16097 16178 16177)
4(16177 16178 16259 16258)
4(16258 16259 16340 16339)
4(16339 16340 16421 16420)
4(16420 16421 16502 16501)
4(8402 8403 14559 14558)
4(14558 14559 14640 14639)
4(14639 14640 14721 14720)
4(14720 14721 14802 14801)
4(14801 14802 14883 14882)
4(14882 14883 14964 14963)
4(14963 14964 15045 15044)
4(15044 15045 15126 15125)
4(15125 15126 15207 15206)
4(15206 15207 15288 15287)
4(15287 15288 15369 15368)
4(15368 15369 15450 15449)
4(15449 15450 15531 15530)
4(15530 15531 15612 15611)
4(15611 15612 15693 15692)
4(15692 15693 15774 15773)
4(15773 15774 15855 15854)
4(15854 15855 15936 15935)
4(15935 15936 16017 16016)
4(16016 16017 16098 16097)
4(16097 16098 16179 16178)
4(16178 16179 16260 16259)
4(16259 16260 16341 16340)
4(16340 16341 16422 16421)
4(16421 16422 16503 16502)
4(8403 8404 14560 14559)
4(14559 14560 14641 14640)
4(14640 14641 14722 14721)
4(14721 14722 14803 14802)
4(14802 14803 14884 14883)
4(14883 14884 14965 14964)
4(14964 14965 15046 15045)
4(15045 15046 15127 15126)
4(15126 15127 15208 15207)
4(15207 15208 15289 15288)
4(15288 15289 15370 15369)
4(15369 15370 15451 15450)
4(15450 15451 15532 15531)
4(15531 15532 15613 15612)
4(15612 15613 15694 15693)
4(15693 15694 15775 15774)
4(15774 15775 15856 15855)
4(15855 15856 15937 15936)
4(15936 15937 16018 16017)
4(16017 16018 16099 16098)
4(16098 16099 16180 16179)
4(16179 16180 16261 16260)
4(16260 16261 16342 16341)
4(16341 16342 16423 16422)
4(16422 16423 16504 16503)
4(8404 8405 14561 14560)
4(14560 14561 14642 14641)
4(14641 14642 14723 14722)
4(14722 14723 14804 14803)
4(14803 14804 14885 14884)
4(14884 14885 14966 14965)
4(14965 14966 15047 15046)
4(15046 15047 15128 15127)
4(15127 15128 15209 15208)
4(15208 15209 15290 15289)
4(15289 15290 15371 15370)
4(15370 15371 15452 15451)
4(15451 15452 15533 15532)
4(15532 15533 15614 15613)
4(15613 15614 15695 15694)
4(15694 15695 15776 15775)
4(15775 15776 15857 15856)
4(15856 15857 15938 15937)
4(15937 15938 16019 16018)
4(16018 16019 16100 16099)
4(16099 16100 16181 16180)
4(16180 16181 16262 16261)
4(16261 16262 16343 16342)
4(16342 16343 16424 16423)
4(16423 16424 16505 16504)
4(8405 8406 14562 14561)
4(14561 14562 14643 14642)
4(14642 14643 14724 14723)
4(14723 14724 14805 14804)
4(14804 14805 14886 14885)
4(14885 14886 14967 14966)
4(14966 14967 15048 15047)
4(15047 15048 15129 15128)
4(15128 15129 15210 15209)
4(15209 15210 15291 15290)
4(15290 15291 15372 15371)
4(15371 15372 15453 15452)
4(15452 15453 15534 15533)
4(15533 15534 15615 15614)
4(15614 15615 15696 15695)
4(15695 15696 15777 15776)
4(15776 15777 15858 15857)
4(15857 15858 15939 15938)
4(15938 15939 16020 16019)
4(16019 16020 16101 16100)
4(16100 16101 16182 16181)
4(16181 16182 16263 16262)
4(16262 16263 16344 16343)
4(16343 16344 16425 16424)
4(16424 16425 16506 16505)
4(8406 8407 14563 14562)
4(14562 14563 14644 14643)
4(14643 14644 14725 14724)
4(14724 14725 14806 14805)
4(14805 14806 14887 14886)
4(14886 14887 14968 14967)
4(14967 14968 15049 15048)
4(15048 15049 15130 15129)
4(15129 15130 15211 15210)
4(15210 15211 15292 15291)
4(15291 15292 15373 15372)
4(15372 15373 15454 15453)
4(15453 15454 15535 15534)
4(15534 15535 15616 15615)
4(15615 15616 15697 15696)
4(15696 15697 15778 15777)
4(15777 15778 15859 15858)
4(15858 15859 15940 15939)
4(15939 15940 16021 16020)
4(16020 16021 16102 16101)
4(16101 16102 16183 16182)
4(16182 16183 16264 16263)
4(16263 16264 16345 16344)
4(16344 16345 16426 16425)
4(16425 16426 16507 16506)
4(8407 8408 14564 14563)
4(14563 14564 14645 14644)
4(14644 14645 14726 14725)
4(14725 14726 14807 14806)
4(14806 14807 14888 14887)
4(14887 14888 14969 14968)
4(14968 14969 15050 15049)
4(15049 15050 15131 15130)
4(15130 15131 15212 15211)
4(15211 15212 15293 15292)
4(15292 15293 15374 15373)
4(15373 15374 15455 15454)
4(15454 15455 15536 15535)
4(15535 15536 15617 15616)
4(15616 15617 15698 15697)
4(15697 15698 15779 15778)
4(15778 15779 15860 15859)
4(15859 15860 15941 15940)
4(15940 15941 16022 16021)
4(16021 16022 16103 16102)
4(16102 16103 16184 16183)
4(16183 16184 16265 16264)
4(16264 16265 16346 16345)
4(16345 16346 16427 16426)
4(16426 16427 16508 16507)
4(8408 8409 14565 14564)
4(14564 14565 14646 14645)
4(14645 14646 14727 14726)
4(14726 14727 14808 14807)
4(14807 14808 14889 14888)
4(14888 14889 14970 14969)
4(14969 14970 15051 15050)
4(15050 15051 15132 15131)
4(15131 15132 15213 15212)
4(15212 15213 15294 15293)
4(15293 15294 15375 15374)
4(15374 15375 15456 15455)
4(15455 15456 15537 15536)
4(15536 15537 15618 15617)
4(15617 15618 15699 15698)
4(15698 15699 15780 15779)
4(15779 15780 15861 15860)
4(15860 15861 15942 15941)
4(15941 15942 16023 16022)
4(16022 16023 16104 16103)
4(16103 16104 16185 16184)
4(16184 16185 16266 16265)
4(16265 16266 16347 16346)
4(16346 16347 16428 16427)
4(16427 16428 16509 16508)
4(8409 8410 14566 14565)
4(14565 14566 14647 14646)
4(14646 14647 14728 14727)
4(14727 14728 14809 14808)
4(14808 14809 14890 14889)
4(14889 14890 14971 14970)
4(14970 14971 15052 15051)
4(15051 15052 15133 15132)
4(15132 15133 15214 15213)
4(15213 15214 15295 15294)
4(15294 15295 15376 15375)
4(15375 15376 15457 15456)
4(15456 15457 15538 15537)
4(15537 15538 15619 15618)
4(15618 15619 15700 15699)
4(15699 15700 15781 15780)
4(15780 15781 15862 15861)
4(15861 15862 15943 15942)
4(15942 15943 16024 16023)
4(16023 16024 16105 16104)
4(16104 16105 16186 16185)
4(16185 16186 16267 16266)
4(16266 16267 16348 16347)
4(16347 16348 16429 16428)
4(16428 16429 16510 16509)
4(8410 8411 14567 14566)
4(14566 14567 14648 14647)
4(14647 14648 14729 14728)
4(14728 14729 14810 14809)
4(14809 14810 14891 14890)
4(14890 14891 14972 14971)
4(14971 14972 15053 15052)
4(15052 15053 15134 15133)
4(15133 15134 15215 15214)
4(15214 15215 15296 15295)
4(15295 15296 15377 15376)
4(15376 15377 15458 15457)
4(15457 15458 15539 15538)
4(15538 15539 15620 15619)
4(15619 15620 15701 15700)
4(15700 15701 15782 15781)
4(15781 15782 15863 15862)
4(15862 15863 15944 15943)
4(15943 15944 16025 16024)
4(16024 16025 16106 16105)
4(16105 16106 16187 16186)
4(16186 16187 16268 16267)
4(16267 16268 16349 16348)
4(16348 16349 16430 16429)
4(16429 16430 16511 16510)
4(8411 8412 14568 14567)
4(14567 14568 14649 14648)
4(14648 14649 14730 14729)
4(14729 14730 14811 14810)
4(14810 14811 14892 14891)
4(14891 14892 14973 14972)
4(14972 14973 15054 15053)
4(15053 15054 15135 15134)
4(15134 15135 15216 15215)
4(15215 15216 15297 15296)
4(15296 15297 15378 15377)
4(15377 15378 15459 15458)
4(15458 15459 15540 15539)
4(15539 15540 15621 15620)
4(15620 15621 15702 15701)
4(15701 15702 15783 15782)
4(15782 15783 15864 15863)
4(15863 15864 15945 15944)
4(15944 15945 16026 16025)
4(16025 16026 16107 16106)
4(16106 16107 16188 16187)
4(16187 16188 16269 16268)
4(16268 16269 16350 16349)
4(16349 16350 16431 16430)
4(16430 16431 16512 16511)
4(8412 8413 14569 14568)
4(14568 14569 14650 14649)
4(14649 14650 14731 14730)
4(14730 14731 14812 14811)
4(14811 14812 14893 14892)
4(14892 14893 14974 14973)
4(14973 14974 15055 15054)
4(15054 15055 15136 15135)
4(15135 15136 15217 15216)
4(15216 15217 15298 15297)
4(15297 15298 15379 15378)
4(15378 15379 15460 15459)
4(15459 15460 15541 15540)
4(15540 15541 15622 15621)
4(15621 15622 15703 15702)
4(15702 15703 15784 15783)
4(15783 15784 15865 15864)
4(15864 15865 15946 15945)
4(15945 15946 16027 16026)
4(16026 16027 16108 16107)
4(16107 16108 16189 16188)
4(16188 16189 16270 16269)
4(16269 16270 16351 16350)
4(16350 16351 16432 16431)
4(16431 16432 16513 16512)
4(8413 8414 14570 14569)
4(14569 14570 14651 14650)
4(14650 14651 14732 14731)
4(14731 14732 14813 14812)
4(14812 14813 14894 14893)
4(14893 14894 14975 14974)
4(14974 14975 15056 15055)
4(15055 15056 15137 15136)
4(15136 15137 15218 15217)
4(15217 15218 15299 15298)
4(15298 15299 15380 15379)
4(15379 15380 15461 15460)
4(15460 15461 15542 15541)
4(15541 15542 15623 15622)
4(15622 15623 15704 15703)
4(15703 15704 15785 15784)
4(15784 15785 15866 15865)
4(15865 15866 15947 15946)
4(15946 15947 16028 16027)
4(16027 16028 16109 16108)
4(16108 16109 16190 16189)
4(16189 16190 16271 16270)
4(16270 16271 16352 16351)
4(16351 16352 16433 16432)
4(16432 16433 16514 16513)
4(8414 8415 14571 14570)
4(14570 14571 14652 14651)
4(14651 14652 14733 14732)
4(14732 14733 14814 14813)
4(14813 14814 14895 14894)
4(14894 14895 14976 14975)
4(14975 14976 15057 15056)
4(15056 15057 15138 15137)
4(15137 15138 15219 15218)
4(15218 15219 15300 15299)
4(15299 15300 15381 15380)
4(15380 15381 15462 15461)
4(15461 15462 15543 15542)
4(15542 15543 15624 15623)
4(15623 15624 15705 15704)
4(15704 15705 15786 15785)
4(15785 15786 15867 15866)
4(15866 15867 15948 15947)
4(15947 15948 16029 16028)
4(16028 16029 16110 16109)
4(16109 16110 16191 16190)
4(16190 16191 16272 16271)
4(16271 16272 16353 16352)
4(16352 16353 16434 16433)
4(16433 16434 16515 16514)
4(8415 8416 14572 14571)
4(14571 14572 14653 14652)
4(14652 14653 14734 14733)
4(14733 14734 14815 14814)
4(14814 14815 14896 14895)
4(14895 14896 14977 14976)
4(14976 14977 15058 15057)
4(15057 15058 15139 15138)
4(15138 15139 15220 15219)
4(15219 15220 15301 15300)
4(15300 15301 15382 15381)
4(15381 15382 15463 15462)
4(15462 15463 15544 15543)
4(15543 15544 15625 15624)
4(15624 15625 15706 15705)
4(15705 15706 15787 15786)
4(15786 15787 15868 15867)
4(15867 15868 15949 15948)
4(15948 15949 16030 16029)
4(16029 16030 16111 16110)
4(16110 16111 16192 16191)
4(16191 16192 16273 16272)
4(16272 16273 16354 16353)
4(16353 16354 16435 16434)
4(16434 16435 16516 16515)
4(8416 8417 14573 14572)
4(14572 14573 14654 14653)
4(14653 14654 14735 14734)
4(14734 14735 14816 14815)
4(14815 14816 14897 14896)
4(14896 14897 14978 14977)
4(14977 14978 15059 15058)
4(15058 15059 15140 15139)
4(15139 15140 15221 15220)
4(15220 15221 15302 15301)
4(15301 15302 15383 15382)
4(15382 15383 15464 15463)
4(15463 15464 15545 15544)
4(15544 15545 15626 15625)
4(15625 15626 15707 15706)
4(15706 15707 15788 15787)
4(15787 15788 15869 15868)
4(15868 15869 15950 15949)
4(15949 15950 16031 16030)
4(16030 16031 16112 16111)
4(16111 16112 16193 16192)
4(16192 16193 16274 16273)
4(16273 16274 16355 16354)
4(16354 16355 16436 16435)
4(16435 16436 16517 16516)
4(8417 8418 14574 14573)
4(14573 14574 14655 14654)
4(14654 14655 14736 14735)
4(14735 14736 14817 14816)
4(14816 14817 14898 14897)
4(14897 14898 14979 14978)
4(14978 14979 15060 15059)
4(15059 15060 15141 15140)
4(15140 15141 15222 15221)
4(15221 15222 15303 15302)
4(15302 15303 15384 15383)
4(15383 15384 15465 15464)
4(15464 15465 15546 15545)
4(15545 15546 15627 15626)
4(15626 15627 15708 15707)
4(15707 15708 15789 15788)
4(15788 15789 15870 15869)
4(15869 15870 15951 15950)
4(15950 15951 16032 16031)
4(16031 16032 16113 16112)
4(16112 16113 16194 16193)
4(16193 16194 16275 16274)
4(16274 16275 16356 16355)
4(16355 16356 16437 16436)
4(16436 16437 16518 16517)
4(8418 8419 14575 14574)
4(14574 14575 14656 14655)
4(14655 14656 14737 14736)
4(14736 14737 14818 14817)
4(14817 14818 14899 14898)
4(14898 14899 14980 14979)
4(14979 14980 15061 15060)
4(15060 15061 15142 15141)
4(15141 15142 15223 15222)
4(15222 15223 15304 15303)
4(15303 15304 15385 15384)
4(15384 15385 15466 15465)
4(15465 15466 15547 15546)
4(15546 15547 15628 15627)
4(15627 15628 15709 15708)
4(15708 15709 15790 15789)
4(15789 15790 15871 15870)
4(15870 15871 15952 15951)
4(15951 15952 16033 16032)
4(16032 16033 16114 16113)
4(16113 16114 16195 16194)
4(16194 16195 16276 16275)
4(16275 16276 16357 16356)
4(16356 16357 16438 16437)
4(16437 16438 16519 16518)
4(8419 8420 14576 14575)
4(14575 14576 14657 14656)
4(14656 14657 14738 14737)
4(14737 14738 14819 14818)
4(14818 14819 14900 14899)
4(14899 14900 14981 14980)
4(14980 14981 15062 15061)
4(15061 15062 15143 15142)
4(15142 15143 15224 15223)
4(15223 15224 15305 15304)
4(15304 15305 15386 15385)
4(15385 15386 15467 15466)
4(15466 15467 15548 15547)
4(15547 15548 15629 15628)
4(15628 15629 15710 15709)
4(15709 15710 15791 15790)
4(15790 15791 15872 15871)
4(15871 15872 15953 15952)
4(15952 15953 16034 16033)
4(16033 16034 16115 16114)
4(16114 16115 16196 16195)
4(16195 16196 16277 16276)
4(16276 16277 16358 16357)
4(16357 16358 16439 16438)
4(16438 16439 16520 16519)
4(8420 8421 14577 14576)
4(14576 14577 14658 14657)
4(14657 14658 14739 14738)
4(14738 14739 14820 14819)
4(14819 14820 14901 14900)
4(14900 14901 14982 14981)
4(14981 14982 15063 15062)
4(15062 15063 15144 15143)
4(15143 15144 15225 15224)
4(15224 15225 15306 15305)
4(15305 15306 15387 15386)
4(15386 15387 15468 15467)
4(15467 15468 15549 15548)
4(15548 15549 15630 15629)
4(15629 15630 15711 15710)
4(15710 15711 15792 15791)
4(15791 15792 15873 15872)
4(15872 15873 15954 15953)
4(15953 15954 16035 16034)
4(16034 16035 16116 16115)
4(16115 16116 16197 16196)
4(16196 16197 16278 16277)
4(16277 16278 16359 16358)
4(16358 16359 16440 16439)
4(16439 16440 16521 16520)
4(8421 8422 14578 14577)
4(14577 14578 14659 14658)
4(14658 14659 14740 14739)
4(14739 14740 14821 14820)
4(14820 14821 14902 14901)
4(14901 14902 14983 14982)
4(14982 14983 15064 15063)
4(15063 15064 15145 15144)
4(15144 15145 15226 15225)
4(15225 15226 15307 15306)
4(15306 15307 15388 15387)
4(15387 15388 15469 15468)
4(15468 15469 15550 15549)
4(15549 15550 15631 15630)
4(15630 15631 15712 15711)
4(15711 15712 15793 15792)
4(15792 15793 15874 15873)
4(15873 15874 15955 15954)
4(15954 15955 16036 16035)
4(16035 16036 16117 16116)
4(16116 16117 16198 16197)
4(16197 16198 16279 16278)
4(16278 16279 16360 16359)
4(16359 16360 16441 16440)
4(16440 16441 16522 16521)
4(8422 8423 14579 14578)
4(14578 14579 14660 14659)
4(14659 14660 14741 14740)
4(14740 14741 14822 14821)
4(14821 14822 14903 14902)
4(14902 14903 14984 14983)
4(14983 14984 15065 15064)
4(15064 15065 15146 15145)
4(15145 15146 15227 15226)
4(15226 15227 15308 15307)
4(15307 15308 15389 15388)
4(15388 15389 15470 15469)
4(15469 15470 15551 15550)
4(15550 15551 15632 15631)
4(15631 15632 15713 15712)
4(15712 15713 15794 15793)
4(15793 15794 15875 15874)
4(15874 15875 15956 15955)
4(15955 15956 16037 16036)
4(16036 16037 16118 16117)
4(16117 16118 16199 16198)
4(16198 16199 16280 16279)
4(16279 16280 16361 16360)
4(16360 16361 16442 16441)
4(16441 16442 16523 16522)
)


// ************************************************************************* //
