/*--------------------------------*- C++ -*----------------------------------*\
| =========                 |                                                 |
| \\      /  F ield         | OpenFOAM: The Open Source CFD Toolbox           |
|  \\    /   O peration     | Version:  2606                                  |
|   \\  /    A nd           | Website:  www.openfoam.com                      |
|    \\/     M anipulation  |                                                 |
\*---------------------------------------------------------------------------*/
FoamFile
{
    version     2.0;
    format      ascii;
    arch        "LSB;label=32;scalar=64";
    note        "nPoints:16524  nCells:12000  nFaces:40390  nInternalFaces:31610";
    class       labelList;
    location    "constant/polyMesh";
    object      neighbour;
}
// * * * * * * * * * * * * * * * * * * * * * * * * * * * * * * * * * * * * * //


31610
(
1
80
2000
2
81
2001
3
82
2002
4
83
2003
5
84
2004
6
85
2005
7
86
2006
8
87
2007
9
88
2008
10
89
2009
11
90
2010
12
91
2011
13
92
2012
14
93
2013
15
94
2014
16
95
2015
17
96
2016
18
97
2017
19
98
2018
20
99
2019
21
100
2020
22
101
2021
23
102
2022
24
103
2023
25
104
2024
26
105
2025
27
106
2026
28
107
2027
29
108
2028
30
109
2029
31
110
2030
32
111
2031
33
112
2032
34
113
2033
35
114
2034
36
115
2035
37
116
2036
38
117
2037
39
118
2038
40
119
2039
41
120
2040
42
121
2041
43
122
2042
44
123
2043
45
124
2044
46
125
2045
47
126
2046
48
127
2047
49
128
2048
50
129
2049
51
130
2050
52
131
2051
53
132
2052
54
133
2053
55
134
2054
56
135
2055
57
136
2056
58
137
2057
59
138
2058
60
139
2059
61
140
2060
62
141
2061
63
142
2062
64
143
2063
65
144
2064
66
145
2065
67
146
2066
68
147
2067
69
148
2068
70
149
2069
71
150
2070
72
151
2071
73
152
2072
74
153
2073
75
154
2074
76
155
2075
77
156
2076
78
157
2077
79
158
2078
159
2079
81
160
2080
82
161
2081
83
162
2082
84
163
2083
85
164
2084
86
165
2085
87
166
2086
88
167
2087
89
168
2088
90
169
2089
91
170
2090
92
171
2091
93
172
2092
94
173
2093
95
174
2094
96
175
2095
97
176
2096
98
177
2097
99
178
2098
100
179
2099
101
180
2100
102
181
2101
103
182
2102
104
183
2103
105
184
2104
106
185
2105
107
186
2106
108
187
2107
109
188
2108
110
189
2109
111
190
2110
112
191
2111
113
192
2112
114
193
2113
115
194
2114
116
195
2115
117
196
2116
118
197
2117
119
198
2118
120
199
2119
121
200
2120
122
201
2121
123
202
2122
124
203
2123
125
204
2124
126
205
2125
127
206
2126
128
207
2127
129
208
2128
130
209
2129
131
210
2130
132
211
2131
133
212
2132
134
213
2133
135
214
2134
136
215
2135
137
216
2136
138
217
2137
139
218
2138
140
219
2139
141
220
2140
142
221
2141
143
222
2142
144
223
2143
145
224
2144
146
225
2145
147
226
2146
148
227
2147
149
228
2148
150
229
2149
151
230
2150
152
231
2151
153
232
2152
154
233
2153
155
234
2154
156
235
2155
157
236
2156
158
237
2157
159
238
2158
239
2159
161
240
2160
162
241
2161
163
242
2162
164
243
2163
165
244
2164
166
245
2165
167
246
2166
168
247
2167
169
248
2168
170
249
2169
171
250
2170
172
251
2171
173
252
2172
174
253
2173
175
254
2174
176
255
2175
177
256
2176
178
257
2177
179
258
2178
180
259
2179
181
260
2180
182
261
2181
183
262
2182
184
263
2183
185
264
2184
186
265
2185
187
266
2186
188
267
2187
189
268
2188
190
269
2189
191
270
2190
192
271
2191
193
272
2192
194
273
2193
195
274
2194
196
275
2195
197
276
2196
198
277
2197
199
278
2198
200
279
2199
201
280
2200
202
281
2201
203
282
2202
204
283
2203
205
284
2204
206
285
2205
207
286
2206
208
287
2207
209
288
2208
210
289
2209
211
290
2210
212
291
2211
213
292
2212
214
293
2213
215
294
2214
216
295
2215
217
296
2216
218
297
2217
219
298
2218
220
299
2219
221
300
2220
222
301
2221
223
302
2222
224
303
2223
225
304
2224
226
305
2225
227
306
2226
228
307
2227
229
308
2228
230
309
2229
231
310
2230
232
311
2231
233
312
2232
234
313
2233
235
314
2234
236
315
2235
237
316
2236
238
317
2237
239
318
2238
319
2239
241
320
2240
242
321
2241
243
322
2242
244
323
2243
245
324
2244
246
325
2245
247
326
2246
248
327
2247
249
328
2248
250
329
2249
251
330
2250
252
331
2251
253
332
2252
254
333
2253
255
334
2254
256
335
2255
257
336
2256
258
337
2257
259
338
2258
260
339
2259
261
340
2260
262
341
2261
263
342
2262
264
343
2263
265
344
2264
266
345
2265
267
346
2266
268
347
2267
269
348
2268
270
349
2269
271
350
2270
272
351
2271
273
352
2272
274
353
2273
275
354
2274
276
355
2275
277
356
2276
278
357
2277
279
358
2278
280
359
2279
281
360
2280
282
361
2281
283
362
2282
284
363
2283
285
364
2284
286
365
2285
287
366
2286
288
367
2287
289
368
2288
290
369
2289
291
370
2290
292
371
2291
293
372
2292
294
373
2293
295
374
2294
296
375
2295
297
376
2296
298
377
2297
299
378
2298
300
379
2299
301
380
2300
302
381
2301
303
382
2302
304
383
2303
305
384
2304
306
385
2305
307
386
2306
308
387
2307
309
388
2308
310
389
2309
311
390
2310
312
391
2311
313
392
2312
314
393
2313
315
394
2314
316
395
2315
317
396
2316
318
397
2317
319
398
2318
399
2319
321
400
2320
322
401
2321
323
402
2322
324
403
2323
325
404
2324
326
405
2325
327
406
2326
328
407
2327
329
408
2328
330
409
2329
331
410
2330
332
411
2331
333
412
2332
334
413
2333
335
414
2334
336
415
2335
337
416
2336
338
417
2337
339
418
2338
340
419
2339
341
420
2340
342
421
2341
343
422
2342
344
423
2343
345
424
2344
346
425
2345
347
426
2346
348
427
2347
349
428
2348
350
429
2349
351
430
2350
352
431
2351
353
432
2352
354
433
2353
355
434
2354
356
435
2355
357
436
2356
358
437
2357
359
438
2358
360
439
2359
361
440
2360
362
441
2361
363
442
2362
364
443
2363
365
444
2364
366
445
2365
367
446
2366
368
447
2367
369
448
2368
370
449
2369
371
450
2370
372
451
2371
373
452
2372
374
453
2373
375
454
2374
376
455
2375
377
456
2376
378
457
2377
379
458
2378
380
459
2379
381
460
2380
382
461
2381
383
462
2382
384
463
2383
385
464
2384
386
465
2385
387
466
2386
388
467
2387
389
468
2388
390
469
2389
391
470
2390
392
471
2391
393
472
2392
394
473
2393
395
474
2394
396
475
2395
397
476
2396
398
477
2397
399
478
2398
479
2399
401
480
2400
402
481
2401
403
482
2402
404
483
2403
405
484
2404
406
485
2405
407
486
2406
408
487
2407
409
488
2408
410
489
2409
411
490
2410
412
491
2411
413
492
2412
414
493
2413
415
494
2414
416
495
2415
417
496
2416
418
497
2417
419
498
2418
420
499
2419
421
500
2420
422
501
2421
423
502
2422
424
503
2423
425
504
2424
426
505
2425
427
506
2426
428
507
2427
429
508
2428
430
509
2429
431
510
2430
432
511
2431
433
512
2432
434
513
2433
435
514
2434
436
515
2435
437
516
2436
438
517
2437
439
518
2438
440
519
2439
441
520
2440
442
521
2441
443
522
2442
444
523
2443
445
524
2444
446
525
2445
447
526
2446
448
527
2447
449
528
2448
450
529
2449
451
530
2450
452
531
2451
453
532
2452
454
533
2453
455
534
2454
456
535
2455
457
536
2456
458
537
2457
459
538
2458
460
539
2459
461
540
2460
462
541
2461
463
542
2462
464
543
2463
465
544
2464
466
545
2465
467
546
2466
468
547
2467
469
548
2468
470
549
2469
471
550
2470
472
551
2471
473
552
2472
474
553
2473
475
554
2474
476
555
2475
477
556
2476
478
557
2477
479
558
2478
559
2479
481
560
2480
482
561
2481
483
562
2482
484
563
2483
485
564
2484
486
565
2485
487
566
2486
488
567
2487
489
568
2488
490
569
2489
491
570
2490
492
571
2491
493
572
2492
494
573
2493
495
574
2494
496
575
2495
497
576
2496
498
577
2497
499
578
2498
500
579
2499
501
580
2500
502
581
2501
503
582
2502
504
583
2503
505
584
2504
506
585
2505
507
586
2506
508
587
2507
509
588
2508
510
589
2509
511
590
2510
512
591
2511
513
592
2512
514
593
2513
515
594
2514
516
595
2515
517
596
2516
518
597
2517
519
598
2518
520
599
2519
521
600
2520
522
601
2521
523
602
2522
524
603
2523
525
604
2524
526
605
2525
527
606
2526
528
607
2527
529
608
2528
530
609
2529
531
610
2530
532
611
2531
533
612
2532
534
613
2533
535
614
2534
536
615
2535
537
616
2536
538
617
2537
539
618
2538
540
619
2539
541
620
2540
542
621
2541
543
622
2542
544
623
2543
545
624
2544
546
625
2545
547
626
2546
548
627
2547
549
628
2548
550
629
2549
551
630
2550
552
631
2551
553
632
2552
554
633
2553
555
634
2554
556
635
2555
557
636
2556
558
637
2557
559
638
2558
639
2559
561
640
2560
562
641
2561
563
642
2562
564
643
2563
565
644
2564
566
645
2565
567
646
2566
568
647
2567
569
648
2568
570
649
2569
571
650
2570
572
651
2571
573
652
2572
574
653
2573
575
654
2574
576
655
2575
577
656
2576
578
657
2577
579
658
2578
580
659
2579
581
660
2580
582
661
2581
583
662
2582
584
663
2583
585
664
2584
586
665
2585
587
666
2586
588
667
2587
589
668
2588
590
669
2589
591
670
2590
592
671
2591
593
672
2592
594
673
2593
595
674
2594
596
675
2595
597
676
2596
598
677
2597
599
678
2598
600
679
2599
601
680
2600
602
681
2601
603
682
2602
604
683
2603
605
684
2604
606
685
2605
607
686
2606
608
687
2607
609
688
2608
610
689
2609
611
690
2610
612
691
2611
613
692
2612
614
693
2613
615
694
2614
616
695
2615
617
696
2616
618
697
2617
619
698
2618
620
699
2619
621
700
2620
622
701
2621
623
702
2622
624
703
2623
625
704
2624
626
705
2625
627
706
2626
628
707
2627
629
708
2628
630
709
2629
631
710
2630
632
711
2631
633
712
2632
634
713
2633
635
714
2634
636
715
2635
637
716
2636
638
717
2637
639
718
2638
719
2639
641
720
2640
642
721
2641
643
722
2642
644
723
2643
645
724
2644
646
725
2645
647
726
2646
648
727
2647
649
728
2648
650
729
2649
651
730
2650
652
731
2651
653
732
2652
654
733
2653
655
734
2654
656
735
2655
657
736
2656
658
737
2657
659
738
2658
660
739
2659
661
740
2660
662
741
2661
663
742
2662
664
743
2663
665
744
2664
666
745
2665
667
746
2666
668
747
2667
669
748
2668
670
749
2669
671
750
2670
672
751
2671
673
752
2672
674
753
2673
675
754
2674
676
755
2675
677
756
2676
678
757
2677
679
758
2678
680
759
2679
681
760
2680
682
761
2681
683
762
2682
684
763
2683
685
764
2684
686
765
2685
687
766
2686
688
767
2687
689
768
2688
690
769
2689
691
770
2690
692
771
2691
693
772
2692
694
773
2693
695
774
2694
696
775
2695
697
776
2696
698
777
2697
699
778
2698
700
779
2699
701
780
2700
702
781
2701
703
782
2702
704
783
2703
705
784
2704
706
785
2705
707
786
2706
708
787
2707
709
788
2708
710
789
2709
711
790
2710
712
791
2711
713
792
2712
714
793
2713
715
794
2714
716
795
2715
717
796
2716
718
797
2717
719
798
2718
799
2719
721
800
2720
722
801
2721
723
802
2722
724
803
2723
725
804
2724
726
805
2725
727
806
2726
728
807
2727
729
808
2728
730
809
2729
731
810
2730
732
811
2731
733
812
2732
734
813
2733
735
814
2734
736
815
2735
737
816
2736
738
817
2737
739
818
2738
740
819
2739
741
820
2740
742
821
2741
743
822
2742
744
823
2743
745
824
2744
746
825
2745
747
826
2746
748
827
2747
749
828
2748
750
829
2749
751
830
2750
752
831
2751
753
832
2752
754
833
2753
755
834
2754
756
835
2755
757
836
2756
758
837
2757
759
838
2758
760
839
2759
761
840
2760
762
841
2761
763
842
2762
764
843
2763
765
844
2764
766
845
2765
767
846
2766
768
847
2767
769
848
2768
770
849
2769
771
850
2770
772
851
2771
773
852
2772
774
853
2773
775
854
2774
776
855
2775
777
856
2776
778
857
2777
779
858
2778
780
859
2779
781
860
2780
782
861
2781
783
862
2782
784
863
2783
785
864
2784
786
865
2785
787
866
2786
788
867
2787
789
868
2788
790
869
2789
791
870
2790
792
871
2791
793
872
2792
794
873
2793
795
874
2794
796
875
2795
797
876
2796
798
877
2797
799
878
2798
879
2799
801
880
2800
802
881
2801
803
882
2802
804
883
2803
805
884
2804
806
885
2805
807
886
2806
808
887
2807
809
888
2808
810
889
2809
811
890
2810
812
891
2811
813
892
2812
814
893
2813
815
894
2814
816
895
2815
817
896
2816
818
897
2817
819
898
2818
820
899
2819
821
900
2820
822
901
2821
823
902
2822
824
903
2823
825
904
2824
826
905
2825
827
906
2826
828
907
2827
829
908
2828
830
909
2829
831
910
2830
832
911
2831
833
912
2832
834
913
2833
835
914
2834
836
915
2835
837
916
2836
838
917
2837
839
918
2838
840
919
2839
841
920
2840
842
921
2841
843
922
2842
844
923
2843
845
924
2844
846
925
2845
847
926
2846
848
927
2847
849
928
2848
850
929
2849
851
930
2850
852
931
2851
853
932
2852
854
933
2853
855
934
2854
856
935
2855
857
936
2856
858
937
2857
859
938
2858
860
939
2859
861
940
2860
862
941
2861
863
942
2862
864
943
2863
865
944
2864
866
945
2865
867
946
2866
868
947
2867
869
948
2868
870
949
2869
871
950
2870
872
951
2871
873
952
2872
874
953
2873
875
954
2874
876
955
2875
877
956
2876
878
957
2877
879
958
2878
959
2879
881
960
2880
882
961
2881
883
962
2882
884
963
2883
885
964
2884
886
965
2885
887
966
2886
888
967
2887
889
968
2888
890
969
2889
891
970
2890
892
971
2891
893
972
2892
894
973
2893
895
974
2894
896
975
2895
897
976
2896
898
977
2897
899
978
2898
900
979
2899
901
980
2900
902
981
2901
903
982
2902
904
983
2903
905
984
2904
906
985
2905
907
986
2906
908
987
2907
909
988
2908
910
989
2909
911
990
2910
912
991
2911
913
992
2912
914
993
2913
915
994
2914
916
995
2915
917
996
2916
918
997
2917
919
998
2918
920
999
2919
921
1000
2920
922
1001
2921
923
1002
2922
924
1003
2923
925
1004
2924
926
1005
2925
927
1006
2926
928
1007
2927
929
1008
2928
930
1009
2929
931
1010
2930
932
1011
2931
933
1012
2932
934
1013
2933
935
1014
2934
936
1015
2935
937
1016
2936
938
1017
2937
939
1018
2938
940
1019
2939
941
1020
2940
942
1021
2941
943
1022
2942
944
1023
2943
945
1024
2944
946
1025
2945
947
1026
2946
948
1027
2947
949
1028
2948
950
1029
2949
951
1030
2950
952
1031
2951
953
1032
2952
954
1033
2953
955
1034
2954
956
1035
2955
957
1036
2956
958
1037
2957
959
1038
2958
1039
2959
961
1040
2960
962
1041
2961
963
1042
2962
964
1043
2963
965
1044
2964
966
1045
2965
967
1046
2966
968
1047
2967
969
1048
2968
970
1049
2969
971
1050
2970
972
1051
2971
973
1052
2972
974
1053
2973
975
1054
2974
976
1055
2975
977
1056
2976
978
1057
2977
979
1058
2978
980
1059
2979
981
1060
2980
982
1061
2981
983
1062
2982
984
1063
2983
985
1064
2984
986
1065
2985
987
1066
2986
988
1067
2987
989
1068
2988
990
1069
2989
991
1070
2990
992
1071
2991
993
1072
2992
994
1073
2993
995
1074
2994
996
1075
2995
997
1076
2996
998
1077
2997
999
1078
2998
1000
1079
2999
1001
1080
3000
1002
1081
3001
1003
1082
3002
1004
1083
3003
1005
1084
3004
1006
1085
3005
1007
1086
3006
1008
1087
3007
1009
1088
3008
1010
1089
3009
1011
1090
3010
1012
1091
3011
1013
1092
3012
1014
1093
3013
1015
1094
3014
1016
1095
3015
1017
1096
3016
1018
1097
3017
1019
1098
3018
1020
1099
3019
1021
1100
3020
1022
1101
3021
1023
1102
3022
1024
1103
3023
1025
1104
3024
1026
1105
3025
1027
1106
3026
1028
1107
3027
1029
1108
3028
1030
1109
3029
1031
1110
3030
1032
1111
3031
1033
1112
3032
1034
1113
3033
1035
1114
3034
1036
1115
3035
1037
1116
3036
1038
1117
3037
1039
1118
3038
1119
3039
1041
1120
3040
1042
1121
3041
1043
1122
3042
1044
1123
3043
1045
1124
3044
1046
1125
3045
1047
1126
3046
1048
1127
3047
1049
1128
3048
1050
1129
3049
1051
1130
3050
1052
1131
3051
1053
1132
3052
1054
1133
3053
1055
1134
3054
1056
1135
3055
1057
1136
3056
1058
1137
3057
1059
1138
3058
1060
1139
3059
1061
1140
3060
1062
1141
3061
1063
1142
3062
1064
1143
3063
1065
1144
3064
1066
1145
3065
1067
1146
3066
1068
1147
3067
1069
1148
3068
1070
1149
3069
1071
1150
3070
1072
1151
3071
1073
1152
3072
1074
1153
3073
1075
1154
3074
1076
1155
3075
1077
1156
3076
1078
1157
3077
1079
1158
3078
1080
1159
3079
1081
1160
3080
1082
1161
3081
1083
1162
3082
1084
1163
3083
1085
1164
3084
1086
1165
3085
1087
1166
3086
1088
1167
3087
1089
1168
3088
1090
1169
3089
1091
1170
3090
1092
1171
3091
1093
1172
3092
1094
1173
3093
1095
1174
3094
1096
1175
3095
1097
1176
3096
1098
1177
3097
1099
1178
3098
1100
1179
3099
1101
1180
3100
1102
1181
3101
1103
1182
3102
1104
1183
3103
1105
1184
3104
1106
1185
3105
1107
1186
3106
1108
1187
3107
1109
1188
3108
1110
1189
3109
1111
1190
3110
1112
1191
3111
1113
1192
3112
1114
1193
3113
1115
1194
3114
1116
1195
3115
1117
1196
3116
1118
1197
3117
1119
1198
3118
1199
3119
1121
1200
3120
1122
1201
3121
1123
1202
3122
1124
1203
3123
1125
1204
3124
1126
1205
3125
1127
1206
3126
1128
1207
3127
1129
1208
3128
1130
1209
3129
1131
1210
3130
1132
1211
3131
1133
1212
3132
1134
1213
3133
1135
1214
3134
1136
1215
3135
1137
1216
3136
1138
1217
3137
1139
1218
3138
1140
1219
3139
1141
1220
3140
1142
1221
3141
1143
1222
3142
1144
1223
3143
1145
1224
3144
1146
1225
3145
1147
1226
3146
1148
1227
3147
1149
1228
3148
1150
1229
3149
1151
1230
3150
1152
1231
3151
1153
1232
3152
1154
1233
3153
1155
1234
3154
1156
1235
3155
1157
1236
3156
1158
1237
3157
1159
1238
3158
1160
1239
3159
1161
1240
3160
1162
1241
3161
1163
1242
3162
1164
1243
3163
1165
1244
3164
1166
1245
3165
1167
1246
3166
1168
1247
3167
1169
1248
3168
1170
1249
3169
1171
1250
3170
1172
1251
3171
1173
1252
3172
1174
1253
3173
1175
1254
3174
1176
1255
3175
1177
1256
3176
1178
1257
3177
1179
1258
3178
1180
1259
3179
1181
1260
3180
1182
1261
3181
1183
1262
3182
1184
1263
3183
1185
1264
3184
1186
1265
3185
1187
1266
3186
1188
1267
3187
1189
1268
3188
1190
1269
3189
1191
1270
3190
1192
1271
3191
1193
1272
3192
1194
1273
3193
1195
1274
3194
1196
1275
3195
1197
1276
3196
1198
1277
3197
1199
1278
3198
1279
3199
1201
1280
3200
1202
1281
3201
1203
1282
3202
1204
1283
3203
1205
1284
3204
1206
1285
3205
1207
1286
3206
1208
1287
3207
1209
1288
3208
1210
1289
3209
1211
1290
3210
1212
1291
3211
1213
1292
3212
1214
1293
3213
1215
1294
3214
1216
1295
3215
1217
1296
3216
1218
1297
3217
1219
1298
3218
1220
1299
3219
1221
1300
3220
1222
1301
3221
1223
1302
3222
1224
1303
3223
1225
1304
3224
1226
1305
3225
1227
1306
3226
1228
1307
3227
1229
1308
3228
1230
1309
3229
1231
1310
3230
1232
1311
3231
1233
1312
3232
1234
1313
3233
1235
1314
3234
1236
1315
3235
1237
1316
3236
1238
1317
3237
1239
1318
3238
1240
1319
3239
1241
1320
3240
1242
1321
3241
1243
1322
3242
1244
1323
3243
1245
1324
3244
1246
1325
3245
1247
1326
3246
1248
1327
3247
1249
1328
3248
1250
1329
3249
1251
1330
3250
1252
1331
3251
1253
1332
3252
1254
1333
3253
1255
1334
3254
1256
1335
3255
1257
1336
3256
1258
1337
3257
1259
1338
3258
1260
1339
3259
1261
1340
3260
1262
1341
3261
1263
1342
3262
1264
1343
3263
1265
1344
3264
1266
1345
3265
1267
1346
3266
1268
1347
3267
1269
1348
3268
1270
1349
3269
1271
1350
3270
1272
1351
3271
1273
1352
3272
1274
1353
3273
1275
1354
3274
1276
1355
3275
1277
1356
3276
1278
1357
3277
1279
1358
3278
1359
3279
1281
1360
3280
1282
1361
3281
1283
1362
3282
1284
1363
3283
1285
1364
3284
1286
1365
3285
1287
1366
3286
1288
1367
3287
1289
1368
3288
1290
1369
3289
1291
1370
3290
1292
1371
3291
1293
1372
3292
1294
1373
3293
1295
1374
3294
1296
1375
3295
1297
1376
3296
1298
1377
3297
1299
1378
3298
1300
1379
3299
1301
1380
3300
1302
1381
3301
1303
1382
3302
1304
1383
3303
1305
1384
3304
1306
1385
3305
1307
1386
3306
1308
1387
3307
1309
1388
3308
1310
1389
3309
1311
1390
3310
1312
1391
3311
1313
1392
3312
1314
1393
3313
1315
1394
3314
1316
1395
3315
1317
1396
3316
1318
1397
3317
1319
1398
3318
1320
1399
3319
1321
1400
3320
1322
1401
3321
1323
1402
3322
1324
1403
3323
1325
1404
3324
1326
1405
3325
1327
1406
3326
1328
1407
3327
1329
1408
3328
1330
1409
3329
1331
1410
3330
1332
1411
3331
1333
1412
3332
1334
1413
3333
1335
1414
3334
1336
1415
3335
1337
1416
3336
1338
1417
3337
1339
1418
3338
1340
1419
3339
1341
1420
3340
1342
1421
3341
1343
1422
3342
1344
1423
3343
1345
1424
3344
1346
1425
3345
1347
1426
3346
1348
1427
3347
1349
1428
3348
1350
1429
3349
1351
1430
3350
1352
1431
3351
1353
1432
3352
1354
1433
3353
1355
1434
3354
1356
1435
3355
1357
1436
3356
1358
1437
3357
1359
1438
3358
1439
3359
1361
1440
3360
1362
1441
3361
1363
1442
3362
1364
1443
3363
1365
1444
3364
1366
1445
3365
1367
1446
3366
1368
1447
3367
1369
1448
3368
1370
1449
3369
1371
1450
3370
1372
1451
3371
1373
1452
3372
1374
1453
3373
1375
1454
3374
1376
1455
3375
1377
1456
3376
1378
1457
3377
1379
1458
3378
1380
1459
3379
1381
1460
3380
1382
1461
3381
1383
1462
3382
1384
1463
3383
1385
1464
3384
1386
1465
3385
1387
1466
3386
1388
1467
3387
1389
1468
3388
1390
1469
3389
1391
1470
3390
1392
1471
3391
1393
1472
3392
1394
1473
3393
1395
1474
3394
1396
1475
3395
1397
1476
3396
1398
1477
3397
1399
1478
3398
1400
1479
3399
1401
1480
3400
1402
1481
3401
1403
1482
3402
1404
1483
3403
1405
1484
3404
1406
1485
3405
1407
1486
3406
1408
1487
3407
1409
1488
3408
1410
1489
3409
1411
1490
3410
1412
1491
3411
1413
1492
3412
1414
1493
3413
1415
1494
3414
1416
1495
3415
1417
1496
3416
1418
1497
3417
1419
1498
3418
1420
1499
3419
1421
1500
3420
1422
1501
3421
1423
1502
3422
1424
1503
3423
1425
1504
3424
1426
1505
3425
1427
1506
3426
1428
1507
3427
1429
1508
3428
1430
1509
3429
1431
1510
3430
1432
1511
3431
1433
1512
3432
1434
1513
3433
1435
1514
3434
1436
1515
3435
1437
1516
3436
1438
1517
3437
1439
1518
3438
1519
3439
1441
1520
3440
1442
1521
3441
1443
1522
3442
1444
1523
3443
1445
1524
3444
1446
1525
3445
1447
1526
3446
1448
1527
3447
1449
1528
3448
1450
1529
3449
1451
1530
3450
1452
1531
3451
1453
1532
3452
1454
1533
3453
1455
1534
3454
1456
1535
3455
1457
1536
3456
1458
1537
3457
1459
1538
3458
1460
1539
3459
1461
1540
3460
1462
1541
3461
1463
1542
3462
1464
1543
3463
1465
1544
3464
1466
1545
3465
1467
1546
3466
1468
1547
3467
1469
1548
3468
1470
1549
3469
1471
1550
3470
1472
1551
3471
1473
1552
3472
1474
1553
3473
1475
1554
3474
1476
1555
3475
1477
1556
3476
1478
1557
3477
1479
1558
3478
1480
1559
3479
1481
1560
3480
1482
1561
3481
1483
1562
3482
1484
1563
3483
1485
1564
3484
1486
1565
3485
1487
1566
3486
1488
1567
3487
1489
1568
3488
1490
1569
3489
1491
1570
3490
1492
1571
3491
1493
1572
3492
1494
1573
3493
1495
1574
3494
1496
1575
3495
1497
1576
3496
1498
1577
3497
1499
1578
3498
1500
1579
3499
1501
1580
3500
1502
1581
3501
1503
1582
3502
1504
1583
3503
1505
1584
3504
1506
1585
3505
1507
1586
3506
1508
1587
3507
1509
1588
3508
1510
1589
3509
1511
1590
3510
1512
1591
3511
1513
1592
3512
1514
1593
3513
1515
1594
3514
1516
1595
3515
1517
1596
3516
1518
1597
3517
1519
1598
3518
1599
3519
1521
1600
3520
1522
1601
3521
1523
1602
3522
1524
1603
3523
1525
1604
3524
1526
1605
3525
1527
1606
3526
1528
1607
3527
1529
1608
3528
1530
1609
3529
1531
1610
3530
1532
1611
3531
1533
1612
3532
1534
1613
3533
1535
1614
3534
1536
1615
3535
1537
1616
3536
1538
1617
3537
1539
1618
3538
1540
1619
3539
1541
1620
3540
1542
1621
3541
1543
1622
3542
1544
1623
3543
1545
1624
3544
1546
1625
3545
1547
1626
3546
1548
1627
3547
1549
1628
3548
1550
1629
3549
1551
1630
3550
1552
1631
3551
1553
1632
3552
1554
1633
3553
1555
1634
3554
1556
1635
3555
1557
1636
3556
1558
1637
3557
1559
1638
3558
1560
1639
3559
1561
1640
3560
1562
1641
3561
1563
1642
3562
1564
1643
3563
1565
1644
3564
1566
1645
3565
1567
1646
3566
1568
1647
3567
1569
1648
3568
1570
1649
3569
1571
1650
3570
1572
1651
3571
1573
1652
3572
1574
1653
3573
1575
1654
3574
1576
1655
3575
1577
1656
3576
1578
1657
3577
1579
1658
3578
1580
1659
3579
1581
1660
3580
1582
1661
3581
1583
1662
3582
1584
1663
3583
1585
1664
3584
1586
1665
3585
1587
1666
3586
1588
1667
3587
1589
1668
3588
1590
1669
3589
1591
1670
3590
1592
1671
3591
1593
1672
3592
1594
1673
3593
1595
1674
3594
1596
1675
3595
1597
1676
3596
1598
1677
3597
1599
1678
3598
1679
3599
1601
1680
3600
1602
1681
3601
1603
1682
3602
1604
1683
3603
1605
1684
3604
1606
1685
3605
1607
1686
3606
1608
1687
3607
1609
1688
3608
1610
1689
3609
1611
1690
3610
1612
1691
3611
1613
1692
3612
1614
1693
3613
1615
1694
3614
1616
1695
3615
1617
1696
3616
1618
1697
3617
1619
1698
3618
1620
1699
3619
1621
1700
3620
1622
1701
3621
1623
1702
3622
1624
1703
3623
1625
1704
3624
1626
1705
3625
1627
1706
3626
1628
1707
3627
1629
1708
3628
1630
1709
3629
1631
1710
3630
1632
1711
3631
1633
1712
3632
1634
1713
3633
1635
1714
3634
1636
1715
3635
1637
1716
3636
1638
1717
3637
1639
1718
3638
1640
1719
3639
1641
1720
3640
1642
1721
3641
1643
1722
3642
1644
1723
3643
1645
1724
3644
1646
1725
3645
1647
1726
3646
1648
1727
3647
1649
1728
3648
1650
1729
3649
1651
1730
3650
1652
1731
3651
1653
1732
3652
1654
1733
3653
1655
1734
3654
1656
1735
3655
1657
1736
3656
1658
1737
3657
1659
1738
3658
1660
1739
3659
1661
1740
3660
1662
1741
3661
1663
1742
3662
1664
1743
3663
1665
1744
3664
1666
1745
3665
1667
1746
3666
1668
1747
3667
1669
1748
3668
1670
1749
3669
1671
1750
3670
1672
1751
3671
1673
1752
3672
1674
1753
3673
1675
1754
3674
1676
1755
3675
1677
1756
3676
1678
1757
3677
1679
1758
3678
1759
3679
1681
1760
3680
1682
1761
3681
1683
1762
3682
1684
1763
3683
1685
1764
3684
1686
1765
3685
1687
1766
3686
1688
1767
3687
1689
1768
3688
1690
1769
3689
1691
1770
3690
1692
1771
3691
1693
1772
3692
1694
1773
3693
1695
1774
3694
1696
1775
3695
1697
1776
3696
1698
1777
3697
1699
1778
3698
1700
1779
3699
1701
1780
3700
1702
1781
3701
1703
1782
3702
1704
1783
3703
1705
1784
3704
1706
1785
3705
1707
1786
3706
1708
1787
3707
1709
1788
3708
1710
1789
3709
1711
1790
3710
1712
1791
3711
1713
1792
3712
1714
1793
3713
1715
1794
3714
1716
1795
3715
1717
1796
3716
1718
1797
3717
1719
1798
3718
1720
1799
3719
1721
1800
3720
1722
1801
3721
1723
1802
3722
1724
1803
3723
1725
1804
3724
1726
1805
3725
1727
1806
3726
1728
1807
3727
1729
1808
3728
1730
1809
3729
1731
1810
3730
1732
1811
3731
1733
1812
3732
1734
1813
3733
1735
1814
3734
1736
1815
3735
1737
1816
3736
1738
1817
3737
1739
1818
3738
1740
1819
3739
1741
1820
3740
1742
1821
3741
1743
1822
3742
1744
1823
3743
1745
1824
3744
1746
1825
3745
1747
1826
3746
1748
1827
3747
1749
1828
3748
1750
1829
3749
1751
1830
3750
1752
1831
3751
1753
1832
3752
1754
1833
3753
1755
1834
3754
1756
1835
3755
1757
1836
3756
1758
1837
3757
1759
1838
3758
1839
3759
1761
1840
3760
1762
1841
3761
1763
1842
3762
1764
1843
3763
1765
1844
3764
1766
1845
3765
1767
1846
3766
1768
1847
3767
1769
1848
3768
1770
1849
3769
1771
1850
3770
1772
1851
3771
1773
1852
3772
1774
1853
3773
1775
1854
3774
1776
1855
3775
1777
1856
3776
1778
1857
3777
1779
1858
3778
1780
1859
3779
1781
1860
3780
1782
1861
3781
1783
1862
3782
1784
1863
3783
1785
1864
3784
1786
1865
3785
1787
1866
3786
1788
1867
3787
1789
1868
3788
1790
1869
3789
1791
1870
3790
1792
1871
3791
1793
1872
3792
1794
1873
3793
1795
1874
3794
1796
1875
3795
1797
1876
3796
1798
1877
3797
1799
1878
3798
1800
1879
3799
1801
1880
3800
1802
1881
3801
1803
1882
3802
1804
1883
3803
1805
1884
3804
1806
1885
3805
1807
1886
3806
1808
1887
3807
1809
1888
3808
1810
1889
3809
1811
1890
3810
1812
1891
3811
1813
1892
3812
1814
1893
3813
1815
1894
3814
1816
1895
3815
1817
1896
3816
1818
1897
3817
1819
1898
3818
1820
1899
3819
1821
1900
3820
1822
1901
3821
1823
1902
3822
1824
1903
3823
1825
1904
3824
1826
1905
3825
1827
1906
3826
1828
1907
3827
1829
1908
3828
1830
1909
3829
1831
1910
3830
1832
1911
3831
1833
1912
3832
1834
1913
3833
1835
1914
3834
1836
1915
3835
1837
1916
3836
1838
1917
3837
1839
1918
3838
1919
3839
1841
1920
3840
1842
1921
3841
1843
1922
3842
1844
1923
3843
1845
1924
3844
1846
1925
3845
1847
1926
3846
1848
1927
3847
1849
1928
3848
1850
1929
3849
1851
1930
3850
1852
1931
3851
1853
1932
3852
1854
1933
3853
1855
1934
3854
1856
1935
3855
1857
1936
3856
1858
1937
3857
1859
1938
3858
1860
1939
3859
1861
1940
3860
1862
1941
3861
1863
1942
3862
1864
1943
3863
1865
1944
3864
1866
1945
3865
1867
1946
3866
1868
1947
3867
1869
1948
3868
1870
1949
3869
1871
1950
3870
1872
1951
3871
1873
1952
3872
1874
1953
3873
1875
1954
3874
1876
1955
3875
1877
1956
3876
1878
1957
3877
1879
1958
3878
1880
1959
3879
1881
1960
3880
1882
1961
3881
1883
1962
3882
1884
1963
3883
1885
1964
3884
1886
1965
3885
1887
1966
3886
1888
1967
3887
1889
1968
3888
1890
1969
3889
1891
1970
3890
1892
1971
3891
1893
1972
3892
1894
1973
3893
1895
1974
3894
1896
1975
3895
1897
1976
3896
1898
1977
3897
1899
1978
3898
1900
1979
3899
1901
1980
3900
1902
1981
3901
1903
1982
3902
1904
1983
3903
1905
1984
3904
1906
1985
3905
1907
1986
3906
1908
1987
3907
1909
1988
3908
1910
1989
3909
1911
1990
3910
1912
1991
3911
1913
1992
3912
1914
1993
3913
1915
1994
3914
1916
1995
3915
1917
1996
3916
1918
1997
3917
1919
1998
3918
1999
3919
1921
3920
6000
1922
3921
6001
1923
3922
6002
1924
3923
6003
1925
3924
6004
1926
3925
6005
1927
3926
6006
1928
3927
6007
1929
3928
6008
1930
3929
6009
1931
3930
6010
1932
3931
6011
1933
3932
6012
1934
3933
6013
1935
3934
6014
1936
3935
6015
1937
3936
6016
1938
3937
6017
1939
3938
6018
1940
3939
6019
1941
3940
6020
1942
3941
6021
1943
3942
6022
1944
3943
6023
1945
3944
6024
1946
3945
6025
1947
3946
6026
1948
3947
6027
1949
3948
6028
1950
3949
6029
1951
3950
6030
1952
3951
6031
1953
3952
6032
1954
3953
6033
1955
3954
6034
1956
3955
6035
1957
3956
6036
1958
3957
6037
1959
3958
6038
1960
3959
6039
1961
3960
6040
1962
3961
6041
1963
3962
6042
1964
3963
6043
1965
3964
6044
1966
3965
6045
1967
3966
6046
1968
3967
6047
1969
3968
6048
1970
3969
6049
1971
3970
6050
1972
3971
6051
1973
3972
6052
1974
3973
6053
1975
3974
6054
1976
3975
6055
1977
3976
6056
1978
3977
6057
1979
3978
6058
1980
3979
6059
1981
3980
6060
1982
3981
6061
1983
3982
6062
1984
3983
6063
1985
3984
6064
1986
3985
6065
1987
3986
6066
1988
3987
6067
1989
3988
6068
1990
3989
6069
1991
3990
6070
1992
3991
6071
1993
3992
6072
1994
3993
6073
1995
3994
6074
1996
3995
6075
1997
3996
6076
1998
3997
6077
1999
3998
6078
3999
6079
2001
2080
4000
2002
2081
4001
2003
2082
4002
2004
2083
4003
2005
2084
4004
2006
2085
4005
2007
2086
4006
2008
2087
4007
2009
2088
4008
2010
2089
4009
2011
2090
4010
2012
2091
4011
2013
2092
4012
2014
2093
4013
2015
2094
4014
2016
2095
4015
2017
2096
4016
2018
2097
4017
2019
2098
4018
2020
2099
4019
2021
2100
4020
2022
2101
4021
2023
2102
4022
2024
2103
4023
2025
2104
4024
2026
2105
4025
2027
2106
4026
2028
2107
4027
2029
2108
4028
2030
2109
4029
2031
2110
4030
2032
2111
4031
2033
2112
4032
2034
2113
4033
2035
2114
4034
2036
2115
4035
2037
2116
4036
2038
2117
4037
2039
2118
4038
2040
2119
4039
2041
2120
4040
2042
2121
4041
2043
2122
4042
2044
2123
4043
2045
2124
4044
2046
2125
4045
2047
2126
4046
2048
2127
4047
2049
2128
4048
2050
2129
4049
2051
2130
4050
2052
2131
4051
2053
2132
4052
2054
2133
4053
2055
2134
4054
2056
2135
4055
2057
2136
4056
2058
2137
4057
2059
2138
4058
2060
2139
4059
2061
2140
4060
2062
2141
4061
2063
2142
4062
2064
2143
4063
2065
2144
4064
2066
2145
4065
2067
2146
4066
2068
2147
4067
2069
2148
4068
2070
2149
4069
2071
2150
4070
2072
2151
4071
2073
2152
4072
2074
2153
4073
2075
2154
4074
2076
2155
4075
2077
2156
4076
2078
2157
4077
2079
2158
4078
2159
4079
2081
2160
4080
2082
2161
4081
2083
2162
4082
2084
2163
4083
2085
2164
4084
2086
2165
4085
2087
2166
4086
2088
2167
4087
2089
2168
4088
2090
2169
4089
2091
2170
4090
2092
2171
4091
2093
2172
4092
2094
2173
4093
2095
2174
4094
2096
2175
4095
2097
2176
4096
2098
2177
4097
2099
2178
4098
2100
2179
4099
2101
2180
4100
2102
2181
4101
2103
2182
4102
2104
2183
4103
2105
2184
4104
2106
2185
4105
2107
2186
4106
2108
2187
4107
2109
2188
4108
2110
2189
4109
2111
2190
4110
2112
2191
4111
2113
2192
4112
2114
2193
4113
2115
2194
4114
2116
2195
4115
2117
2196
4116
2118
2197
4117
2119
2198
4118
2120
2199
4119
2121
2200
4120
2122
2201
4121
2123
2202
4122
2124
2203
4123
2125
2204
4124
2126
2205
4125
2127
2206
4126
2128
2207
4127
2129
2208
4128
2130
2209
4129
2131
2210
4130
2132
2211
4131
2133
2212
4132
2134
2213
4133
2135
2214
4134
2136
2215
4135
2137
2216
4136
2138
2217
4137
2139
2218
4138
2140
2219
4139
2141
2220
4140
2142
2221
4141
2143
2222
4142
2144
2223
4143
2145
2224
4144
2146
2225
4145
2147
2226
4146
2148
2227
4147
2149
2228
4148
2150
2229
4149
2151
2230
4150
2152
2231
4151
2153
2232
4152
2154
2233
4153
2155
2234
4154
2156
2235
4155
2157
2236
4156
2158
2237
4157
2159
2238
4158
2239
4159
2161
2240
4160
2162
2241
4161
2163
2242
4162
2164
2243
4163
2165
2244
4164
2166
2245
4165
2167
2246
4166
2168
2247
4167
2169
2248
4168
2170
2249
4169
2171
2250
4170
2172
2251
4171
2173
2252
4172
2174
2253
4173
2175
2254
4174
2176
2255
4175
2177
2256
4176
2178
2257
4177
2179
2258
4178
2180
2259
4179
2181
2260
4180
2182
2261
4181
2183
2262
4182
2184
2263
4183
2185
2264
4184
2186
2265
4185
2187
2266
4186
2188
2267
4187
2189
2268
4188
2190
2269
4189
2191
2270
4190
2192
2271
4191
2193
2272
4192
2194
2273
4193
2195
2274
4194
2196
2275
4195
2197
2276
4196
2198
2277
4197
2199
2278
4198
2200
2279
4199
2201
2280
4200
2202
2281
4201
2203
2282
4202
2204
2283
4203
2205
2284
4204
2206
2285
4205
2207
2286
4206
2208
2287
4207
2209
2288
4208
2210
2289
4209
2211
2290
4210
2212
2291
4211
2213
2292
4212
2214
2293
4213
2215
2294
4214
2216
2295
4215
2217
2296
4216
2218
2297
4217
2219
2298
4218
2220
2299
4219
2221
2300
4220
2222
2301
4221
2223
2302
4222
2224
2303
4223
2225
2304
4224
2226
2305
4225
2227
2306
4226
2228
2307
4227
2229
2308
4228
2230
2309
4229
2231
2310
4230
2232
2311
4231
2233
2312
4232
2234
2313
4233
2235
2314
4234
2236
2315
4235
2237
2316
4236
2238
2317
4237
2239
2318
4238
2319
4239
2241
2320
4240
2242
2321
4241
2243
2322
4242
2244
2323
4243
2245
2324
4244
2246
2325
4245
2247
2326
4246
2248
2327
4247
2249
2328
4248
2250
2329
4249
2251
2330
4250
2252
2331
4251
2253
2332
4252
2254
2333
4253
2255
2334
4254
2256
2335
4255
2257
2336
4256
2258
2337
4257
2259
2338
4258
2260
2339
4259
2261
2340
4260
2262
2341
4261
2263
2342
4262
2264
2343
4263
2265
2344
4264
2266
2345
4265
2267
2346
4266
2268
2347
4267
2269
2348
4268
2270
2349
4269
2271
2350
4270
2272
2351
4271
2273
2352
4272
2274
2353
4273
2275
2354
4274
2276
2355
4275
2277
2356
4276
2278
2357
4277
2279
2358
4278
2280
2359
4279
2281
2360
4280
2282
2361
4281
2283
2362
4282
2284
2363
4283
2285
2364
4284
2286
2365
4285
2287
2366
4286
2288
2367
4287
2289
2368
4288
2290
2369
4289
2291
2370
4290
2292
2371
4291
2293
2372
4292
2294
2373
4293
2295
2374
4294
2296
2375
4295
2297
2376
4296
2298
2377
4297
2299
2378
4298
2300
2379
4299
2301
2380
4300
2302
2381
4301
2303
2382
4302
2304
2383
4303
2305
2384
4304
2306
2385
4305
2307
2386
4306
2308
2387
4307
2309
2388
4308
2310
2389
4309
2311
2390
4310
2312
2391
4311
2313
2392
4312
2314
2393
4313
2315
2394
4314
2316
2395
4315
2317
2396
4316
2318
2397
4317
2319
2398
4318
2399
4319
2321
2400
4320
2322
2401
4321
2323
2402
4322
2324
2403
4323
2325
2404
4324
2326
2405
4325
2327
2406
4326
2328
2407
4327
2329
2408
4328
2330
2409
4329
2331
2410
4330
2332
2411
4331
2333
2412
4332
2334
2413
4333
2335
2414
4334
2336
2415
4335
2337
2416
4336
2338
2417
4337
2339
2418
4338
2340
2419
4339
2341
2420
4340
2342
2421
4341
2343
2422
4342
2344
2423
4343
2345
2424
4344
2346
2425
4345
2347
2426
4346
2348
2427
4347
2349
2428
4348
2350
2429
4349
2351
2430
4350
2352
2431
4351
2353
2432
4352
2354
2433
4353
2355
2434
4354
2356
2435
4355
2357
2436
4356
2358
2437
4357
2359
2438
4358
2360
2439
4359
2361
2440
4360
2362
2441
4361
2363
2442
4362
2364
2443
4363
2365
2444
4364
2366
2445
4365
2367
2446
4366
2368
2447
4367
2369
2448
4368
2370
2449
4369
2371
2450
4370
2372
2451
4371
2373
2452
4372
2374
2453
4373
2375
2454
4374
2376
2455
4375
2377
2456
4376
2378
2457
4377
2379
2458
4378
2380
2459
4379
2381
2460
4380
2382
2461
4381
2383
2462
4382
2384
2463
4383
2385
2464
4384
2386
2465
4385
2387
2466
4386
2388
2467
4387
2389
2468
4388
2390
2469
4389
2391
2470
4390
2392
2471
4391
2393
2472
4392
2394
2473
4393
2395
2474
4394
2396
2475
4395
2397
2476
4396
2398
2477
4397
2399
2478
4398
2479
4399
2401
2480
4400
2402
2481
4401
2403
2482
4402
2404
2483
4403
2405
2484
4404
2406
2485
4405
2407
2486
4406
2408
2487
4407
2409
2488
4408
2410
2489
4409
2411
2490
4410
2412
2491
4411
2413
2492
4412
2414
2493
4413
2415
2494
4414
2416
2495
4415
2417
2496
4416
2418
2497
4417
2419
2498
4418
2420
2499
4419
2421
2500
4420
2422
2501
4421
2423
2502
4422
2424
2503
4423
2425
2504
4424
2426
2505
4425
2427
2506
4426
2428
2507
4427
2429
2508
4428
2430
2509
4429
2431
2510
4430
2432
2511
4431
2433
2512
4432
2434
2513
4433
2435
2514
4434
2436
2515
4435
2437
2516
4436
2438
2517
4437
2439
2518
4438
2440
2519
4439
2441
2520
4440
2442
2521
4441
2443
2522
4442
2444
2523
4443
2445
2524
4444
2446
2525
4445
2447
2526
4446
2448
2527
4447
2449
2528
4448
2450
2529
4449
2451
2530
4450
2452
2531
4451
2453
2532
4452
2454
2533
4453
2455
2534
4454
2456
2535
4455
2457
2536
4456
2458
2537
4457
2459
2538
4458
2460
2539
4459
2461
2540
4460
2462
2541
4461
2463
2542
4462
2464
2543
4463
2465
2544
4464
2466
2545
4465
2467
2546
4466
2468
2547
4467
2469
2548
4468
2470
2549
4469
2471
2550
4470
2472
2551
4471
2473
2552
4472
2474
2553
4473
2475
2554
4474
2476
2555
4475
2477
2556
4476
2478
2557
4477
2479
2558
4478
2559
4479
2481
2560
4480
2482
2561
4481
2483
2562
4482
2484
2563
4483
2485
2564
4484
2486
2565
4485
2487
2566
4486
2488
2567
4487
2489
2568
4488
2490
2569
4489
2491
2570
4490
2492
2571
4491
2493
2572
4492
2494
2573
4493
2495
2574
4494
2496
2575
4495
2497
2576
4496
2498
2577
4497
2499
2578
4498
2500
2579
4499
2501
2580
4500
2502
2581
4501
2503
2582
4502
2504
2583
4503
2505
2584
4504
2506
2585
4505
2507
2586
4506
2508
2587
4507
2509
2588
4508
2510
2589
4509
2511
2590
4510
2512
2591
4511
2513
2592
4512
2514
2593
4513
2515
2594
4514
2516
2595
4515
2517
2596
4516
2518
2597
4517
2519
2598
4518
2520
2599
4519
2521
2600
4520
2522
2601
4521
2523
2602
4522
2524
2603
4523
2525
2604
4524
2526
2605
4525
2527
2606
4526
2528
2607
4527
2529
2608
4528
2530
2609
4529
2531
2610
4530
2532
2611
4531
2533
2612
4532
2534
2613
4533
2535
2614
4534
2536
2615
4535
2537
2616
4536
2538
2617
4537
2539
2618
4538
2540
2619
4539
2541
2620
4540
2542
2621
4541
2543
2622
4542
2544
2623
4543
2545
2624
4544
2546
2625
4545
2547
2626
4546
2548
2627
4547
2549
2628
4548
2550
2629
4549
2551
2630
4550
2552
2631
4551
2553
2632
4552
2554
2633
4553
2555
2634
4554
2556
2635
4555
2557
2636
4556
2558
2637
4557
2559
2638
4558
2639
4559
2561
2640
4560
2562
2641
4561
2563
2642
4562
2564
2643
4563
2565
2644
4564
2566
2645
4565
2567
2646
4566
2568
2647
4567
2569
2648
4568
2570
2649
4569
2571
2650
4570
2572
2651
4571
2573
2652
4572
2574
2653
4573
2575
2654
4574
2576
2655
4575
2577
2656
4576
2578
2657
4577
2579
2658
4578
2580
2659
4579
2581
2660
4580
2582
2661
4581
2583
2662
4582
2584
2663
4583
2585
2664
4584
2586
2665
4585
2587
2666
4586
2588
2667
4587
2589
2668
4588
2590
2669
4589
2591
2670
4590
2592
2671
4591
2593
2672
4592
2594
2673
4593
2595
2674
4594
2596
2675
4595
2597
2676
4596
2598
2677
4597
2599
2678
4598
2600
2679
4599
2601
2680
4600
2602
2681
4601
2603
2682
4602
2604
2683
4603
2605
2684
4604
2606
2685
4605
2607
2686
4606
2608
2687
4607
2609
2688
4608
2610
2689
4609
2611
2690
4610
2612
2691
4611
2613
2692
4612
2614
2693
4613
2615
2694
4614
2616
2695
4615
2617
2696
4616
2618
2697
4617
2619
2698
4618
2620
2699
4619
2621
2700
4620
2622
2701
4621
2623
2702
4622
2624
2703
4623
2625
2704
4624
2626
2705
4625
2627
2706
4626
2628
2707
4627
2629
2708
4628
2630
2709
4629
2631
2710
4630
2632
2711
4631
2633
2712
4632
2634
2713
4633
2635
2714
4634
2636
2715
4635
2637
2716
4636
2638
2717
4637
2639
2718
4638
2719
4639
2641
2720
4640
2642
2721
4641
2643
2722
4642
2644
2723
4643
2645
2724
4644
2646
2725
4645
2647
2726
4646
2648
2727
4647
2649
2728
4648
2650
2729
4649
2651
2730
4650
2652
2731
4651
2653
2732
4652
2654
2733
4653
2655
2734
4654
2656
2735
4655
2657
2736
4656
2658
2737
4657
2659
2738
4658
2660
2739
4659
2661
2740
4660
2662
2741
4661
2663
2742
4662
2664
2743
4663
2665
2744
4664
2666
2745
4665
2667
2746
4666
2668
2747
4667
2669
2748
4668
2670
2749
4669
2671
2750
4670
2672
2751
4671
2673
2752
4672
2674
2753
4673
2675
2754
4674
2676
2755
4675
2677
2756
4676
2678
2757
4677
2679
2758
4678
2680
2759
4679
2681
2760
4680
2682
2761
4681
2683
2762
4682
2684
2763
4683
2685
2764
4684
2686
2765
4685
2687
2766
4686
2688
2767
4687
2689
2768
4688
2690
2769
4689
2691
2770
4690
2692
2771
4691
2693
2772
4692
2694
2773
4693
2695
2774
4694
2696
2775
4695
2697
2776
4696
2698
2777
4697
2699
2778
4698
2700
2779
4699
2701
2780
4700
2702
2781
4701
2703
2782
4702
2704
2783
4703
2705
2784
4704
2706
2785
4705
2707
2786
4706
2708
2787
4707
2709
2788
4708
2710
2789
4709
2711
2790
4710
2712
2791
4711
2713
2792
4712
2714
2793
4713
2715
2794
4714
2716
2795
4715
2717
2796
4716
2718
2797
4717
2719
2798
4718
2799
4719
2721
2800
4720
2722
2801
4721
2723
2802
4722
2724
2803
4723
2725
2804
4724
2726
2805
4725
2727
2806
4726
2728
2807
4727
2729
2808
4728
2730
2809
4729
2731
2810
4730
2732
2811
4731
2733
2812
4732
2734
2813
4733
2735
2814
4734
2736
2815
4735
2737
2816
4736
2738
2817
4737
2739
2818
4738
2740
2819
4739
2741
2820
4740
2742
2821
4741
2743
2822
4742
2744
2823
4743
2745
2824
4744
2746
2825
4745
2747
2826
4746
2748
2827
4747
2749
2828
4748
2750
2829
4749
2751
2830
4750
2752
2831
4751
2753
2832
4752
2754
2833
4753
2755
2834
4754
2756
2835
4755
2757
2836
4756
2758
2837
4757
2759
2838
4758
2760
2839
4759
2761
2840
4760
2762
2841
4761
2763
2842
4762
2764
2843
4763
2765
2844
4764
2766
2845
4765
2767
2846
4766
2768
2847
4767
2769
2848
4768
2770
2849
4769
2771
2850
4770
2772
2851
4771
2773
2852
4772
2774
2853
4773
2775
2854
4774
2776
2855
4775
2777
2856
4776
2778
2857
4777
2779
2858
4778
2780
2859
4779
2781
2860
4780
2782
2861
4781
2783
2862
4782
2784
2863
4783
2785
2864
4784
2786
2865
4785
2787
2866
4786
2788
2867
4787
2789
2868
4788
2790
2869
4789
2791
2870
4790
2792
2871
4791
2793
2872
4792
2794
2873
4793
2795
2874
4794
2796
2875
4795
2797
2876
4796
2798
2877
4797
2799
2878
4798
2879
4799
2801
2880
4800
2802
2881
4801
2803
2882
4802
2804
2883
4803
2805
2884
4804
2806
2885
4805
2807
2886
4806
2808
2887
4807
2809
2888
4808
2810
2889
4809
2811
2890
4810
2812
2891
4811
2813
2892
4812
2814
2893
4813
2815
2894
4814
2816
2895
4815
2817
2896
4816
2818
2897
4817
2819
2898
4818
2820
2899
4819
2821
2900
4820
2822
2901
4821
2823
2902
4822
2824
2903
4823
2825
2904
4824
2826
2905
4825
2827
2906
4826
2828
2907
4827
2829
2908
4828
2830
2909
4829
2831
2910
4830
2832
2911
4831
2833
2912
4832
2834
2913
4833
2835
2914
4834
2836
2915
4835
2837
2916
4836
2838
2917
4837
2839
2918
4838
2840
2919
4839
2841
2920
4840
2842
2921
4841
2843
2922
4842
2844
2923
4843
2845
2924
4844
2846
2925
4845
2847
2926
4846
2848
2927
4847
2849
2928
4848
2850
2929
4849
2851
2930
4850
2852
2931
4851
2853
2932
4852
2854
2933
4853
2855
2934
4854
2856
2935
4855
2857
2936
4856
2858
2937
4857
2859
2938
4858
2860
2939
4859
2861
2940
4860
2862
2941
4861
2863
2942
4862
2864
2943
4863
2865
2944
4864
2866
2945
4865
2867
2946
4866
2868
2947
4867
2869
2948
4868
2870
2949
4869
2871
2950
4870
2872
2951
4871
2873
2952
4872
2874
2953
4873
2875
2954
4874
2876
2955
4875
2877
2956
4876
2878
2957
4877
2879
2958
4878
2959
4879
2881
2960
4880
2882
2961
4881
2883
2962
4882
2884
2963
4883
2885
2964
4884
2886
2965
4885
2887
2966
4886
2888
2967
4887
2889
2968
4888
2890
2969
4889
2891
2970
4890
2892
2971
4891
2893
2972
4892
2894
2973
4893
2895
2974
4894
2896
2975
4895
2897
2976
4896
2898
2977
4897
2899
2978
4898
2900
2979
4899
2901
2980
4900
2902
2981
4901
2903
2982
4902
2904
2983
4903
2905
2984
4904
2906
2985
4905
2907
2986
4906
2908
2987
4907
2909
2988
4908
2910
2989
4909
2911
2990
4910
2912
2991
4911
2913
2992
4912
2914
2993
4913
2915
2994
4914
2916
2995
4915
2917
2996
4916
2918
2997
4917
2919
2998
4918
2920
2999
4919
2921
3000
4920
2922
3001
4921
2923
3002
4922
2924
3003
4923
2925
3004
4924
2926
3005
4925
2927
3006
4926
2928
3007
4927
2929
3008
4928
2930
3009
4929
2931
3010
4930
2932
3011
4931
2933
3012
4932
2934
3013
4933
2935
3014
4934
2936
3015
4935
2937
3016
4936
2938
3017
4937
2939
3018
4938
2940
3019
4939
2941
3020
4940
2942
3021
4941
2943
3022
4942
2944
3023
4943
2945
3024
4944
2946
3025
4945
2947
3026
4946
2948
3027
4947
2949
3028
4948
2950
3029
4949
2951
3030
4950
2952
3031
4951
2953
3032
4952
2954
3033
4953
2955
3034
4954
2956
3035
4955
2957
3036
4956
2958
3037
4957
2959
3038
4958
3039
4959
2961
3040
4960
2962
3041
4961
2963
3042
4962
2964
3043
4963
2965
3044
4964
2966
3045
4965
2967
3046
4966
2968
3047
4967
2969
3048
4968
2970
3049
4969
2971
3050
4970
2972
3051
4971
2973
3052
4972
2974
3053
4973
2975
3054
4974
2976
3055
4975
2977
3056
4976
2978
3057
4977
2979
3058
4978
2980
3059
4979
2981
3060
4980
2982
3061
4981
2983
3062
4982
2984
3063
4983
2985
3064
4984
2986
3065
4985
2987
3066
4986
2988
3067
4987
2989
3068
4988
2990
3069
4989
2991
3070
4990
2992
3071
4991
2993
3072
4992
2994
3073
4993
2995
3074
4994
2996
3075
4995
2997
3076
4996
2998
3077
4997
2999
3078
4998
3000
3079
4999
3001
3080
5000
3002
3081
5001
3003
3082
5002
3004
3083
5003
3005
3084
5004
3006
3085
5005
3007
3086
5006
3008
3087
5007
3009
3088
5008
3010
3089
5009
3011
3090
5010
3012
3091
5011
3013
3092
5012
3014
3093
5013
3015
3094
5014
3016
3095
5015
3017
3096
5016
3018
3097
5017
3019
3098
5018
3020
3099
5019
3021
3100
5020
3022
3101
5021
3023
3102
5022
3024
3103
5023
3025
3104
5024
3026
3105
5025
3027
3106
5026
3028
3107
5027
3029
3108
5028
3030
3109
5029
3031
3110
5030
3032
3111
5031
3033
3112
5032
3034
3113
5033
3035
3114
5034
3036
3115
5035
3037
3116
5036
3038
3117
5037
3039
3118
5038
3119
5039
3041
3120
5040
3042
3121
5041
3043
3122
5042
3044
3123
5043
3045
3124
5044
3046
3125
5045
3047
3126
5046
3048
3127
5047
3049
3128
5048
3050
3129
5049
3051
3130
5050
3052
3131
5051
3053
3132
5052
3054
3133
5053
3055
3134
5054
3056
3135
5055
3057
3136
5056
3058
3137
5057
3059
3138
5058
3060
3139
5059
3061
3140
5060
3062
3141
5061
3063
3142
5062
3064
3143
5063
3065
3144
5064
3066
3145
5065
3067
3146
5066
3068
3147
5067
3069
3148
5068
3070
3149
5069
3071
3150
5070
3072
3151
5071
3073
3152
5072
3074
3153
5073
3075
3154
5074
3076
3155
5075
3077
3156
5076
3078
3157
5077
3079
3158
5078
3080
3159
5079
3081
3160
5080
3082
3161
5081
3083
3162
5082
3084
3163
5083
3085
3164
5084
3086
3165
5085
3087
3166
5086
3088
3167
5087
3089
3168
5088
3090
3169
5089
3091
3170
5090
3092
3171
5091
3093
3172
5092
3094
3173
5093
3095
3174
5094
3096
3175
5095
3097
3176
5096
3098
3177
5097
3099
3178
5098
3100
3179
5099
3101
3180
5100
3102
3181
5101
3103
3182
5102
3104
3183
5103
3105
3184
5104
3106
3185
5105
3107
3186
5106
3108
3187
5107
3109
3188
5108
3110
3189
5109
3111
3190
5110
3112
3191
5111
3113
3192
5112
3114
3193
5113
3115
3194
5114
3116
3195
5115
3117
3196
5116
3118
3197
5117
3119
3198
5118
3199
5119
3121
3200
5120
3122
3201
5121
3123
3202
5122
3124
3203
5123
3125
3204
5124
3126
3205
5125
3127
3206
5126
3128
3207
5127
3129
3208
5128
3130
3209
5129
3131
3210
5130
3132
3211
5131
3133
3212
5132
3134
3213
5133
3135
3214
5134
3136
3215
5135
3137
3216
5136
3138
3217
5137
3139
3218
5138
3140
3219
5139
3141
3220
5140
3142
3221
5141
3143
3222
5142
3144
3223
5143
3145
3224
5144
3146
3225
5145
3147
3226
5146
3148
3227
5147
3149
3228
5148
3150
3229
5149
3151
3230
5150
3152
3231
5151
3153
3232
5152
3154
3233
5153
3155
3234
5154
3156
3235
5155
3157
3236
5156
3158
3237
5157
3159
3238
5158
3160
3239
5159
3161
3240
5160
3162
3241
5161
3163
3242
5162
3164
3243
5163
3165
3244
5164
3166
3245
5165
3167
3246
5166
3168
3247
5167
3169
3248
5168
3170
3249
5169
3171
3250
5170
3172
3251
5171
3173
3252
5172
3174
3253
5173
3175
3254
5174
3176
3255
5175
3177
3256
5176
3178
3257
5177
3179
3258
5178
3180
3259
5179
3181
3260
5180
3182
3261
5181
3183
3262
5182
3184
3263
5183
3185
3264
5184
3186
3265
5185
3187
3266
5186
3188
3267
5187
3189
3268
5188
3190
3269
5189
3191
3270
5190
3192
3271
5191
3193
3272
5192
3194
3273
5193
3195
3274
5194
3196
3275
5195
3197
3276
5196
3198
3277
5197
3199
3278
5198
3279
5199
3201
3280
5200
3202
3281
5201
3203
3282
5202
3204
3283
5203
3205
3284
5204
3206
3285
5205
3207
3286
5206
3208
3287
5207
3209
3288
5208
3210
3289
5209
3211
3290
5210
3212
3291
5211
3213
3292
5212
3214
3293
5213
3215
3294
5214
3216
3295
5215
3217
3296
5216
3218
3297
5217
3219
3298
5218
3220
3299
5219
3221
3300
5220
3222
3301
5221
3223
3302
5222
3224
3303
5223
3225
3304
5224
3226
3305
5225
3227
3306
5226
3228
3307
5227
3229
3308
5228
3230
3309
5229
3231
3310
5230
3232
3311
5231
3233
3312
5232
3234
3313
5233
3235
3314
5234
3236
3315
5235
3237
3316
5236
3238
3317
5237
3239
3318
5238
3240
3319
5239
3241
3320
5240
3242
3321
5241
3243
3322
5242
3244
3323
5243
3245
3324
5244
3246
3325
5245
3247
3326
5246
3248
3327
5247
3249
3328
5248
3250
3329
5249
3251
3330
5250
3252
3331
5251
3253
3332
5252
3254
3333
5253
3255
3334
5254
3256
3335
5255
3257
3336
5256
3258
3337
5257
3259
3338
5258
3260
3339
5259
3261
3340
5260
3262
3341
5261
3263
3342
5262
3264
3343
5263
3265
3344
5264
3266
3345
5265
3267
3346
5266
3268
3347
5267
3269
3348
5268
3270
3349
5269
3271
3350
5270
3272
3351
5271
3273
3352
5272
3274
3353
5273
3275
3354
5274
3276
3355
5275
3277
3356
5276
3278
3357
5277
3279
3358
5278
3359
5279
3281
3360
5280
3282
3361
5281
3283
3362
5282
3284
3363
5283
3285
3364
5284
3286
3365
5285
3287
3366
5286
3288
3367
5287
3289
3368
5288
3290
3369
5289
3291
3370
5290
3292
3371
5291
3293
3372
5292
3294
3373
5293
3295
3374
5294
3296
3375
5295
3297
3376
5296
3298
3377
5297
3299
3378
5298
3300
3379
5299
3301
3380
5300
3302
3381
5301
3303
3382
5302
3304
3383
5303
3305
3384
5304
3306
3385
5305
3307
3386
5306
3308
3387
5307
3309
3388
5308
3310
3389
5309
3311
3390
5310
3312
3391
5311
3313
3392
5312
3314
3393
5313
3315
3394
5314
3316
3395
5315
3317
3396
5316
3318
3397
5317
3319
3398
5318
3320
3399
5319
3321
3400
5320
3322
3401
5321
3323
3402
5322
3324
3403
5323
3325
3404
5324
3326
3405
5325
3327
3406
5326
3328
3407
5327
3329
3408
5328
3330
3409
5329
3331
3410
5330
3332
3411
5331
3333
3412
5332
3334
3413
5333
3335
3414
5334
3336
3415
5335
3337
3416
5336
3338
3417
5337
3339
3418
5338
3340
3419
5339
3341
3420
5340
3342
3421
5341
3343
3422
5342
3344
3423
5343
3345
3424
5344
3346
3425
5345
3347
3426
5346
3348
3427
5347
3349
3428
5348
3350
3429
5349
3351
3430
5350
3352
3431
5351
3353
3432
5352
3354
3433
5353
3355
3434
5354
3356
3435
5355
3357
3436
5356
3358
3437
5357
3359
3438
5358
3439
5359
3361
3440
5360
3362
3441
5361
3363
3442
5362
3364
3443
5363
3365
3444
5364
3366
3445
5365
3367
3446
5366
3368
3447
5367
3369
3448
5368
3370
3449
5369
3371
3450
5370
3372
3451
5371
3373
3452
5372
3374
3453
5373
3375
3454
5374
3376
3455
5375
3377
3456
5376
3378
3457
5377
3379
3458
5378
3380
3459
5379
3381
3460
5380
3382
3461
5381
3383
3462
5382
3384
3463
5383
3385
3464
5384
3386
3465
5385
3387
3466
5386
3388
3467
5387
3389
3468
5388
3390
3469
5389
3391
3470
5390
3392
3471
5391
3393
3472
5392
3394
3473
5393
3395
3474
5394
3396
3475
5395
3397
3476
5396
3398
3477
5397
3399
3478
5398
3400
3479
5399
3401
3480
5400
3402
3481
5401
3403
3482
5402
3404
3483
5403
3405
3484
5404
3406
3485
5405
3407
3486
5406
3408
3487
5407
3409
3488
5408
3410
3489
5409
3411
3490
5410
3412
3491
5411
3413
3492
5412
3414
3493
5413
3415
3494
5414
3416
3495
5415
3417
3496
5416
3418
3497
5417
3419
3498
5418
3420
3499
5419
3421
3500
5420
3422
3501
5421
3423
3502
5422
3424
3503
5423
3425
3504
5424
3426
3505
5425
3427
3506
5426
3428
3507
5427
3429
3508
5428
3430
3509
5429
3431
3510
5430
3432
3511
5431
3433
3512
5432
3434
3513
5433
3435
3514
5434
3436
3515
5435
3437
3516
5436
3438
3517
5437
3439
3518
5438
3519
5439
3441
3520
5440
3442
3521
5441
3443
3522
5442
3444
3523
5443
3445
3524
5444
3446
3525
5445
3447
3526
5446
3448
3527
5447
3449
3528
5448
3450
3529
5449
3451
3530
5450
3452
3531
5451
3453
3532
5452
3454
3533
5453
3455
3534
5454
3456
3535
5455
3457
3536
5456
3458
3537
5457
3459
3538
5458
3460
3539
5459
3461
3540
5460
3462
3541
5461
3463
3542
5462
3464
3543
5463
3465
3544
5464
3466
3545
5465
3467
3546
5466
3468
3547
5467
3469
3548
5468
3470
3549
5469
3471
3550
5470
3472
3551
5471
3473
3552
5472
3474
3553
5473
3475
3554
5474
3476
3555
5475
3477
3556
5476
3478
3557
5477
3479
3558
5478
3480
3559
5479
3481
3560
5480
3482
3561
5481
3483
3562
5482
3484
3563
5483
3485
3564
5484
3486
3565
5485
3487
3566
5486
3488
3567
5487
3489
3568
5488
3490
3569
5489
3491
3570
5490
3492
3571
5491
3493
3572
5492
3494
3573
5493
3495
3574
5494
3496
3575
5495
3497
3576
5496
3498
3577
5497
3499
3578
5498
3500
3579
5499
3501
3580
5500
3502
3581
5501
3503
3582
5502
3504
3583
5503
3505
3584
5504
3506
3585
5505
3507
3586
5506
3508
3587
5507
3509
3588
5508
3510
3589
5509
3511
3590
5510
3512
3591
5511
3513
3592
5512
3514
3593
5513
3515
3594
5514
3516
3595
5515
3517
3596
5516
3518
3597
5517
3519
3598
5518
3599
5519
3521
3600
5520
3522
3601
5521
3523
3602
5522
3524
3603
5523
3525
3604
5524
3526
3605
5525
3527
3606
5526
3528
3607
5527
3529
3608
5528
3530
3609
5529
3531
3610
5530
3532
3611
5531
3533
3612
5532
3534
3613
5533
3535
3614
5534
3536
3615
5535
3537
3616
5536
3538
3617
5537
3539
3618
5538
3540
3619
5539
3541
3620
5540
3542
3621
5541
3543
3622
5542
3544
3623
5543
3545
3624
5544
3546
3625
5545
3547
3626
5546
3548
3627
5547
3549
3628
5548
3550
3629
5549
3551
3630
5550
3552
3631
5551
3553
3632
5552
3554
3633
5553
3555
3634
5554
3556
3635
5555
3557
3636
5556
3558
3637
5557
3559
3638
5558
3560
3639
5559
3561
3640
5560
3562
3641
5561
3563
3642
5562
3564
3643
5563
3565
3644
5564
3566
3645
5565
3567
3646
5566
3568
3647
5567
3569
3648
5568
3570
3649
5569
3571
3650
5570
3572
3651
5571
3573
3652
5572
3574
3653
5573
3575
3654
5574
3576
3655
5575
3577
3656
5576
3578
3657
5577
3579
3658
5578
3580
3659
5579
3581
3660
5580
3582
3661
5581
3583
3662
5582
3584
3663
5583
3585
3664
5584
3586
3665
5585
3587
3666
5586
3588
3667
5587
3589
3668
5588
3590
3669
5589
3591
3670
5590
3592
3671
5591
3593
3672
5592
3594
3673
5593
3595
3674
5594
3596
3675
5595
3597
3676
5596
3598
3677
5597
3599
3678
5598
3679
5599
3601
3680
5600
3602
3681
5601
3603
3682
5602
3604
3683
5603
3605
3684
5604
3606
3685
5605
3607
3686
5606
3608
3687
5607
3609
3688
5608
3610
3689
5609
3611
3690
5610
3612
3691
5611
3613
3692
5612
3614
3693
5613
3615
3694
5614
3616
3695
5615
3617
3696
5616
3618
3697
5617
3619
3698
5618
3620
3699
5619
3621
3700
5620
3622
3701
5621
3623
3702
5622
3624
3703
5623
3625
3704
5624
3626
3705
5625
3627
3706
5626
3628
3707
5627
3629
3708
5628
3630
3709
5629
3631
3710
5630
3632
3711
5631
3633
3712
5632
3634
3713
5633
3635
3714
5634
3636
3715
5635
3637
3716
5636
3638
3717
5637
3639
3718
5638
3640
3719
5639
3641
3720
5640
3642
3721
5641
3643
3722
5642
3644
3723
5643
3645
3724
5644
3646
3725
5645
3647
3726
5646
3648
3727
5647
3649
3728
5648
3650
3729
5649
3651
3730
5650
3652
3731
5651
3653
3732
5652
3654
3733
5653
3655
3734
5654
3656
3735
5655
3657
3736
5656
3658
3737
5657
3659
3738
5658
3660
3739
5659
3661
3740
5660
3662
3741
5661
3663
3742
5662
3664
3743
5663
3665
3744
5664
3666
3745
5665
3667
3746
5666
3668
3747
5667
3669
3748
5668
3670
3749
5669
3671
3750
5670
3672
3751
5671
3673
3752
5672
3674
3753
5673
3675
3754
5674
3676
3755
5675
3677
3756
5676
3678
3757
5677
3679
3758
5678
3759
5679
3681
3760
5680
3682
3761
5681
3683
3762
5682
3684
3763
5683
3685
3764
5684
3686
3765
5685
3687
3766
5686
3688
3767
5687
3689
3768
5688
3690
3769
5689
3691
3770
5690
3692
3771
5691
3693
3772
5692
3694
3773
5693
3695
3774
5694
3696
3775
5695
3697
3776
5696
3698
3777
5697
3699
3778
5698
3700
3779
5699
3701
3780
5700
3702
3781
5701
3703
3782
5702
3704
3783
5703
3705
3784
5704
3706
3785
5705
3707
3786
5706
3708
3787
5707
3709
3788
5708
3710
3789
5709
3711
3790
5710
3712
3791
5711
3713
3792
5712
3714
3793
5713
3715
3794
5714
3716
3795
5715
3717
3796
5716
3718
3797
5717
3719
3798
5718
3720
3799
5719
3721
3800
5720
3722
3801
5721
3723
3802
5722
3724
3803
5723
3725
3804
5724
3726
3805
5725
3727
3806
5726
3728
3807
5727
3729
3808
5728
3730
3809
5729
3731
3810
5730
3732
3811
5731
3733
3812
5732
3734
3813
5733
3735
3814
5734
3736
3815
5735
3737
3816
5736
3738
3817
5737
3739
3818
5738
3740
3819
5739
3741
3820
5740
3742
3821
5741
3743
3822
5742
3744
3823
5743
3745
3824
5744
3746
3825
5745
3747
3826
5746
3748
3827
5747
3749
3828
5748
3750
3829
5749
3751
3830
5750
3752
3831
5751
3753
3832
5752
3754
3833
5753
3755
3834
5754
3756
3835
5755
3757
3836
5756
3758
3837
5757
3759
3838
5758
3839
5759
3761
3840
5760
3762
3841
5761
3763
3842
5762
3764
3843
5763
3765
3844
5764
3766
3845
5765
3767
3846
5766
3768
3847
5767
3769
3848
5768
3770
3849
5769
3771
3850
5770
3772
3851
5771
3773
3852
5772
3774
3853
5773
3775
3854
5774
3776
3855
5775
3777
3856
5776
3778
3857
5777
3779
3858
5778
3780
3859
5779
3781
3860
5780
3782
3861
5781
3783
3862
5782
3784
3863
5783
3785
3864
5784
3786
3865
5785
3787
3866
5786
3788
3867
5787
3789
3868
5788
3790
3869
5789
3791
3870
5790
3792
3871
5791
3793
3872
5792
3794
3873
5793
3795
3874
5794
3796
3875
5795
3797
3876
5796
3798
3877
5797
3799
3878
5798
3800
3879
5799
3801
3880
5800
3802
3881
5801
3803
3882
5802
3804
3883
5803
3805
3884
5804
3806
3885
5805
3807
3886
5806
3808
3887
5807
3809
3888
5808
3810
3889
5809
3811
3890
5810
3812
3891
5811
3813
3892
5812
3814
3893
5813
3815
3894
5814
3816
3895
5815
3817
3896
5816
3818
3897
5817
3819
3898
5818
3820
3899
5819
3821
3900
5820
3822
3901
5821
3823
3902
5822
3824
3903
5823
3825
3904
5824
3826
3905
5825
3827
3906
5826
3828
3907
5827
3829
3908
5828
3830
3909
5829
3831
3910
5830
3832
3911
5831
3833
3912
5832
3834
3913
5833
3835
3914
5834
3836
3915
5835
3837
3916
5836
3838
3917
5837
3839
3918
5838
3919
5839
3841
3920
5840
3842
3921
5841
3843
3922
5842
3844
3923
5843
3845
3924
5844
3846
3925
5845
3847
3926
5846
3848
3927
5847
3849
3928
5848
3850
3929
5849
3851
3930
5850
3852
3931
5851
3853
3932
5852
3854
3933
5853
3855
3934
5854
3856
3935
5855
3857
3936
5856
3858
3937
5857
3859
3938
5858
3860
3939
5859
3861
3940
5860
3862
3941
5861
3863
3942
5862
3864
3943
5863
3865
3944
5864
3866
3945
5865
3867
3946
5866
3868
3947
5867
3869
3948
5868
3870
3949
5869
3871
3950
5870
3872
3951
5871
3873
3952
5872
3874
3953
5873
3875
3954
5874
3876
3955
5875
3877
3956
5876
3878
3957
5877
3879
3958
5878
3880
3959
5879
3881
3960
5880
3882
3961
5881
3883
3962
5882
3884
3963
5883
3885
3964
5884
3886
3965
5885
3887
3966
5886
3888
3967
5887
3889
3968
5888
3890
3969
5889
3891
3970
5890
3892
3971
5891
3893
3972
5892
3894
3973
5893
3895
3974
5894
3896
3975
5895
3897
3976
5896
3898
3977
5897
3899
3978
5898
3900
3979
5899
3901
3980
5900
3902
3981
5901
3903
3982
5902
3904
3983
5903
3905
3984
5904
3906
3985
5905
3907
3986
5906
3908
3987
5907
3909
3988
5908
3910
3989
5909
3911
3990
5910
3912
3991
5911
3913
3992
5912
3914
3993
5913
3915
3994
5914
3916
3995
5915
3917
3996
5916
3918
3997
5917
3919
3998
5918
3999
5919
3921
5920
8000
3922
5921
8001
3923
5922
8002
3924
5923
8003
3925
5924
8004
3926
5925
8005
3927
5926
8006
3928
5927
8007
3929
5928
8008
3930
5929
8009
3931
5930
8010
3932
5931
8011
3933
5932
8012
3934
5933
8013
3935
5934
8014
3936
5935
8015
3937
5936
8016
3938
5937
8017
3939
5938
8018
3940
5939
8019
3941
5940
8020
3942
5941
8021
3943
5942
8022
3944
5943
8023
3945
5944
8024
3946
5945
8025
3947
5946
8026
3948
5947
8027
3949
5948
8028
3950
5949
8029
3951
5950
8030
3952
5951
8031
3953
5952
8032
3954
5953
8033
3955
5954
8034
3956
5955
8035
3957
5956
8036
3958
5957
8037
3959
5958
8038
3960
5959
8039
3961
5960
8040
3962
5961
8041
3963
5962
8042
3964
5963
8043
3965
5964
8044
3966
5965
8045
3967
5966
8046
3968
5967
8047
3969
5968
8048
3970
5969
8049
3971
5970
8050
3972
5971
8051
3973
5972
8052
3974
5973
8053
3975
5974
8054
3976
5975
8055
3977
5976
8056
3978
5977
8057
3979
5978
8058
3980
5979
8059
3981
5980
8060
3982
5981
8061
3983
5982
8062
3984
5983
8063
3985
5984
8064
3986
5985
8065
3987
5986
8066
3988
5987
8067
3989
5988
8068
3990
5989
8069
3991
5990
8070
3992
5991
8071
3993
5992
8072
3994
5993
8073
3995
5994
8074
3996
5995
8075
3997
5996
8076
3998
5997
8077
3999
5998
8078
5999
8079
4001
4080
4002
4081
4003
4082
4004
4083
4005
4084
4006
4085
4007
4086
4008
4087
4009
4088
4010
4089
4011
4090
4012
4091
4013
4092
4014
4093
4015
4094
4016
4095
4017
4096
4018
4097
4019
4098
4020
4099
4021
4100
4022
4101
4023
4102
4024
4103
4025
4104
4026
4105
4027
4106
4028
4107
4029
4108
4030
4109
4031
4110
4032
4111
4033
4112
4034
4113
4035
4114
4036
4115
4037
4116
4038
4117
4039
4118
4040
4119
4041
4120
4042
4121
4043
4122
4044
4123
4045
4124
4046
4125
4047
4126
4048
4127
4049
4128
4050
4129
4051
4130
4052
4131
4053
4132
4054
4133
4055
4134
4056
4135
4057
4136
4058
4137
4059
4138
4060
4139
4061
4140
4062
4141
4063
4142
4064
4143
4065
4144
4066
4145
4067
4146
4068
4147
4069
4148
4070
4149
4071
4150
4072
4151
4073
4152
4074
4153
4075
4154
4076
4155
4077
4156
4078
4157
4079
4158
4159
4081
4160
4082
4161
4083
4162
4084
4163
4085
4164
4086
4165
4087
4166
4088
4167
4089
4168
4090
4169
4091
4170
4092
4171
4093
4172
4094
4173
4095
4174
4096
4175
4097
4176
4098
4177
4099
4178
4100
4179
4101
4180
4102
4181
4103
4182
4104
4183
4105
4184
4106
4185
4107
4186
4108
4187
4109
4188
4110
4189
4111
4190
4112
4191
4113
4192
4114
4193
4115
4194
4116
4195
4117
4196
4118
4197
4119
4198
4120
4199
4121
4200
4122
4201
4123
4202
4124
4203
4125
4204
4126
4205
4127
4206
4128
4207
4129
4208
4130
4209
4131
4210
4132
4211
4133
4212
4134
4213
4135
4214
4136
4215
4137
4216
4138
4217
4139
4218
4140
4219
4141
4220
4142
4221
4143
4222
4144
4223
4145
4224
4146
4225
4147
4226
4148
4227
4149
4228
4150
4229
4151
4230
4152
4231
4153
4232
4154
4233
4155
4234
4156
4235
4157
4236
4158
4237
4159
4238
4239
4161
4240
4162
4241
4163
4242
4164
4243
4165
4244
4166
4245
4167
4246
4168
4247
4169
4248
4170
4249
4171
4250
4172
4251
4173
4252
4174
4253
4175
4254
4176
4255
4177
4256
4178
4257
4179
4258
4180
4259
4181
4260
4182
4261
4183
4262
4184
4263
4185
4264
4186
4265
4187
4266
4188
4267
4189
4268
4190
4269
4191
4270
4192
4271
4193
4272
4194
4273
4195
4274
4196
4275
4197
4276
4198
4277
4199
4278
4200
4279
4201
4280
4202
4281
4203
4282
4204
4283
4205
4284
4206
4285
4207
4286
4208
4287
4209
4288
4210
4289
4211
4290
4212
4291
4213
4292
4214
4293
4215
4294
4216
4295
4217
4296
4218
4297
4219
4298
4220
4299
4221
4300
4222
4301
4223
4302
4224
4303
4225
4304
4226
4305
4227
4306
4228
4307
4229
4308
4230
4309
4231
4310
4232
4311
4233
4312
4234
4313
4235
4314
4236
4315
4237
4316
4238
4317
4239
4318
4319
4241
4320
4242
4321
4243
4322
4244
4323
4245
4324
4246
4325
4247
4326
4248
4327
4249
4328
4250
4329
4251
4330
4252
4331
4253
4332
4254
4333
4255
4334
4256
4335
4257
4336
4258
4337
4259
4338
4260
4339
4261
4340
4262
4341
4263
4342
4264
4343
4265
4344
4266
4345
4267
4346
4268
4347
4269
4348
4270
4349
4271
4350
4272
4351
4273
4352
4274
4353
4275
4354
4276
4355
4277
4356
4278
4357
4279
4358
4280
4359
4281
4360
4282
4361
4283
4362
4284
4363
4285
4364
4286
4365
4287
4366
4288
4367
4289
4368
4290
4369
4291
4370
4292
4371
4293
4372
4294
4373
4295
4374
4296
4375
4297
4376
4298
4377
4299
4378
4300
4379
4301
4380
4302
4381
4303
4382
4304
4383
4305
4384
4306
4385
4307
4386
4308
4387
4309
4388
4310
4389
4311
4390
4312
4391
4313
4392
4314
4393
4315
4394
4316
4395
4317
4396
4318
4397
4319
4398
4399
4321
4400
4322
4401
4323
4402
4324
4403
4325
4404
4326
4405
4327
4406
4328
4407
4329
4408
4330
4409
4331
4410
4332
4411
4333
4412
4334
4413
4335
4414
4336
4415
4337
4416
4338
4417
4339
4418
4340
4419
4341
4420
4342
4421
4343
4422
4344
4423
4345
4424
4346
4425
4347
4426
4348
4427
4349
4428
4350
4429
4351
4430
4352
4431
4353
4432
4354
4433
4355
4434
4356
4435
4357
4436
4358
4437
4359
4438
4360
4439
4361
4440
4362
4441
4363
4442
4364
4443
4365
4444
4366
4445
4367
4446
4368
4447
4369
4448
4370
4449
4371
4450
4372
4451
4373
4452
4374
4453
4375
4454
4376
4455
4377
4456
4378
4457
4379
4458
4380
4459
4381
4460
4382
4461
4383
4462
4384
4463
4385
4464
4386
4465
4387
4466
4388
4467
4389
4468
4390
4469
4391
4470
4392
4471
4393
4472
4394
4473
4395
4474
4396
4475
4397
4476
4398
4477
4399
4478
4479
4401
4480
4402
4481
4403
4482
4404
4483
4405
4484
4406
4485
4407
4486
4408
4487
4409
4488
4410
4489
4411
4490
4412
4491
4413
4492
4414
4493
4415
4494
4416
4495
4417
4496
4418
4497
4419
4498
4420
4499
4421
4500
4422
4501
4423
4502
4424
4503
4425
4504
4426
4505
4427
4506
4428
4507
4429
4508
4430
4509
4431
4510
4432
4511
4433
4512
4434
4513
4435
4514
4436
4515
4437
4516
4438
4517
4439
4518
4440
4519
4441
4520
4442
4521
4443
4522
4444
4523
4445
4524
4446
4525
4447
4526
4448
4527
4449
4528
4450
4529
4451
4530
4452
4531
4453
4532
4454
4533
4455
4534
4456
4535
4457
4536
4458
4537
4459
4538
4460
4539
4461
4540
4462
4541
4463
4542
4464
4543
4465
4544
4466
4545
4467
4546
4468
4547
4469
4548
4470
4549
4471
4550
4472
4551
4473
4552
4474
4553
4475
4554
4476
4555
4477
4556
4478
4557
4479
4558
4559
4481
4560
4482
4561
4483
4562
4484
4563
4485
4564
4486
4565
4487
4566
4488
4567
4489
4568
4490
4569
4491
4570
4492
4571
4493
4572
4494
4573
4495
4574
4496
4575
4497
4576
4498
4577
4499
4578
4500
4579
4501
4580
4502
4581
4503
4582
4504
4583
4505
4584
4506
4585
4507
4586
4508
4587
4509
4588
4510
4589
4511
4590
4512
4591
4513
4592
4514
4593
4515
4594
4516
4595
4517
4596
4518
4597
4519
4598
4520
4599
4521
4600
4522
4601
4523
4602
4524
4603
4525
4604
4526
4605
4527
4606
4528
4607
4529
4608
4530
4609
4531
4610
4532
4611
4533
4612
4534
4613
4535
4614
4536
4615
4537
4616
4538
4617
4539
4618
4540
4619
4541
4620
4542
4621
4543
4622
4544
4623
4545
4624
4546
4625
4547
4626
4548
4627
4549
4628
4550
4629
4551
4630
4552
4631
4553
4632
4554
4633
4555
4634
4556
4635
4557
4636
4558
4637
4559
4638
4639
4561
4640
4562
4641
4563
4642
4564
4643
4565
4644
4566
4645
4567
4646
4568
4647
4569
4648
4570
4649
4571
4650
4572
4651
4573
4652
4574
4653
4575
4654
4576
4655
4577
4656
4578
4657
4579
4658
4580
4659
4581
4660
4582
4661
4583
4662
4584
4663
4585
4664
4586
4665
4587
4666
4588
4667
4589
4668
4590
4669
4591
4670
4592
4671
4593
4672
4594
4673
4595
4674
4596
4675
4597
4676
4598
4677
4599
4678
4600
4679
4601
4680
4602
4681
4603
4682
4604
4683
4605
4684
4606
4685
4607
4686
4608
4687
4609
4688
4610
4689
4611
4690
4612
4691
4613
4692
4614
4693
4615
4694
4616
4695
4617
4696
4618
4697
4619
4698
4620
4699
4621
4700
4622
4701
4623
4702
4624
4703
4625
4704
4626
4705
4627
4706
4628
4707
4629
4708
4630
4709
4631
4710
4632
4711
4633
4712
4634
4713
4635
4714
4636
4715
4637
4716
4638
4717
4639
4718
4719
4641
4720
4642
4721
4643
4722
4644
4723
4645
4724
4646
4725
4647
4726
4648
4727
4649
4728
4650
4729
4651
4730
4652
4731
4653
4732
4654
4733
4655
4734
4656
4735
4657
4736
4658
4737
4659
4738
4660
4739
4661
4740
4662
4741
4663
4742
4664
4743
4665
4744
4666
4745
4667
4746
4668
4747
4669
4748
4670
4749
4671
4750
4672
4751
4673
4752
4674
4753
4675
4754
4676
4755
4677
4756
4678
4757
4679
4758
4680
4759
4681
4760
4682
4761
4683
4762
4684
4763
4685
4764
4686
4765
4687
4766
4688
4767
4689
4768
4690
4769
4691
4770
4692
4771
4693
4772
4694
4773
4695
4774
4696
4775
4697
4776
4698
4777
4699
4778
4700
4779
4701
4780
4702
4781
4703
4782
4704
4783
4705
4784
4706
4785
4707
4786
4708
4787
4709
4788
4710
4789
4711
4790
4712
4791
4713
4792
4714
4793
4715
4794
4716
4795
4717
4796
4718
4797
4719
4798
4799
4721
4800
4722
4801
4723
4802
4724
4803
4725
4804
4726
4805
4727
4806
4728
4807
4729
4808
4730
4809
4731
4810
4732
4811
4733
4812
4734
4813
4735
4814
4736
4815
4737
4816
4738
4817
4739
4818
4740
4819
4741
4820
4742
4821
4743
4822
4744
4823
4745
4824
4746
4825
4747
4826
4748
4827
4749
4828
4750
4829
4751
4830
4752
4831
4753
4832
4754
4833
4755
4834
4756
4835
4757
4836
4758
4837
4759
4838
4760
4839
4761
4840
4762
4841
4763
4842
4764
4843
4765
4844
4766
4845
4767
4846
4768
4847
4769
4848
4770
4849
4771
4850
4772
4851
4773
4852
4774
4853
4775
4854
4776
4855
4777
4856
4778
4857
4779
4858
4780
4859
4781
4860
4782
4861
4783
4862
4784
4863
4785
4864
4786
4865
4787
4866
4788
4867
4789
4868
4790
4869
4791
4870
4792
4871
4793
4872
4794
4873
4795
4874
4796
4875
4797
4876
4798
4877
4799
4878
4879
4801
4880
4802
4881
4803
4882
4804
4883
4805
4884
4806
4885
4807
4886
4808
4887
4809
4888
4810
4889
4811
4890
4812
4891
4813
4892
4814
4893
4815
4894
4816
4895
4817
4896
4818
4897
4819
4898
4820
4899
4821
4900
4822
4901
4823
4902
4824
4903
4825
4904
4826
4905
4827
4906
4828
4907
4829
4908
4830
4909
4831
4910
4832
4911
4833
4912
4834
4913
4835
4914
4836
4915
4837
4916
4838
4917
4839
4918
4840
4919
4841
4920
4842
4921
4843
4922
4844
4923
4845
4924
4846
4925
4847
4926
4848
4927
4849
4928
4850
4929
4851
4930
4852
4931
4853
4932
4854
4933
4855
4934
4856
4935
4857
4936
4858
4937
4859
4938
4860
4939
4861
4940
4862
4941
4863
4942
4864
4943
4865
4944
4866
4945
4867
4946
4868
4947
4869
4948
4870
4949
4871
4950
4872
4951
4873
4952
4874
4953
4875
4954
4876
4955
4877
4956
4878
4957
4879
4958
4959
4881
4960
4882
4961
4883
4962
4884
4963
4885
4964
4886
4965
4887
4966
4888
4967
4889
4968
4890
4969
4891
4970
4892
4971
4893
4972
4894
4973
4895
4974
4896
4975
4897
4976
4898
4977
4899
4978
4900
4979
4901
4980
4902
4981
4903
4982
4904
4983
4905
4984
4906
4985
4907
4986
4908
4987
4909
4988
4910
4989
4911
4990
4912
4991
4913
4992
4914
4993
4915
4994
4916
4995
4917
4996
4918
4997
4919
4998
4920
4999
4921
5000
4922
5001
4923
5002
4924
5003
4925
5004
4926
5005
4927
5006
4928
5007
4929
5008
4930
5009
4931
5010
4932
5011
4933
5012
4934
5013
4935
5014
4936
5015
4937
5016
4938
5017
4939
5018
4940
5019
4941
5020
4942
5021
4943
5022
4944
5023
4945
5024
4946
5025
4947
5026
4948
5027
4949
5028
4950
5029
4951
5030
4952
5031
4953
5032
4954
5033
4955
5034
4956
5035
4957
5036
4958
5037
4959
5038
5039
4961
5040
4962
5041
4963
5042
4964
5043
4965
5044
4966
5045
4967
5046
4968
5047
4969
5048
4970
5049
4971
5050
4972
5051
4973
5052
4974
5053
4975
5054
4976
5055
4977
5056
4978
5057
4979
5058
4980
5059
4981
5060
4982
5061
4983
5062
4984
5063
4985
5064
4986
5065
4987
5066
4988
5067
4989
5068
4990
5069
4991
5070
4992
5071
4993
5072
4994
5073
4995
5074
4996
5075
4997
5076
4998
5077
4999
5078
5000
5079
5001
5080
5002
5081
5003
5082
5004
5083
5005
5084
5006
5085
5007
5086
5008
5087
5009
5088
5010
5089
5011
5090
5012
5091
5013
5092
5014
5093
5015
5094
5016
5095
5017
5096
5018
5097
5019
5098
5020
5099
5021
5100
5022
5101
5023
5102
5024
5103
5025
5104
5026
5105
5027
5106
5028
5107
5029
5108
5030
5109
5031
5110
5032
5111
5033
5112
5034
5113
5035
5114
5036
5115
5037
5116
5038
5117
5039
5118
5119
5041
5120
5042
5121
5043
5122
5044
5123
5045
5124
5046
5125
5047
5126
5048
5127
5049
5128
5050
5129
5051
5130
5052
5131
5053
5132
5054
5133
5055
5134
5056
5135
5057
5136
5058
5137
5059
5138
5060
5139
5061
5140
5062
5141
5063
5142
5064
5143
5065
5144
5066
5145
5067
5146
5068
5147
5069
5148
5070
5149
5071
5150
5072
5151
5073
5152
5074
5153
5075
5154
5076
5155
5077
5156
5078
5157
5079
5158
5080
5159
5081
5160
5082
5161
5083
5162
5084
5163
5085
5164
5086
5165
5087
5166
5088
5167
5089
5168
5090
5169
5091
5170
5092
5171
5093
5172
5094
5173
5095
5174
5096
5175
5097
5176
5098
5177
5099
5178
5100
5179
5101
5180
5102
5181
5103
5182
5104
5183
5105
5184
5106
5185
5107
5186
5108
5187
5109
5188
5110
5189
5111
5190
5112
5191
5113
5192
5114
5193
5115
5194
5116
5195
5117
5196
5118
5197
5119
5198
5199
5121
5200
5122
5201
5123
5202
5124
5203
5125
5204
5126
5205
5127
5206
5128
5207
5129
5208
5130
5209
5131
5210
5132
5211
5133
5212
5134
5213
5135
5214
5136
5215
5137
5216
5138
5217
5139
5218
5140
5219
5141
5220
5142
5221
5143
5222
5144
5223
5145
5224
5146
5225
5147
5226
5148
5227
5149
5228
5150
5229
5151
5230
5152
5231
5153
5232
5154
5233
5155
5234
5156
5235
5157
5236
5158
5237
5159
5238
5160
5239
5161
5240
5162
5241
5163
5242
5164
5243
5165
5244
5166
5245
5167
5246
5168
5247
5169
5248
5170
5249
5171
5250
5172
5251
5173
5252
5174
5253
5175
5254
5176
5255
5177
5256
5178
5257
5179
5258
5180
5259
5181
5260
5182
5261
5183
5262
5184
5263
5185
5264
5186
5265
5187
5266
5188
5267
5189
5268
5190
5269
5191
5270
5192
5271
5193
5272
5194
5273
5195
5274
5196
5275
5197
5276
5198
5277
5199
5278
5279
5201
5280
5202
5281
5203
5282
5204
5283
5205
5284
5206
5285
5207
5286
5208
5287
5209
5288
5210
5289
5211
5290
5212
5291
5213
5292
5214
5293
5215
5294
5216
5295
5217
5296
5218
5297
5219
5298
5220
5299
5221
5300
5222
5301
5223
5302
5224
5303
5225
5304
5226
5305
5227
5306
5228
5307
5229
5308
5230
5309
5231
5310
5232
5311
5233
5312
5234
5313
5235
5314
5236
5315
5237
5316
5238
5317
5239
5318
5240
5319
5241
5320
5242
5321
5243
5322
5244
5323
5245
5324
5246
5325
5247
5326
5248
5327
5249
5328
5250
5329
5251
5330
5252
5331
5253
5332
5254
5333
5255
5334
5256
5335
5257
5336
5258
5337
5259
5338
5260
5339
5261
5340
5262
5341
5263
5342
5264
5343
5265
5344
5266
5345
5267
5346
5268
5347
5269
5348
5270
5349
5271
5350
5272
5351
5273
5352
5274
5353
5275
5354
5276
5355
5277
5356
5278
5357
5279
5358
5359
5281
5360
5282
5361
5283
5362
5284
5363
5285
5364
5286
5365
5287
5366
5288
5367
5289
5368
5290
5369
5291
5370
5292
5371
5293
5372
5294
5373
5295
5374
5296
5375
5297
5376
5298
5377
5299
5378
5300
5379
5301
5380
5302
5381
5303
5382
5304
5383
5305
5384
5306
5385
5307
5386
5308
5387
5309
5388
5310
5389
5311
5390
5312
5391
5313
5392
5314
5393
5315
5394
5316
5395
5317
5396
5318
5397
5319
5398
5320
5399
5321
5400
5322
5401
5323
5402
5324
5403
5325
5404
5326
5405
5327
5406
5328
5407
5329
5408
5330
5409
5331
5410
5332
5411
5333
5412
5334
5413
5335
5414
5336
5415
5337
5416
5338
5417
5339
5418
5340
5419
5341
5420
5342
5421
5343
5422
5344
5423
5345
5424
5346
5425
5347
5426
5348
5427
5349
5428
5350
5429
5351
5430
5352
5431
5353
5432
5354
5433
5355
5434
5356
5435
5357
5436
5358
5437
5359
5438
5439
5361
5440
5362
5441
5363
5442
5364
5443
5365
5444
5366
5445
5367
5446
5368
5447
5369
5448
5370
5449
5371
5450
5372
5451
5373
5452
5374
5453
5375
5454
5376
5455
5377
5456
5378
5457
5379
5458
5380
5459
5381
5460
5382
5461
5383
5462
5384
5463
5385
5464
5386
5465
5387
5466
5388
5467
5389
5468
5390
5469
5391
5470
5392
5471
5393
5472
5394
5473
5395
5474
5396
5475
5397
5476
5398
5477
5399
5478
5400
5479
5401
5480
5402
5481
5403
5482
5404
5483
5405
5484
5406
5485
5407
5486
5408
5487
5409
5488
5410
5489
5411
5490
5412
5491
5413
5492
5414
5493
5415
5494
5416
5495
5417
5496
5418
5497
5419
5498
5420
5499
5421
5500
5422
5501
5423
5502
5424
5503
5425
5504
5426
5505
5427
5506
5428
5507
5429
5508
5430
5509
5431
5510
5432
5511
5433
5512
5434
5513
5435
5514
5436
5515
5437
5516
5438
5517
5439
5518
5519
5441
5520
5442
5521
5443
5522
5444
5523
5445
5524
5446
5525
5447
5526
5448
5527
5449
5528
5450
5529
5451
5530
5452
5531
5453
5532
5454
5533
5455
5534
5456
5535
5457
5536
5458
5537
5459
5538
5460
5539
5461
5540
5462
5541
5463
5542
5464
5543
5465
5544
5466
5545
5467
5546
5468
5547
5469
5548
5470
5549
5471
5550
5472
5551
5473
5552
5474
5553
5475
5554
5476
5555
5477
5556
5478
5557
5479
5558
5480
5559
5481
5560
5482
5561
5483
5562
5484
5563
5485
5564
5486
5565
5487
5566
5488
5567
5489
5568
5490
5569
5491
5570
5492
5571
5493
5572
5494
5573
5495
5574
5496
5575
5497
5576
5498
5577
5499
5578
5500
5579
5501
5580
5502
5581
5503
5582
5504
5583
5505
5584
5506
5585
5507
5586
5508
5587
5509
5588
5510
5589
5511
5590
5512
5591
5513
5592
5514
5593
5515
5594
5516
5595
5517
5596
5518
5597
5519
5598
5599
5521
5600
5522
5601
5523
5602
5524
5603
5525
5604
5526
5605
5527
5606
5528
5607
5529
5608
5530
5609
5531
5610
5532
5611
5533
5612
5534
5613
5535
5614
5536
5615
5537
5616
5538
5617
5539
5618
5540
5619
5541
5620
5542
5621
5543
5622
5544
5623
5545
5624
5546
5625
5547
5626
5548
5627
5549
5628
5550
5629
5551
5630
5552
5631
5553
5632
5554
5633
5555
5634
5556
5635
5557
5636
5558
5637
5559
5638
5560
5639
5561
5640
5562
5641
5563
5642
5564
5643
5565
5644
5566
5645
5567
5646
5568
5647
5569
5648
5570
5649
5571
5650
5572
5651
5573
5652
5574
5653
5575
5654
5576
5655
5577
5656
5578
5657
5579
5658
5580
5659
5581
5660
5582
5661
5583
5662
5584
5663
5585
5664
5586
5665
5587
5666
5588
5667
5589
5668
5590
5669
5591
5670
5592
5671
5593
5672
5594
5673
5595
5674
5596
5675
5597
5676
5598
5677
5599
5678
5679
5601
5680
5602
5681
5603
5682
5604
5683
5605
5684
5606
5685
5607
5686
5608
5687
5609
5688
5610
5689
5611
5690
5612
5691
5613
5692
5614
5693
5615
5694
5616
5695
5617
5696
5618
5697
5619
5698
5620
5699
5621
5700
5622
5701
5623
5702
5624
5703
5625
5704
5626
5705
5627
5706
5628
5707
5629
5708
5630
5709
5631
5710
5632
5711
5633
5712
5634
5713
5635
5714
5636
5715
5637
5716
5638
5717
5639
5718
5640
5719
5641
5720
5642
5721
5643
5722
5644
5723
5645
5724
5646
5725
5647
5726
5648
5727
5649
5728
5650
5729
5651
5730
5652
5731
5653
5732
5654
5733
5655
5734
5656
5735
5657
5736
5658
5737
5659
5738
5660
5739
5661
5740
5662
5741
5663
5742
5664
5743
5665
5744
5666
5745
5667
5746
5668
5747
5669
5748
5670
5749
5671
5750
5672
5751
5673
5752
5674
5753
5675
5754
5676
5755
5677
5756
5678
5757
5679
5758
5759
5681
5760
5682
5761
5683
5762
5684
5763
5685
5764
5686
5765
5687
5766
5688
5767
5689
5768
5690
5769
5691
5770
5692
5771
5693
5772
5694
5773
5695
5774
5696
5775
5697
5776
5698
5777
5699
5778
5700
5779
5701
5780
5702
5781
5703
5782
5704
5783
5705
5784
5706
5785
5707
5786
5708
5787
5709
5788
5710
5789
5711
5790
5712
5791
5713
5792
5714
5793
5715
5794
5716
5795
5717
5796
5718
5797
5719
5798
5720
5799
5721
5800
5722
5801
5723
5802
5724
5803
5725
5804
5726
5805
5727
5806
5728
5807
5729
5808
5730
5809
5731
5810
5732
5811
5733
5812
5734
5813
5735
5814
5736
5815
5737
5816
5738
5817
5739
5818
5740
5819
5741
5820
5742
5821
5743
5822
5744
5823
5745
5824
5746
5825
5747
5826
5748
5827
5749
5828
5750
5829
5751
5830
5752
5831
5753
5832
5754
5833
5755
5834
5756
5835
5757
5836
5758
5837
5759
5838
5839
5761
5840
5762
5841
5763
5842
5764
5843
5765
5844
5766
5845
5767
5846
5768
5847
5769
5848
5770
5849
5771
5850
5772
5851
5773
5852
5774
5853
5775
5854
5776
5855
5777
5856
5778
5857
5779
5858
5780
5859
5781
5860
5782
5861
5783
5862
5784
5863
5785
5864
5786
5865
5787
5866
5788
5867
5789
5868
5790
5869
5791
5870
5792
5871
5793
5872
5794
5873
5795
5874
5796
5875
5797
5876
5798
5877
5799
5878
5800
5879
5801
5880
5802
5881
5803
5882
5804
5883
5805
5884
5806
5885
5807
5886
5808
5887
5809
5888
5810
5889
5811
5890
5812
5891
5813
5892
5814
5893
5815
5894
5816
5895
5817
5896
5818
5897
5819
5898
5820
5899
5821
5900
5822
5901
5823
5902
5824
5903
5825
5904
5826
5905
5827
5906
5828
5907
5829
5908
5830
5909
5831
5910
5832
5911
5833
5912
5834
5913
5835
5914
5836
5915
5837
5916
5838
5917
5839
5918
5919
5841
5920
5842
5921
5843
5922
5844
5923
5845
5924
5846
5925
5847
5926
5848
5927
5849
5928
5850
5929
5851
5930
5852
5931
5853
5932
5854
5933
5855
5934
5856
5935
5857
5936
5858
5937
5859
5938
5860
5939
5861
5940
5862
5941
5863
5942
5864
5943
5865
5944
5866
5945
5867
5946
5868
5947
5869
5948
5870
5949
5871
5950
5872
5951
5873
5952
5874
5953
5875
5954
5876
5955
5877
5956
5878
5957
5879
5958
5880
5959
5881
5960
5882
5961
5883
5962
5884
5963
5885
5964
5886
5965
5887
5966
5888
5967
5889
5968
5890
5969
5891
5970
5892
5971
5893
5972
5894
5973
5895
5974
5896
5975
5897
5976
5898
5977
5899
5978
5900
5979
5901
5980
5902
5981
5903
5982
5904
5983
5905
5984
5906
5985
5907
5986
5908
5987
5909
5988
5910
5989
5911
5990
5912
5991
5913
5992
5914
5993
5915
5994
5916
5995
5917
5996
5918
5997
5919
5998
5999
5921
10000
5922
10001
5923
10002
5924
10003
5925
10004
5926
10005
5927
10006
5928
10007
5929
10008
5930
10009
5931
10010
5932
10011
5933
10012
5934
10013
5935
10014
5936
10015
5937
10016
5938
10017
5939
10018
5940
10019
5941
10020
5942
10021
5943
10022
5944
10023
5945
10024
5946
10025
5947
10026
5948
10027
5949
10028
5950
10029
5951
10030
5952
10031
5953
10032
5954
10033
5955
10034
5956
10035
5957
10036
5958
10037
5959
10038
5960
10039
5961
10040
5962
10041
5963
10042
5964
10043
5965
10044
5966
10045
5967
10046
5968
10047
5969
10048
5970
10049
5971
10050
5972
10051
5973
10052
5974
10053
5975
10054
5976
10055
5977
10056
5978
10057
5979
10058
5980
10059
5981
10060
5982
10061
5983
10062
5984
10063
5985
10064
5986
10065
5987
10066
5988
10067
5989
10068
5990
10069
5991
10070
5992
10071
5993
10072
5994
10073
5995
10074
5996
10075
5997
10076
5998
10077
5999
10078
10079
6001
6080
8000
6002
6081
8001
6003
6082
8002
6004
6083
8003
6005
6084
8004
6006
6085
8005
6007
6086
8006
6008
6087
8007
6009
6088
8008
6010
6089
8009
6011
6090
8010
6012
6091
8011
6013
6092
8012
6014
6093
8013
6015
6094
8014
6016
6095
8015
6017
6096
8016
6018
6097
8017
6019
6098
8018
6020
6099
8019
6021
6100
8020
6022
6101
8021
6023
6102
8022
6024
6103
8023
6025
6104
8024
6026
6105
8025
6027
6106
8026
6028
6107
8027
6029
6108
8028
6030
6109
8029
6031
6110
8030
6032
6111
8031
6033
6112
8032
6034
6113
8033
6035
6114
8034
6036
6115
8035
6037
6116
8036
6038
6117
8037
6039
6118
8038
6040
6119
8039
6041
6120
8040
6042
6121
8041
6043
6122
8042
6044
6123
8043
6045
6124
8044
6046
6125
8045
6047
6126
8046
6048
6127
8047
6049
6128
8048
6050
6129
8049
6051
6130
8050
6052
6131
8051
6053
6132
8052
6054
6133
8053
6055
6134
8054
6056
6135
8055
6057
6136
8056
6058
6137
8057
6059
6138
8058
6060
6139
8059
6061
6140
8060
6062
6141
8061
6063
6142
8062
6064
6143
8063
6065
6144
8064
6066
6145
8065
6067
6146
8066
6068
6147
8067
6069
6148
8068
6070
6149
8069
6071
6150
8070
6072
6151
8071
6073
6152
8072
6074
6153
8073
6075
6154
8074
6076
6155
8075
6077
6156
8076
6078
6157
8077
6079
6158
8078
6159
8079
6081
6160
8080
6082
6161
8081
6083
6162
8082
6084
6163
8083
6085
6164
8084
6086
6165
8085
6087
6166
8086
6088
6167
8087
6089
6168
8088
6090
6169
8089
6091
6170
8090
6092
6171
8091
6093
6172
8092
6094
6173
8093
6095
6174
8094
6096
6175
8095
6097
6176
8096
6098
6177
8097
6099
6178
8098
6100
6179
8099
6101
6180
8100
6102
6181
8101
6103
6182
8102
6104
6183
8103
6105
6184
8104
6106
6185
8105
6107
6186
8106
6108
6187
8107
6109
6188
8108
6110
6189
8109
6111
6190
8110
6112
6191
8111
6113
6192
8112
6114
6193
8113
6115
6194
8114
6116
6195
8115
6117
6196
8116
6118
6197
8117
6119
6198
8118
6120
6199
8119
6121
6200
8120
6122
6201
8121
6123
6202
8122
6124
6203
8123
6125
6204
8124
6126
6205
8125
6127
6206
8126
6128
6207
8127
6129
6208
8128
6130
6209
8129
6131
6210
8130
6132
6211
8131
6133
6212
8132
6134
6213
8133
6135
6214
8134
6136
6215
8135
6137
6216
8136
6138
6217
8137
6139
6218
8138
6140
6219
8139
6141
6220
8140
6142
6221
8141
6143
6222
8142
6144
6223
8143
6145
6224
8144
6146
6225
8145
6147
6226
8146
6148
6227
8147
6149
6228
8148
6150
6229
8149
6151
6230
8150
6152
6231
8151
6153
6232
8152
6154
6233
8153
6155
6234
8154
6156
6235
8155
6157
6236
8156
6158
6237
8157
6159
6238
8158
6239
8159
6161
6240
8160
6162
6241
8161
6163
6242
8162
6164
6243
8163
6165
6244
8164
6166
6245
8165
6167
6246
8166
6168
6247
8167
6169
6248
8168
6170
6249
8169
6171
6250
8170
6172
6251
8171
6173
6252
8172
6174
6253
8173
6175
6254
8174
6176
6255
8175
6177
6256
8176
6178
6257
8177
6179
6258
8178
6180
6259
8179
6181
6260
8180
6182
6261
8181
6183
6262
8182
6184
6263
8183
6185
6264
8184
6186
6265
8185
6187
6266
8186
6188
6267
8187
6189
6268
8188
6190
6269
8189
6191
6270
8190
6192
6271
8191
6193
6272
8192
6194
6273
8193
6195
6274
8194
6196
6275
8195
6197
6276
8196
6198
6277
8197
6199
6278
8198
6200
6279
8199
6201
6280
8200
6202
6281
8201
6203
6282
8202
6204
6283
8203
6205
6284
8204
6206
6285
8205
6207
6286
8206
6208
6287
8207
6209
6288
8208
6210
6289
8209
6211
6290
8210
6212
6291
8211
6213
6292
8212
6214
6293
8213
6215
6294
8214
6216
6295
8215
6217
6296
8216
6218
6297
8217
6219
6298
8218
6220
6299
8219
6221
6300
8220
6222
6301
8221
6223
6302
8222
6224
6303
8223
6225
6304
8224
6226
6305
8225
6227
6306
8226
6228
6307
8227
6229
6308
8228
6230
6309
8229
6231
6310
8230
6232
6311
8231
6233
6312
8232
6234
6313
8233
6235
6314
8234
6236
6315
8235
6237
6316
8236
6238
6317
8237
6239
6318
8238
6319
8239
6241
6320
8240
6242
6321
8241
6243
6322
8242
6244
6323
8243
6245
6324
8244
6246
6325
8245
6247
6326
8246
6248
6327
8247
6249
6328
8248
6250
6329
8249
6251
6330
8250
6252
6331
8251
6253
6332
8252
6254
6333
8253
6255
6334
8254
6256
6335
8255
6257
6336
8256
6258
6337
8257
6259
6338
8258
6260
6339
8259
6261
6340
8260
6262
6341
8261
6263
6342
8262
6264
6343
8263
6265
6344
8264
6266
6345
8265
6267
6346
8266
6268
6347
8267
6269
6348
8268
6270
6349
8269
6271
6350
8270
6272
6351
8271
6273
6352
8272
6274
6353
8273
6275
6354
8274
6276
6355
8275
6277
6356
8276
6278
6357
8277
6279
6358
8278
6280
6359
8279
6281
6360
8280
6282
6361
8281
6283
6362
8282
6284
6363
8283
6285
6364
8284
6286
6365
8285
6287
6366
8286
6288
6367
8287
6289
6368
8288
6290
6369
8289
6291
6370
8290
6292
6371
8291
6293
6372
8292
6294
6373
8293
6295
6374
8294
6296
6375
8295
6297
6376
8296
6298
6377
8297
6299
6378
8298
6300
6379
8299
6301
6380
8300
6302
6381
8301
6303
6382
8302
6304
6383
8303
6305
6384
8304
6306
6385
8305
6307
6386
8306
6308
6387
8307
6309
6388
8308
6310
6389
8309
6311
6390
8310
6312
6391
8311
6313
6392
8312
6314
6393
8313
6315
6394
8314
6316
6395
8315
6317
6396
8316
6318
6397
8317
6319
6398
8318
6399
8319
6321
6400
8320
6322
6401
8321
6323
6402
8322
6324
6403
8323
6325
6404
8324
6326
6405
8325
6327
6406
8326
6328
6407
8327
6329
6408
8328
6330
6409
8329
6331
6410
8330
6332
6411
8331
6333
6412
8332
6334
6413
8333
6335
6414
8334
6336
6415
8335
6337
6416
8336
6338
6417
8337
6339
6418
8338
6340
6419
8339
6341
6420
8340
6342
6421
8341
6343
6422
8342
6344
6423
8343
6345
6424
8344
6346
6425
8345
6347
6426
8346
6348
6427
8347
6349
6428
8348
6350
6429
8349
6351
6430
8350
6352
6431
8351
6353
6432
8352
6354
6433
8353
6355
6434
8354
6356
6435
8355
6357
6436
8356
6358
6437
8357
6359
6438
8358
6360
6439
8359
6361
6440
8360
6362
6441
8361
6363
6442
8362
6364
6443
8363
6365
6444
8364
6366
6445
8365
6367
6446
8366
6368
6447
8367
6369
6448
8368
6370
6449
8369
6371
6450
8370
6372
6451
8371
6373
6452
8372
6374
6453
8373
6375
6454
8374
6376
6455
8375
6377
6456
8376
6378
6457
8377
6379
6458
8378
6380
6459
8379
6381
6460
8380
6382
6461
8381
6383
6462
8382
6384
6463
8383
6385
6464
8384
6386
6465
8385
6387
6466
8386
6388
6467
8387
6389
6468
8388
6390
6469
8389
6391
6470
8390
6392
6471
8391
6393
6472
8392
6394
6473
8393
6395
6474
8394
6396
6475
8395
6397
6476
8396
6398
6477
8397
6399
6478
8398
6479
8399
6401
6480
8400
6402
6481
8401
6403
6482
8402
6404
6483
8403
6405
6484
8404
6406
6485
8405
6407
6486
8406
6408
6487
8407
6409
6488
8408
6410
6489
8409
6411
6490
8410
6412
6491
8411
6413
6492
8412
6414
6493
8413
6415
6494
8414
6416
6495
8415
6417
6496
8416
6418
6497
8417
6419
6498
8418
6420
6499
8419
6421
6500
8420
6422
6501
8421
6423
6502
8422
6424
6503
8423
6425
6504
8424
6426
6505
8425
6427
6506
8426
6428
6507
8427
6429
6508
8428
6430
6509
8429
6431
6510
8430
6432
6511
8431
6433
6512
8432
6434
6513
8433
6435
6514
8434
6436
6515
8435
6437
6516
8436
6438
6517
8437
6439
6518
8438
6440
6519
8439
6441
6520
8440
6442
6521
8441
6443
6522
8442
6444
6523
8443
6445
6524
8444
6446
6525
8445
6447
6526
8446
6448
6527
8447
6449
6528
8448
6450
6529
8449
6451
6530
8450
6452
6531
8451
6453
6532
8452
6454
6533
8453
6455
6534
8454
6456
6535
8455
6457
6536
8456
6458
6537
8457
6459
6538
8458
6460
6539
8459
6461
6540
8460
6462
6541
8461
6463
6542
8462
6464
6543
8463
6465
6544
8464
6466
6545
8465
6467
6546
8466
6468
6547
8467
6469
6548
8468
6470
6549
8469
6471
6550
8470
6472
6551
8471
6473
6552
8472
6474
6553
8473
6475
6554
8474
6476
6555
8475
6477
6556
8476
6478
6557
8477
6479
6558
8478
6559
8479
6481
6560
8480
6482
6561
8481
6483
6562
8482
6484
6563
8483
6485
6564
8484
6486
6565
8485
6487
6566
8486
6488
6567
8487
6489
6568
8488
6490
6569
8489
6491
6570
8490
6492
6571
8491
6493
6572
8492
6494
6573
8493
6495
6574
8494
6496
6575
8495
6497
6576
8496
6498
6577
8497
6499
6578
8498
6500
6579
8499
6501
6580
8500
6502
6581
8501
6503
6582
8502
6504
6583
8503
6505
6584
8504
6506
6585
8505
6507
6586
8506
6508
6587
8507
6509
6588
8508
6510
6589
8509
6511
6590
8510
6512
6591
8511
6513
6592
8512
6514
6593
8513
6515
6594
8514
6516
6595
8515
6517
6596
8516
6518
6597
8517
6519
6598
8518
6520
6599
8519
6521
6600
8520
6522
6601
8521
6523
6602
8522
6524
6603
8523
6525
6604
8524
6526
6605
8525
6527
6606
8526
6528
6607
8527
6529
6608
8528
6530
6609
8529
6531
6610
8530
6532
6611
8531
6533
6612
8532
6534
6613
8533
6535
6614
8534
6536
6615
8535
6537
6616
8536
6538
6617
8537
6539
6618
8538
6540
6619
8539
6541
6620
8540
6542
6621
8541
6543
6622
8542
6544
6623
8543
6545
6624
8544
6546
6625
8545
6547
6626
8546
6548
6627
8547
6549
6628
8548
6550
6629
8549
6551
6630
8550
6552
6631
8551
6553
6632
8552
6554
6633
8553
6555
6634
8554
6556
6635
8555
6557
6636
8556
6558
6637
8557
6559
6638
8558
6639
8559
6561
6640
8560
6562
6641
8561
6563
6642
8562
6564
6643
8563
6565
6644
8564
6566
6645
8565
6567
6646
8566
6568
6647
8567
6569
6648
8568
6570
6649
8569
6571
6650
8570
6572
6651
8571
6573
6652
8572
6574
6653
8573
6575
6654
8574
6576
6655
8575
6577
6656
8576
6578
6657
8577
6579
6658
8578
6580
6659
8579
6581
6660
8580
6582
6661
8581
6583
6662
8582
6584
6663
8583
6585
6664
8584
6586
6665
8585
6587
6666
8586
6588
6667
8587
6589
6668
8588
6590
6669
8589
6591
6670
8590
6592
6671
8591
6593
6672
8592
6594
6673
8593
6595
6674
8594
6596
6675
8595
6597
6676
8596
6598
6677
8597
6599
6678
8598
6600
6679
8599
6601
6680
8600
6602
6681
8601
6603
6682
8602
6604
6683
8603
6605
6684
8604
6606
6685
8605
6607
6686
8606
6608
6687
8607
6609
6688
8608
6610
6689
8609
6611
6690
8610
6612
6691
8611
6613
6692
8612
6614
6693
8613
6615
6694
8614
6616
6695
8615
6617
6696
8616
6618
6697
8617
6619
6698
8618
6620
6699
8619
6621
6700
8620
6622
6701
8621
6623
6702
8622
6624
6703
8623
6625
6704
8624
6626
6705
8625
6627
6706
8626
6628
6707
8627
6629
6708
8628
6630
6709
8629
6631
6710
8630
6632
6711
8631
6633
6712
8632
6634
6713
8633
6635
6714
8634
6636
6715
8635
6637
6716
8636
6638
6717
8637
6639
6718
8638
6719
8639
6641
6720
8640
6642
6721
8641
6643
6722
8642
6644
6723
8643
6645
6724
8644
6646
6725
8645
6647
6726
8646
6648
6727
8647
6649
6728
8648
6650
6729
8649
6651
6730
8650
6652
6731
8651
6653
6732
8652
6654
6733
8653
6655
6734
8654
6656
6735
8655
6657
6736
8656
6658
6737
8657
6659
6738
8658
6660
6739
8659
6661
6740
8660
6662
6741
8661
6663
6742
8662
6664
6743
8663
6665
6744
8664
6666
6745
8665
6667
6746
8666
6668
6747
8667
6669
6748
8668
6670
6749
8669
6671
6750
8670
6672
6751
8671
6673
6752
8672
6674
6753
8673
6675
6754
8674
6676
6755
8675
6677
6756
8676
6678
6757
8677
6679
6758
8678
6680
6759
8679
6681
6760
8680
6682
6761
8681
6683
6762
8682
6684
6763
8683
6685
6764
8684
6686
6765
8685
6687
6766
8686
6688
6767
8687
6689
6768
8688
6690
6769
8689
6691
6770
8690
6692
6771
8691
6693
6772
8692
6694
6773
8693
6695
6774
8694
6696
6775
8695
6697
6776
8696
6698
6777
8697
6699
6778
8698
6700
6779
8699
6701
6780
8700
6702
6781
8701
6703
6782
8702
6704
6783
8703
6705
6784
8704
6706
6785
8705
6707
6786
8706
6708
6787
8707
6709
6788
8708
6710
6789
8709
6711
6790
8710
6712
6791
8711
6713
6792
8712
6714
6793
8713
6715
6794
8714
6716
6795
8715
6717
6796
8716
6718
6797
8717
6719
6798
8718
6799
8719
6721
6800
8720
6722
6801
8721
6723
6802
8722
6724
6803
8723
6725
6804
8724
6726
6805
8725
6727
6806
8726
6728
6807
8727
6729
6808
8728
6730
6809
8729
6731
6810
8730
6732
6811
8731
6733
6812
8732
6734
6813
8733
6735
6814
8734
6736
6815
8735
6737
6816
8736
6738
6817
8737
6739
6818
8738
6740
6819
8739
6741
6820
8740
6742
6821
8741
6743
6822
8742
6744
6823
8743
6745
6824
8744
6746
6825
8745
6747
6826
8746
6748
6827
8747
6749
6828
8748
6750
6829
8749
6751
6830
8750
6752
6831
8751
6753
6832
8752
6754
6833
8753
6755
6834
8754
6756
6835
8755
6757
6836
8756
6758
6837
8757
6759
6838
8758
6760
6839
8759
6761
6840
8760
6762
6841
8761
6763
6842
8762
6764
6843
8763
6765
6844
8764
6766
6845
8765
6767
6846
8766
6768
6847
8767
6769
6848
8768
6770
6849
8769
6771
6850
8770
6772
6851
8771
6773
6852
8772
6774
6853
8773
6775
6854
8774
6776
6855
8775
6777
6856
8776
6778
6857
8777
6779
6858
8778
6780
6859
8779
6781
6860
8780
6782
6861
8781
6783
6862
8782
6784
6863
8783
6785
6864
8784
6786
6865
8785
6787
6866
8786
6788
6867
8787
6789
6868
8788
6790
6869
8789
6791
6870
8790
6792
6871
8791
6793
6872
8792
6794
6873
8793
6795
6874
8794
6796
6875
8795
6797
6876
8796
6798
6877
8797
6799
6878
8798
6879
8799
6801
6880
8800
6802
6881
8801
6803
6882
8802
6804
6883
8803
6805
6884
8804
6806
6885
8805
6807
6886
8806
6808
6887
8807
6809
6888
8808
6810
6889
8809
6811
6890
8810
6812
6891
8811
6813
6892
8812
6814
6893
8813
6815
6894
8814
6816
6895
8815
6817
6896
8816
6818
6897
8817
6819
6898
8818
6820
6899
8819
6821
6900
8820
6822
6901
8821
6823
6902
8822
6824
6903
8823
6825
6904
8824
6826
6905
8825
6827
6906
8826
6828
6907
8827
6829
6908
8828
6830
6909
8829
6831
6910
8830
6832
6911
8831
6833
6912
8832
6834
6913
8833
6835
6914
8834
6836
6915
8835
6837
6916
8836
6838
6917
8837
6839
6918
8838
6840
6919
8839
6841
6920
8840
6842
6921
8841
6843
6922
8842
6844
6923
8843
6845
6924
8844
6846
6925
8845
6847
6926
8846
6848
6927
8847
6849
6928
8848
6850
6929
8849
6851
6930
8850
6852
6931
8851
6853
6932
8852
6854
6933
8853
6855
6934
8854
6856
6935
8855
6857
6936
8856
6858
6937
8857
6859
6938
8858
6860
6939
8859
6861
6940
8860
6862
6941
8861
6863
6942
8862
6864
6943
8863
6865
6944
8864
6866
6945
8865
6867
6946
8866
6868
6947
8867
6869
6948
8868
6870
6949
8869
6871
6950
8870
6872
6951
8871
6873
6952
8872
6874
6953
8873
6875
6954
8874
6876
6955
8875
6877
6956
8876
6878
6957
8877
6879
6958
8878
6959
8879
6881
6960
8880
6882
6961
8881
6883
6962
8882
6884
6963
8883
6885
6964
8884
6886
6965
8885
6887
6966
8886
6888
6967
8887
6889
6968
8888
6890
6969
8889
6891
6970
8890
6892
6971
8891
6893
6972
8892
6894
6973
8893
6895
6974
8894
6896
6975
8895
6897
6976
8896
6898
6977
8897
6899
6978
8898
6900
6979
8899
6901
6980
8900
6902
6981
8901
6903
6982
8902
6904
6983
8903
6905
6984
8904
6906
6985
8905
6907
6986
8906
6908
6987
8907
6909
6988
8908
6910
6989
8909
6911
6990
8910
6912
6991
8911
6913
6992
8912
6914
6993
8913
6915
6994
8914
6916
6995
8915
6917
6996
8916
6918
6997
8917
6919
6998
8918
6920
6999
8919
6921
7000
8920
6922
7001
8921
6923
7002
8922
6924
7003
8923
6925
7004
8924
6926
7005
8925
6927
7006
8926
6928
7007
8927
6929
7008
8928
6930
7009
8929
6931
7010
8930
6932
7011
8931
6933
7012
8932
6934
7013
8933
6935
7014
8934
6936
7015
8935
6937
7016
8936
6938
7017
8937
6939
7018
8938
6940
7019
8939
6941
7020
8940
6942
7021
8941
6943
7022
8942
6944
7023
8943
6945
7024
8944
6946
7025
8945
6947
7026
8946
6948
7027
8947
6949
7028
8948
6950
7029
8949
6951
7030
8950
6952
7031
8951
6953
7032
8952
6954
7033
8953
6955
7034
8954
6956
7035
8955
6957
7036
8956
6958
7037
8957
6959
7038
8958
7039
8959
6961
7040
8960
6962
7041
8961
6963
7042
8962
6964
7043
8963
6965
7044
8964
6966
7045
8965
6967
7046
8966
6968
7047
8967
6969
7048
8968
6970
7049
8969
6971
7050
8970
6972
7051
8971
6973
7052
8972
6974
7053
8973
6975
7054
8974
6976
7055
8975
6977
7056
8976
6978
7057
8977
6979
7058
8978
6980
7059
8979
6981
7060
8980
6982
7061
8981
6983
7062
8982
6984
7063
8983
6985
7064
8984
6986
7065
8985
6987
7066
8986
6988
7067
8987
6989
7068
8988
6990
7069
8989
6991
7070
8990
6992
7071
8991
6993
7072
8992
6994
7073
8993
6995
7074
8994
6996
7075
8995
6997
7076
8996
6998
7077
8997
6999
7078
8998
7000
7079
8999
7001
7080
9000
7002
7081
9001
7003
7082
9002
7004
7083
9003
7005
7084
9004
7006
7085
9005
7007
7086
9006
7008
7087
9007
7009
7088
9008
7010
7089
9009
7011
7090
9010
7012
7091
9011
7013
7092
9012
7014
7093
9013
7015
7094
9014
7016
7095
9015
7017
7096
9016
7018
7097
9017
7019
7098
9018
7020
7099
9019
7021
7100
9020
7022
7101
9021
7023
7102
9022
7024
7103
9023
7025
7104
9024
7026
7105
9025
7027
7106
9026
7028
7107
9027
7029
7108
9028
7030
7109
9029
7031
7110
9030
7032
7111
9031
7033
7112
9032
7034
7113
9033
7035
7114
9034
7036
7115
9035
7037
7116
9036
7038
7117
9037
7039
7118
9038
7119
9039
7041
7120
9040
7042
7121
9041
7043
7122
9042
7044
7123
9043
7045
7124
9044
7046
7125
9045
7047
7126
9046
7048
7127
9047
7049
7128
9048
7050
7129
9049
7051
7130
9050
7052
7131
9051
7053
7132
9052
7054
7133
9053
7055
7134
9054
7056
7135
9055
7057
7136
9056
7058
7137
9057
7059
7138
9058
7060
7139
9059
7061
7140
9060
7062
7141
9061
7063
7142
9062
7064
7143
9063
7065
7144
9064
7066
7145
9065
7067
7146
9066
7068
7147
9067
7069
7148
9068
7070
7149
9069
7071
7150
9070
7072
7151
9071
7073
7152
9072
7074
7153
9073
7075
7154
9074
7076
7155
9075
7077
7156
9076
7078
7157
9077
7079
7158
9078
7080
7159
9079
7081
7160
9080
7082
7161
9081
7083
7162
9082
7084
7163
9083
7085
7164
9084
7086
7165
9085
7087
7166
9086
7088
7167
9087
7089
7168
9088
7090
7169
9089
7091
7170
9090
7092
7171
9091
7093
7172
9092
7094
7173
9093
7095
7174
9094
7096
7175
9095
7097
7176
9096
7098
7177
9097
7099
7178
9098
7100
7179
9099
7101
7180
9100
7102
7181
9101
7103
7182
9102
7104
7183
9103
7105
7184
9104
7106
7185
9105
7107
7186
9106
7108
7187
9107
7109
7188
9108
7110
7189
9109
7111
7190
9110
7112
7191
9111
7113
7192
9112
7114
7193
9113
7115
7194
9114
7116
7195
9115
7117
7196
9116
7118
7197
9117
7119
7198
9118
7199
9119
7121
7200
9120
7122
7201
9121
7123
7202
9122
7124
7203
9123
7125
7204
9124
7126
7205
9125
7127
7206
9126
7128
7207
9127
7129
7208
9128
7130
7209
9129
7131
7210
9130
7132
7211
9131
7133
7212
9132
7134
7213
9133
7135
7214
9134
7136
7215
9135
7137
7216
9136
7138
7217
9137
7139
7218
9138
7140
7219
9139
7141
7220
9140
7142
7221
9141
7143
7222
9142
7144
7223
9143
7145
7224
9144
7146
7225
9145
7147
7226
9146
7148
7227
9147
7149
7228
9148
7150
7229
9149
7151
7230
9150
7152
7231
9151
7153
7232
9152
7154
7233
9153
7155
7234
9154
7156
7235
9155
7157
7236
9156
7158
7237
9157
7159
7238
9158
7160
7239
9159
7161
7240
9160
7162
7241
9161
7163
7242
9162
7164
7243
9163
7165
7244
9164
7166
7245
9165
7167
7246
9166
7168
7247
9167
7169
7248
9168
7170
7249
9169
7171
7250
9170
7172
7251
9171
7173
7252
9172
7174
7253
9173
7175
7254
9174
7176
7255
9175
7177
7256
9176
7178
7257
9177
7179
7258
9178
7180
7259
9179
7181
7260
9180
7182
7261
9181
7183
7262
9182
7184
7263
9183
7185
7264
9184
7186
7265
9185
7187
7266
9186
7188
7267
9187
7189
7268
9188
7190
7269
9189
7191
7270
9190
7192
7271
9191
7193
7272
9192
7194
7273
9193
7195
7274
9194
7196
7275
9195
7197
7276
9196
7198
7277
9197
7199
7278
9198
7279
9199
7201
7280
9200
7202
7281
9201
7203
7282
9202
7204
7283
9203
7205
7284
9204
7206
7285
9205
7207
7286
9206
7208
7287
9207
7209
7288
9208
7210
7289
9209
7211
7290
9210
7212
7291
9211
7213
7292
9212
7214
7293
9213
7215
7294
9214
7216
7295
9215
7217
7296
9216
7218
7297
9217
7219
7298
9218
7220
7299
9219
7221
7300
9220
7222
7301
9221
7223
7302
9222
7224
7303
9223
7225
7304
9224
7226
7305
9225
7227
7306
9226
7228
7307
9227
7229
7308
9228
7230
7309
9229
7231
7310
9230
7232
7311
9231
7233
7312
9232
7234
7313
9233
7235
7314
9234
7236
7315
9235
7237
7316
9236
7238
7317
9237
7239
7318
9238
7240
7319
9239
7241
7320
9240
7242
7321
9241
7243
7322
9242
7244
7323
9243
7245
7324
9244
7246
7325
9245
7247
7326
9246
7248
7327
9247
7249
7328
9248
7250
7329
9249
7251
7330
9250
7252
7331
9251
7253
7332
9252
7254
7333
9253
7255
7334
9254
7256
7335
9255
7257
7336
9256
7258
7337
9257
7259
7338
9258
7260
7339
9259
7261
7340
9260
7262
7341
9261
7263
7342
9262
7264
7343
9263
7265
7344
9264
7266
7345
9265
7267
7346
9266
7268
7347
9267
7269
7348
9268
7270
7349
9269
7271
7350
9270
7272
7351
9271
7273
7352
9272
7274
7353
9273
7275
7354
9274
7276
7355
9275
7277
7356
9276
7278
7357
9277
7279
7358
9278
7359
9279
7281
7360
9280
7282
7361
9281
7283
7362
9282
7284
7363
9283
7285
7364
9284
7286
7365
9285
7287
7366
9286
7288
7367
9287
7289
7368
9288
7290
7369
9289
7291
7370
9290
7292
7371
9291
7293
7372
9292
7294
7373
9293
7295
7374
9294
7296
7375
9295
7297
7376
9296
7298
7377
9297
7299
7378
9298
7300
7379
9299
7301
7380
9300
7302
7381
9301
7303
7382
9302
7304
7383
9303
7305
7384
9304
7306
7385
9305
7307
7386
9306
7308
7387
9307
7309
7388
9308
7310
7389
9309
7311
7390
9310
7312
7391
9311
7313
7392
9312
7314
7393
9313
7315
7394
9314
7316
7395
9315
7317
7396
9316
7318
7397
9317
7319
7398
9318
7320
7399
9319
7321
7400
9320
7322
7401
9321
7323
7402
9322
7324
7403
9323
7325
7404
9324
7326
7405
9325
7327
7406
9326
7328
7407
9327
7329
7408
9328
7330
7409
9329
7331
7410
9330
7332
7411
9331
7333
7412
9332
7334
7413
9333
7335
7414
9334
7336
7415
9335
7337
7416
9336
7338
7417
9337
7339
7418
9338
7340
7419
9339
7341
7420
9340
7342
7421
9341
7343
7422
9342
7344
7423
9343
7345
7424
9344
7346
7425
9345
7347
7426
9346
7348
7427
9347
7349
7428
9348
7350
7429
9349
7351
7430
9350
7352
7431
9351
7353
7432
9352
7354
7433
9353
7355
7434
9354
7356
7435
9355
7357
7436
9356
7358
7437
9357
7359
7438
9358
7439
9359
7361
7440
9360
7362
7441
9361
7363
7442
9362
7364
7443
9363
7365
7444
9364
7366
7445
9365
7367
7446
9366
7368
7447
9367
7369
7448
9368
7370
7449
9369
7371
7450
9370
7372
7451
9371
7373
7452
9372
7374
7453
9373
7375
7454
9374
7376
7455
9375
7377
7456
9376
7378
7457
9377
7379
7458
9378
7380
7459
9379
7381
7460
9380
7382
7461
9381
7383
7462
9382
7384
7463
9383
7385
7464
9384
7386
7465
9385
7387
7466
9386
7388
7467
9387
7389
7468
9388
7390
7469
9389
7391
7470
9390
7392
7471
9391
7393
7472
9392
7394
7473
9393
7395
7474
9394
7396
7475
9395
7397
7476
9396
7398
7477
9397
7399
7478
9398
7400
7479
9399
7401
7480
9400
7402
7481
9401
7403
7482
9402
7404
7483
9403
7405
7484
9404
7406
7485
9405
7407
7486
9406
7408
7487
9407
7409
7488
9408
7410
7489
9409
7411
7490
9410
7412
7491
9411
7413
7492
9412
7414
7493
9413
7415
7494
9414
7416
7495
9415
7417
7496
9416
7418
7497
9417
7419
7498
9418
7420
7499
9419
7421
7500
9420
7422
7501
9421
7423
7502
9422
7424
7503
9423
7425
7504
9424
7426
7505
9425
7427
7506
9426
7428
7507
9427
7429
7508
9428
7430
7509
9429
7431
7510
9430
7432
7511
9431
7433
7512
9432
7434
7513
9433
7435
7514
9434
7436
7515
9435
7437
7516
9436
7438
7517
9437
7439
7518
9438
7519
9439
7441
7520
9440
7442
7521
9441
7443
7522
9442
7444
7523
9443
7445
7524
9444
7446
7525
9445
7447
7526
9446
7448
7527
9447
7449
7528
9448
7450
7529
9449
7451
7530
9450
7452
7531
9451
7453
7532
9452
7454
7533
9453
7455
7534
9454
7456
7535
9455
7457
7536
9456
7458
7537
9457
7459
7538
9458
7460
7539
9459
7461
7540
9460
7462
7541
9461
7463
7542
9462
7464
7543
9463
7465
7544
9464
7466
7545
9465
7467
7546
9466
7468
7547
9467
7469
7548
9468
7470
7549
9469
7471
7550
9470
7472
7551
9471
7473
7552
9472
7474
7553
9473
7475
7554
9474
7476
7555
9475
7477
7556
9476
7478
7557
9477
7479
7558
9478
7480
7559
9479
7481
7560
9480
7482
7561
9481
7483
7562
9482
7484
7563
9483
7485
7564
9484
7486
7565
9485
7487
7566
9486
7488
7567
9487
7489
7568
9488
7490
7569
9489
7491
7570
9490
7492
7571
9491
7493
7572
9492
7494
7573
9493
7495
7574
9494
7496
7575
9495
7497
7576
9496
7498
7577
9497
7499
7578
9498
7500
7579
9499
7501
7580
9500
7502
7581
9501
7503
7582
9502
7504
7583
9503
7505
7584
9504
7506
7585
9505
7507
7586
9506
7508
7587
9507
7509
7588
9508
7510
7589
9509
7511
7590
9510
7512
7591
9511
7513
7592
9512
7514
7593
9513
7515
7594
9514
7516
7595
9515
7517
7596
9516
7518
7597
9517
7519
7598
9518
7599
9519
7521
7600
9520
7522
7601
9521
7523
7602
9522
7524
7603
9523
7525
7604
9524
7526
7605
9525
7527
7606
9526
7528
7607
9527
7529
7608
9528
7530
7609
9529
7531
7610
9530
7532
7611
9531
7533
7612
9532
7534
7613
9533
7535
7614
9534
7536
7615
9535
7537
7616
9536
7538
7617
9537
7539
7618
9538
7540
7619
9539
7541
7620
9540
7542
7621
9541
7543
7622
9542
7544
7623
9543
7545
7624
9544
7546
7625
9545
7547
7626
9546
7548
7627
9547
7549
7628
9548
7550
7629
9549
7551
7630
9550
7552
7631
9551
7553
7632
9552
7554
7633
9553
7555
7634
9554
7556
7635
9555
7557
7636
9556
7558
7637
9557
7559
7638
9558
7560
7639
9559
7561
7640
9560
7562
7641
9561
7563
7642
9562
7564
7643
9563
7565
7644
9564
7566
7645
9565
7567
7646
9566
7568
7647
9567
7569
7648
9568
7570
7649
9569
7571
7650
9570
7572
7651
9571
7573
7652
9572
7574
7653
9573
7575
7654
9574
7576
7655
9575
7577
7656
9576
7578
7657
9577
7579
7658
9578
7580
7659
9579
7581
7660
9580
7582
7661
9581
7583
7662
9582
7584
7663
9583
7585
7664
9584
7586
7665
9585
7587
7666
9586
7588
7667
9587
7589
7668
9588
7590
7669
9589
7591
7670
9590
7592
7671
9591
7593
7672
9592
7594
7673
9593
7595
7674
9594
7596
7675
9595
7597
7676
9596
7598
7677
9597
7599
7678
9598
7679
9599
7601
7680
9600
7602
7681
9601
7603
7682
9602
7604
7683
9603
7605
7684
9604
7606
7685
9605
7607
7686
9606
7608
7687
9607
7609
7688
9608
7610
7689
9609
7611
7690
9610
7612
7691
9611
7613
7692
9612
7614
7693
9613
7615
7694
9614
7616
7695
9615
7617
7696
9616
7618
7697
9617
7619
7698
9618
7620
7699
9619
7621
7700
9620
7622
7701
9621
7623
7702
9622
7624
7703
9623
7625
7704
9624
7626
7705
9625
7627
7706
9626
7628
7707
9627
7629
7708
9628
7630
7709
9629
7631
7710
9630
7632
7711
9631
7633
7712
9632
7634
7713
9633
7635
7714
9634
7636
7715
9635
7637
7716
9636
7638
7717
9637
7639
7718
9638
7640
7719
9639
7641
7720
9640
7642
7721
9641
7643
7722
9642
7644
7723
9643
7645
7724
9644
7646
7725
9645
7647
7726
9646
7648
7727
9647
7649
7728
9648
7650
7729
9649
7651
7730
9650
7652
7731
9651
7653
7732
9652
7654
7733
9653
7655
7734
9654
7656
7735
9655
7657
7736
9656
7658
7737
9657
7659
7738
9658
7660
7739
9659
7661
7740
9660
7662
7741
9661
7663
7742
9662
7664
7743
9663
7665
7744
9664
7666
7745
9665
7667
7746
9666
7668
7747
9667
7669
7748
9668
7670
7749
9669
7671
7750
9670
7672
7751
9671
7673
7752
9672
7674
7753
9673
7675
7754
9674
7676
7755
9675
7677
7756
9676
7678
7757
9677
7679
7758
9678
7759
9679
7681
7760
9680
7682
7761
9681
7683
7762
9682
7684
7763
9683
7685
7764
9684
7686
7765
9685
7687
7766
9686
7688
7767
9687
7689
7768
9688
7690
7769
9689
7691
7770
9690
7692
7771
9691
7693
7772
9692
7694
7773
9693
7695
7774
9694
7696
7775
9695
7697
7776
9696
7698
7777
9697
7699
7778
9698
7700
7779
9699
7701
7780
9700
7702
7781
9701
7703
7782
9702
7704
7783
9703
7705
7784
9704
7706
7785
9705
7707
7786
9706
7708
7787
9707
7709
7788
9708
7710
7789
9709
7711
7790
9710
7712
7791
9711
7713
7792
9712
7714
7793
9713
7715
7794
9714
7716
7795
9715
7717
7796
9716
7718
7797
9717
7719
7798
9718
7720
7799
9719
7721
7800
9720
7722
7801
9721
7723
7802
9722
7724
7803
9723
7725
7804
9724
7726
7805
9725
7727
7806
9726
7728
7807
9727
7729
7808
9728
7730
7809
9729
7731
7810
9730
7732
7811
9731
7733
7812
9732
7734
7813
9733
7735
7814
9734
7736
7815
9735
7737
7816
9736
7738
7817
9737
7739
7818
9738
7740
7819
9739
7741
7820
9740
7742
7821
9741
7743
7822
9742
7744
7823
9743
7745
7824
9744
7746
7825
9745
7747
7826
9746
7748
7827
9747
7749
7828
9748
7750
7829
9749
7751
7830
9750
7752
7831
9751
7753
7832
9752
7754
7833
9753
7755
7834
9754
7756
7835
9755
7757
7836
9756
7758
7837
9757
7759
7838
9758
7839
9759
7761
7840
9760
7762
7841
9761
7763
7842
9762
7764
7843
9763
7765
7844
9764
7766
7845
9765
7767
7846
9766
7768
7847
9767
7769
7848
9768
7770
7849
9769
7771
7850
9770
7772
7851
9771
7773
7852
9772
7774
7853
9773
7775
7854
9774
7776
7855
9775
7777
7856
9776
7778
7857
9777
7779
7858
9778
7780
7859
9779
7781
7860
9780
7782
7861
9781
7783
7862
9782
7784
7863
9783
7785
7864
9784
7786
7865
9785
7787
7866
9786
7788
7867
9787
7789
7868
9788
7790
7869
9789
7791
7870
9790
7792
7871
9791
7793
7872
9792
7794
7873
9793
7795
7874
9794
7796
7875
9795
7797
7876
9796
7798
7877
9797
7799
7878
9798
7800
7879
9799
7801
7880
9800
7802
7881
9801
7803
7882
9802
7804
7883
9803
7805
7884
9804
7806
7885
9805
7807
7886
9806
7808
7887
9807
7809
7888
9808
7810
7889
9809
7811
7890
9810
7812
7891
9811
7813
7892
9812
7814
7893
9813
7815
7894
9814
7816
7895
9815
7817
7896
9816
7818
7897
9817
7819
7898
9818
7820
7899
9819
7821
7900
9820
7822
7901
9821
7823
7902
9822
7824
7903
9823
7825
7904
9824
7826
7905
9825
7827
7906
9826
7828
7907
9827
7829
7908
9828
7830
7909
9829
7831
7910
9830
7832
7911
9831
7833
7912
9832
7834
7913
9833
7835
7914
9834
7836
7915
9835
7837
7916
9836
7838
7917
9837
7839
7918
9838
7919
9839
7841
7920
9840
7842
7921
9841
7843
7922
9842
7844
7923
9843
7845
7924
9844
7846
7925
9845
7847
7926
9846
7848
7927
9847
7849
7928
9848
7850
7929
9849
7851
7930
9850
7852
7931
9851
7853
7932
9852
7854
7933
9853
7855
7934
9854
7856
7935
9855
7857
7936
9856
7858
7937
9857
7859
7938
9858
7860
7939
9859
7861
7940
9860
7862
7941
9861
7863
7942
9862
7864
7943
9863
7865
7944
9864
7866
7945
9865
7867
7946
9866
7868
7947
9867
7869
7948
9868
7870
7949
9869
7871
7950
9870
7872
7951
9871
7873
7952
9872
7874
7953
9873
7875
7954
9874
7876
7955
9875
7877
7956
9876
7878
7957
9877
7879
7958
9878
7880
7959
9879
7881
7960
9880
7882
7961
9881
7883
7962
9882
7884
7963
9883
7885
7964
9884
7886
7965
9885
7887
7966
9886
7888
7967
9887
7889
7968
9888
7890
7969
9889
7891
7970
9890
7892
7971
9891
7893
7972
9892
7894
7973
9893
7895
7974
9894
7896
7975
9895
7897
7976
9896
7898
7977
9897
7899
7978
9898
7900
7979
9899
7901
7980
9900
7902
7981
9901
7903
7982
9902
7904
7983
9903
7905
7984
9904
7906
7985
9905
7907
7986
9906
7908
7987
9907
7909
7988
9908
7910
7989
9909
7911
7990
9910
7912
7991
9911
7913
7992
9912
7914
7993
9913
7915
7994
9914
7916
7995
9915
7917
7996
9916
7918
7997
9917
7919
7998
9918
7999
9919
7921
9920
7922
9921
7923
9922
7924
9923
7925
9924
7926
9925
7927
9926
7928
9927
7929
9928
7930
9929
7931
9930
7932
9931
7933
9932
7934
9933
7935
9934
7936
9935
7937
9936
7938
9937
7939
9938
7940
9939
7941
9940
7942
9941
7943
9942
7944
9943
7945
9944
7946
9945
7947
9946
7948
9947
7949
9948
7950
9949
7951
9950
7952
9951
7953
9952
7954
9953
7955
9954
7956
9955
7957
9956
7958
9957
7959
9958
7960
9959
7961
9960
7962
9961
7963
9962
7964
9963
7965
9964
7966
9965
7967
9966
7968
9967
7969
9968
7970
9969
7971
9970
7972
9971
7973
9972
7974
9973
7975
9974
7976
9975
7977
9976
7978
9977
7979
9978
7980
9979
7981
9980
7982
9981
7983
9982
7984
9983
7985
9984
7986
9985
7987
9986
7988
9987
7989
9988
7990
9989
7991
9990
7992
9991
7993
9992
7994
9993
7995
9994
7996
9995
7997
9996
7998
9997
7999
9998
9999
8001
8080
10000
8002
8081
10001
8003
8082
10002
8004
8083
10003
8005
8084
10004
8006
8085
10005
8007
8086
10006
8008
8087
10007
8009
8088
10008
8010
8089
10009
8011
8090
10010
8012
8091
10011
8013
8092
10012
8014
8093
10013
8015
8094
10014
8016
8095
10015
8017
8096
10016
8018
8097
10017
8019
8098
10018
8020
8099
10019
8021
8100
10020
8022
8101
10021
8023
8102
10022
8024
8103
10023
8025
8104
10024
8026
8105
10025
8027
8106
10026
8028
8107
10027
8029
8108
10028
8030
8109
10029
8031
8110
10030
8032
8111
10031
8033
8112
10032
8034
8113
10033
8035
8114
10034
8036
8115
10035
8037
8116
10036
8038
8117
10037
8039
8118
10038
8040
8119
10039
8041
8120
10040
8042
8121
10041
8043
8122
10042
8044
8123
10043
8045
8124
10044
8046
8125
10045
8047
8126
10046
8048
8127
10047
8049
8128
10048
8050
8129
10049
8051
8130
10050
8052
8131
10051
8053
8132
10052
8054
8133
10053
8055
8134
10054
8056
8135
10055
8057
8136
10056
8058
8137
10057
8059
8138
10058
8060
8139
10059
8061
8140
10060
8062
8141
10061
8063
8142
10062
8064
8143
10063
8065
8144
10064
8066
8145
10065
8067
8146
10066
8068
8147
10067
8069
8148
10068
8070
8149
10069
8071
8150
10070
8072
8151
10071
8073
8152
10072
8074
8153
10073
8075
8154
10074
8076
8155
10075
8077
8156
10076
8078
8157
10077
8079
8158
10078
8159
10079
8081
8160
10080
8082
8161
10081
8083
8162
10082
8084
8163
10083
8085
8164
10084
8086
8165
10085
8087
8166
10086
8088
8167
10087
8089
8168
10088
8090
8169
10089
8091
8170
10090
8092
8171
10091
8093
8172
10092
8094
8173
10093
8095
8174
10094
8096
8175
10095
8097
8176
10096
8098
8177
10097
8099
8178
10098
8100
8179
10099
8101
8180
10100
8102
8181
10101
8103
8182
10102
8104
8183
10103
8105
8184
10104
8106
8185
10105
8107
8186
10106
8108
8187
10107
8109
8188
10108
8110
8189
10109
8111
8190
10110
8112
8191
10111
8113
8192
10112
8114
8193
10113
8115
8194
10114
8116
8195
10115
8117
8196
10116
8118
8197
10117
8119
8198
10118
8120
8199
10119
8121
8200
10120
8122
8201
10121
8123
8202
10122
8124
8203
10123
8125
8204
10124
8126
8205
10125
8127
8206
10126
8128
8207
10127
8129
8208
10128
8130
8209
10129
8131
8210
10130
8132
8211
10131
8133
8212
10132
8134
8213
10133
8135
8214
10134
8136
8215
10135
8137
8216
10136
8138
8217
10137
8139
8218
10138
8140
8219
10139
8141
8220
10140
8142
8221
10141
8143
8222
10142
8144
8223
10143
8145
8224
10144
8146
8225
10145
8147
8226
10146
8148
8227
10147
8149
8228
10148
8150
8229
10149
8151
8230
10150
8152
8231
10151
8153
8232
10152
8154
8233
10153
8155
8234
10154
8156
8235
10155
8157
8236
10156
8158
8237
10157
8159
8238
10158
8239
10159
8161
8240
10160
8162
8241
10161
8163
8242
10162
8164
8243
10163
8165
8244
10164
8166
8245
10165
8167
8246
10166
8168
8247
10167
8169
8248
10168
8170
8249
10169
8171
8250
10170
8172
8251
10171
8173
8252
10172
8174
8253
10173
8175
8254
10174
8176
8255
10175
8177
8256
10176
8178
8257
10177
8179
8258
10178
8180
8259
10179
8181
8260
10180
8182
8261
10181
8183
8262
10182
8184
8263
10183
8185
8264
10184
8186
8265
10185
8187
8266
10186
8188
8267
10187
8189
8268
10188
8190
8269
10189
8191
8270
10190
8192
8271
10191
8193
8272
10192
8194
8273
10193
8195
8274
10194
8196
8275
10195
8197
8276
10196
8198
8277
10197
8199
8278
10198
8200
8279
10199
8201
8280
10200
8202
8281
10201
8203
8282
10202
8204
8283
10203
8205
8284
10204
8206
8285
10205
8207
8286
10206
8208
8287
10207
8209
8288
10208
8210
8289
10209
8211
8290
10210
8212
8291
10211
8213
8292
10212
8214
8293
10213
8215
8294
10214
8216
8295
10215
8217
8296
10216
8218
8297
10217
8219
8298
10218
8220
8299
10219
8221
8300
10220
8222
8301
10221
8223
8302
10222
8224
8303
10223
8225
8304
10224
8226
8305
10225
8227
8306
10226
8228
8307
10227
8229
8308
10228
8230
8309
10229
8231
8310
10230
8232
8311
10231
8233
8312
10232
8234
8313
10233
8235
8314
10234
8236
8315
10235
8237
8316
10236
8238
8317
10237
8239
8318
10238
8319
10239
8241
8320
10240
8242
8321
10241
8243
8322
10242
8244
8323
10243
8245
8324
10244
8246
8325
10245
8247
8326
10246
8248
8327
10247
8249
8328
10248
8250
8329
10249
8251
8330
10250
8252
8331
10251
8253
8332
10252
8254
8333
10253
8255
8334
10254
8256
8335
10255
8257
8336
10256
8258
8337
10257
8259
8338
10258
8260
8339
10259
8261
8340
10260
8262
8341
10261
8263
8342
10262
8264
8343
10263
8265
8344
10264
8266
8345
10265
8267
8346
10266
8268
8347
10267
8269
8348
10268
8270
8349
10269
8271
8350
10270
8272
8351
10271
8273
8352
10272
8274
8353
10273
8275
8354
10274
8276
8355
10275
8277
8356
10276
8278
8357
10277
8279
8358
10278
8280
8359
10279
8281
8360
10280
8282
8361
10281
8283
8362
10282
8284
8363
10283
8285
8364
10284
8286
8365
10285
8287
8366
10286
8288
8367
10287
8289
8368
10288
8290
8369
10289
8291
8370
10290
8292
8371
10291
8293
8372
10292
8294
8373
10293
8295
8374
10294
8296
8375
10295
8297
8376
10296
8298
8377
10297
8299
8378
10298
8300
8379
10299
8301
8380
10300
8302
8381
10301
8303
8382
10302
8304
8383
10303
8305
8384
10304
8306
8385
10305
8307
8386
10306
8308
8387
10307
8309
8388
10308
8310
8389
10309
8311
8390
10310
8312
8391
10311
8313
8392
10312
8314
8393
10313
8315
8394
10314
8316
8395
10315
8317
8396
10316
8318
8397
10317
8319
8398
10318
8399
10319
8321
8400
10320
8322
8401
10321
8323
8402
10322
8324
8403
10323
8325
8404
10324
8326
8405
10325
8327
8406
10326
8328
8407
10327
8329
8408
10328
8330
8409
10329
8331
8410
10330
8332
8411
10331
8333
8412
10332
8334
8413
10333
8335
8414
10334
8336
8415
10335
8337
8416
10336
8338
8417
10337
8339
8418
10338
8340
8419
10339
8341
8420
10340
8342
8421
10341
8343
8422
10342
8344
8423
10343
8345
8424
10344
8346
8425
10345
8347
8426
10346
8348
8427
10347
8349
8428
10348
8350
8429
10349
8351
8430
10350
8352
8431
10351
8353
8432
10352
8354
8433
10353
8355
8434
10354
8356
8435
10355
8357
8436
10356
8358
8437
10357
8359
8438
10358
8360
8439
10359
8361
8440
10360
8362
8441
10361
8363
8442
10362
8364
8443
10363
8365
8444
10364
8366
8445
10365
8367
8446
10366
8368
8447
10367
8369
8448
10368
8370
8449
10369
8371
8450
10370
8372
8451
10371
8373
8452
10372
8374
8453
10373
8375
8454
10374
8376
8455
10375
8377
8456
10376
8378
8457
10377
8379
8458
10378
8380
8459
10379
8381
8460
10380
8382
8461
10381
8383
8462
10382
8384
8463
10383
8385
8464
10384
8386
8465
10385
8387
8466
10386
8388
8467
10387
8389
8468
10388
8390
8469
10389
8391
8470
10390
8392
8471
10391
8393
8472
10392
8394
8473
10393
8395
8474
10394
8396
8475
10395
8397
8476
10396
8398
8477
10397
8399
8478
10398
8479
10399
8401
8480
10400
8402
8481
10401
8403
8482
10402
8404
8483
10403
8405
8484
10404
8406
8485
10405
8407
8486
10406
8408
8487
10407
8409
8488
10408
8410
8489
10409
8411
8490
10410
8412
8491
10411
8413
8492
10412
8414
8493
10413
8415
8494
10414
8416
8495
10415
8417
8496
10416
8418
8497
10417
8419
8498
10418
8420
8499
10419
8421
8500
10420
8422
8501
10421
8423
8502
10422
8424
8503
10423
8425
8504
10424
8426
8505
10425
8427
8506
10426
8428
8507
10427
8429
8508
10428
8430
8509
10429
8431
8510
10430
8432
8511
10431
8433
8512
10432
8434
8513
10433
8435
8514
10434
8436
8515
10435
8437
8516
10436
8438
8517
10437
8439
8518
10438
8440
8519
10439
8441
8520
10440
8442
8521
10441
8443
8522
10442
8444
8523
10443
8445
8524
10444
8446
8525
10445
8447
8526
10446
8448
8527
10447
8449
8528
10448
8450
8529
10449
8451
8530
10450
8452
8531
10451
8453
8532
10452
8454
8533
10453
8455
8534
10454
8456
8535
10455
8457
8536
10456
8458
8537
10457
8459
8538
10458
8460
8539
10459
8461
8540
10460
8462
8541
10461
8463
8542
10462
8464
8543
10463
8465
8544
10464
8466
8545
10465
8467
8546
10466
8468
8547
10467
8469
8548
10468
8470
8549
10469
8471
8550
10470
8472
8551
10471
8473
8552
10472
8474
8553
10473
8475
8554
10474
8476
8555
10475
8477
8556
10476
8478
8557
10477
8479
8558
10478
8559
10479
8481
8560
10480
8482
8561
10481
8483
8562
10482
8484
8563
10483
8485
8564
10484
8486
8565
10485
8487
8566
10486
8488
8567
10487
8489
8568
10488
8490
8569
10489
8491
8570
10490
8492
8571
10491
8493
8572
10492
8494
8573
10493
8495
8574
10494
8496
8575
10495
8497
8576
10496
8498
8577
10497
8499
8578
10498
8500
8579
10499
8501
8580
10500
8502
8581
10501
8503
8582
10502
8504
8583
10503
8505
8584
10504
8506
8585
10505
8507
8586
10506
8508
8587
10507
8509
8588
10508
8510
8589
10509
8511
8590
10510
8512
8591
10511
8513
8592
10512
8514
8593
10513
8515
8594
10514
8516
8595
10515
8517
8596
10516
8518
8597
10517
8519
8598
10518
8520
8599
10519
8521
8600
10520
8522
8601
10521
8523
8602
10522
8524
8603
10523
8525
8604
10524
8526
8605
10525
8527
8606
10526
8528
8607
10527
8529
8608
10528
8530
8609
10529
8531
8610
10530
8532
8611
10531
8533
8612
10532
8534
8613
10533
8535
8614
10534
8536
8615
10535
8537
8616
10536
8538
8617
10537
8539
8618
10538
8540
8619
10539
8541
8620
10540
8542
8621
10541
8543
8622
10542
8544
8623
10543
8545
8624
10544
8546
8625
10545
8547
8626
10546
8548
8627
10547
8549
8628
10548
8550
8629
10549
8551
8630
10550
8552
8631
10551
8553
8632
10552
8554
8633
10553
8555
8634
10554
8556
8635
10555
8557
8636
10556
8558
8637
10557
8559
8638
10558
8639
10559
8561
8640
10560
8562
8641
10561
8563
8642
10562
8564
8643
10563
8565
8644
10564
8566
8645
10565
8567
8646
10566
8568
8647
10567
8569
8648
10568
8570
8649
10569
8571
8650
10570
8572
8651
10571
8573
8652
10572
8574
8653
10573
8575
8654
10574
8576
8655
10575
8577
8656
10576
8578
8657
10577
8579
8658
10578
8580
8659
10579
8581
8660
10580
8582
8661
10581
8583
8662
10582
8584
8663
10583
8585
8664
10584
8586
8665
10585
8587
8666
10586
8588
8667
10587
8589
8668
10588
8590
8669
10589
8591
8670
10590
8592
8671
10591
8593
8672
10592
8594
8673
10593
8595
8674
10594
8596
8675
10595
8597
8676
10596
8598
8677
10597
8599
8678
10598
8600
8679
10599
8601
8680
10600
8602
8681
10601
8603
8682
10602
8604
8683
10603
8605
8684
10604
8606
8685
10605
8607
8686
10606
8608
8687
10607
8609
8688
10608
8610
8689
10609
8611
8690
10610
8612
8691
10611
8613
8692
10612
8614
8693
10613
8615
8694
10614
8616
8695
10615
8617
8696
10616
8618
8697
10617
8619
8698
10618
8620
8699
10619
8621
8700
10620
8622
8701
10621
8623
8702
10622
8624
8703
10623
8625
8704
10624
8626
8705
10625
8627
8706
10626
8628
8707
10627
8629
8708
10628
8630
8709
10629
8631
8710
10630
8632
8711
10631
8633
8712
10632
8634
8713
10633
8635
8714
10634
8636
8715
10635
8637
8716
10636
8638
8717
10637
8639
8718
10638
8719
10639
8641
8720
10640
8642
8721
10641
8643
8722
10642
8644
8723
10643
8645
8724
10644
8646
8725
10645
8647
8726
10646
8648
8727
10647
8649
8728
10648
8650
8729
10649
8651
8730
10650
8652
8731
10651
8653
8732
10652
8654
8733
10653
8655
8734
10654
8656
8735
10655
8657
8736
10656
8658
8737
10657
8659
8738
10658
8660
8739
10659
8661
8740
10660
8662
8741
10661
8663
8742
10662
8664
8743
10663
8665
8744
10664
8666
8745
10665
8667
8746
10666
8668
8747
10667
8669
8748
10668
8670
8749
10669
8671
8750
10670
8672
8751
10671
8673
8752
10672
8674
8753
10673
8675
8754
10674
8676
8755
10675
8677
8756
10676
8678
8757
10677
8679
8758
10678
8680
8759
10679
8681
8760
10680
8682
8761
10681
8683
8762
10682
8684
8763
10683
8685
8764
10684
8686
8765
10685
8687
8766
10686
8688
8767
10687
8689
8768
10688
8690
8769
10689
8691
8770
10690
8692
8771
10691
8693
8772
10692
8694
8773
10693
8695
8774
10694
8696
8775
10695
8697
8776
10696
8698
8777
10697
8699
8778
10698
8700
8779
10699
8701
8780
10700
8702
8781
10701
8703
8782
10702
8704
8783
10703
8705
8784
10704
8706
8785
10705
8707
8786
10706
8708
8787
10707
8709
8788
10708
8710
8789
10709
8711
8790
10710
8712
8791
10711
8713
8792
10712
8714
8793
10713
8715
8794
10714
8716
8795
10715
8717
8796
10716
8718
8797
10717
8719
8798
10718
8799
10719
8721
8800
10720
8722
8801
10721
8723
8802
10722
8724
8803
10723
8725
8804
10724
8726
8805
10725
8727
8806
10726
8728
8807
10727
8729
8808
10728
8730
8809
10729
8731
8810
10730
8732
8811
10731
8733
8812
10732
8734
8813
10733
8735
8814
10734
8736
8815
10735
8737
8816
10736
8738
8817
10737
8739
8818
10738
8740
8819
10739
8741
8820
10740
8742
8821
10741
8743
8822
10742
8744
8823
10743
8745
8824
10744
8746
8825
10745
8747
8826
10746
8748
8827
10747
8749
8828
10748
8750
8829
10749
8751
8830
10750
8752
8831
10751
8753
8832
10752
8754
8833
10753
8755
8834
10754
8756
8835
10755
8757
8836
10756
8758
8837
10757
8759
8838
10758
8760
8839
10759
8761
8840
10760
8762
8841
10761
8763
8842
10762
8764
8843
10763
8765
8844
10764
8766
8845
10765
8767
8846
10766
8768
8847
10767
8769
8848
10768
8770
8849
10769
8771
8850
10770
8772
8851
10771
8773
8852
10772
8774
8853
10773
8775
8854
10774
8776
8855
10775
8777
8856
10776
8778
8857
10777
8779
8858
10778
8780
8859
10779
8781
8860
10780
8782
8861
10781
8783
8862
10782
8784
8863
10783
8785
8864
10784
8786
8865
10785
8787
8866
10786
8788
8867
10787
8789
8868
10788
8790
8869
10789
8791
8870
10790
8792
8871
10791
8793
8872
10792
8794
8873
10793
8795
8874
10794
8796
8875
10795
8797
8876
10796
8798
8877
10797
8799
8878
10798
8879
10799
8801
8880
10800
8802
8881
10801
8803
8882
10802
8804
8883
10803
8805
8884
10804
8806
8885
10805
8807
8886
10806
8808
8887
10807
8809
8888
10808
8810
8889
10809
8811
8890
10810
8812
8891
10811
8813
8892
10812
8814
8893
10813
8815
8894
10814
8816
8895
10815
8817
8896
10816
8818
8897
10817
8819
8898
10818
8820
8899
10819
8821
8900
10820
8822
8901
10821
8823
8902
10822
8824
8903
10823
8825
8904
10824
8826
8905
10825
8827
8906
10826
8828
8907
10827
8829
8908
10828
8830
8909
10829
8831
8910
10830
8832
8911
10831
8833
8912
10832
8834
8913
10833
8835
8914
10834
8836
8915
10835
8837
8916
10836
8838
8917
10837
8839
8918
10838
8840
8919
10839
8841
8920
10840
8842
8921
10841
8843
8922
10842
8844
8923
10843
8845
8924
10844
8846
8925
10845
8847
8926
10846
8848
8927
10847
8849
8928
10848
8850
8929
10849
8851
8930
10850
8852
8931
10851
8853
8932
10852
8854
8933
10853
8855
8934
10854
8856
8935
10855
8857
8936
10856
8858
8937
10857
8859
8938
10858
8860
8939
10859
8861
8940
10860
8862
8941
10861
8863
8942
10862
8864
8943
10863
8865
8944
10864
8866
8945
10865
8867
8946
10866
8868
8947
10867
8869
8948
10868
8870
8949
10869
8871
8950
10870
8872
8951
10871
8873
8952
10872
8874
8953
10873
8875
8954
10874
8876
8955
10875
8877
8956
10876
8878
8957
10877
8879
8958
10878
8959
10879
8881
8960
10880
8882
8961
10881
8883
8962
10882
8884
8963
10883
8885
8964
10884
8886
8965
10885
8887
8966
10886
8888
8967
10887
8889
8968
10888
8890
8969
10889
8891
8970
10890
8892
8971
10891
8893
8972
10892
8894
8973
10893
8895
8974
10894
8896
8975
10895
8897
8976
10896
8898
8977
10897
8899
8978
10898
8900
8979
10899
8901
8980
10900
8902
8981
10901
8903
8982
10902
8904
8983
10903
8905
8984
10904
8906
8985
10905
8907
8986
10906
8908
8987
10907
8909
8988
10908
8910
8989
10909
8911
8990
10910
8912
8991
10911
8913
8992
10912
8914
8993
10913
8915
8994
10914
8916
8995
10915
8917
8996
10916
8918
8997
10917
8919
8998
10918
8920
8999
10919
8921
9000
10920
8922
9001
10921
8923
9002
10922
8924
9003
10923
8925
9004
10924
8926
9005
10925
8927
9006
10926
8928
9007
10927
8929
9008
10928
8930
9009
10929
8931
9010
10930
8932
9011
10931
8933
9012
10932
8934
9013
10933
8935
9014
10934
8936
9015
10935
8937
9016
10936
8938
9017
10937
8939
9018
10938
8940
9019
10939
8941
9020
10940
8942
9021
10941
8943
9022
10942
8944
9023
10943
8945
9024
10944
8946
9025
10945
8947
9026
10946
8948
9027
10947
8949
9028
10948
8950
9029
10949
8951
9030
10950
8952
9031
10951
8953
9032
10952
8954
9033
10953
8955
9034
10954
8956
9035
10955
8957
9036
10956
8958
9037
10957
8959
9038
10958
9039
10959
8961
9040
10960
8962
9041
10961
8963
9042
10962
8964
9043
10963
8965
9044
10964
8966
9045
10965
8967
9046
10966
8968
9047
10967
8969
9048
10968
8970
9049
10969
8971
9050
10970
8972
9051
10971
8973
9052
10972
8974
9053
10973
8975
9054
10974
8976
9055
10975
8977
9056
10976
8978
9057
10977
8979
9058
10978
8980
9059
10979
8981
9060
10980
8982
9061
10981
8983
9062
10982
8984
9063
10983
8985
9064
10984
8986
9065
10985
8987
9066
10986
8988
9067
10987
8989
9068
10988
8990
9069
10989
8991
9070
10990
8992
9071
10991
8993
9072
10992
8994
9073
10993
8995
9074
10994
8996
9075
10995
8997
9076
10996
8998
9077
10997
8999
9078
10998
9000
9079
10999
9001
9080
11000
9002
9081
11001
9003
9082
11002
9004
9083
11003
9005
9084
11004
9006
9085
11005
9007
9086
11006
9008
9087
11007
9009
9088
11008
9010
9089
11009
9011
9090
11010
9012
9091
11011
9013
9092
11012
9014
9093
11013
9015
9094
11014
9016
9095
11015
9017
9096
11016
9018
9097
11017
9019
9098
11018
9020
9099
11019
9021
9100
11020
9022
9101
11021
9023
9102
11022
9024
9103
11023
9025
9104
11024
9026
9105
11025
9027
9106
11026
9028
9107
11027
9029
9108
11028
9030
9109
11029
9031
9110
11030
9032
9111
11031
9033
9112
11032
9034
9113
11033
9035
9114
11034
9036
9115
11035
9037
9116
11036
9038
9117
11037
9039
9118
11038
9119
11039
9041
9120
11040
9042
9121
11041
9043
9122
11042
9044
9123
11043
9045
9124
11044
9046
9125
11045
9047
9126
11046
9048
9127
11047
9049
9128
11048
9050
9129
11049
9051
9130
11050
9052
9131
11051
9053
9132
11052
9054
9133
11053
9055
9134
11054
9056
9135
11055
9057
9136
11056
9058
9137
11057
9059
9138
11058
9060
9139
11059
9061
9140
11060
9062
9141
11061
9063
9142
11062
9064
9143
11063
9065
9144
11064
9066
9145
11065
9067
9146
11066
9068
9147
11067
9069
9148
11068
9070
9149
11069
9071
9150
11070
9072
9151
11071
9073
9152
11072
9074
9153
11073
9075
9154
11074
9076
9155
11075
9077
9156
11076
9078
9157
11077
9079
9158
11078
9080
9159
11079
9081
9160
11080
9082
9161
11081
9083
9162
11082
9084
9163
11083
9085
9164
11084
9086
9165
11085
9087
9166
11086
9088
9167
11087
9089
9168
11088
9090
9169
11089
9091
9170
11090
9092
9171
11091
9093
9172
11092
9094
9173
11093
9095
9174
11094
9096
9175
11095
9097
9176
11096
9098
9177
11097
9099
9178
11098
9100
9179
11099
9101
9180
11100
9102
9181
11101
9103
9182
11102
9104
9183
11103
9105
9184
11104
9106
9185
11105
9107
9186
11106
9108
9187
11107
9109
9188
11108
9110
9189
11109
9111
9190
11110
9112
9191
11111
9113
9192
11112
9114
9193
11113
9115
9194
11114
9116
9195
11115
9117
9196
11116
9118
9197
11117
9119
9198
11118
9199
11119
9121
9200
11120
9122
9201
11121
9123
9202
11122
9124
9203
11123
9125
9204
11124
9126
9205
11125
9127
9206
11126
9128
9207
11127
9129
9208
11128
9130
9209
11129
9131
9210
11130
9132
9211
11131
9133
9212
11132
9134
9213
11133
9135
9214
11134
9136
9215
11135
9137
9216
11136
9138
9217
11137
9139
9218
11138
9140
9219
11139
9141
9220
11140
9142
9221
11141
9143
9222
11142
9144
9223
11143
9145
9224
11144
9146
9225
11145
9147
9226
11146
9148
9227
11147
9149
9228
11148
9150
9229
11149
9151
9230
11150
9152
9231
11151
9153
9232
11152
9154
9233
11153
9155
9234
11154
9156
9235
11155
9157
9236
11156
9158
9237
11157
9159
9238
11158
9160
9239
11159
9161
9240
11160
9162
9241
11161
9163
9242
11162
9164
9243
11163
9165
9244
11164
9166
9245
11165
9167
9246
11166
9168
9247
11167
9169
9248
11168
9170
9249
11169
9171
9250
11170
9172
9251
11171
9173
9252
11172
9174
9253
11173
9175
9254
11174
9176
9255
11175
9177
9256
11176
9178
9257
11177
9179
9258
11178
9180
9259
11179
9181
9260
11180
9182
9261
11181
9183
9262
11182
9184
9263
11183
9185
9264
11184
9186
9265
11185
9187
9266
11186
9188
9267
11187
9189
9268
11188
9190
9269
11189
9191
9270
11190
9192
9271
11191
9193
9272
11192
9194
9273
11193
9195
9274
11194
9196
9275
11195
9197
9276
11196
9198
9277
11197
9199
9278
11198
9279
11199
9201
9280
11200
9202
9281
11201
9203
9282
11202
9204
9283
11203
9205
9284
11204
9206
9285
11205
9207
9286
11206
9208
9287
11207
9209
9288
11208
9210
9289
11209
9211
9290
11210
9212
9291
11211
9213
9292
11212
9214
9293
11213
9215
9294
11214
9216
9295
11215
9217
9296
11216
9218
9297
11217
9219
9298
11218
9220
9299
11219
9221
9300
11220
9222
9301
11221
9223
9302
11222
9224
9303
11223
9225
9304
11224
9226
9305
11225
9227
9306
11226
9228
9307
11227
9229
9308
11228
9230
9309
11229
9231
9310
11230
9232
9311
11231
9233
9312
11232
9234
9313
11233
9235
9314
11234
9236
9315
11235
9237
9316
11236
9238
9317
11237
9239
9318
11238
9240
9319
11239
9241
9320
11240
9242
9321
11241
9243
9322
11242
9244
9323
11243
9245
9324
11244
9246
9325
11245
9247
9326
11246
9248
9327
11247
9249
9328
11248
9250
9329
11249
9251
9330
11250
9252
9331
11251
9253
9332
11252
9254
9333
11253
9255
9334
11254
9256
9335
11255
9257
9336
11256
9258
9337
11257
9259
9338
11258
9260
9339
11259
9261
9340
11260
9262
9341
11261
9263
9342
11262
9264
9343
11263
9265
9344
11264
9266
9345
11265
9267
9346
11266
9268
9347
11267
9269
9348
11268
9270
9349
11269
9271
9350
11270
9272
9351
11271
9273
9352
11272
9274
9353
11273
9275
9354
11274
9276
9355
11275
9277
9356
11276
9278
9357
11277
9279
9358
11278
9359
11279
9281
9360
11280
9282
9361
11281
9283
9362
11282
9284
9363
11283
9285
9364
11284
9286
9365
11285
9287
9366
11286
9288
9367
11287
9289
9368
11288
9290
9369
11289
9291
9370
11290
9292
9371
11291
9293
9372
11292
9294
9373
11293
9295
9374
11294
9296
9375
11295
9297
9376
11296
9298
9377
11297
9299
9378
11298
9300
9379
11299
9301
9380
11300
9302
9381
11301
9303
9382
11302
9304
9383
11303
9305
9384
11304
9306
9385
11305
9307
9386
11306
9308
9387
11307
9309
9388
11308
9310
9389
11309
9311
9390
11310
9312
9391
11311
9313
9392
11312
9314
9393
11313
9315
9394
11314
9316
9395
11315
9317
9396
11316
9318
9397
11317
9319
9398
11318
9320
9399
11319
9321
9400
11320
9322
9401
11321
9323
9402
11322
9324
9403
11323
9325
9404
11324
9326
9405
11325
9327
9406
11326
9328
9407
11327
9329
9408
11328
9330
9409
11329
9331
9410
11330
9332
9411
11331
9333
9412
11332
9334
9413
11333
9335
9414
11334
9336
9415
11335
9337
9416
11336
9338
9417
11337
9339
9418
11338
9340
9419
11339
9341
9420
11340
9342
9421
11341
9343
9422
11342
9344
9423
11343
9345
9424
11344
9346
9425
11345
9347
9426
11346
9348
9427
11347
9349
9428
11348
9350
9429
11349
9351
9430
11350
9352
9431
11351
9353
9432
11352
9354
9433
11353
9355
9434
11354
9356
9435
11355
9357
9436
11356
9358
9437
11357
9359
9438
11358
9439
11359
9361
9440
11360
9362
9441
11361
9363
9442
11362
9364
9443
11363
9365
9444
11364
9366
9445
11365
9367
9446
11366
9368
9447
11367
9369
9448
11368
9370
9449
11369
9371
9450
11370
9372
9451
11371
9373
9452
11372
9374
9453
11373
9375
9454
11374
9376
9455
11375
9377
9456
11376
9378
9457
11377
9379
9458
11378
9380
9459
11379
9381
9460
11380
9382
9461
11381
9383
9462
11382
9384
9463
11383
9385
9464
11384
9386
9465
11385
9387
9466
11386
9388
9467
11387
9389
9468
11388
9390
9469
11389
9391
9470
11390
9392
9471
11391
9393
9472
11392
9394
9473
11393
9395
9474
11394
9396
9475
11395
9397
9476
11396
9398
9477
11397
9399
9478
11398
9400
9479
11399
9401
9480
11400
9402
9481
11401
9403
9482
11402
9404
9483
11403
9405
9484
11404
9406
9485
11405
9407
9486
11406
9408
9487
11407
9409
9488
11408
9410
9489
11409
9411
9490
11410
9412
9491
11411
9413
9492
11412
9414
9493
11413
9415
9494
11414
9416
9495
11415
9417
9496
11416
9418
9497
11417
9419
9498
11418
9420
9499
11419
9421
9500
11420
9422
9501
11421
9423
9502
11422
9424
9503
11423
9425
9504
11424
9426
9505
11425
9427
9506
11426
9428
9507
11427
9429
9508
11428
9430
9509
11429
9431
9510
11430
9432
9511
11431
9433
9512
11432
9434
9513
11433
9435
9514
11434
9436
9515
11435
9437
9516
11436
9438
9517
11437
9439
9518
11438
9519
11439
9441
9520
11440
9442
9521
11441
9443
9522
11442
9444
9523
11443
9445
9524
11444
9446
9525
11445
9447
9526
11446
9448
9527
11447
9449
9528
11448
9450
9529
11449
9451
9530
11450
9452
9531
11451
9453
9532
11452
9454
9533
11453
9455
9534
11454
9456
9535
11455
9457
9536
11456
9458
9537
11457
9459
9538
11458
9460
9539
11459
9461
9540
11460
9462
9541
11461
9463
9542
11462
9464
9543
11463
9465
9544
11464
9466
9545
11465
9467
9546
11466
9468
9547
11467
9469
9548
11468
9470
9549
11469
9471
9550
11470
9472
9551
11471
9473
9552
11472
9474
9553
11473
9475
9554
11474
9476
9555
11475
9477
9556
11476
9478
9557
11477
9479
9558
11478
9480
9559
11479
9481
9560
11480
9482
9561
11481
9483
9562
11482
9484
9563
11483
9485
9564
11484
9486
9565
11485
9487
9566
11486
9488
9567
11487
9489
9568
11488
9490
9569
11489
9491
9570
11490
9492
9571
11491
9493
9572
11492
9494
9573
11493
9495
9574
11494
9496
9575
11495
9497
9576
11496
9498
9577
11497
9499
9578
11498
9500
9579
11499
9501
9580
11500
9502
9581
11501
9503
9582
11502
9504
9583
11503
9505
9584
11504
9506
9585
11505
9507
9586
11506
9508
9587
11507
9509
9588
11508
9510
9589
11509
9511
9590
11510
9512
9591
11511
9513
9592
11512
9514
9593
11513
9515
9594
11514
9516
9595
11515
9517
9596
11516
9518
9597
11517
9519
9598
11518
9599
11519
9521
9600
11520
9522
9601
11521
9523
9602
11522
9524
9603
11523
9525
9604
11524
9526
9605
11525
9527
9606
11526
9528
9607
11527
9529
9608
11528
9530
9609
11529
9531
9610
11530
9532
9611
11531
9533
9612
11532
9534
9613
11533
9535
9614
11534
9536
9615
11535
9537
9616
11536
9538
9617
11537
9539
9618
11538
9540
9619
11539
9541
9620
11540
9542
9621
11541
9543
9622
11542
9544
9623
11543
9545
9624
11544
9546
9625
11545
9547
9626
11546
9548
9627
11547
9549
9628
11548
9550
9629
11549
9551
9630
11550
9552
9631
11551
9553
9632
11552
9554
9633
11553
9555
9634
11554
9556
9635
11555
9557
9636
11556
9558
9637
11557
9559
9638
11558
9560
9639
11559
9561
9640
11560
9562
9641
11561
9563
9642
11562
9564
9643
11563
9565
9644
11564
9566
9645
11565
9567
9646
11566
9568
9647
11567
9569
9648
11568
9570
9649
11569
9571
9650
11570
9572
9651
11571
9573
9652
11572
9574
9653
11573
9575
9654
11574
9576
9655
11575
9577
9656
11576
9578
9657
11577
9579
9658
11578
9580
9659
11579
9581
9660
11580
9582
9661
11581
9583
9662
11582
9584
9663
11583
9585
9664
11584
9586
9665
11585
9587
9666
11586
9588
9667
11587
9589
9668
11588
9590
9669
11589
9591
9670
11590
9592
9671
11591
9593
9672
11592
9594
9673
11593
9595
9674
11594
9596
9675
11595
9597
9676
11596
9598
9677
11597
9599
9678
11598
9679
11599
9601
9680
11600
9602
9681
11601
9603
9682
11602
9604
9683
11603
9605
9684
11604
9606
9685
11605
9607
9686
11606
9608
9687
11607
9609
9688
11608
9610
9689
11609
9611
9690
11610
9612
9691
11611
9613
9692
11612
9614
9693
11613
9615
9694
11614
9616
9695
11615
9617
9696
11616
9618
9697
11617
9619
9698
11618
9620
9699
11619
9621
9700
11620
9622
9701
11621
9623
9702
11622
9624
9703
11623
9625
9704
11624
9626
9705
11625
9627
9706
11626
9628
9707
11627
9629
9708
11628
9630
9709
11629
9631
9710
11630
9632
9711
11631
9633
9712
11632
9634
9713
11633
9635
9714
11634
9636
9715
11635
9637
9716
11636
9638
9717
11637
9639
9718
11638
9640
9719
11639
9641
9720
11640
9642
9721
11641
9643
9722
11642
9644
9723
11643
9645
9724
11644
9646
9725
11645
9647
9726
11646
9648
9727
11647
9649
9728
11648
9650
9729
11649
9651
9730
11650
9652
9731
11651
9653
9732
11652
9654
9733
11653
9655
9734
11654
9656
9735
11655
9657
9736
11656
9658
9737
11657
9659
9738
11658
9660
9739
11659
9661
9740
11660
9662
9741
11661
9663
9742
11662
9664
9743
11663
9665
9744
11664
9666
9745
11665
9667
9746
11666
9668
9747
11667
9669
9748
11668
9670
9749
11669
9671
9750
11670
9672
9751
11671
9673
9752
11672
9674
9753
11673
9675
9754
11674
9676
9755
11675
9677
9756
11676
9678
9757
11677
9679
9758
11678
9759
11679
9681
9760
11680
9682
9761
11681
9683
9762
11682
9684
9763
11683
9685
9764
11684
9686
9765
11685
9687
9766
11686
9688
9767
11687
9689
9768
11688
9690
9769
11689
9691
9770
11690
9692
9771
11691
9693
9772
11692
9694
9773
11693
9695
9774
11694
9696
9775
11695
9697
9776
11696
9698
9777
11697
9699
9778
11698
9700
9779
11699
9701
9780
11700
9702
9781
11701
9703
9782
11702
9704
9783
11703
9705
9784
11704
9706
9785
11705
9707
9786
11706
9708
9787
11707
9709
9788
11708
9710
9789
11709
9711
9790
11710
9712
9791
11711
9713
9792
11712
9714
9793
11713
9715
9794
11714
9716
9795
11715
9717
9796
11716
9718
9797
11717
9719
9798
11718
9720
9799
11719
9721
9800
11720
9722
9801
11721
9723
9802
11722
9724
9803
11723
9725
9804
11724
9726
9805
11725
9727
9806
11726
9728
9807
11727
9729
9808
11728
9730
9809
11729
9731
9810
11730
9732
9811
11731
9733
9812
11732
9734
9813
11733
9735
9814
11734
9736
9815
11735
9737
9816
11736
9738
9817
11737
9739
9818
11738
9740
9819
11739
9741
9820
11740
9742
9821
11741
9743
9822
11742
9744
9823
11743
9745
9824
11744
9746
9825
11745
9747
9826
11746
9748
9827
11747
9749
9828
11748
9750
9829
11749
9751
9830
11750
9752
9831
11751
9753
9832
11752
9754
9833
11753
9755
9834
11754
9756
9835
11755
9757
9836
11756
9758
9837
11757
9759
9838
11758
9839
11759
9761
9840
11760
9762
9841
11761
9763
9842
11762
9764
9843
11763
9765
9844
11764
9766
9845
11765
9767
9846
11766
9768
9847
11767
9769
9848
11768
9770
9849
11769
9771
9850
11770
9772
9851
11771
9773
9852
11772
9774
9853
11773
9775
9854
11774
9776
9855
11775
9777
9856
11776
9778
9857
11777
9779
9858
11778
9780
9859
11779
9781
9860
11780
9782
9861
11781
9783
9862
11782
9784
9863
11783
9785
9864
11784
9786
9865
11785
9787
9866
11786
9788
9867
11787
9789
9868
11788
9790
9869
11789
9791
9870
11790
9792
9871
11791
9793
9872
11792
9794
9873
11793
9795
9874
11794
9796
9875
11795
9797
9876
11796
9798
9877
11797
9799
9878
11798
9800
9879
11799
9801
9880
11800
9802
9881
11801
9803
9882
11802
9804
9883
11803
9805
9884
11804
9806
9885
11805
9807
9886
11806
9808
9887
11807
9809
9888
11808
9810
9889
11809
9811
9890
11810
9812
9891
11811
9813
9892
11812
9814
9893
11813
9815
9894
11814
9816
9895
11815
9817
9896
11816
9818
9897
11817
9819
9898
11818
9820
9899
11819
9821
9900
11820
9822
9901
11821
9823
9902
11822
9824
9903
11823
9825
9904
11824
9826
9905
11825
9827
9906
11826
9828
9907
11827
9829
9908
11828
9830
9909
11829
9831
9910
11830
9832
9911
11831
9833
9912
11832
9834
9913
11833
9835
9914
11834
9836
9915
11835
9837
9916
11836
9838
9917
11837
9839
9918
11838
9919
11839
9841
9920
11840
9842
9921
11841
9843
9922
11842
9844
9923
11843
9845
9924
11844
9846
9925
11845
9847
9926
11846
9848
9927
11847
9849
9928
11848
9850
9929
11849
9851
9930
11850
9852
9931
11851
9853
9932
11852
9854
9933
11853
9855
9934
11854
9856
9935
11855
9857
9936
11856
9858
9937
11857
9859
9938
11858
9860
9939
11859
9861
9940
11860
9862
9941
11861
9863
9942
11862
9864
9943
11863
9865
9944
11864
9866
9945
11865
9867
9946
11866
9868
9947
11867
9869
9948
11868
9870
9949
11869
9871
9950
11870
9872
9951
11871
9873
9952
11872
9874
9953
11873
9875
9954
11874
9876
9955
11875
9877
9956
11876
9878
9957
11877
9879
9958
11878
9880
9959
11879
9881
9960
11880
9882
9961
11881
9883
9962
11882
9884
9963
11883
9885
9964
11884
9886
9965
11885
9887
9966
11886
9888
9967
11887
9889
9968
11888
9890
9969
11889
9891
9970
11890
9892
9971
11891
9893
9972
11892
9894
9973
11893
9895
9974
11894
9896
9975
11895
9897
9976
11896
9898
9977
11897
9899
9978
11898
9900
9979
11899
9901
9980
11900
9902
9981
11901
9903
9982
11902
9904
9983
11903
9905
9984
11904
9906
9985
11905
9907
9986
11906
9908
9987
11907
9909
9988
11908
9910
9989
11909
9911
9990
11910
9912
9991
11911
9913
9992
11912
9914
9993
11913
9915
9994
11914
9916
9995
11915
9917
9996
11916
9918
9997
11917
9919
9998
11918
9999
11919
9921
11920
9922
11921
9923
11922
9924
11923
9925
11924
9926
11925
9927
11926
9928
11927
9929
11928
9930
11929
9931
11930
9932
11931
9933
11932
9934
11933
9935
11934
9936
11935
9937
11936
9938
11937
9939
11938
9940
11939
9941
11940
9942
11941
9943
11942
9944
11943
9945
11944
9946
11945
9947
11946
9948
11947
9949
11948
9950
11949
9951
11950
9952
11951
9953
11952
9954
11953
9955
11954
9956
11955
9957
11956
9958
11957
9959
11958
9960
11959
9961
11960
9962
11961
9963
11962
9964
11963
9965
11964
9966
11965
9967
11966
9968
11967
9969
11968
9970
11969
9971
11970
9972
11971
9973
11972
9974
11973
9975
11974
9976
11975
9977
11976
9978
11977
9979
11978
9980
11979
9981
11980
9982
11981
9983
11982
9984
11983
9985
11984
9986
11985
9987
11986
9988
11987
9989
11988
9990
11989
9991
11990
9992
11991
9993
11992
9994
11993
9995
11994
9996
11995
9997
11996
9998
11997
9999
11998
11999
10001
10080
10002
10081
10003
10082
10004
10083
10005
10084
10006
10085
10007
10086
10008
10087
10009
10088
10010
10089
10011
10090
10012
10091
10013
10092
10014
10093
10015
10094
10016
10095
10017
10096
10018
10097
10019
10098
10020
10099
10021
10100
10022
10101
10023
10102
10024
10103
10025
10104
10026
10105
10027
10106
10028
10107
10029
10108
10030
10109
10031
10110
10032
10111
10033
10112
10034
10113
10035
10114
10036
10115
10037
10116
10038
10117
10039
10118
10040
10119
10041
10120
10042
10121
10043
10122
10044
10123
10045
10124
10046
10125
10047
10126
10048
10127
10049
10128
10050
10129
10051
10130
10052
10131
10053
10132
10054
10133
10055
10134
10056
10135
10057
10136
10058
10137
10059
10138
10060
10139
10061
10140
10062
10141
10063
10142
10064
10143
10065
10144
10066
10145
10067
10146
10068
10147
10069
10148
10070
10149
10071
10150
10072
10151
10073
10152
10074
10153
10075
10154
10076
10155
10077
10156
10078
10157
10079
10158
10159
10081
10160
10082
10161
10083
10162
10084
10163
10085
10164
10086
10165
10087
10166
10088
10167
10089
10168
10090
10169
10091
10170
10092
10171
10093
10172
10094
10173
10095
10174
10096
10175
10097
10176
10098
10177
10099
10178
10100
10179
10101
10180
10102
10181
10103
10182
10104
10183
10105
10184
10106
10185
10107
10186
10108
10187
10109
10188
10110
10189
10111
10190
10112
10191
10113
10192
10114
10193
10115
10194
10116
10195
10117
10196
10118
10197
10119
10198
10120
10199
10121
10200
10122
10201
10123
10202
10124
10203
10125
10204
10126
10205
10127
10206
10128
10207
10129
10208
10130
10209
10131
10210
10132
10211
10133
10212
10134
10213
10135
10214
10136
10215
10137
10216
10138
10217
10139
10218
10140
10219
10141
10220
10142
10221
10143
10222
10144
10223
10145
10224
10146
10225
10147
10226
10148
10227
10149
10228
10150
10229
10151
10230
10152
10231
10153
10232
10154
10233
10155
10234
10156
10235
10157
10236
10158
10237
10159
10238
10239
10161
10240
10162
10241
10163
10242
10164
10243
10165
10244
10166
10245
10167
10246
10168
10247
10169
10248
10170
10249
10171
10250
10172
10251
10173
10252
10174
10253
10175
10254
10176
10255
10177
10256
10178
10257
10179
10258
10180
10259
10181
10260
10182
10261
10183
10262
10184
10263
10185
10264
10186
10265
10187
10266
10188
10267
10189
10268
10190
10269
10191
10270
10192
10271
10193
10272
10194
10273
10195
10274
10196
10275
10197
10276
10198
10277
10199
10278
10200
10279
10201
10280
10202
10281
10203
10282
10204
10283
10205
10284
10206
10285
10207
10286
10208
10287
10209
10288
10210
10289
10211
10290
10212
10291
10213
10292
10214
10293
10215
10294
10216
10295
10217
10296
10218
10297
10219
10298
10220
10299
10221
10300
10222
10301
10223
10302
10224
10303
10225
10304
10226
10305
10227
10306
10228
10307
10229
10308
10230
10309
10231
10310
10232
10311
10233
10312
10234
10313
10235
10314
10236
10315
10237
10316
10238
10317
10239
10318
10319
10241
10320
10242
10321
10243
10322
10244
10323
10245
10324
10246
10325
10247
10326
10248
10327
10249
10328
10250
10329
10251
10330
10252
10331
10253
10332
10254
10333
10255
10334
10256
10335
10257
10336
10258
10337
10259
10338
10260
10339
10261
10340
10262
10341
10263
10342
10264
10343
10265
10344
10266
10345
10267
10346
10268
10347
10269
10348
10270
10349
10271
10350
10272
10351
10273
10352
10274
10353
10275
10354
10276
10355
10277
10356
10278
10357
10279
10358
10280
10359
10281
10360
10282
10361
10283
10362
10284
10363
10285
10364
10286
10365
10287
10366
10288
10367
10289
10368
10290
10369
10291
10370
10292
10371
10293
10372
10294
10373
10295
10374
10296
10375
10297
10376
10298
10377
10299
10378
10300
10379
10301
10380
10302
10381
10303
10382
10304
10383
10305
10384
10306
10385
10307
10386
10308
10387
10309
10388
10310
10389
10311
10390
10312
10391
10313
10392
10314
10393
10315
10394
10316
10395
10317
10396
10318
10397
10319
10398
10399
10321
10400
10322
10401
10323
10402
10324
10403
10325
10404
10326
10405
10327
10406
10328
10407
10329
10408
10330
10409
10331
10410
10332
10411
10333
10412
10334
10413
10335
10414
10336
10415
10337
10416
10338
10417
10339
10418
10340
10419
10341
10420
10342
10421
10343
10422
10344
10423
10345
10424
10346
10425
10347
10426
10348
10427
10349
10428
10350
10429
10351
10430
10352
10431
10353
10432
10354
10433
10355
10434
10356
10435
10357
10436
10358
10437
10359
10438
10360
10439
10361
10440
10362
10441
10363
10442
10364
10443
10365
10444
10366
10445
10367
10446
10368
10447
10369
10448
10370
10449
10371
10450
10372
10451
10373
10452
10374
10453
10375
10454
10376
10455
10377
10456
10378
10457
10379
10458
10380
10459
10381
10460
10382
10461
10383
10462
10384
10463
10385
10464
10386
10465
10387
10466
10388
10467
10389
10468
10390
10469
10391
10470
10392
10471
10393
10472
10394
10473
10395
10474
10396
10475
10397
10476
10398
10477
10399
10478
10479
10401
10480
10402
10481
10403
10482
10404
10483
10405
10484
10406
10485
10407
10486
10408
10487
10409
10488
10410
10489
10411
10490
10412
10491
10413
10492
10414
10493
10415
10494
10416
10495
10417
10496
10418
10497
10419
10498
10420
10499
10421
10500
10422
10501
10423
10502
10424
10503
10425
10504
10426
10505
10427
10506
10428
10507
10429
10508
10430
10509
10431
10510
10432
10511
10433
10512
10434
10513
10435
10514
10436
10515
10437
10516
10438
10517
10439
10518
10440
10519
10441
10520
10442
10521
10443
10522
10444
10523
10445
10524
10446
10525
10447
10526
10448
10527
10449
10528
10450
10529
10451
10530
10452
10531
10453
10532
10454
10533
10455
10534
10456
10535
10457
10536
10458
10537
10459
10538
10460
10539
10461
10540
10462
10541
10463
10542
10464
10543
10465
10544
10466
10545
10467
10546
10468
10547
10469
10548
10470
10549
10471
10550
10472
10551
10473
10552
10474
10553
10475
10554
10476
10555
10477
10556
10478
10557
10479
10558
10559
10481
10560
10482
10561
10483
10562
10484
10563
10485
10564
10486
10565
10487
10566
10488
10567
10489
10568
10490
10569
10491
10570
10492
10571
10493
10572
10494
10573
10495
10574
10496
10575
10497
10576
10498
10577
10499
10578
10500
10579
10501
10580
10502
10581
10503
10582
10504
10583
10505
10584
10506
10585
10507
10586
10508
10587
10509
10588
10510
10589
10511
10590
10512
10591
10513
10592
10514
10593
10515
10594
10516
10595
10517
10596
10518
10597
10519
10598
10520
10599
10521
10600
10522
10601
10523
10602
10524
10603
10525
10604
10526
10605
10527
10606
10528
10607
10529
10608
10530
10609
10531
10610
10532
10611
10533
10612
10534
10613
10535
10614
10536
10615
10537
10616
10538
10617
10539
10618
10540
10619
10541
10620
10542
10621
10543
10622
10544
10623
10545
10624
10546
10625
10547
10626
10548
10627
10549
10628
10550
10629
10551
10630
10552
10631
10553
10632
10554
10633
10555
10634
10556
10635
10557
10636
10558
10637
10559
10638
10639
10561
10640
10562
10641
10563
10642
10564
10643
10565
10644
10566
10645
10567
10646
10568
10647
10569
10648
10570
10649
10571
10650
10572
10651
10573
10652
10574
10653
10575
10654
10576
10655
10577
10656
10578
10657
10579
10658
10580
10659
10581
10660
10582
10661
10583
10662
10584
10663
10585
10664
10586
10665
10587
10666
10588
10667
10589
10668
10590
10669
10591
10670
10592
10671
10593
10672
10594
10673
10595
10674
10596
10675
10597
10676
10598
10677
10599
10678
10600
10679
10601
10680
10602
10681
10603
10682
10604
10683
10605
10684
10606
10685
10607
10686
10608
10687
10609
10688
10610
10689
10611
10690
10612
10691
10613
10692
10614
10693
10615
10694
10616
10695
10617
10696
10618
10697
10619
10698
10620
10699
10621
10700
10622
10701
10623
10702
10624
10703
10625
10704
10626
10705
10627
10706
10628
10707
10629
10708
10630
10709
10631
10710
10632
10711
10633
10712
10634
10713
10635
10714
10636
10715
10637
10716
10638
10717
10639
10718
10719
10641
10720
10642
10721
10643
10722
10644
10723
10645
10724
10646
10725
10647
10726
10648
10727
10649
10728
10650
10729
10651
10730
10652
10731
10653
10732
10654
10733
10655
10734
10656
10735
10657
10736
10658
10737
10659
10738
10660
10739
10661
10740
10662
10741
10663
10742
10664
10743
10665
10744
10666
10745
10667
10746
10668
10747
10669
10748
10670
10749
10671
10750
10672
10751
10673
10752
10674
10753
10675
10754
10676
10755
10677
10756
10678
10757
10679
10758
10680
10759
10681
10760
10682
10761
10683
10762
10684
10763
10685
10764
10686
10765
10687
10766
10688
10767
10689
10768
10690
10769
10691
10770
10692
10771
10693
10772
10694
10773
10695
10774
10696
10775
10697
10776
10698
10777
10699
10778
10700
10779
10701
10780
10702
10781
10703
10782
10704
10783
10705
10784
10706
10785
10707
10786
10708
10787
10709
10788
10710
10789
10711
10790
10712
10791
10713
10792
10714
10793
10715
10794
10716
10795
10717
10796
10718
10797
10719
10798
10799
10721
10800
10722
10801
10723
10802
10724
10803
10725
10804
10726
10805
10727
10806
10728
10807
10729
10808
10730
10809
10731
10810
10732
10811
10733
10812
10734
10813
10735
10814
10736
10815
10737
10816
10738
10817
10739
10818
10740
10819
10741
10820
10742
10821
10743
10822
10744
10823
10745
10824
10746
10825
10747
10826
10748
10827
10749
10828
10750
10829
10751
10830
10752
10831
10753
10832
10754
10833
10755
10834
10756
10835
10757
10836
10758
10837
10759
10838
10760
10839
10761
10840
10762
10841
10763
10842
10764
10843
10765
10844
10766
10845
10767
10846
10768
10847
10769
10848
10770
10849
10771
10850
10772
10851
10773
10852
10774
10853
10775
10854
10776
10855
10777
10856
10778
10857
10779
10858
10780
10859
10781
10860
10782
10861
10783
10862
10784
10863
10785
10864
10786
10865
10787
10866
10788
10867
10789
10868
10790
10869
10791
10870
10792
10871
10793
10872
10794
10873
10795
10874
10796
10875
10797
10876
10798
10877
10799
10878
10879
10801
10880
10802
10881
10803
10882
10804
10883
10805
10884
10806
10885
10807
10886
10808
10887
10809
10888
10810
10889
10811
10890
10812
10891
10813
10892
10814
10893
10815
10894
10816
10895
10817
10896
10818
10897
10819
10898
10820
10899
10821
10900
10822
10901
10823
10902
10824
10903
10825
10904
10826
10905
10827
10906
10828
10907
10829
10908
10830
10909
10831
10910
10832
10911
10833
10912
10834
10913
10835
10914
10836
10915
10837
10916
10838
10917
10839
10918
10840
10919
10841
10920
10842
10921
10843
10922
10844
10923
10845
10924
10846
10925
10847
10926
10848
10927
10849
10928
10850
10929
10851
10930
10852
10931
10853
10932
10854
10933
10855
10934
10856
10935
10857
10936
10858
10937
10859
10938
10860
10939
10861
10940
10862
10941
10863
10942
10864
10943
10865
10944
10866
10945
10867
10946
10868
10947
10869
10948
10870
10949
10871
10950
10872
10951
10873
10952
10874
10953
10875
10954
10876
10955
10877
10956
10878
10957
10879
10958
10959
10881
10960
10882
10961
10883
10962
10884
10963
10885
10964
10886
10965
10887
10966
10888
10967
10889
10968
10890
10969
10891
10970
10892
10971
10893
10972
10894
10973
10895
10974
10896
10975
10897
10976
10898
10977
10899
10978
10900
10979
10901
10980
10902
10981
10903
10982
10904
10983
10905
10984
10906
10985
10907
10986
10908
10987
10909
10988
10910
10989
10911
10990
10912
10991
10913
10992
10914
10993
10915
10994
10916
10995
10917
10996
10918
10997
10919
10998
10920
10999
10921
11000
10922
11001
10923
11002
10924
11003
10925
11004
10926
11005
10927
11006
10928
11007
10929
11008
10930
11009
10931
11010
10932
11011
10933
11012
10934
11013
10935
11014
10936
11015
10937
11016
10938
11017
10939
11018
10940
11019
10941
11020
10942
11021
10943
11022
10944
11023
10945
11024
10946
11025
10947
11026
10948
11027
10949
11028
10950
11029
10951
11030
10952
11031
10953
11032
10954
11033
10955
11034
10956
11035
10957
11036
10958
11037
10959
11038
11039
10961
11040
10962
11041
10963
11042
10964
11043
10965
11044
10966
11045
10967
11046
10968
11047
10969
11048
10970
11049
10971
11050
10972
11051
10973
11052
10974
11053
10975
11054
10976
11055
10977
11056
10978
11057
10979
11058
10980
11059
10981
11060
10982
11061
10983
11062
10984
11063
10985
11064
10986
11065
10987
11066
10988
11067
10989
11068
10990
11069
10991
11070
10992
11071
10993
11072
10994
11073
10995
11074
10996
11075
10997
11076
10998
11077
10999
11078
11000
11079
11001
11080
11002
11081
11003
11082
11004
11083
11005
11084
11006
11085
11007
11086
11008
11087
11009
11088
11010
11089
11011
11090
11012
11091
11013
11092
11014
11093
11015
11094
11016
11095
11017
11096
11018
11097
11019
11098
11020
11099
11021
11100
11022
11101
11023
11102
11024
11103
11025
11104
11026
11105
11027
11106
11028
11107
11029
11108
11030
11109
11031
11110
11032
11111
11033
11112
11034
11113
11035
11114
11036
11115
11037
11116
11038
11117
11039
11118
11119
11041
11120
11042
11121
11043
11122
11044
11123
11045
11124
11046
11125
11047
11126
11048
11127
11049
11128
11050
11129
11051
11130
11052
11131
11053
11132
11054
11133
11055
11134
11056
11135
11057
11136
11058
11137
11059
11138
11060
11139
11061
11140
11062
11141
11063
11142
11064
11143
11065
11144
11066
11145
11067
11146
11068
11147
11069
11148
11070
11149
11071
11150
11072
11151
11073
11152
11074
11153
11075
11154
11076
11155
11077
11156
11078
11157
11079
11158
11080
11159
11081
11160
11082
11161
11083
11162
11084
11163
11085
11164
11086
11165
11087
11166
11088
11167
11089
11168
11090
11169
11091
11170
11092
11171
11093
11172
11094
11173
11095
11174
11096
11175
11097
11176
11098
11177
11099
11178
11100
11179
11101
11180
11102
11181
11103
11182
11104
11183
11105
11184
11106
11185
11107
11186
11108
11187
11109
11188
11110
11189
11111
11190
11112
11191
11113
11192
11114
11193
11115
11194
11116
11195
11117
11196
11118
11197
11119
11198
11199
11121
11200
11122
11201
11123
11202
11124
11203
11125
11204
11126
11205
11127
11206
11128
11207
11129
11208
11130
11209
11131
11210
11132
11211
11133
11212
11134
11213
11135
11214
11136
11215
11137
11216
11138
11217
11139
11218
11140
11219
11141
11220
11142
11221
11143
11222
11144
11223
11145
11224
11146
11225
11147
11226
11148
11227
11149
11228
11150
11229
11151
11230
11152
11231
11153
11232
11154
11233
11155
11234
11156
11235
11157
11236
11158
11237
11159
11238
11160
11239
11161
11240
11162
11241
11163
11242
11164
11243
11165
11244
11166
11245
11167
11246
11168
11247
11169
11248
11170
11249
11171
11250
11172
11251
11173
11252
11174
11253
11175
11254
11176
11255
11177
11256
11178
11257
11179
11258
11180
11259
11181
11260
11182
11261
11183
11262
11184
11263
11185
11264
11186
11265
11187
11266
11188
11267
11189
11268
11190
11269
11191
11270
11192
11271
11193
11272
11194
11273
11195
11274
11196
11275
11197
11276
11198
11277
11199
11278
11279
11201
11280
11202
11281
11203
11282
11204
11283
11205
11284
11206
11285
11207
11286
11208
11287
11209
11288
11210
11289
11211
11290
11212
11291
11213
11292
11214
11293
11215
11294
11216
11295
11217
11296
11218
11297
11219
11298
11220
11299
11221
11300
11222
11301
11223
11302
11224
11303
11225
11304
11226
11305
11227
11306
11228
11307
11229
11308
11230
11309
11231
11310
11232
11311
11233
11312
11234
11313
11235
11314
11236
11315
11237
11316
11238
11317
11239
11318
11240
11319
11241
11320
11242
11321
11243
11322
11244
11323
11245
11324
11246
11325
11247
11326
11248
11327
11249
11328
11250
11329
11251
11330
11252
11331
11253
11332
11254
11333
11255
11334
11256
11335
11257
11336
11258
11337
11259
11338
11260
11339
11261
11340
11262
11341
11263
11342
11264
11343
11265
11344
11266
11345
11267
11346
11268
11347
11269
11348
11270
11349
11271
11350
11272
11351
11273
11352
11274
11353
11275
11354
11276
11355
11277
11356
11278
11357
11279
11358
11359
11281
11360
11282
11361
11283
11362
11284
11363
11285
11364
11286
11365
11287
11366
11288
11367
11289
11368
11290
11369
11291
11370
11292
11371
11293
11372
11294
11373
11295
11374
11296
11375
11297
11376
11298
11377
11299
11378
11300
11379
11301
11380
11302
11381
11303
11382
11304
11383
11305
11384
11306
11385
11307
11386
11308
11387
11309
11388
11310
11389
11311
11390
11312
11391
11313
11392
11314
11393
11315
11394
11316
11395
11317
11396
11318
11397
11319
11398
11320
11399
11321
11400
11322
11401
11323
11402
11324
11403
11325
11404
11326
11405
11327
11406
11328
11407
11329
11408
11330
11409
11331
11410
11332
11411
11333
11412
11334
11413
11335
11414
11336
11415
11337
11416
11338
11417
11339
11418
11340
11419
11341
11420
11342
11421
11343
11422
11344
11423
11345
11424
11346
11425
11347
11426
11348
11427
11349
11428
11350
11429
11351
11430
11352
11431
11353
11432
11354
11433
11355
11434
11356
11435
11357
11436
11358
11437
11359
11438
11439
11361
11440
11362
11441
11363
11442
11364
11443
11365
11444
11366
11445
11367
11446
11368
11447
11369
11448
11370
11449
11371
11450
11372
11451
11373
11452
11374
11453
11375
11454
11376
11455
11377
11456
11378
11457
11379
11458
11380
11459
11381
11460
11382
11461
11383
11462
11384
11463
11385
11464
11386
11465
11387
11466
11388
11467
11389
11468
11390
11469
11391
11470
11392
11471
11393
11472
11394
11473
11395
11474
11396
11475
11397
11476
11398
11477
11399
11478
11400
11479
11401
11480
11402
11481
11403
11482
11404
11483
11405
11484
11406
11485
11407
11486
11408
11487
11409
11488
11410
11489
11411
11490
11412
11491
11413
11492
11414
11493
11415
11494
11416
11495
11417
11496
11418
11497
11419
11498
11420
11499
11421
11500
11422
11501
11423
11502
11424
11503
11425
11504
11426
11505
11427
11506
11428
11507
11429
11508
11430
11509
11431
11510
11432
11511
11433
11512
11434
11513
11435
11514
11436
11515
11437
11516
11438
11517
11439
11518
11519
11441
11520
11442
11521
11443
11522
11444
11523
11445
11524
11446
11525
11447
11526
11448
11527
11449
11528
11450
11529
11451
11530
11452
11531
11453
11532
11454
11533
11455
11534
11456
11535
11457
11536
11458
11537
11459
11538
11460
11539
11461
11540
11462
11541
11463
11542
11464
11543
11465
11544
11466
11545
11467
11546
11468
11547
11469
11548
11470
11549
11471
11550
11472
11551
11473
11552
11474
11553
11475
11554
11476
11555
11477
11556
11478
11557
11479
11558
11480
11559
11481
11560
11482
11561
11483
11562
11484
11563
11485
11564
11486
11565
11487
11566
11488
11567
11489
11568
11490
11569
11491
11570
11492
11571
11493
11572
11494
11573
11495
11574
11496
11575
11497
11576
11498
11577
11499
11578
11500
11579
11501
11580
11502
11581
11503
11582
11504
11583
11505
11584
11506
11585
11507
11586
11508
11587
11509
11588
11510
11589
11511
11590
11512
11591
11513
11592
11514
11593
11515
11594
11516
11595
11517
11596
11518
11597
11519
11598
11599
11521
11600
11522
11601
11523
11602
11524
11603
11525
11604
11526
11605
11527
11606
11528
11607
11529
11608
11530
11609
11531
11610
11532
11611
11533
11612
11534
11613
11535
11614
11536
11615
11537
11616
11538
11617
11539
11618
11540
11619
11541
11620
11542
11621
11543
11622
11544
11623
11545
11624
11546
11625
11547
11626
11548
11627
11549
11628
11550
11629
11551
11630
11552
11631
11553
11632
11554
11633
11555
11634
11556
11635
11557
11636
11558
11637
11559
11638
11560
11639
11561
11640
11562
11641
11563
11642
11564
11643
11565
11644
11566
11645
11567
11646
11568
11647
11569
11648
11570
11649
11571
11650
11572
11651
11573
11652
11574
11653
11575
11654
11576
11655
11577
11656
11578
11657
11579
11658
11580
11659
11581
11660
11582
11661
11583
11662
11584
11663
11585
11664
11586
11665
11587
11666
11588
11667
11589
11668
11590
11669
11591
11670
11592
11671
11593
11672
11594
11673
11595
11674
11596
11675
11597
11676
11598
11677
11599
11678
11679
11601
11680
11602
11681
11603
11682
11604
11683
11605
11684
11606
11685
11607
11686
11608
11687
11609
11688
11610
11689
11611
11690
11612
11691
11613
11692
11614
11693
11615
11694
11616
11695
11617
11696
11618
11697
11619
11698
11620
11699
11621
11700
11622
11701
11623
11702
11624
11703
11625
11704
11626
11705
11627
11706
11628
11707
11629
11708
11630
11709
11631
11710
11632
11711
11633
11712
11634
11713
11635
11714
11636
11715
11637
11716
11638
11717
11639
11718
11640
11719
11641
11720
11642
11721
11643
11722
11644
11723
11645
11724
11646
11725
11647
11726
11648
11727
11649
11728
11650
11729
11651
11730
11652
11731
11653
11732
11654
11733
11655
11734
11656
11735
11657
11736
11658
11737
11659
11738
11660
11739
11661
11740
11662
11741
11663
11742
11664
11743
11665
11744
11666
11745
11667
11746
11668
11747
11669
11748
11670
11749
11671
11750
11672
11751
11673
11752
11674
11753
11675
11754
11676
11755
11677
11756
11678
11757
11679
11758
11759
11681
11760
11682
11761
11683
11762
11684
11763
11685
11764
11686
11765
11687
11766
11688
11767
11689
11768
11690
11769
11691
11770
11692
11771
11693
11772
11694
11773
11695
11774
11696
11775
11697
11776
11698
11777
11699
11778
11700
11779
11701
11780
11702
11781
11703
11782
11704
11783
11705
11784
11706
11785
11707
11786
11708
11787
11709
11788
11710
11789
11711
11790
11712
11791
11713
11792
11714
11793
11715
11794
11716
11795
11717
11796
11718
11797
11719
11798
11720
11799
11721
11800
11722
11801
11723
11802
11724
11803
11725
11804
11726
11805
11727
11806
11728
11807
11729
11808
11730
11809
11731
11810
11732
11811
11733
11812
11734
11813
11735
11814
11736
11815
11737
11816
11738
11817
11739
11818
11740
11819
11741
11820
11742
11821
11743
11822
11744
11823
11745
11824
11746
11825
11747
11826
11748
11827
11749
11828
11750
11829
11751
11830
11752
11831
11753
11832
11754
11833
11755
11834
11756
11835
11757
11836
11758
11837
11759
11838
11839
11761
11840
11762
11841
11763
11842
11764
11843
11765
11844
11766
11845
11767
11846
11768
11847
11769
11848
11770
11849
11771
11850
11772
11851
11773
11852
11774
11853
11775
11854
11776
11855
11777
11856
11778
11857
11779
11858
11780
11859
11781
11860
11782
11861
11783
11862
11784
11863
11785
11864
11786
11865
11787
11866
11788
11867
11789
11868
11790
11869
11791
11870
11792
11871
11793
11872
11794
11873
11795
11874
11796
11875
11797
11876
11798
11877
11799
11878
11800
11879
11801
11880
11802
11881
11803
11882
11804
11883
11805
11884
11806
11885
11807
11886
11808
11887
11809
11888
11810
11889
11811
11890
11812
11891
11813
11892
11814
11893
11815
11894
11816
11895
11817
11896
11818
11897
11819
11898
11820
11899
11821
11900
11822
11901
11823
11902
11824
11903
11825
11904
11826
11905
11827
11906
11828
11907
11829
11908
11830
11909
11831
11910
11832
11911
11833
11912
11834
11913
11835
11914
11836
11915
11837
11916
11838
11917
11839
11918
11919
11841
11920
11842
11921
11843
11922
11844
11923
11845
11924
11846
11925
11847
11926
11848
11927
11849
11928
11850
11929
11851
11930
11852
11931
11853
11932
11854
11933
11855
11934
11856
11935
11857
11936
11858
11937
11859
11938
11860
11939
11861
11940
11862
11941
11863
11942
11864
11943
11865
11944
11866
11945
11867
11946
11868
11947
11869
11948
11870
11949
11871
11950
11872
11951
11873
11952
11874
11953
11875
11954
11876
11955
11877
11956
11878
11957
11879
11958
11880
11959
11881
11960
11882
11961
11883
11962
11884
11963
11885
11964
11886
11965
11887
11966
11888
11967
11889
11968
11890
11969
11891
11970
11892
11971
11893
11972
11894
11973
11895
11974
11896
11975
11897
11976
11898
11977
11899
11978
11900
11979
11901
11980
11902
11981
11903
11982
11904
11983
11905
11984
11906
11985
11907
11986
11908
11987
11909
11988
11910
11989
11911
11990
11912
11991
11913
11992
11914
11993
11915
11994
11916
11995
11917
11996
11918
11997
11919
11998
11999
11921
11922
11923
11924
11925
11926
11927
11928
11929
11930
11931
11932
11933
11934
11935
11936
11937
11938
11939
11940
11941
11942
11943
11944
11945
11946
11947
11948
11949
11950
11951
11952
11953
11954
11955
11956
11957
11958
11959
11960
11961
11962
11963
11964
11965
11966
11967
11968
11969
11970
11971
11972
11973
11974
11975
11976
11977
11978
11979
11980
11981
11982
11983
11984
11985
11986
11987
11988
11989
11990
11991
11992
11993
11994
11995
11996
11997
11998
11999
)


// ************************************************************************* //
