/*--------------------------------*- C++ -*----------------------------------*\
| =========                 |                                                 |
| \\      /  F ield         | OpenFOAM: The Open Source CFD Toolbox           |
|  \\    /   O peration     | Version:  2606                                  |
|   \\  /    A nd           | Website:  www.openfoam.com                      |
|    \\/     M anipulation  |                                                 |
\*---------------------------------------------------------------------------*/
FoamFile
{
    version     2.0;
    format      ascii;
    arch        "LSB;label=32;scalar=64";
    class       vectorField;
    location    "constant/polyMesh";
    object      points;
}
// * * * * * * * * * * * * * * * * * * * * * * * * * * * * * * * * * * * * * //


16524
(
(0 0.0020713283 0.007730302456)
(0.000625 0.0020713283 0.007730302456)
(0.00125 0.0020713283 0.007730302456)
(0.001875 0.0020713283 0.007730302456)
(0.0025 0.0020713283 0.007730302456)
(0.003125 0.0020713283 0.007730302456)
(0.00375 0.0020713283 0.007730302456)
(0.004375 0.0020713283 0.007730302456)
(0.005 0.0020713283 0.007730302456)
(0.005625 0.0020713283 0.007730302456)
(0.00625 0.0020713283 0.007730302456)
(0.006875 0.0020713283 0.007730302456)
(0.0075 0.0020713283 0.007730302456)
(0.008125 0.0020713283 0.007730302456)
(0.00875 0.0020713283 0.007730302456)
(0.009375 0.0020713283 0.007730302456)
(0.01 0.0020713283 0.007730302456)
(0.010625 0.0020713283 0.007730302456)
(0.01125 0.0020713283 0.007730302456)
(0.011875 0.0020713283 0.007730302456)
(0.0125 0.0020713283 0.007730302456)
(0.013125 0.0020713283 0.007730302456)
(0.01375 0.0020713283 0.007730302456)
(0.014375 0.0020713283 0.007730302456)
(0.015 0.0020713283 0.007730302456)
(0.015625 0.0020713283 0.007730302456)
(0.01625 0.0020713283 0.007730302456)
(0.016875 0.0020713283 0.007730302456)
(0.0175 0.0020713283 0.007730302456)
(0.018125 0.0020713283 0.007730302456)
(0.01875 0.0020713283 0.007730302456)
(0.019375 0.0020713283 0.007730302456)
(0.02 0.0020713283 0.007730302456)
(0.020625 0.0020713283 0.007730302456)
(0.02125 0.0020713283 0.007730302456)
(0.021875 0.0020713283 0.007730302456)
(0.0225 0.0020713283 0.007730302456)
(0.023125 0.0020713283 0.007730302456)
(0.02375 0.0020713283 0.007730302456)
(0.024375 0.0020713283 0.007730302456)
(0.025 0.0020713283 0.007730302456)
(0.025625 0.0020713283 0.007730302456)
(0.02625 0.0020713283 0.007730302456)
(0.026875 0.0020713283 0.007730302456)
(0.0275 0.0020713283 0.007730302456)
(0.028125 0.0020713283 0.007730302456)
(0.02875 0.0020713283 0.007730302456)
(0.029375 0.0020713283 0.007730302456)
(0.03 0.0020713283 0.007730302456)
(0.030625 0.0020713283 0.007730302456)
(0.03125 0.0020713283 0.007730302456)
(0.031875 0.0020713283 0.007730302456)
(0.0325 0.0020713283 0.007730302456)
(0.033125 0.0020713283 0.007730302456)
(0.03375 0.0020713283 0.007730302456)
(0.034375 0.0020713283 0.007730302456)
(0.035 0.0020713283 0.007730302456)
(0.035625 0.0020713283 0.007730302456)
(0.03625 0.0020713283 0.007730302456)
(0.036875 0.0020713283 0.007730302456)
(0.0375 0.0020713283 0.007730302456)
(0.038125 0.0020713283 0.007730302456)
(0.03875 0.0020713283 0.007730302456)
(0.039375 0.0020713283 0.007730302456)
(0.04 0.0020713283 0.007730302456)
(0.040625 0.0020713283 0.007730302456)
(0.04125 0.0020713283 0.007730302456)
(0.041875 0.0020713283 0.007730302456)
(0.0425 0.0020713283 0.007730302456)
(0.043125 0.0020713283 0.007730302456)
(0.04375 0.0020713283 0.007730302456)
(0.044375 0.0020713283 0.007730302456)
(0.045 0.0020713283 0.007730302456)
(0.045625 0.0020713283 0.007730302456)
(0.04625 0.0020713283 0.007730302456)
(0.046875 0.0020713283 0.007730302456)
(0.0475 0.0020713283 0.007730302456)
(0.048125 0.0020713283 0.007730302456)
(0.04875 0.0020713283 0.007730302456)
(0.049375 0.0020713283 0.007730302456)
(0.05 0.0020713283 0.007730302456)
(0 0.00211675033 0.007899819777)
(0.000625 0.00211675033 0.007899819777)
(0.00125 0.00211675033 0.007899819777)
(0.001875 0.00211675033 0.007899819777)
(0.0025 0.00211675033 0.007899819777)
(0.003125 0.00211675033 0.007899819777)
(0.00375 0.00211675033 0.007899819777)
(0.004375 0.00211675033 0.007899819777)
(0.005 0.00211675033 0.007899819777)
(0.005625 0.00211675033 0.007899819777)
(0.00625 0.00211675033 0.007899819777)
(0.006875 0.00211675033 0.007899819777)
(0.0075 0.00211675033 0.007899819777)
(0.008125 0.00211675033 0.007899819777)
(0.00875 0.00211675033 0.007899819777)
(0.009375 0.00211675033 0.007899819777)
(0.01 0.00211675033 0.007899819777)
(0.010625 0.00211675033 0.007899819777)
(0.01125 0.00211675033 0.007899819777)
(0.011875 0.00211675033 0.007899819777)
(0.0125 0.00211675033 0.007899819777)
(0.013125 0.00211675033 0.007899819777)
(0.01375 0.00211675033 0.007899819777)
(0.014375 0.00211675033 0.007899819777)
(0.015 0.00211675033 0.007899819777)
(0.015625 0.00211675033 0.007899819777)
(0.01625 0.00211675033 0.007899819777)
(0.016875 0.00211675033 0.007899819777)
(0.0175 0.00211675033 0.007899819777)
(0.018125 0.00211675033 0.007899819777)
(0.01875 0.00211675033 0.007899819777)
(0.019375 0.00211675033 0.007899819777)
(0.02 0.00211675033 0.007899819777)
(0.020625 0.00211675033 0.007899819777)
(0.02125 0.00211675033 0.007899819777)
(0.021875 0.00211675033 0.007899819777)
(0.0225 0.00211675033 0.007899819777)
(0.023125 0.00211675033 0.007899819777)
(0.02375 0.00211675033 0.007899819777)
(0.024375 0.00211675033 0.007899819777)
(0.025 0.00211675033 0.007899819777)
(0.025625 0.00211675033 0.007899819777)
(0.02625 0.00211675033 0.007899819777)
(0.026875 0.00211675033 0.007899819777)
(0.0275 0.00211675033 0.007899819777)
(0.028125 0.00211675033 0.007899819777)
(0.02875 0.00211675033 0.007899819777)
(0.029375 0.00211675033 0.007899819777)
(0.03 0.00211675033 0.007899819777)
(0.030625 0.00211675033 0.007899819777)
(0.03125 0.00211675033 0.007899819777)
(0.031875 0.00211675033 0.007899819777)
(0.0325 0.00211675033 0.007899819777)
(0.033125 0.00211675033 0.007899819777)
(0.03375 0.00211675033 0.007899819777)
(0.034375 0.00211675033 0.007899819777)
(0.035 0.00211675033 0.007899819777)
(0.035625 0.00211675033 0.007899819777)
(0.03625 0.00211675033 0.007899819777)
(0.036875 0.00211675033 0.007899819777)
(0.0375 0.00211675033 0.007899819777)
(0.038125 0.00211675033 0.007899819777)
(0.03875 0.00211675033 0.007899819777)
(0.039375 0.00211675033 0.007899819777)
(0.04 0.00211675033 0.007899819777)
(0.040625 0.00211675033 0.007899819777)
(0.04125 0.00211675033 0.007899819777)
(0.041875 0.00211675033 0.007899819777)
(0.0425 0.00211675033 0.007899819777)
(0.043125 0.00211675033 0.007899819777)
(0.04375 0.00211675033 0.007899819777)
(0.044375 0.00211675033 0.007899819777)
(0.045 0.00211675033 0.007899819777)
(0.045625 0.00211675033 0.007899819777)
(0.04625 0.00211675033 0.007899819777)
(0.046875 0.00211675033 0.007899819777)
(0.0475 0.00211675033 0.007899819777)
(0.048125 0.00211675033 0.007899819777)
(0.04875 0.00211675033 0.007899819777)
(0.049375 0.00211675033 0.007899819777)
(0.05 0.00211675033 0.007899819777)
(0 0.00216532281 0.008081094742)
(0.000625 0.00216532281 0.008081094742)
(0.00125 0.00216532281 0.008081094742)
(0.001875 0.00216532281 0.008081094742)
(0.0025 0.00216532281 0.008081094742)
(0.003125 0.00216532281 0.008081094742)
(0.00375 0.00216532281 0.008081094742)
(0.004375 0.00216532281 0.008081094742)
(0.005 0.00216532281 0.008081094742)
(0.005625 0.00216532281 0.008081094742)
(0.00625 0.00216532281 0.008081094742)
(0.006875 0.00216532281 0.008081094742)
(0.0075 0.00216532281 0.008081094742)
(0.008125 0.00216532281 0.008081094742)
(0.00875 0.00216532281 0.008081094742)
(0.009375 0.00216532281 0.008081094742)
(0.01 0.00216532281 0.008081094742)
(0.010625 0.00216532281 0.008081094742)
(0.01125 0.00216532281 0.008081094742)
(0.011875 0.00216532281 0.008081094742)
(0.0125 0.00216532281 0.008081094742)
(0.013125 0.00216532281 0.008081094742)
(0.01375 0.00216532281 0.008081094742)
(0.014375 0.00216532281 0.008081094742)
(0.015 0.00216532281 0.008081094742)
(0.015625 0.00216532281 0.008081094742)
(0.01625 0.00216532281 0.008081094742)
(0.016875 0.00216532281 0.008081094742)
(0.0175 0.00216532281 0.008081094742)
(0.018125 0.00216532281 0.008081094742)
(0.01875 0.00216532281 0.008081094742)
(0.019375 0.00216532281 0.008081094742)
(0.02 0.00216532281 0.008081094742)
(0.020625 0.00216532281 0.008081094742)
(0.02125 0.00216532281 0.008081094742)
(0.021875 0.00216532281 0.008081094742)
(0.0225 0.00216532281 0.008081094742)
(0.023125 0.00216532281 0.008081094742)
(0.02375 0.00216532281 0.008081094742)
(0.024375 0.00216532281 0.008081094742)
(0.025 0.00216532281 0.008081094742)
(0.025625 0.00216532281 0.008081094742)
(0.02625 0.00216532281 0.008081094742)
(0.026875 0.00216532281 0.008081094742)
(0.0275 0.00216532281 0.008081094742)
(0.028125 0.00216532281 0.008081094742)
(0.02875 0.00216532281 0.008081094742)
(0.029375 0.00216532281 0.008081094742)
(0.03 0.00216532281 0.008081094742)
(0.030625 0.00216532281 0.008081094742)
(0.03125 0.00216532281 0.008081094742)
(0.031875 0.00216532281 0.008081094742)
(0.0325 0.00216532281 0.008081094742)
(0.033125 0.00216532281 0.008081094742)
(0.03375 0.00216532281 0.008081094742)
(0.034375 0.00216532281 0.008081094742)
(0.035 0.00216532281 0.008081094742)
(0.035625 0.00216532281 0.008081094742)
(0.03625 0.00216532281 0.008081094742)
(0.036875 0.00216532281 0.008081094742)
(0.0375 0.00216532281 0.008081094742)
(0.038125 0.00216532281 0.008081094742)
(0.03875 0.00216532281 0.008081094742)
(0.039375 0.00216532281 0.008081094742)
(0.04 0.00216532281 0.008081094742)
(0.040625 0.00216532281 0.008081094742)
(0.04125 0.00216532281 0.008081094742)
(0.041875 0.00216532281 0.008081094742)
(0.0425 0.00216532281 0.008081094742)
(0.043125 0.00216532281 0.008081094742)
(0.04375 0.00216532281 0.008081094742)
(0.044375 0.00216532281 0.008081094742)
(0.045 0.00216532281 0.008081094742)
(0.045625 0.00216532281 0.008081094742)
(0.04625 0.00216532281 0.008081094742)
(0.046875 0.00216532281 0.008081094742)
(0.0475 0.00216532281 0.008081094742)
(0.048125 0.00216532281 0.008081094742)
(0.04875 0.00216532281 0.008081094742)
(0.049375 0.00216532281 0.008081094742)
(0.05 0.00216532281 0.008081094742)
(0 0.002217264256 0.008274942856)
(0.000625 0.002217264256 0.008274942856)
(0.00125 0.002217264256 0.008274942856)
(0.001875 0.002217264256 0.008274942856)
(0.0025 0.002217264256 0.008274942856)
(0.003125 0.002217264256 0.008274942856)
(0.00375 0.002217264256 0.008274942856)
(0.004375 0.002217264256 0.008274942856)
(0.005 0.002217264256 0.008274942856)
(0.005625 0.002217264256 0.008274942856)
(0.00625 0.002217264256 0.008274942856)
(0.006875 0.002217264256 0.008274942856)
(0.0075 0.002217264256 0.008274942856)
(0.008125 0.002217264256 0.008274942856)
(0.00875 0.002217264256 0.008274942856)
(0.009375 0.002217264256 0.008274942856)
(0.01 0.002217264256 0.008274942856)
(0.010625 0.002217264256 0.008274942856)
(0.01125 0.002217264256 0.008274942856)
(0.011875 0.002217264256 0.008274942856)
(0.0125 0.002217264256 0.008274942856)
(0.013125 0.002217264256 0.008274942856)
(0.01375 0.002217264256 0.008274942856)
(0.014375 0.002217264256 0.008274942856)
(0.015 0.002217264256 0.008274942856)
(0.015625 0.002217264256 0.008274942856)
(0.01625 0.002217264256 0.008274942856)
(0.016875 0.002217264256 0.008274942856)
(0.0175 0.002217264256 0.008274942856)
(0.018125 0.002217264256 0.008274942856)
(0.01875 0.002217264256 0.008274942856)
(0.019375 0.002217264256 0.008274942856)
(0.02 0.002217264256 0.008274942856)
(0.020625 0.002217264256 0.008274942856)
(0.02125 0.002217264256 0.008274942856)
(0.021875 0.002217264256 0.008274942856)
(0.0225 0.002217264256 0.008274942856)
(0.023125 0.002217264256 0.008274942856)
(0.02375 0.002217264256 0.008274942856)
(0.024375 0.002217264256 0.008274942856)
(0.025 0.002217264256 0.008274942856)
(0.025625 0.002217264256 0.008274942856)
(0.02625 0.002217264256 0.008274942856)
(0.026875 0.002217264256 0.008274942856)
(0.0275 0.002217264256 0.008274942856)
(0.028125 0.002217264256 0.008274942856)
(0.02875 0.002217264256 0.008274942856)
(0.029375 0.002217264256 0.008274942856)
(0.03 0.002217264256 0.008274942856)
(0.030625 0.002217264256 0.008274942856)
(0.03125 0.002217264256 0.008274942856)
(0.031875 0.002217264256 0.008274942856)
(0.0325 0.002217264256 0.008274942856)
(0.033125 0.002217264256 0.008274942856)
(0.03375 0.002217264256 0.008274942856)
(0.034375 0.002217264256 0.008274942856)
(0.035 0.002217264256 0.008274942856)
(0.035625 0.002217264256 0.008274942856)
(0.03625 0.002217264256 0.008274942856)
(0.036875 0.002217264256 0.008274942856)
(0.0375 0.002217264256 0.008274942856)
(0.038125 0.002217264256 0.008274942856)
(0.03875 0.002217264256 0.008274942856)
(0.039375 0.002217264256 0.008274942856)
(0.04 0.002217264256 0.008274942856)
(0.040625 0.002217264256 0.008274942856)
(0.04125 0.002217264256 0.008274942856)
(0.041875 0.002217264256 0.008274942856)
(0.0425 0.002217264256 0.008274942856)
(0.043125 0.002217264256 0.008274942856)
(0.04375 0.002217264256 0.008274942856)
(0.044375 0.002217264256 0.008274942856)
(0.045 0.002217264256 0.008274942856)
(0.045625 0.002217264256 0.008274942856)
(0.04625 0.002217264256 0.008274942856)
(0.046875 0.002217264256 0.008274942856)
(0.0475 0.002217264256 0.008274942856)
(0.048125 0.002217264256 0.008274942856)
(0.04875 0.002217264256 0.008274942856)
(0.049375 0.002217264256 0.008274942856)
(0.05 0.002217264256 0.008274942856)
(0 0.002272808336 0.008482236187)
(0.000625 0.002272808336 0.008482236187)
(0.00125 0.002272808336 0.008482236187)
(0.001875 0.002272808336 0.008482236187)
(0.0025 0.002272808336 0.008482236187)
(0.003125 0.002272808336 0.008482236187)
(0.00375 0.002272808336 0.008482236187)
(0.004375 0.002272808336 0.008482236187)
(0.005 0.002272808336 0.008482236187)
(0.005625 0.002272808336 0.008482236187)
(0.00625 0.002272808336 0.008482236187)
(0.006875 0.002272808336 0.008482236187)
(0.0075 0.002272808336 0.008482236187)
(0.008125 0.002272808336 0.008482236187)
(0.00875 0.002272808336 0.008482236187)
(0.009375 0.002272808336 0.008482236187)
(0.01 0.002272808336 0.008482236187)
(0.010625 0.002272808336 0.008482236187)
(0.01125 0.002272808336 0.008482236187)
(0.011875 0.002272808336 0.008482236187)
(0.0125 0.002272808336 0.008482236187)
(0.013125 0.002272808336 0.008482236187)
(0.01375 0.002272808336 0.008482236187)
(0.014375 0.002272808336 0.008482236187)
(0.015 0.002272808336 0.008482236187)
(0.015625 0.002272808336 0.008482236187)
(0.01625 0.002272808336 0.008482236187)
(0.016875 0.002272808336 0.008482236187)
(0.0175 0.002272808336 0.008482236187)
(0.018125 0.002272808336 0.008482236187)
(0.01875 0.002272808336 0.008482236187)
(0.019375 0.002272808336 0.008482236187)
(0.02 0.002272808336 0.008482236187)
(0.020625 0.002272808336 0.008482236187)
(0.02125 0.002272808336 0.008482236187)
(0.021875 0.002272808336 0.008482236187)
(0.0225 0.002272808336 0.008482236187)
(0.023125 0.002272808336 0.008482236187)
(0.02375 0.002272808336 0.008482236187)
(0.024375 0.002272808336 0.008482236187)
(0.025 0.002272808336 0.008482236187)
(0.025625 0.002272808336 0.008482236187)
(0.02625 0.002272808336 0.008482236187)
(0.026875 0.002272808336 0.008482236187)
(0.0275 0.002272808336 0.008482236187)
(0.028125 0.002272808336 0.008482236187)
(0.02875 0.002272808336 0.008482236187)
(0.029375 0.002272808336 0.008482236187)
(0.03 0.002272808336 0.008482236187)
(0.030625 0.002272808336 0.008482236187)
(0.03125 0.002272808336 0.008482236187)
(0.031875 0.002272808336 0.008482236187)
(0.0325 0.002272808336 0.008482236187)
(0.033125 0.002272808336 0.008482236187)
(0.03375 0.002272808336 0.008482236187)
(0.034375 0.002272808336 0.008482236187)
(0.035 0.002272808336 0.008482236187)
(0.035625 0.002272808336 0.008482236187)
(0.03625 0.002272808336 0.008482236187)
(0.036875 0.002272808336 0.008482236187)
(0.0375 0.002272808336 0.008482236187)
(0.038125 0.002272808336 0.008482236187)
(0.03875 0.002272808336 0.008482236187)
(0.039375 0.002272808336 0.008482236187)
(0.04 0.002272808336 0.008482236187)
(0.040625 0.002272808336 0.008482236187)
(0.04125 0.002272808336 0.008482236187)
(0.041875 0.002272808336 0.008482236187)
(0.0425 0.002272808336 0.008482236187)
(0.043125 0.002272808336 0.008482236187)
(0.04375 0.002272808336 0.008482236187)
(0.044375 0.002272808336 0.008482236187)
(0.045 0.002272808336 0.008482236187)
(0.045625 0.002272808336 0.008482236187)
(0.04625 0.002272808336 0.008482236187)
(0.046875 0.002272808336 0.008482236187)
(0.0475 0.002272808336 0.008482236187)
(0.048125 0.002272808336 0.008482236187)
(0.04875 0.002272808336 0.008482236187)
(0.049375 0.002272808336 0.008482236187)
(0.05 0.002272808336 0.008482236187)
(0 0.002332204929 0.00870390729)
(0.000625 0.002332204929 0.00870390729)
(0.00125 0.002332204929 0.00870390729)
(0.001875 0.002332204929 0.00870390729)
(0.0025 0.002332204929 0.00870390729)
(0.003125 0.002332204929 0.00870390729)
(0.00375 0.002332204929 0.00870390729)
(0.004375 0.002332204929 0.00870390729)
(0.005 0.002332204929 0.00870390729)
(0.005625 0.002332204929 0.00870390729)
(0.00625 0.002332204929 0.00870390729)
(0.006875 0.002332204929 0.00870390729)
(0.0075 0.002332204929 0.00870390729)
(0.008125 0.002332204929 0.00870390729)
(0.00875 0.002332204929 0.00870390729)
(0.009375 0.002332204929 0.00870390729)
(0.01 0.002332204929 0.00870390729)
(0.010625 0.002332204929 0.00870390729)
(0.01125 0.002332204929 0.00870390729)
(0.011875 0.002332204929 0.00870390729)
(0.0125 0.002332204929 0.00870390729)
(0.013125 0.002332204929 0.00870390729)
(0.01375 0.002332204929 0.00870390729)
(0.014375 0.002332204929 0.00870390729)
(0.015 0.002332204929 0.00870390729)
(0.015625 0.002332204929 0.00870390729)
(0.01625 0.002332204929 0.00870390729)
(0.016875 0.002332204929 0.00870390729)
(0.0175 0.002332204929 0.00870390729)
(0.018125 0.002332204929 0.00870390729)
(0.01875 0.002332204929 0.00870390729)
(0.019375 0.002332204929 0.00870390729)
(0.02 0.002332204929 0.00870390729)
(0.020625 0.002332204929 0.00870390729)
(0.02125 0.002332204929 0.00870390729)
(0.021875 0.002332204929 0.00870390729)
(0.0225 0.002332204929 0.00870390729)
(0.023125 0.002332204929 0.00870390729)
(0.02375 0.002332204929 0.00870390729)
(0.024375 0.002332204929 0.00870390729)
(0.025 0.002332204929 0.00870390729)
(0.025625 0.002332204929 0.00870390729)
(0.02625 0.002332204929 0.00870390729)
(0.026875 0.002332204929 0.00870390729)
(0.0275 0.002332204929 0.00870390729)
(0.028125 0.002332204929 0.00870390729)
(0.02875 0.002332204929 0.00870390729)
(0.029375 0.002332204929 0.00870390729)
(0.03 0.002332204929 0.00870390729)
(0.030625 0.002332204929 0.00870390729)
(0.03125 0.002332204929 0.00870390729)
(0.031875 0.002332204929 0.00870390729)
(0.0325 0.002332204929 0.00870390729)
(0.033125 0.002332204929 0.00870390729)
(0.03375 0.002332204929 0.00870390729)
(0.034375 0.002332204929 0.00870390729)
(0.035 0.002332204929 0.00870390729)
(0.035625 0.002332204929 0.00870390729)
(0.03625 0.002332204929 0.00870390729)
(0.036875 0.002332204929 0.00870390729)
(0.0375 0.002332204929 0.00870390729)
(0.038125 0.002332204929 0.00870390729)
(0.03875 0.002332204929 0.00870390729)
(0.039375 0.002332204929 0.00870390729)
(0.04 0.002332204929 0.00870390729)
(0.040625 0.002332204929 0.00870390729)
(0.04125 0.002332204929 0.00870390729)
(0.041875 0.002332204929 0.00870390729)
(0.0425 0.002332204929 0.00870390729)
(0.043125 0.002332204929 0.00870390729)
(0.04375 0.002332204929 0.00870390729)
(0.044375 0.002332204929 0.00870390729)
(0.045 0.002332204929 0.00870390729)
(0.045625 0.002332204929 0.00870390729)
(0.04625 0.002332204929 0.00870390729)
(0.046875 0.002332204929 0.00870390729)
(0.0475 0.002332204929 0.00870390729)
(0.048125 0.002332204929 0.00870390729)
(0.04875 0.002332204929 0.00870390729)
(0.049375 0.002332204929 0.00870390729)
(0.05 0.002332204929 0.00870390729)
(0 0.002395721243 0.008940953399)
(0.000625 0.002395721243 0.008940953399)
(0.00125 0.002395721243 0.008940953399)
(0.001875 0.002395721243 0.008940953399)
(0.0025 0.002395721243 0.008940953399)
(0.003125 0.002395721243 0.008940953399)
(0.00375 0.002395721243 0.008940953399)
(0.004375 0.002395721243 0.008940953399)
(0.005 0.002395721243 0.008940953399)
(0.005625 0.002395721243 0.008940953399)
(0.00625 0.002395721243 0.008940953399)
(0.006875 0.002395721243 0.008940953399)
(0.0075 0.002395721243 0.008940953399)
(0.008125 0.002395721243 0.008940953399)
(0.00875 0.002395721243 0.008940953399)
(0.009375 0.002395721243 0.008940953399)
(0.01 0.002395721243 0.008940953399)
(0.010625 0.002395721243 0.008940953399)
(0.01125 0.002395721243 0.008940953399)
(0.011875 0.002395721243 0.008940953399)
(0.0125 0.002395721243 0.008940953399)
(0.013125 0.002395721243 0.008940953399)
(0.01375 0.002395721243 0.008940953399)
(0.014375 0.002395721243 0.008940953399)
(0.015 0.002395721243 0.008940953399)
(0.015625 0.002395721243 0.008940953399)
(0.01625 0.002395721243 0.008940953399)
(0.016875 0.002395721243 0.008940953399)
(0.0175 0.002395721243 0.008940953399)
(0.018125 0.002395721243 0.008940953399)
(0.01875 0.002395721243 0.008940953399)
(0.019375 0.002395721243 0.008940953399)
(0.02 0.002395721243 0.008940953399)
(0.020625 0.002395721243 0.008940953399)
(0.02125 0.002395721243 0.008940953399)
(0.021875 0.002395721243 0.008940953399)
(0.0225 0.002395721243 0.008940953399)
(0.023125 0.002395721243 0.008940953399)
(0.02375 0.002395721243 0.008940953399)
(0.024375 0.002395721243 0.008940953399)
(0.025 0.002395721243 0.008940953399)
(0.025625 0.002395721243 0.008940953399)
(0.02625 0.002395721243 0.008940953399)
(0.026875 0.002395721243 0.008940953399)
(0.0275 0.002395721243 0.008940953399)
(0.028125 0.002395721243 0.008940953399)
(0.02875 0.002395721243 0.008940953399)
(0.029375 0.002395721243 0.008940953399)
(0.03 0.002395721243 0.008940953399)
(0.030625 0.002395721243 0.008940953399)
(0.03125 0.002395721243 0.008940953399)
(0.031875 0.002395721243 0.008940953399)
(0.0325 0.002395721243 0.008940953399)
(0.033125 0.002395721243 0.008940953399)
(0.03375 0.002395721243 0.008940953399)
(0.034375 0.002395721243 0.008940953399)
(0.035 0.002395721243 0.008940953399)
(0.035625 0.002395721243 0.008940953399)
(0.03625 0.002395721243 0.008940953399)
(0.036875 0.002395721243 0.008940953399)
(0.0375 0.002395721243 0.008940953399)
(0.038125 0.002395721243 0.008940953399)
(0.03875 0.002395721243 0.008940953399)
(0.039375 0.002395721243 0.008940953399)
(0.04 0.002395721243 0.008940953399)
(0.040625 0.002395721243 0.008940953399)
(0.04125 0.002395721243 0.008940953399)
(0.041875 0.002395721243 0.008940953399)
(0.0425 0.002395721243 0.008940953399)
(0.043125 0.002395721243 0.008940953399)
(0.04375 0.002395721243 0.008940953399)
(0.044375 0.002395721243 0.008940953399)
(0.045 0.002395721243 0.008940953399)
(0.045625 0.002395721243 0.008940953399)
(0.04625 0.002395721243 0.008940953399)
(0.046875 0.002395721243 0.008940953399)
(0.0475 0.002395721243 0.008940953399)
(0.048125 0.002395721243 0.008940953399)
(0.04875 0.002395721243 0.008940953399)
(0.049375 0.002395721243 0.008940953399)
(0.05 0.002395721243 0.008940953399)
(0 0.002463643019 0.009194440918)
(0.000625 0.002463643019 0.009194440918)
(0.00125 0.002463643019 0.009194440918)
(0.001875 0.002463643019 0.009194440918)
(0.0025 0.002463643019 0.009194440918)
(0.003125 0.002463643019 0.009194440918)
(0.00375 0.002463643019 0.009194440918)
(0.004375 0.002463643019 0.009194440918)
(0.005 0.002463643019 0.009194440918)
(0.005625 0.002463643019 0.009194440918)
(0.00625 0.002463643019 0.009194440918)
(0.006875 0.002463643019 0.009194440918)
(0.0075 0.002463643019 0.009194440918)
(0.008125 0.002463643019 0.009194440918)
(0.00875 0.002463643019 0.009194440918)
(0.009375 0.002463643019 0.009194440918)
(0.01 0.002463643019 0.009194440918)
(0.010625 0.002463643019 0.009194440918)
(0.01125 0.002463643019 0.009194440918)
(0.011875 0.002463643019 0.009194440918)
(0.0125 0.002463643019 0.009194440918)
(0.013125 0.002463643019 0.009194440918)
(0.01375 0.002463643019 0.009194440918)
(0.014375 0.002463643019 0.009194440918)
(0.015 0.002463643019 0.009194440918)
(0.015625 0.002463643019 0.009194440918)
(0.01625 0.002463643019 0.009194440918)
(0.016875 0.002463643019 0.009194440918)
(0.0175 0.002463643019 0.009194440918)
(0.018125 0.002463643019 0.009194440918)
(0.01875 0.002463643019 0.009194440918)
(0.019375 0.002463643019 0.009194440918)
(0.02 0.002463643019 0.009194440918)
(0.020625 0.002463643019 0.009194440918)
(0.02125 0.002463643019 0.009194440918)
(0.021875 0.002463643019 0.009194440918)
(0.0225 0.002463643019 0.009194440918)
(0.023125 0.002463643019 0.009194440918)
(0.02375 0.002463643019 0.009194440918)
(0.024375 0.002463643019 0.009194440918)
(0.025 0.002463643019 0.009194440918)
(0.025625 0.002463643019 0.009194440918)
(0.02625 0.002463643019 0.009194440918)
(0.026875 0.002463643019 0.009194440918)
(0.0275 0.002463643019 0.009194440918)
(0.028125 0.002463643019 0.009194440918)
(0.02875 0.002463643019 0.009194440918)
(0.029375 0.002463643019 0.009194440918)
(0.03 0.002463643019 0.009194440918)
(0.030625 0.002463643019 0.009194440918)
(0.03125 0.002463643019 0.009194440918)
(0.031875 0.002463643019 0.009194440918)
(0.0325 0.002463643019 0.009194440918)
(0.033125 0.002463643019 0.009194440918)
(0.03375 0.002463643019 0.009194440918)
(0.034375 0.002463643019 0.009194440918)
(0.035 0.002463643019 0.009194440918)
(0.035625 0.002463643019 0.009194440918)
(0.03625 0.002463643019 0.009194440918)
(0.036875 0.002463643019 0.009194440918)
(0.0375 0.002463643019 0.009194440918)
(0.038125 0.002463643019 0.009194440918)
(0.03875 0.002463643019 0.009194440918)
(0.039375 0.002463643019 0.009194440918)
(0.04 0.002463643019 0.009194440918)
(0.040625 0.002463643019 0.009194440918)
(0.04125 0.002463643019 0.009194440918)
(0.041875 0.002463643019 0.009194440918)
(0.0425 0.002463643019 0.009194440918)
(0.043125 0.002463643019 0.009194440918)
(0.04375 0.002463643019 0.009194440918)
(0.044375 0.002463643019 0.009194440918)
(0.045 0.002463643019 0.009194440918)
(0.045625 0.002463643019 0.009194440918)
(0.04625 0.002463643019 0.009194440918)
(0.046875 0.002463643019 0.009194440918)
(0.0475 0.002463643019 0.009194440918)
(0.048125 0.002463643019 0.009194440918)
(0.04875 0.002463643019 0.009194440918)
(0.049375 0.002463643019 0.009194440918)
(0.05 0.002463643019 0.009194440918)
(0 0.002536275818 0.009465510216)
(0.000625 0.002536275818 0.009465510216)
(0.00125 0.002536275818 0.009465510216)
(0.001875 0.002536275818 0.009465510216)
(0.0025 0.002536275818 0.009465510216)
(0.003125 0.002536275818 0.009465510216)
(0.00375 0.002536275818 0.009465510216)
(0.004375 0.002536275818 0.009465510216)
(0.005 0.002536275818 0.009465510216)
(0.005625 0.002536275818 0.009465510216)
(0.00625 0.002536275818 0.009465510216)
(0.006875 0.002536275818 0.009465510216)
(0.0075 0.002536275818 0.009465510216)
(0.008125 0.002536275818 0.009465510216)
(0.00875 0.002536275818 0.009465510216)
(0.009375 0.002536275818 0.009465510216)
(0.01 0.002536275818 0.009465510216)
(0.010625 0.002536275818 0.009465510216)
(0.01125 0.002536275818 0.009465510216)
(0.011875 0.002536275818 0.009465510216)
(0.0125 0.002536275818 0.009465510216)
(0.013125 0.002536275818 0.009465510216)
(0.01375 0.002536275818 0.009465510216)
(0.014375 0.002536275818 0.009465510216)
(0.015 0.002536275818 0.009465510216)
(0.015625 0.002536275818 0.009465510216)
(0.01625 0.002536275818 0.009465510216)
(0.016875 0.002536275818 0.009465510216)
(0.0175 0.002536275818 0.009465510216)
(0.018125 0.002536275818 0.009465510216)
(0.01875 0.002536275818 0.009465510216)
(0.019375 0.002536275818 0.009465510216)
(0.02 0.002536275818 0.009465510216)
(0.020625 0.002536275818 0.009465510216)
(0.02125 0.002536275818 0.009465510216)
(0.021875 0.002536275818 0.009465510216)
(0.0225 0.002536275818 0.009465510216)
(0.023125 0.002536275818 0.009465510216)
(0.02375 0.002536275818 0.009465510216)
(0.024375 0.002536275818 0.009465510216)
(0.025 0.002536275818 0.009465510216)
(0.025625 0.002536275818 0.009465510216)
(0.02625 0.002536275818 0.009465510216)
(0.026875 0.002536275818 0.009465510216)
(0.0275 0.002536275818 0.009465510216)
(0.028125 0.002536275818 0.009465510216)
(0.02875 0.002536275818 0.009465510216)
(0.029375 0.002536275818 0.009465510216)
(0.03 0.002536275818 0.009465510216)
(0.030625 0.002536275818 0.009465510216)
(0.03125 0.002536275818 0.009465510216)
(0.031875 0.002536275818 0.009465510216)
(0.0325 0.002536275818 0.009465510216)
(0.033125 0.002536275818 0.009465510216)
(0.03375 0.002536275818 0.009465510216)
(0.034375 0.002536275818 0.009465510216)
(0.035 0.002536275818 0.009465510216)
(0.035625 0.002536275818 0.009465510216)
(0.03625 0.002536275818 0.009465510216)
(0.036875 0.002536275818 0.009465510216)
(0.0375 0.002536275818 0.009465510216)
(0.038125 0.002536275818 0.009465510216)
(0.03875 0.002536275818 0.009465510216)
(0.039375 0.002536275818 0.009465510216)
(0.04 0.002536275818 0.009465510216)
(0.040625 0.002536275818 0.009465510216)
(0.04125 0.002536275818 0.009465510216)
(0.041875 0.002536275818 0.009465510216)
(0.0425 0.002536275818 0.009465510216)
(0.043125 0.002536275818 0.009465510216)
(0.04375 0.002536275818 0.009465510216)
(0.044375 0.002536275818 0.009465510216)
(0.045 0.002536275818 0.009465510216)
(0.045625 0.002536275818 0.009465510216)
(0.04625 0.002536275818 0.009465510216)
(0.046875 0.002536275818 0.009465510216)
(0.0475 0.002536275818 0.009465510216)
(0.048125 0.002536275818 0.009465510216)
(0.04875 0.002536275818 0.009465510216)
(0.049375 0.002536275818 0.009465510216)
(0.05 0.002536275818 0.009465510216)
(0 0.002613946396 0.009755380757)
(0.000625 0.002613946396 0.009755380757)
(0.00125 0.002613946396 0.009755380757)
(0.001875 0.002613946396 0.009755380757)
(0.0025 0.002613946396 0.009755380757)
(0.003125 0.002613946396 0.009755380757)
(0.00375 0.002613946396 0.009755380757)
(0.004375 0.002613946396 0.009755380757)
(0.005 0.002613946396 0.009755380757)
(0.005625 0.002613946396 0.009755380757)
(0.00625 0.002613946396 0.009755380757)
(0.006875 0.002613946396 0.009755380757)
(0.0075 0.002613946396 0.009755380757)
(0.008125 0.002613946396 0.009755380757)
(0.00875 0.002613946396 0.009755380757)
(0.009375 0.002613946396 0.009755380757)
(0.01 0.002613946396 0.009755380757)
(0.010625 0.002613946396 0.009755380757)
(0.01125 0.002613946396 0.009755380757)
(0.011875 0.002613946396 0.009755380757)
(0.0125 0.002613946396 0.009755380757)
(0.013125 0.002613946396 0.009755380757)
(0.01375 0.002613946396 0.009755380757)
(0.014375 0.002613946396 0.009755380757)
(0.015 0.002613946396 0.009755380757)
(0.015625 0.002613946396 0.009755380757)
(0.01625 0.002613946396 0.009755380757)
(0.016875 0.002613946396 0.009755380757)
(0.0175 0.002613946396 0.009755380757)
(0.018125 0.002613946396 0.009755380757)
(0.01875 0.002613946396 0.009755380757)
(0.019375 0.002613946396 0.009755380757)
(0.02 0.002613946396 0.009755380757)
(0.020625 0.002613946396 0.009755380757)
(0.02125 0.002613946396 0.009755380757)
(0.021875 0.002613946396 0.009755380757)
(0.0225 0.002613946396 0.009755380757)
(0.023125 0.002613946396 0.009755380757)
(0.02375 0.002613946396 0.009755380757)
(0.024375 0.002613946396 0.009755380757)
(0.025 0.002613946396 0.009755380757)
(0.025625 0.002613946396 0.009755380757)
(0.02625 0.002613946396 0.009755380757)
(0.026875 0.002613946396 0.009755380757)
(0.0275 0.002613946396 0.009755380757)
(0.028125 0.002613946396 0.009755380757)
(0.02875 0.002613946396 0.009755380757)
(0.029375 0.002613946396 0.009755380757)
(0.03 0.002613946396 0.009755380757)
(0.030625 0.002613946396 0.009755380757)
(0.03125 0.002613946396 0.009755380757)
(0.031875 0.002613946396 0.009755380757)
(0.0325 0.002613946396 0.009755380757)
(0.033125 0.002613946396 0.009755380757)
(0.03375 0.002613946396 0.009755380757)
(0.034375 0.002613946396 0.009755380757)
(0.035 0.002613946396 0.009755380757)
(0.035625 0.002613946396 0.009755380757)
(0.03625 0.002613946396 0.009755380757)
(0.036875 0.002613946396 0.009755380757)
(0.0375 0.002613946396 0.009755380757)
(0.038125 0.002613946396 0.009755380757)
(0.03875 0.002613946396 0.009755380757)
(0.039375 0.002613946396 0.009755380757)
(0.04 0.002613946396 0.009755380757)
(0.040625 0.002613946396 0.009755380757)
(0.04125 0.002613946396 0.009755380757)
(0.041875 0.002613946396 0.009755380757)
(0.0425 0.002613946396 0.009755380757)
(0.043125 0.002613946396 0.009755380757)
(0.04375 0.002613946396 0.009755380757)
(0.044375 0.002613946396 0.009755380757)
(0.045 0.002613946396 0.009755380757)
(0.045625 0.002613946396 0.009755380757)
(0.04625 0.002613946396 0.009755380757)
(0.046875 0.002613946396 0.009755380757)
(0.0475 0.002613946396 0.009755380757)
(0.048125 0.002613946396 0.009755380757)
(0.04875 0.002613946396 0.009755380757)
(0.049375 0.002613946396 0.009755380757)
(0.05 0.002613946396 0.009755380757)
(0 0.002697004169 0.01006535659)
(0.000625 0.002697004169 0.01006535659)
(0.00125 0.002697004169 0.01006535659)
(0.001875 0.002697004169 0.01006535659)
(0.0025 0.002697004169 0.01006535659)
(0.003125 0.002697004169 0.01006535659)
(0.00375 0.002697004169 0.01006535659)
(0.004375 0.002697004169 0.01006535659)
(0.005 0.002697004169 0.01006535659)
(0.005625 0.002697004169 0.01006535659)
(0.00625 0.002697004169 0.01006535659)
(0.006875 0.002697004169 0.01006535659)
(0.0075 0.002697004169 0.01006535659)
(0.008125 0.002697004169 0.01006535659)
(0.00875 0.002697004169 0.01006535659)
(0.009375 0.002697004169 0.01006535659)
(0.01 0.002697004169 0.01006535659)
(0.010625 0.002697004169 0.01006535659)
(0.01125 0.002697004169 0.01006535659)
(0.011875 0.002697004169 0.01006535659)
(0.0125 0.002697004169 0.01006535659)
(0.013125 0.002697004169 0.01006535659)
(0.01375 0.002697004169 0.01006535659)
(0.014375 0.002697004169 0.01006535659)
(0.015 0.002697004169 0.01006535659)
(0.015625 0.002697004169 0.01006535659)
(0.01625 0.002697004169 0.01006535659)
(0.016875 0.002697004169 0.01006535659)
(0.0175 0.002697004169 0.01006535659)
(0.018125 0.002697004169 0.01006535659)
(0.01875 0.002697004169 0.01006535659)
(0.019375 0.002697004169 0.01006535659)
(0.02 0.002697004169 0.01006535659)
(0.020625 0.002697004169 0.01006535659)
(0.02125 0.002697004169 0.01006535659)
(0.021875 0.002697004169 0.01006535659)
(0.0225 0.002697004169 0.01006535659)
(0.023125 0.002697004169 0.01006535659)
(0.02375 0.002697004169 0.01006535659)
(0.024375 0.002697004169 0.01006535659)
(0.025 0.002697004169 0.01006535659)
(0.025625 0.002697004169 0.01006535659)
(0.02625 0.002697004169 0.01006535659)
(0.026875 0.002697004169 0.01006535659)
(0.0275 0.002697004169 0.01006535659)
(0.028125 0.002697004169 0.01006535659)
(0.02875 0.002697004169 0.01006535659)
(0.029375 0.002697004169 0.01006535659)
(0.03 0.002697004169 0.01006535659)
(0.030625 0.002697004169 0.01006535659)
(0.03125 0.002697004169 0.01006535659)
(0.031875 0.002697004169 0.01006535659)
(0.0325 0.002697004169 0.01006535659)
(0.033125 0.002697004169 0.01006535659)
(0.03375 0.002697004169 0.01006535659)
(0.034375 0.002697004169 0.01006535659)
(0.035 0.002697004169 0.01006535659)
(0.035625 0.002697004169 0.01006535659)
(0.03625 0.002697004169 0.01006535659)
(0.036875 0.002697004169 0.01006535659)
(0.0375 0.002697004169 0.01006535659)
(0.038125 0.002697004169 0.01006535659)
(0.03875 0.002697004169 0.01006535659)
(0.039375 0.002697004169 0.01006535659)
(0.04 0.002697004169 0.01006535659)
(0.040625 0.002697004169 0.01006535659)
(0.04125 0.002697004169 0.01006535659)
(0.041875 0.002697004169 0.01006535659)
(0.0425 0.002697004169 0.01006535659)
(0.043125 0.002697004169 0.01006535659)
(0.04375 0.002697004169 0.01006535659)
(0.044375 0.002697004169 0.01006535659)
(0.045 0.002697004169 0.01006535659)
(0.045625 0.002697004169 0.01006535659)
(0.04625 0.002697004169 0.01006535659)
(0.046875 0.002697004169 0.01006535659)
(0.0475 0.002697004169 0.01006535659)
(0.048125 0.002697004169 0.01006535659)
(0.04875 0.002697004169 0.01006535659)
(0.049375 0.002697004169 0.01006535659)
(0.05 0.002697004169 0.01006535659)
(0 0.002785822792 0.0103968322)
(0.000625 0.002785822792 0.0103968322)
(0.00125 0.002785822792 0.0103968322)
(0.001875 0.002785822792 0.0103968322)
(0.0025 0.002785822792 0.0103968322)
(0.003125 0.002785822792 0.0103968322)
(0.00375 0.002785822792 0.0103968322)
(0.004375 0.002785822792 0.0103968322)
(0.005 0.002785822792 0.0103968322)
(0.005625 0.002785822792 0.0103968322)
(0.00625 0.002785822792 0.0103968322)
(0.006875 0.002785822792 0.0103968322)
(0.0075 0.002785822792 0.0103968322)
(0.008125 0.002785822792 0.0103968322)
(0.00875 0.002785822792 0.0103968322)
(0.009375 0.002785822792 0.0103968322)
(0.01 0.002785822792 0.0103968322)
(0.010625 0.002785822792 0.0103968322)
(0.01125 0.002785822792 0.0103968322)
(0.011875 0.002785822792 0.0103968322)
(0.0125 0.002785822792 0.0103968322)
(0.013125 0.002785822792 0.0103968322)
(0.01375 0.002785822792 0.0103968322)
(0.014375 0.002785822792 0.0103968322)
(0.015 0.002785822792 0.0103968322)
(0.015625 0.002785822792 0.0103968322)
(0.01625 0.002785822792 0.0103968322)
(0.016875 0.002785822792 0.0103968322)
(0.0175 0.002785822792 0.0103968322)
(0.018125 0.002785822792 0.0103968322)
(0.01875 0.002785822792 0.0103968322)
(0.019375 0.002785822792 0.0103968322)
(0.02 0.002785822792 0.0103968322)
(0.020625 0.002785822792 0.0103968322)
(0.02125 0.002785822792 0.0103968322)
(0.021875 0.002785822792 0.0103968322)
(0.0225 0.002785822792 0.0103968322)
(0.023125 0.002785822792 0.0103968322)
(0.02375 0.002785822792 0.0103968322)
(0.024375 0.002785822792 0.0103968322)
(0.025 0.002785822792 0.0103968322)
(0.025625 0.002785822792 0.0103968322)
(0.02625 0.002785822792 0.0103968322)
(0.026875 0.002785822792 0.0103968322)
(0.0275 0.002785822792 0.0103968322)
(0.028125 0.002785822792 0.0103968322)
(0.02875 0.002785822792 0.0103968322)
(0.029375 0.002785822792 0.0103968322)
(0.03 0.002785822792 0.0103968322)
(0.030625 0.002785822792 0.0103968322)
(0.03125 0.002785822792 0.0103968322)
(0.031875 0.002785822792 0.0103968322)
(0.0325 0.002785822792 0.0103968322)
(0.033125 0.002785822792 0.0103968322)
(0.03375 0.002785822792 0.0103968322)
(0.034375 0.002785822792 0.0103968322)
(0.035 0.002785822792 0.0103968322)
(0.035625 0.002785822792 0.0103968322)
(0.03625 0.002785822792 0.0103968322)
(0.036875 0.002785822792 0.0103968322)
(0.0375 0.002785822792 0.0103968322)
(0.038125 0.002785822792 0.0103968322)
(0.03875 0.002785822792 0.0103968322)
(0.039375 0.002785822792 0.0103968322)
(0.04 0.002785822792 0.0103968322)
(0.040625 0.002785822792 0.0103968322)
(0.04125 0.002785822792 0.0103968322)
(0.041875 0.002785822792 0.0103968322)
(0.0425 0.002785822792 0.0103968322)
(0.043125 0.002785822792 0.0103968322)
(0.04375 0.002785822792 0.0103968322)
(0.044375 0.002785822792 0.0103968322)
(0.045 0.002785822792 0.0103968322)
(0.045625 0.002785822792 0.0103968322)
(0.04625 0.002785822792 0.0103968322)
(0.046875 0.002785822792 0.0103968322)
(0.0475 0.002785822792 0.0103968322)
(0.048125 0.002785822792 0.0103968322)
(0.04875 0.002785822792 0.0103968322)
(0.049375 0.002785822792 0.0103968322)
(0.05 0.002785822792 0.0103968322)
(0 0.002880801834 0.01075129881)
(0.000625 0.002880801834 0.01075129881)
(0.00125 0.002880801834 0.01075129881)
(0.001875 0.002880801834 0.01075129881)
(0.0025 0.002880801834 0.01075129881)
(0.003125 0.002880801834 0.01075129881)
(0.00375 0.002880801834 0.01075129881)
(0.004375 0.002880801834 0.01075129881)
(0.005 0.002880801834 0.01075129881)
(0.005625 0.002880801834 0.01075129881)
(0.00625 0.002880801834 0.01075129881)
(0.006875 0.002880801834 0.01075129881)
(0.0075 0.002880801834 0.01075129881)
(0.008125 0.002880801834 0.01075129881)
(0.00875 0.002880801834 0.01075129881)
(0.009375 0.002880801834 0.01075129881)
(0.01 0.002880801834 0.01075129881)
(0.010625 0.002880801834 0.01075129881)
(0.01125 0.002880801834 0.01075129881)
(0.011875 0.002880801834 0.01075129881)
(0.0125 0.002880801834 0.01075129881)
(0.013125 0.002880801834 0.01075129881)
(0.01375 0.002880801834 0.01075129881)
(0.014375 0.002880801834 0.01075129881)
(0.015 0.002880801834 0.01075129881)
(0.015625 0.002880801834 0.01075129881)
(0.01625 0.002880801834 0.01075129881)
(0.016875 0.002880801834 0.01075129881)
(0.0175 0.002880801834 0.01075129881)
(0.018125 0.002880801834 0.01075129881)
(0.01875 0.002880801834 0.01075129881)
(0.019375 0.002880801834 0.01075129881)
(0.02 0.002880801834 0.01075129881)
(0.020625 0.002880801834 0.01075129881)
(0.02125 0.002880801834 0.01075129881)
(0.021875 0.002880801834 0.01075129881)
(0.0225 0.002880801834 0.01075129881)
(0.023125 0.002880801834 0.01075129881)
(0.02375 0.002880801834 0.01075129881)
(0.024375 0.002880801834 0.01075129881)
(0.025 0.002880801834 0.01075129881)
(0.025625 0.002880801834 0.01075129881)
(0.02625 0.002880801834 0.01075129881)
(0.026875 0.002880801834 0.01075129881)
(0.0275 0.002880801834 0.01075129881)
(0.028125 0.002880801834 0.01075129881)
(0.02875 0.002880801834 0.01075129881)
(0.029375 0.002880801834 0.01075129881)
(0.03 0.002880801834 0.01075129881)
(0.030625 0.002880801834 0.01075129881)
(0.03125 0.002880801834 0.01075129881)
(0.031875 0.002880801834 0.01075129881)
(0.0325 0.002880801834 0.01075129881)
(0.033125 0.002880801834 0.01075129881)
(0.03375 0.002880801834 0.01075129881)
(0.034375 0.002880801834 0.01075129881)
(0.035 0.002880801834 0.01075129881)
(0.035625 0.002880801834 0.01075129881)
(0.03625 0.002880801834 0.01075129881)
(0.036875 0.002880801834 0.01075129881)
(0.0375 0.002880801834 0.01075129881)
(0.038125 0.002880801834 0.01075129881)
(0.03875 0.002880801834 0.01075129881)
(0.039375 0.002880801834 0.01075129881)
(0.04 0.002880801834 0.01075129881)
(0.040625 0.002880801834 0.01075129881)
(0.04125 0.002880801834 0.01075129881)
(0.041875 0.002880801834 0.01075129881)
(0.0425 0.002880801834 0.01075129881)
(0.043125 0.002880801834 0.01075129881)
(0.04375 0.002880801834 0.01075129881)
(0.044375 0.002880801834 0.01075129881)
(0.045 0.002880801834 0.01075129881)
(0.045625 0.002880801834 0.01075129881)
(0.04625 0.002880801834 0.01075129881)
(0.046875 0.002880801834 0.01075129881)
(0.0475 0.002880801834 0.01075129881)
(0.048125 0.002880801834 0.01075129881)
(0.04875 0.002880801834 0.01075129881)
(0.049375 0.002880801834 0.01075129881)
(0.05 0.002880801834 0.01075129881)
(0 0.002982368579 0.01113035106)
(0.000625 0.002982368579 0.01113035106)
(0.00125 0.002982368579 0.01113035106)
(0.001875 0.002982368579 0.01113035106)
(0.0025 0.002982368579 0.01113035106)
(0.003125 0.002982368579 0.01113035106)
(0.00375 0.002982368579 0.01113035106)
(0.004375 0.002982368579 0.01113035106)
(0.005 0.002982368579 0.01113035106)
(0.005625 0.002982368579 0.01113035106)
(0.00625 0.002982368579 0.01113035106)
(0.006875 0.002982368579 0.01113035106)
(0.0075 0.002982368579 0.01113035106)
(0.008125 0.002982368579 0.01113035106)
(0.00875 0.002982368579 0.01113035106)
(0.009375 0.002982368579 0.01113035106)
(0.01 0.002982368579 0.01113035106)
(0.010625 0.002982368579 0.01113035106)
(0.01125 0.002982368579 0.01113035106)
(0.011875 0.002982368579 0.01113035106)
(0.0125 0.002982368579 0.01113035106)
(0.013125 0.002982368579 0.01113035106)
(0.01375 0.002982368579 0.01113035106)
(0.014375 0.002982368579 0.01113035106)
(0.015 0.002982368579 0.01113035106)
(0.015625 0.002982368579 0.01113035106)
(0.01625 0.002982368579 0.01113035106)
(0.016875 0.002982368579 0.01113035106)
(0.0175 0.002982368579 0.01113035106)
(0.018125 0.002982368579 0.01113035106)
(0.01875 0.002982368579 0.01113035106)
(0.019375 0.002982368579 0.01113035106)
(0.02 0.002982368579 0.01113035106)
(0.020625 0.002982368579 0.01113035106)
(0.02125 0.002982368579 0.01113035106)
(0.021875 0.002982368579 0.01113035106)
(0.0225 0.002982368579 0.01113035106)
(0.023125 0.002982368579 0.01113035106)
(0.02375 0.002982368579 0.01113035106)
(0.024375 0.002982368579 0.01113035106)
(0.025 0.002982368579 0.01113035106)
(0.025625 0.002982368579 0.01113035106)
(0.02625 0.002982368579 0.01113035106)
(0.026875 0.002982368579 0.01113035106)
(0.0275 0.002982368579 0.01113035106)
(0.028125 0.002982368579 0.01113035106)
(0.02875 0.002982368579 0.01113035106)
(0.029375 0.002982368579 0.01113035106)
(0.03 0.002982368579 0.01113035106)
(0.030625 0.002982368579 0.01113035106)
(0.03125 0.002982368579 0.01113035106)
(0.031875 0.002982368579 0.01113035106)
(0.0325 0.002982368579 0.01113035106)
(0.033125 0.002982368579 0.01113035106)
(0.03375 0.002982368579 0.01113035106)
(0.034375 0.002982368579 0.01113035106)
(0.035 0.002982368579 0.01113035106)
(0.035625 0.002982368579 0.01113035106)
(0.03625 0.002982368579 0.01113035106)
(0.036875 0.002982368579 0.01113035106)
(0.0375 0.002982368579 0.01113035106)
(0.038125 0.002982368579 0.01113035106)
(0.03875 0.002982368579 0.01113035106)
(0.039375 0.002982368579 0.01113035106)
(0.04 0.002982368579 0.01113035106)
(0.040625 0.002982368579 0.01113035106)
(0.04125 0.002982368579 0.01113035106)
(0.041875 0.002982368579 0.01113035106)
(0.0425 0.002982368579 0.01113035106)
(0.043125 0.002982368579 0.01113035106)
(0.04375 0.002982368579 0.01113035106)
(0.044375 0.002982368579 0.01113035106)
(0.045 0.002982368579 0.01113035106)
(0.045625 0.002982368579 0.01113035106)
(0.04625 0.002982368579 0.01113035106)
(0.046875 0.002982368579 0.01113035106)
(0.0475 0.002982368579 0.01113035106)
(0.048125 0.002982368579 0.01113035106)
(0.04875 0.002982368579 0.01113035106)
(0.049375 0.002982368579 0.01113035106)
(0.05 0.002982368579 0.01113035106)
(0 0.003090979947 0.01153569421)
(0.000625 0.003090979947 0.01153569421)
(0.00125 0.003090979947 0.01153569421)
(0.001875 0.003090979947 0.01153569421)
(0.0025 0.003090979947 0.01153569421)
(0.003125 0.003090979947 0.01153569421)
(0.00375 0.003090979947 0.01153569421)
(0.004375 0.003090979947 0.01153569421)
(0.005 0.003090979947 0.01153569421)
(0.005625 0.003090979947 0.01153569421)
(0.00625 0.003090979947 0.01153569421)
(0.006875 0.003090979947 0.01153569421)
(0.0075 0.003090979947 0.01153569421)
(0.008125 0.003090979947 0.01153569421)
(0.00875 0.003090979947 0.01153569421)
(0.009375 0.003090979947 0.01153569421)
(0.01 0.003090979947 0.01153569421)
(0.010625 0.003090979947 0.01153569421)
(0.01125 0.003090979947 0.01153569421)
(0.011875 0.003090979947 0.01153569421)
(0.0125 0.003090979947 0.01153569421)
(0.013125 0.003090979947 0.01153569421)
(0.01375 0.003090979947 0.01153569421)
(0.014375 0.003090979947 0.01153569421)
(0.015 0.003090979947 0.01153569421)
(0.015625 0.003090979947 0.01153569421)
(0.01625 0.003090979947 0.01153569421)
(0.016875 0.003090979947 0.01153569421)
(0.0175 0.003090979947 0.01153569421)
(0.018125 0.003090979947 0.01153569421)
(0.01875 0.003090979947 0.01153569421)
(0.019375 0.003090979947 0.01153569421)
(0.02 0.003090979947 0.01153569421)
(0.020625 0.003090979947 0.01153569421)
(0.02125 0.003090979947 0.01153569421)
(0.021875 0.003090979947 0.01153569421)
(0.0225 0.003090979947 0.01153569421)
(0.023125 0.003090979947 0.01153569421)
(0.02375 0.003090979947 0.01153569421)
(0.024375 0.003090979947 0.01153569421)
(0.025 0.003090979947 0.01153569421)
(0.025625 0.003090979947 0.01153569421)
(0.02625 0.003090979947 0.01153569421)
(0.026875 0.003090979947 0.01153569421)
(0.0275 0.003090979947 0.01153569421)
(0.028125 0.003090979947 0.01153569421)
(0.02875 0.003090979947 0.01153569421)
(0.029375 0.003090979947 0.01153569421)
(0.03 0.003090979947 0.01153569421)
(0.030625 0.003090979947 0.01153569421)
(0.03125 0.003090979947 0.01153569421)
(0.031875 0.003090979947 0.01153569421)
(0.0325 0.003090979947 0.01153569421)
(0.033125 0.003090979947 0.01153569421)
(0.03375 0.003090979947 0.01153569421)
(0.034375 0.003090979947 0.01153569421)
(0.035 0.003090979947 0.01153569421)
(0.035625 0.003090979947 0.01153569421)
(0.03625 0.003090979947 0.01153569421)
(0.036875 0.003090979947 0.01153569421)
(0.0375 0.003090979947 0.01153569421)
(0.038125 0.003090979947 0.01153569421)
(0.03875 0.003090979947 0.01153569421)
(0.039375 0.003090979947 0.01153569421)
(0.04 0.003090979947 0.01153569421)
(0.040625 0.003090979947 0.01153569421)
(0.04125 0.003090979947 0.01153569421)
(0.041875 0.003090979947 0.01153569421)
(0.0425 0.003090979947 0.01153569421)
(0.043125 0.003090979947 0.01153569421)
(0.04375 0.003090979947 0.01153569421)
(0.044375 0.003090979947 0.01153569421)
(0.045 0.003090979947 0.01153569421)
(0.045625 0.003090979947 0.01153569421)
(0.04625 0.003090979947 0.01153569421)
(0.046875 0.003090979947 0.01153569421)
(0.0475 0.003090979947 0.01153569421)
(0.048125 0.003090979947 0.01153569421)
(0.04875 0.003090979947 0.01153569421)
(0.049375 0.003090979947 0.01153569421)
(0.05 0.003090979947 0.01153569421)
(0 0.00320712455 0.01196915177)
(0.000625 0.00320712455 0.01196915177)
(0.00125 0.00320712455 0.01196915177)
(0.001875 0.00320712455 0.01196915177)
(0.0025 0.00320712455 0.01196915177)
(0.003125 0.00320712455 0.01196915177)
(0.00375 0.00320712455 0.01196915177)
(0.004375 0.00320712455 0.01196915177)
(0.005 0.00320712455 0.01196915177)
(0.005625 0.00320712455 0.01196915177)
(0.00625 0.00320712455 0.01196915177)
(0.006875 0.00320712455 0.01196915177)
(0.0075 0.00320712455 0.01196915177)
(0.008125 0.00320712455 0.01196915177)
(0.00875 0.00320712455 0.01196915177)
(0.009375 0.00320712455 0.01196915177)
(0.01 0.00320712455 0.01196915177)
(0.010625 0.00320712455 0.01196915177)
(0.01125 0.00320712455 0.01196915177)
(0.011875 0.00320712455 0.01196915177)
(0.0125 0.00320712455 0.01196915177)
(0.013125 0.00320712455 0.01196915177)
(0.01375 0.00320712455 0.01196915177)
(0.014375 0.00320712455 0.01196915177)
(0.015 0.00320712455 0.01196915177)
(0.015625 0.00320712455 0.01196915177)
(0.01625 0.00320712455 0.01196915177)
(0.016875 0.00320712455 0.01196915177)
(0.0175 0.00320712455 0.01196915177)
(0.018125 0.00320712455 0.01196915177)
(0.01875 0.00320712455 0.01196915177)
(0.019375 0.00320712455 0.01196915177)
(0.02 0.00320712455 0.01196915177)
(0.020625 0.00320712455 0.01196915177)
(0.02125 0.00320712455 0.01196915177)
(0.021875 0.00320712455 0.01196915177)
(0.0225 0.00320712455 0.01196915177)
(0.023125 0.00320712455 0.01196915177)
(0.02375 0.00320712455 0.01196915177)
(0.024375 0.00320712455 0.01196915177)
(0.025 0.00320712455 0.01196915177)
(0.025625 0.00320712455 0.01196915177)
(0.02625 0.00320712455 0.01196915177)
(0.026875 0.00320712455 0.01196915177)
(0.0275 0.00320712455 0.01196915177)
(0.028125 0.00320712455 0.01196915177)
(0.02875 0.00320712455 0.01196915177)
(0.029375 0.00320712455 0.01196915177)
(0.03 0.00320712455 0.01196915177)
(0.030625 0.00320712455 0.01196915177)
(0.03125 0.00320712455 0.01196915177)
(0.031875 0.00320712455 0.01196915177)
(0.0325 0.00320712455 0.01196915177)
(0.033125 0.00320712455 0.01196915177)
(0.03375 0.00320712455 0.01196915177)
(0.034375 0.00320712455 0.01196915177)
(0.035 0.00320712455 0.01196915177)
(0.035625 0.00320712455 0.01196915177)
(0.03625 0.00320712455 0.01196915177)
(0.036875 0.00320712455 0.01196915177)
(0.0375 0.00320712455 0.01196915177)
(0.038125 0.00320712455 0.01196915177)
(0.03875 0.00320712455 0.01196915177)
(0.039375 0.00320712455 0.01196915177)
(0.04 0.00320712455 0.01196915177)
(0.040625 0.00320712455 0.01196915177)
(0.04125 0.00320712455 0.01196915177)
(0.041875 0.00320712455 0.01196915177)
(0.0425 0.00320712455 0.01196915177)
(0.043125 0.00320712455 0.01196915177)
(0.04375 0.00320712455 0.01196915177)
(0.044375 0.00320712455 0.01196915177)
(0.045 0.00320712455 0.01196915177)
(0.045625 0.00320712455 0.01196915177)
(0.04625 0.00320712455 0.01196915177)
(0.046875 0.00320712455 0.01196915177)
(0.0475 0.00320712455 0.01196915177)
(0.048125 0.00320712455 0.01196915177)
(0.04875 0.00320712455 0.01196915177)
(0.049375 0.00320712455 0.01196915177)
(0.05 0.00320712455 0.01196915177)
(0 0.003331324891 0.01243267375)
(0.000625 0.003331324891 0.01243267375)
(0.00125 0.003331324891 0.01243267375)
(0.001875 0.003331324891 0.01243267375)
(0.0025 0.003331324891 0.01243267375)
(0.003125 0.003331324891 0.01243267375)
(0.00375 0.003331324891 0.01243267375)
(0.004375 0.003331324891 0.01243267375)
(0.005 0.003331324891 0.01243267375)
(0.005625 0.003331324891 0.01243267375)
(0.00625 0.003331324891 0.01243267375)
(0.006875 0.003331324891 0.01243267375)
(0.0075 0.003331324891 0.01243267375)
(0.008125 0.003331324891 0.01243267375)
(0.00875 0.003331324891 0.01243267375)
(0.009375 0.003331324891 0.01243267375)
(0.01 0.003331324891 0.01243267375)
(0.010625 0.003331324891 0.01243267375)
(0.01125 0.003331324891 0.01243267375)
(0.011875 0.003331324891 0.01243267375)
(0.0125 0.003331324891 0.01243267375)
(0.013125 0.003331324891 0.01243267375)
(0.01375 0.003331324891 0.01243267375)
(0.014375 0.003331324891 0.01243267375)
(0.015 0.003331324891 0.01243267375)
(0.015625 0.003331324891 0.01243267375)
(0.01625 0.003331324891 0.01243267375)
(0.016875 0.003331324891 0.01243267375)
(0.0175 0.003331324891 0.01243267375)
(0.018125 0.003331324891 0.01243267375)
(0.01875 0.003331324891 0.01243267375)
(0.019375 0.003331324891 0.01243267375)
(0.02 0.003331324891 0.01243267375)
(0.020625 0.003331324891 0.01243267375)
(0.02125 0.003331324891 0.01243267375)
(0.021875 0.003331324891 0.01243267375)
(0.0225 0.003331324891 0.01243267375)
(0.023125 0.003331324891 0.01243267375)
(0.02375 0.003331324891 0.01243267375)
(0.024375 0.003331324891 0.01243267375)
(0.025 0.003331324891 0.01243267375)
(0.025625 0.003331324891 0.01243267375)
(0.02625 0.003331324891 0.01243267375)
(0.026875 0.003331324891 0.01243267375)
(0.0275 0.003331324891 0.01243267375)
(0.028125 0.003331324891 0.01243267375)
(0.02875 0.003331324891 0.01243267375)
(0.029375 0.003331324891 0.01243267375)
(0.03 0.003331324891 0.01243267375)
(0.030625 0.003331324891 0.01243267375)
(0.03125 0.003331324891 0.01243267375)
(0.031875 0.003331324891 0.01243267375)
(0.0325 0.003331324891 0.01243267375)
(0.033125 0.003331324891 0.01243267375)
(0.03375 0.003331324891 0.01243267375)
(0.034375 0.003331324891 0.01243267375)
(0.035 0.003331324891 0.01243267375)
(0.035625 0.003331324891 0.01243267375)
(0.03625 0.003331324891 0.01243267375)
(0.036875 0.003331324891 0.01243267375)
(0.0375 0.003331324891 0.01243267375)
(0.038125 0.003331324891 0.01243267375)
(0.03875 0.003331324891 0.01243267375)
(0.039375 0.003331324891 0.01243267375)
(0.04 0.003331324891 0.01243267375)
(0.040625 0.003331324891 0.01243267375)
(0.04125 0.003331324891 0.01243267375)
(0.041875 0.003331324891 0.01243267375)
(0.0425 0.003331324891 0.01243267375)
(0.043125 0.003331324891 0.01243267375)
(0.04375 0.003331324891 0.01243267375)
(0.044375 0.003331324891 0.01243267375)
(0.045 0.003331324891 0.01243267375)
(0.045625 0.003331324891 0.01243267375)
(0.04625 0.003331324891 0.01243267375)
(0.046875 0.003331324891 0.01243267375)
(0.0475 0.003331324891 0.01243267375)
(0.048125 0.003331324891 0.01243267375)
(0.04875 0.003331324891 0.01243267375)
(0.049375 0.003331324891 0.01243267375)
(0.05 0.003331324891 0.01243267375)
(0 0.00346413971 0.0129283454)
(0.000625 0.00346413971 0.0129283454)
(0.00125 0.00346413971 0.0129283454)
(0.001875 0.00346413971 0.0129283454)
(0.0025 0.00346413971 0.0129283454)
(0.003125 0.00346413971 0.0129283454)
(0.00375 0.00346413971 0.0129283454)
(0.004375 0.00346413971 0.0129283454)
(0.005 0.00346413971 0.0129283454)
(0.005625 0.00346413971 0.0129283454)
(0.00625 0.00346413971 0.0129283454)
(0.006875 0.00346413971 0.0129283454)
(0.0075 0.00346413971 0.0129283454)
(0.008125 0.00346413971 0.0129283454)
(0.00875 0.00346413971 0.0129283454)
(0.009375 0.00346413971 0.0129283454)
(0.01 0.00346413971 0.0129283454)
(0.010625 0.00346413971 0.0129283454)
(0.01125 0.00346413971 0.0129283454)
(0.011875 0.00346413971 0.0129283454)
(0.0125 0.00346413971 0.0129283454)
(0.013125 0.00346413971 0.0129283454)
(0.01375 0.00346413971 0.0129283454)
(0.014375 0.00346413971 0.0129283454)
(0.015 0.00346413971 0.0129283454)
(0.015625 0.00346413971 0.0129283454)
(0.01625 0.00346413971 0.0129283454)
(0.016875 0.00346413971 0.0129283454)
(0.0175 0.00346413971 0.0129283454)
(0.018125 0.00346413971 0.0129283454)
(0.01875 0.00346413971 0.0129283454)
(0.019375 0.00346413971 0.0129283454)
(0.02 0.00346413971 0.0129283454)
(0.020625 0.00346413971 0.0129283454)
(0.02125 0.00346413971 0.0129283454)
(0.021875 0.00346413971 0.0129283454)
(0.0225 0.00346413971 0.0129283454)
(0.023125 0.00346413971 0.0129283454)
(0.02375 0.00346413971 0.0129283454)
(0.024375 0.00346413971 0.0129283454)
(0.025 0.00346413971 0.0129283454)
(0.025625 0.00346413971 0.0129283454)
(0.02625 0.00346413971 0.0129283454)
(0.026875 0.00346413971 0.0129283454)
(0.0275 0.00346413971 0.0129283454)
(0.028125 0.00346413971 0.0129283454)
(0.02875 0.00346413971 0.0129283454)
(0.029375 0.00346413971 0.0129283454)
(0.03 0.00346413971 0.0129283454)
(0.030625 0.00346413971 0.0129283454)
(0.03125 0.00346413971 0.0129283454)
(0.031875 0.00346413971 0.0129283454)
(0.0325 0.00346413971 0.0129283454)
(0.033125 0.00346413971 0.0129283454)
(0.03375 0.00346413971 0.0129283454)
(0.034375 0.00346413971 0.0129283454)
(0.035 0.00346413971 0.0129283454)
(0.035625 0.00346413971 0.0129283454)
(0.03625 0.00346413971 0.0129283454)
(0.036875 0.00346413971 0.0129283454)
(0.0375 0.00346413971 0.0129283454)
(0.038125 0.00346413971 0.0129283454)
(0.03875 0.00346413971 0.0129283454)
(0.039375 0.00346413971 0.0129283454)
(0.04 0.00346413971 0.0129283454)
(0.040625 0.00346413971 0.0129283454)
(0.04125 0.00346413971 0.0129283454)
(0.041875 0.00346413971 0.0129283454)
(0.0425 0.00346413971 0.0129283454)
(0.043125 0.00346413971 0.0129283454)
(0.04375 0.00346413971 0.0129283454)
(0.044375 0.00346413971 0.0129283454)
(0.045 0.00346413971 0.0129283454)
(0.045625 0.00346413971 0.0129283454)
(0.04625 0.00346413971 0.0129283454)
(0.046875 0.00346413971 0.0129283454)
(0.0475 0.00346413971 0.0129283454)
(0.048125 0.00346413971 0.0129283454)
(0.04875 0.00346413971 0.0129283454)
(0.049375 0.00346413971 0.0129283454)
(0.05 0.00346413971 0.0129283454)
(0 0.003606166504 0.01345839661)
(0.000625 0.003606166504 0.01345839661)
(0.00125 0.003606166504 0.01345839661)
(0.001875 0.003606166504 0.01345839661)
(0.0025 0.003606166504 0.01345839661)
(0.003125 0.003606166504 0.01345839661)
(0.00375 0.003606166504 0.01345839661)
(0.004375 0.003606166504 0.01345839661)
(0.005 0.003606166504 0.01345839661)
(0.005625 0.003606166504 0.01345839661)
(0.00625 0.003606166504 0.01345839661)
(0.006875 0.003606166504 0.01345839661)
(0.0075 0.003606166504 0.01345839661)
(0.008125 0.003606166504 0.01345839661)
(0.00875 0.003606166504 0.01345839661)
(0.009375 0.003606166504 0.01345839661)
(0.01 0.003606166504 0.01345839661)
(0.010625 0.003606166504 0.01345839661)
(0.01125 0.003606166504 0.01345839661)
(0.011875 0.003606166504 0.01345839661)
(0.0125 0.003606166504 0.01345839661)
(0.013125 0.003606166504 0.01345839661)
(0.01375 0.003606166504 0.01345839661)
(0.014375 0.003606166504 0.01345839661)
(0.015 0.003606166504 0.01345839661)
(0.015625 0.003606166504 0.01345839661)
(0.01625 0.003606166504 0.01345839661)
(0.016875 0.003606166504 0.01345839661)
(0.0175 0.003606166504 0.01345839661)
(0.018125 0.003606166504 0.01345839661)
(0.01875 0.003606166504 0.01345839661)
(0.019375 0.003606166504 0.01345839661)
(0.02 0.003606166504 0.01345839661)
(0.020625 0.003606166504 0.01345839661)
(0.02125 0.003606166504 0.01345839661)
(0.021875 0.003606166504 0.01345839661)
(0.0225 0.003606166504 0.01345839661)
(0.023125 0.003606166504 0.01345839661)
(0.02375 0.003606166504 0.01345839661)
(0.024375 0.003606166504 0.01345839661)
(0.025 0.003606166504 0.01345839661)
(0.025625 0.003606166504 0.01345839661)
(0.02625 0.003606166504 0.01345839661)
(0.026875 0.003606166504 0.01345839661)
(0.0275 0.003606166504 0.01345839661)
(0.028125 0.003606166504 0.01345839661)
(0.02875 0.003606166504 0.01345839661)
(0.029375 0.003606166504 0.01345839661)
(0.03 0.003606166504 0.01345839661)
(0.030625 0.003606166504 0.01345839661)
(0.03125 0.003606166504 0.01345839661)
(0.031875 0.003606166504 0.01345839661)
(0.0325 0.003606166504 0.01345839661)
(0.033125 0.003606166504 0.01345839661)
(0.03375 0.003606166504 0.01345839661)
(0.034375 0.003606166504 0.01345839661)
(0.035 0.003606166504 0.01345839661)
(0.035625 0.003606166504 0.01345839661)
(0.03625 0.003606166504 0.01345839661)
(0.036875 0.003606166504 0.01345839661)
(0.0375 0.003606166504 0.01345839661)
(0.038125 0.003606166504 0.01345839661)
(0.03875 0.003606166504 0.01345839661)
(0.039375 0.003606166504 0.01345839661)
(0.04 0.003606166504 0.01345839661)
(0.040625 0.003606166504 0.01345839661)
(0.04125 0.003606166504 0.01345839661)
(0.041875 0.003606166504 0.01345839661)
(0.0425 0.003606166504 0.01345839661)
(0.043125 0.003606166504 0.01345839661)
(0.04375 0.003606166504 0.01345839661)
(0.044375 0.003606166504 0.01345839661)
(0.045 0.003606166504 0.01345839661)
(0.045625 0.003606166504 0.01345839661)
(0.04625 0.003606166504 0.01345839661)
(0.046875 0.003606166504 0.01345839661)
(0.0475 0.003606166504 0.01345839661)
(0.048125 0.003606166504 0.01345839661)
(0.04875 0.003606166504 0.01345839661)
(0.049375 0.003606166504 0.01345839661)
(0.05 0.003606166504 0.01345839661)
(0 0.003758044213 0.01402521194)
(0.000625 0.003758044213 0.01402521194)
(0.00125 0.003758044213 0.01402521194)
(0.001875 0.003758044213 0.01402521194)
(0.0025 0.003758044213 0.01402521194)
(0.003125 0.003758044213 0.01402521194)
(0.00375 0.003758044213 0.01402521194)
(0.004375 0.003758044213 0.01402521194)
(0.005 0.003758044213 0.01402521194)
(0.005625 0.003758044213 0.01402521194)
(0.00625 0.003758044213 0.01402521194)
(0.006875 0.003758044213 0.01402521194)
(0.0075 0.003758044213 0.01402521194)
(0.008125 0.003758044213 0.01402521194)
(0.00875 0.003758044213 0.01402521194)
(0.009375 0.003758044213 0.01402521194)
(0.01 0.003758044213 0.01402521194)
(0.010625 0.003758044213 0.01402521194)
(0.01125 0.003758044213 0.01402521194)
(0.011875 0.003758044213 0.01402521194)
(0.0125 0.003758044213 0.01402521194)
(0.013125 0.003758044213 0.01402521194)
(0.01375 0.003758044213 0.01402521194)
(0.014375 0.003758044213 0.01402521194)
(0.015 0.003758044213 0.01402521194)
(0.015625 0.003758044213 0.01402521194)
(0.01625 0.003758044213 0.01402521194)
(0.016875 0.003758044213 0.01402521194)
(0.0175 0.003758044213 0.01402521194)
(0.018125 0.003758044213 0.01402521194)
(0.01875 0.003758044213 0.01402521194)
(0.019375 0.003758044213 0.01402521194)
(0.02 0.003758044213 0.01402521194)
(0.020625 0.003758044213 0.01402521194)
(0.02125 0.003758044213 0.01402521194)
(0.021875 0.003758044213 0.01402521194)
(0.0225 0.003758044213 0.01402521194)
(0.023125 0.003758044213 0.01402521194)
(0.02375 0.003758044213 0.01402521194)
(0.024375 0.003758044213 0.01402521194)
(0.025 0.003758044213 0.01402521194)
(0.025625 0.003758044213 0.01402521194)
(0.02625 0.003758044213 0.01402521194)
(0.026875 0.003758044213 0.01402521194)
(0.0275 0.003758044213 0.01402521194)
(0.028125 0.003758044213 0.01402521194)
(0.02875 0.003758044213 0.01402521194)
(0.029375 0.003758044213 0.01402521194)
(0.03 0.003758044213 0.01402521194)
(0.030625 0.003758044213 0.01402521194)
(0.03125 0.003758044213 0.01402521194)
(0.031875 0.003758044213 0.01402521194)
(0.0325 0.003758044213 0.01402521194)
(0.033125 0.003758044213 0.01402521194)
(0.03375 0.003758044213 0.01402521194)
(0.034375 0.003758044213 0.01402521194)
(0.035 0.003758044213 0.01402521194)
(0.035625 0.003758044213 0.01402521194)
(0.03625 0.003758044213 0.01402521194)
(0.036875 0.003758044213 0.01402521194)
(0.0375 0.003758044213 0.01402521194)
(0.038125 0.003758044213 0.01402521194)
(0.03875 0.003758044213 0.01402521194)
(0.039375 0.003758044213 0.01402521194)
(0.04 0.003758044213 0.01402521194)
(0.040625 0.003758044213 0.01402521194)
(0.04125 0.003758044213 0.01402521194)
(0.041875 0.003758044213 0.01402521194)
(0.0425 0.003758044213 0.01402521194)
(0.043125 0.003758044213 0.01402521194)
(0.04375 0.003758044213 0.01402521194)
(0.044375 0.003758044213 0.01402521194)
(0.045 0.003758044213 0.01402521194)
(0.045625 0.003758044213 0.01402521194)
(0.04625 0.003758044213 0.01402521194)
(0.046875 0.003758044213 0.01402521194)
(0.0475 0.003758044213 0.01402521194)
(0.048125 0.003758044213 0.01402521194)
(0.04875 0.003758044213 0.01402521194)
(0.049375 0.003758044213 0.01402521194)
(0.05 0.003758044213 0.01402521194)
(0 0.00392045609 0.01463134132)
(0.000625 0.00392045609 0.01463134132)
(0.00125 0.00392045609 0.01463134132)
(0.001875 0.00392045609 0.01463134132)
(0.0025 0.00392045609 0.01463134132)
(0.003125 0.00392045609 0.01463134132)
(0.00375 0.00392045609 0.01463134132)
(0.004375 0.00392045609 0.01463134132)
(0.005 0.00392045609 0.01463134132)
(0.005625 0.00392045609 0.01463134132)
(0.00625 0.00392045609 0.01463134132)
(0.006875 0.00392045609 0.01463134132)
(0.0075 0.00392045609 0.01463134132)
(0.008125 0.00392045609 0.01463134132)
(0.00875 0.00392045609 0.01463134132)
(0.009375 0.00392045609 0.01463134132)
(0.01 0.00392045609 0.01463134132)
(0.010625 0.00392045609 0.01463134132)
(0.01125 0.00392045609 0.01463134132)
(0.011875 0.00392045609 0.01463134132)
(0.0125 0.00392045609 0.01463134132)
(0.013125 0.00392045609 0.01463134132)
(0.01375 0.00392045609 0.01463134132)
(0.014375 0.00392045609 0.01463134132)
(0.015 0.00392045609 0.01463134132)
(0.015625 0.00392045609 0.01463134132)
(0.01625 0.00392045609 0.01463134132)
(0.016875 0.00392045609 0.01463134132)
(0.0175 0.00392045609 0.01463134132)
(0.018125 0.00392045609 0.01463134132)
(0.01875 0.00392045609 0.01463134132)
(0.019375 0.00392045609 0.01463134132)
(0.02 0.00392045609 0.01463134132)
(0.020625 0.00392045609 0.01463134132)
(0.02125 0.00392045609 0.01463134132)
(0.021875 0.00392045609 0.01463134132)
(0.0225 0.00392045609 0.01463134132)
(0.023125 0.00392045609 0.01463134132)
(0.02375 0.00392045609 0.01463134132)
(0.024375 0.00392045609 0.01463134132)
(0.025 0.00392045609 0.01463134132)
(0.025625 0.00392045609 0.01463134132)
(0.02625 0.00392045609 0.01463134132)
(0.026875 0.00392045609 0.01463134132)
(0.0275 0.00392045609 0.01463134132)
(0.028125 0.00392045609 0.01463134132)
(0.02875 0.00392045609 0.01463134132)
(0.029375 0.00392045609 0.01463134132)
(0.03 0.00392045609 0.01463134132)
(0.030625 0.00392045609 0.01463134132)
(0.03125 0.00392045609 0.01463134132)
(0.031875 0.00392045609 0.01463134132)
(0.0325 0.00392045609 0.01463134132)
(0.033125 0.00392045609 0.01463134132)
(0.03375 0.00392045609 0.01463134132)
(0.034375 0.00392045609 0.01463134132)
(0.035 0.00392045609 0.01463134132)
(0.035625 0.00392045609 0.01463134132)
(0.03625 0.00392045609 0.01463134132)
(0.036875 0.00392045609 0.01463134132)
(0.0375 0.00392045609 0.01463134132)
(0.038125 0.00392045609 0.01463134132)
(0.03875 0.00392045609 0.01463134132)
(0.039375 0.00392045609 0.01463134132)
(0.04 0.00392045609 0.01463134132)
(0.040625 0.00392045609 0.01463134132)
(0.04125 0.00392045609 0.01463134132)
(0.041875 0.00392045609 0.01463134132)
(0.0425 0.00392045609 0.01463134132)
(0.043125 0.00392045609 0.01463134132)
(0.04375 0.00392045609 0.01463134132)
(0.044375 0.00392045609 0.01463134132)
(0.045 0.00392045609 0.01463134132)
(0.045625 0.00392045609 0.01463134132)
(0.04625 0.00392045609 0.01463134132)
(0.046875 0.00392045609 0.01463134132)
(0.0475 0.00392045609 0.01463134132)
(0.048125 0.00392045609 0.01463134132)
(0.04875 0.00392045609 0.01463134132)
(0.049375 0.00392045609 0.01463134132)
(0.05 0.00392045609 0.01463134132)
(0 0.004094132781 0.01527951155)
(0.000625 0.004094132781 0.01527951155)
(0.00125 0.004094132781 0.01527951155)
(0.001875 0.004094132781 0.01527951155)
(0.0025 0.004094132781 0.01527951155)
(0.003125 0.004094132781 0.01527951155)
(0.00375 0.004094132781 0.01527951155)
(0.004375 0.004094132781 0.01527951155)
(0.005 0.004094132781 0.01527951155)
(0.005625 0.004094132781 0.01527951155)
(0.00625 0.004094132781 0.01527951155)
(0.006875 0.004094132781 0.01527951155)
(0.0075 0.004094132781 0.01527951155)
(0.008125 0.004094132781 0.01527951155)
(0.00875 0.004094132781 0.01527951155)
(0.009375 0.004094132781 0.01527951155)
(0.01 0.004094132781 0.01527951155)
(0.010625 0.004094132781 0.01527951155)
(0.01125 0.004094132781 0.01527951155)
(0.011875 0.004094132781 0.01527951155)
(0.0125 0.004094132781 0.01527951155)
(0.013125 0.004094132781 0.01527951155)
(0.01375 0.004094132781 0.01527951155)
(0.014375 0.004094132781 0.01527951155)
(0.015 0.004094132781 0.01527951155)
(0.015625 0.004094132781 0.01527951155)
(0.01625 0.004094132781 0.01527951155)
(0.016875 0.004094132781 0.01527951155)
(0.0175 0.004094132781 0.01527951155)
(0.018125 0.004094132781 0.01527951155)
(0.01875 0.004094132781 0.01527951155)
(0.019375 0.004094132781 0.01527951155)
(0.02 0.004094132781 0.01527951155)
(0.020625 0.004094132781 0.01527951155)
(0.02125 0.004094132781 0.01527951155)
(0.021875 0.004094132781 0.01527951155)
(0.0225 0.004094132781 0.01527951155)
(0.023125 0.004094132781 0.01527951155)
(0.02375 0.004094132781 0.01527951155)
(0.024375 0.004094132781 0.01527951155)
(0.025 0.004094132781 0.01527951155)
(0.025625 0.004094132781 0.01527951155)
(0.02625 0.004094132781 0.01527951155)
(0.026875 0.004094132781 0.01527951155)
(0.0275 0.004094132781 0.01527951155)
(0.028125 0.004094132781 0.01527951155)
(0.02875 0.004094132781 0.01527951155)
(0.029375 0.004094132781 0.01527951155)
(0.03 0.004094132781 0.01527951155)
(0.030625 0.004094132781 0.01527951155)
(0.03125 0.004094132781 0.01527951155)
(0.031875 0.004094132781 0.01527951155)
(0.0325 0.004094132781 0.01527951155)
(0.033125 0.004094132781 0.01527951155)
(0.03375 0.004094132781 0.01527951155)
(0.034375 0.004094132781 0.01527951155)
(0.035 0.004094132781 0.01527951155)
(0.035625 0.004094132781 0.01527951155)
(0.03625 0.004094132781 0.01527951155)
(0.036875 0.004094132781 0.01527951155)
(0.0375 0.004094132781 0.01527951155)
(0.038125 0.004094132781 0.01527951155)
(0.03875 0.004094132781 0.01527951155)
(0.039375 0.004094132781 0.01527951155)
(0.04 0.004094132781 0.01527951155)
(0.040625 0.004094132781 0.01527951155)
(0.04125 0.004094132781 0.01527951155)
(0.041875 0.004094132781 0.01527951155)
(0.0425 0.004094132781 0.01527951155)
(0.043125 0.004094132781 0.01527951155)
(0.04375 0.004094132781 0.01527951155)
(0.044375 0.004094132781 0.01527951155)
(0.045 0.004094132781 0.01527951155)
(0.045625 0.004094132781 0.01527951155)
(0.04625 0.004094132781 0.01527951155)
(0.046875 0.004094132781 0.01527951155)
(0.0475 0.004094132781 0.01527951155)
(0.048125 0.004094132781 0.01527951155)
(0.04875 0.004094132781 0.01527951155)
(0.049375 0.004094132781 0.01527951155)
(0.05 0.004094132781 0.01527951155)
(0 0.004279855608 0.01597263858)
(0.000625 0.004279855608 0.01597263858)
(0.00125 0.004279855608 0.01597263858)
(0.001875 0.004279855608 0.01597263858)
(0.0025 0.004279855608 0.01597263858)
(0.003125 0.004279855608 0.01597263858)
(0.00375 0.004279855608 0.01597263858)
(0.004375 0.004279855608 0.01597263858)
(0.005 0.004279855608 0.01597263858)
(0.005625 0.004279855608 0.01597263858)
(0.00625 0.004279855608 0.01597263858)
(0.006875 0.004279855608 0.01597263858)
(0.0075 0.004279855608 0.01597263858)
(0.008125 0.004279855608 0.01597263858)
(0.00875 0.004279855608 0.01597263858)
(0.009375 0.004279855608 0.01597263858)
(0.01 0.004279855608 0.01597263858)
(0.010625 0.004279855608 0.01597263858)
(0.01125 0.004279855608 0.01597263858)
(0.011875 0.004279855608 0.01597263858)
(0.0125 0.004279855608 0.01597263858)
(0.013125 0.004279855608 0.01597263858)
(0.01375 0.004279855608 0.01597263858)
(0.014375 0.004279855608 0.01597263858)
(0.015 0.004279855608 0.01597263858)
(0.015625 0.004279855608 0.01597263858)
(0.01625 0.004279855608 0.01597263858)
(0.016875 0.004279855608 0.01597263858)
(0.0175 0.004279855608 0.01597263858)
(0.018125 0.004279855608 0.01597263858)
(0.01875 0.004279855608 0.01597263858)
(0.019375 0.004279855608 0.01597263858)
(0.02 0.004279855608 0.01597263858)
(0.020625 0.004279855608 0.01597263858)
(0.02125 0.004279855608 0.01597263858)
(0.021875 0.004279855608 0.01597263858)
(0.0225 0.004279855608 0.01597263858)
(0.023125 0.004279855608 0.01597263858)
(0.02375 0.004279855608 0.01597263858)
(0.024375 0.004279855608 0.01597263858)
(0.025 0.004279855608 0.01597263858)
(0.025625 0.004279855608 0.01597263858)
(0.02625 0.004279855608 0.01597263858)
(0.026875 0.004279855608 0.01597263858)
(0.0275 0.004279855608 0.01597263858)
(0.028125 0.004279855608 0.01597263858)
(0.02875 0.004279855608 0.01597263858)
(0.029375 0.004279855608 0.01597263858)
(0.03 0.004279855608 0.01597263858)
(0.030625 0.004279855608 0.01597263858)
(0.03125 0.004279855608 0.01597263858)
(0.031875 0.004279855608 0.01597263858)
(0.0325 0.004279855608 0.01597263858)
(0.033125 0.004279855608 0.01597263858)
(0.03375 0.004279855608 0.01597263858)
(0.034375 0.004279855608 0.01597263858)
(0.035 0.004279855608 0.01597263858)
(0.035625 0.004279855608 0.01597263858)
(0.03625 0.004279855608 0.01597263858)
(0.036875 0.004279855608 0.01597263858)
(0.0375 0.004279855608 0.01597263858)
(0.038125 0.004279855608 0.01597263858)
(0.03875 0.004279855608 0.01597263858)
(0.039375 0.004279855608 0.01597263858)
(0.04 0.004279855608 0.01597263858)
(0.040625 0.004279855608 0.01597263858)
(0.04125 0.004279855608 0.01597263858)
(0.041875 0.004279855608 0.01597263858)
(0.0425 0.004279855608 0.01597263858)
(0.043125 0.004279855608 0.01597263858)
(0.04375 0.004279855608 0.01597263858)
(0.044375 0.004279855608 0.01597263858)
(0.045 0.004279855608 0.01597263858)
(0.045625 0.004279855608 0.01597263858)
(0.04625 0.004279855608 0.01597263858)
(0.046875 0.004279855608 0.01597263858)
(0.0475 0.004279855608 0.01597263858)
(0.048125 0.004279855608 0.01597263858)
(0.04875 0.004279855608 0.01597263858)
(0.049375 0.004279855608 0.01597263858)
(0.05 0.004279855608 0.01597263858)
(0 0.004478460086 0.01671384058)
(0.000625 0.004478460086 0.01671384058)
(0.00125 0.004478460086 0.01671384058)
(0.001875 0.004478460086 0.01671384058)
(0.0025 0.004478460086 0.01671384058)
(0.003125 0.004478460086 0.01671384058)
(0.00375 0.004478460086 0.01671384058)
(0.004375 0.004478460086 0.01671384058)
(0.005 0.004478460086 0.01671384058)
(0.005625 0.004478460086 0.01671384058)
(0.00625 0.004478460086 0.01671384058)
(0.006875 0.004478460086 0.01671384058)
(0.0075 0.004478460086 0.01671384058)
(0.008125 0.004478460086 0.01671384058)
(0.00875 0.004478460086 0.01671384058)
(0.009375 0.004478460086 0.01671384058)
(0.01 0.004478460086 0.01671384058)
(0.010625 0.004478460086 0.01671384058)
(0.01125 0.004478460086 0.01671384058)
(0.011875 0.004478460086 0.01671384058)
(0.0125 0.004478460086 0.01671384058)
(0.013125 0.004478460086 0.01671384058)
(0.01375 0.004478460086 0.01671384058)
(0.014375 0.004478460086 0.01671384058)
(0.015 0.004478460086 0.01671384058)
(0.015625 0.004478460086 0.01671384058)
(0.01625 0.004478460086 0.01671384058)
(0.016875 0.004478460086 0.01671384058)
(0.0175 0.004478460086 0.01671384058)
(0.018125 0.004478460086 0.01671384058)
(0.01875 0.004478460086 0.01671384058)
(0.019375 0.004478460086 0.01671384058)
(0.02 0.004478460086 0.01671384058)
(0.020625 0.004478460086 0.01671384058)
(0.02125 0.004478460086 0.01671384058)
(0.021875 0.004478460086 0.01671384058)
(0.0225 0.004478460086 0.01671384058)
(0.023125 0.004478460086 0.01671384058)
(0.02375 0.004478460086 0.01671384058)
(0.024375 0.004478460086 0.01671384058)
(0.025 0.004478460086 0.01671384058)
(0.025625 0.004478460086 0.01671384058)
(0.02625 0.004478460086 0.01671384058)
(0.026875 0.004478460086 0.01671384058)
(0.0275 0.004478460086 0.01671384058)
(0.028125 0.004478460086 0.01671384058)
(0.02875 0.004478460086 0.01671384058)
(0.029375 0.004478460086 0.01671384058)
(0.03 0.004478460086 0.01671384058)
(0.030625 0.004478460086 0.01671384058)
(0.03125 0.004478460086 0.01671384058)
(0.031875 0.004478460086 0.01671384058)
(0.0325 0.004478460086 0.01671384058)
(0.033125 0.004478460086 0.01671384058)
(0.03375 0.004478460086 0.01671384058)
(0.034375 0.004478460086 0.01671384058)
(0.035 0.004478460086 0.01671384058)
(0.035625 0.004478460086 0.01671384058)
(0.03625 0.004478460086 0.01671384058)
(0.036875 0.004478460086 0.01671384058)
(0.0375 0.004478460086 0.01671384058)
(0.038125 0.004478460086 0.01671384058)
(0.03875 0.004478460086 0.01671384058)
(0.039375 0.004478460086 0.01671384058)
(0.04 0.004478460086 0.01671384058)
(0.040625 0.004478460086 0.01671384058)
(0.04125 0.004478460086 0.01671384058)
(0.041875 0.004478460086 0.01671384058)
(0.0425 0.004478460086 0.01671384058)
(0.043125 0.004478460086 0.01671384058)
(0.04375 0.004478460086 0.01671384058)
(0.044375 0.004478460086 0.01671384058)
(0.045 0.004478460086 0.01671384058)
(0.045625 0.004478460086 0.01671384058)
(0.04625 0.004478460086 0.01671384058)
(0.046875 0.004478460086 0.01671384058)
(0.0475 0.004478460086 0.01671384058)
(0.048125 0.004478460086 0.01671384058)
(0.04875 0.004478460086 0.01671384058)
(0.049375 0.004478460086 0.01671384058)
(0.05 0.004478460086 0.01671384058)
(0 0.00469083968 0.01750645202)
(0.000625 0.00469083968 0.01750645202)
(0.00125 0.00469083968 0.01750645202)
(0.001875 0.00469083968 0.01750645202)
(0.0025 0.00469083968 0.01750645202)
(0.003125 0.00469083968 0.01750645202)
(0.00375 0.00469083968 0.01750645202)
(0.004375 0.00469083968 0.01750645202)
(0.005 0.00469083968 0.01750645202)
(0.005625 0.00469083968 0.01750645202)
(0.00625 0.00469083968 0.01750645202)
(0.006875 0.00469083968 0.01750645202)
(0.0075 0.00469083968 0.01750645202)
(0.008125 0.00469083968 0.01750645202)
(0.00875 0.00469083968 0.01750645202)
(0.009375 0.00469083968 0.01750645202)
(0.01 0.00469083968 0.01750645202)
(0.010625 0.00469083968 0.01750645202)
(0.01125 0.00469083968 0.01750645202)
(0.011875 0.00469083968 0.01750645202)
(0.0125 0.00469083968 0.01750645202)
(0.013125 0.00469083968 0.01750645202)
(0.01375 0.00469083968 0.01750645202)
(0.014375 0.00469083968 0.01750645202)
(0.015 0.00469083968 0.01750645202)
(0.015625 0.00469083968 0.01750645202)
(0.01625 0.00469083968 0.01750645202)
(0.016875 0.00469083968 0.01750645202)
(0.0175 0.00469083968 0.01750645202)
(0.018125 0.00469083968 0.01750645202)
(0.01875 0.00469083968 0.01750645202)
(0.019375 0.00469083968 0.01750645202)
(0.02 0.00469083968 0.01750645202)
(0.020625 0.00469083968 0.01750645202)
(0.02125 0.00469083968 0.01750645202)
(0.021875 0.00469083968 0.01750645202)
(0.0225 0.00469083968 0.01750645202)
(0.023125 0.00469083968 0.01750645202)
(0.02375 0.00469083968 0.01750645202)
(0.024375 0.00469083968 0.01750645202)
(0.025 0.00469083968 0.01750645202)
(0.025625 0.00469083968 0.01750645202)
(0.02625 0.00469083968 0.01750645202)
(0.026875 0.00469083968 0.01750645202)
(0.0275 0.00469083968 0.01750645202)
(0.028125 0.00469083968 0.01750645202)
(0.02875 0.00469083968 0.01750645202)
(0.029375 0.00469083968 0.01750645202)
(0.03 0.00469083968 0.01750645202)
(0.030625 0.00469083968 0.01750645202)
(0.03125 0.00469083968 0.01750645202)
(0.031875 0.00469083968 0.01750645202)
(0.0325 0.00469083968 0.01750645202)
(0.033125 0.00469083968 0.01750645202)
(0.03375 0.00469083968 0.01750645202)
(0.034375 0.00469083968 0.01750645202)
(0.035 0.00469083968 0.01750645202)
(0.035625 0.00469083968 0.01750645202)
(0.03625 0.00469083968 0.01750645202)
(0.036875 0.00469083968 0.01750645202)
(0.0375 0.00469083968 0.01750645202)
(0.038125 0.00469083968 0.01750645202)
(0.03875 0.00469083968 0.01750645202)
(0.039375 0.00469083968 0.01750645202)
(0.04 0.00469083968 0.01750645202)
(0.040625 0.00469083968 0.01750645202)
(0.04125 0.00469083968 0.01750645202)
(0.041875 0.00469083968 0.01750645202)
(0.0425 0.00469083968 0.01750645202)
(0.043125 0.00469083968 0.01750645202)
(0.04375 0.00469083968 0.01750645202)
(0.044375 0.00469083968 0.01750645202)
(0.045 0.00469083968 0.01750645202)
(0.045625 0.00469083968 0.01750645202)
(0.04625 0.00469083968 0.01750645202)
(0.046875 0.00469083968 0.01750645202)
(0.0475 0.00469083968 0.01750645202)
(0.048125 0.00469083968 0.01750645202)
(0.04875 0.00469083968 0.01750645202)
(0.049375 0.00469083968 0.01750645202)
(0.05 0.00469083968 0.01750645202)
(0 0.004917949827 0.01835403862)
(0.000625 0.004917949827 0.01835403862)
(0.00125 0.004917949827 0.01835403862)
(0.001875 0.004917949827 0.01835403862)
(0.0025 0.004917949827 0.01835403862)
(0.003125 0.004917949827 0.01835403862)
(0.00375 0.004917949827 0.01835403862)
(0.004375 0.004917949827 0.01835403862)
(0.005 0.004917949827 0.01835403862)
(0.005625 0.004917949827 0.01835403862)
(0.00625 0.004917949827 0.01835403862)
(0.006875 0.004917949827 0.01835403862)
(0.0075 0.004917949827 0.01835403862)
(0.008125 0.004917949827 0.01835403862)
(0.00875 0.004917949827 0.01835403862)
(0.009375 0.004917949827 0.01835403862)
(0.01 0.004917949827 0.01835403862)
(0.010625 0.004917949827 0.01835403862)
(0.01125 0.004917949827 0.01835403862)
(0.011875 0.004917949827 0.01835403862)
(0.0125 0.004917949827 0.01835403862)
(0.013125 0.004917949827 0.01835403862)
(0.01375 0.004917949827 0.01835403862)
(0.014375 0.004917949827 0.01835403862)
(0.015 0.004917949827 0.01835403862)
(0.015625 0.004917949827 0.01835403862)
(0.01625 0.004917949827 0.01835403862)
(0.016875 0.004917949827 0.01835403862)
(0.0175 0.004917949827 0.01835403862)
(0.018125 0.004917949827 0.01835403862)
(0.01875 0.004917949827 0.01835403862)
(0.019375 0.004917949827 0.01835403862)
(0.02 0.004917949827 0.01835403862)
(0.020625 0.004917949827 0.01835403862)
(0.02125 0.004917949827 0.01835403862)
(0.021875 0.004917949827 0.01835403862)
(0.0225 0.004917949827 0.01835403862)
(0.023125 0.004917949827 0.01835403862)
(0.02375 0.004917949827 0.01835403862)
(0.024375 0.004917949827 0.01835403862)
(0.025 0.004917949827 0.01835403862)
(0.025625 0.004917949827 0.01835403862)
(0.02625 0.004917949827 0.01835403862)
(0.026875 0.004917949827 0.01835403862)
(0.0275 0.004917949827 0.01835403862)
(0.028125 0.004917949827 0.01835403862)
(0.02875 0.004917949827 0.01835403862)
(0.029375 0.004917949827 0.01835403862)
(0.03 0.004917949827 0.01835403862)
(0.030625 0.004917949827 0.01835403862)
(0.03125 0.004917949827 0.01835403862)
(0.031875 0.004917949827 0.01835403862)
(0.0325 0.004917949827 0.01835403862)
(0.033125 0.004917949827 0.01835403862)
(0.03375 0.004917949827 0.01835403862)
(0.034375 0.004917949827 0.01835403862)
(0.035 0.004917949827 0.01835403862)
(0.035625 0.004917949827 0.01835403862)
(0.03625 0.004917949827 0.01835403862)
(0.036875 0.004917949827 0.01835403862)
(0.0375 0.004917949827 0.01835403862)
(0.038125 0.004917949827 0.01835403862)
(0.03875 0.004917949827 0.01835403862)
(0.039375 0.004917949827 0.01835403862)
(0.04 0.004917949827 0.01835403862)
(0.040625 0.004917949827 0.01835403862)
(0.04125 0.004917949827 0.01835403862)
(0.041875 0.004917949827 0.01835403862)
(0.0425 0.004917949827 0.01835403862)
(0.043125 0.004917949827 0.01835403862)
(0.04375 0.004917949827 0.01835403862)
(0.044375 0.004917949827 0.01835403862)
(0.045 0.004917949827 0.01835403862)
(0.045625 0.004917949827 0.01835403862)
(0.04625 0.004917949827 0.01835403862)
(0.046875 0.004917949827 0.01835403862)
(0.0475 0.004917949827 0.01835403862)
(0.048125 0.004917949827 0.01835403862)
(0.04875 0.004917949827 0.01835403862)
(0.049375 0.004917949827 0.01835403862)
(0.05 0.004917949827 0.01835403862)
(0 0.0006975072349 0.007972544176)
(0.000625 0.0006975072349 0.007972544176)
(0.00125 0.0006975072349 0.007972544176)
(0.001875 0.0006975072349 0.007972544176)
(0.0025 0.0006975072349 0.007972544176)
(0.003125 0.0006975072349 0.007972544176)
(0.00375 0.0006975072349 0.007972544176)
(0.004375 0.0006975072349 0.007972544176)
(0.005 0.0006975072349 0.007972544176)
(0.005625 0.0006975072349 0.007972544176)
(0.00625 0.0006975072349 0.007972544176)
(0.006875 0.0006975072349 0.007972544176)
(0.0075 0.0006975072349 0.007972544176)
(0.008125 0.0006975072349 0.007972544176)
(0.00875 0.0006975072349 0.007972544176)
(0.009375 0.0006975072349 0.007972544176)
(0.01 0.0006975072349 0.007972544176)
(0.010625 0.0006975072349 0.007972544176)
(0.01125 0.0006975072349 0.007972544176)
(0.011875 0.0006975072349 0.007972544176)
(0.0125 0.0006975072349 0.007972544176)
(0.013125 0.0006975072349 0.007972544176)
(0.01375 0.0006975072349 0.007972544176)
(0.014375 0.0006975072349 0.007972544176)
(0.015 0.0006975072349 0.007972544176)
(0.015625 0.0006975072349 0.007972544176)
(0.01625 0.0006975072349 0.007972544176)
(0.016875 0.0006975072349 0.007972544176)
(0.0175 0.0006975072349 0.007972544176)
(0.018125 0.0006975072349 0.007972544176)
(0.01875 0.0006975072349 0.007972544176)
(0.019375 0.0006975072349 0.007972544176)
(0.02 0.0006975072349 0.007972544176)
(0.020625 0.0006975072349 0.007972544176)
(0.02125 0.0006975072349 0.007972544176)
(0.021875 0.0006975072349 0.007972544176)
(0.0225 0.0006975072349 0.007972544176)
(0.023125 0.0006975072349 0.007972544176)
(0.02375 0.0006975072349 0.007972544176)
(0.024375 0.0006975072349 0.007972544176)
(0.025 0.0006975072349 0.007972544176)
(0.025625 0.0006975072349 0.007972544176)
(0.02625 0.0006975072349 0.007972544176)
(0.026875 0.0006975072349 0.007972544176)
(0.0275 0.0006975072349 0.007972544176)
(0.028125 0.0006975072349 0.007972544176)
(0.02875 0.0006975072349 0.007972544176)
(0.029375 0.0006975072349 0.007972544176)
(0.03 0.0006975072349 0.007972544176)
(0.030625 0.0006975072349 0.007972544176)
(0.03125 0.0006975072349 0.007972544176)
(0.031875 0.0006975072349 0.007972544176)
(0.0325 0.0006975072349 0.007972544176)
(0.033125 0.0006975072349 0.007972544176)
(0.03375 0.0006975072349 0.007972544176)
(0.034375 0.0006975072349 0.007972544176)
(0.035 0.0006975072349 0.007972544176)
(0.035625 0.0006975072349 0.007972544176)
(0.03625 0.0006975072349 0.007972544176)
(0.036875 0.0006975072349 0.007972544176)
(0.0375 0.0006975072349 0.007972544176)
(0.038125 0.0006975072349 0.007972544176)
(0.03875 0.0006975072349 0.007972544176)
(0.039375 0.0006975072349 0.007972544176)
(0.04 0.0006975072349 0.007972544176)
(0.040625 0.0006975072349 0.007972544176)
(0.04125 0.0006975072349 0.007972544176)
(0.041875 0.0006975072349 0.007972544176)
(0.0425 0.0006975072349 0.007972544176)
(0.043125 0.0006975072349 0.007972544176)
(0.04375 0.0006975072349 0.007972544176)
(0.044375 0.0006975072349 0.007972544176)
(0.045 0.0006975072349 0.007972544176)
(0.045625 0.0006975072349 0.007972544176)
(0.04625 0.0006975072349 0.007972544176)
(0.046875 0.0006975072349 0.007972544176)
(0.0475 0.0006975072349 0.007972544176)
(0.048125 0.0006975072349 0.007972544176)
(0.04875 0.0006975072349 0.007972544176)
(0.049375 0.0006975072349 0.007972544176)
(0.05 0.0006975072349 0.007972544176)
(0 0.0007128028276 0.008147373601)
(0.000625 0.0007128028276 0.008147373601)
(0.00125 0.0007128028276 0.008147373601)
(0.001875 0.0007128028276 0.008147373601)
(0.0025 0.0007128028276 0.008147373601)
(0.003125 0.0007128028276 0.008147373601)
(0.00375 0.0007128028276 0.008147373601)
(0.004375 0.0007128028276 0.008147373601)
(0.005 0.0007128028276 0.008147373601)
(0.005625 0.0007128028276 0.008147373601)
(0.00625 0.0007128028276 0.008147373601)
(0.006875 0.0007128028276 0.008147373601)
(0.0075 0.0007128028276 0.008147373601)
(0.008125 0.0007128028276 0.008147373601)
(0.00875 0.0007128028276 0.008147373601)
(0.009375 0.0007128028276 0.008147373601)
(0.01 0.0007128028276 0.008147373601)
(0.010625 0.0007128028276 0.008147373601)
(0.01125 0.0007128028276 0.008147373601)
(0.011875 0.0007128028276 0.008147373601)
(0.0125 0.0007128028276 0.008147373601)
(0.013125 0.0007128028276 0.008147373601)
(0.01375 0.0007128028276 0.008147373601)
(0.014375 0.0007128028276 0.008147373601)
(0.015 0.0007128028276 0.008147373601)
(0.015625 0.0007128028276 0.008147373601)
(0.01625 0.0007128028276 0.008147373601)
(0.016875 0.0007128028276 0.008147373601)
(0.0175 0.0007128028276 0.008147373601)
(0.018125 0.0007128028276 0.008147373601)
(0.01875 0.0007128028276 0.008147373601)
(0.019375 0.0007128028276 0.008147373601)
(0.02 0.0007128028276 0.008147373601)
(0.020625 0.0007128028276 0.008147373601)
(0.02125 0.0007128028276 0.008147373601)
(0.021875 0.0007128028276 0.008147373601)
(0.0225 0.0007128028276 0.008147373601)
(0.023125 0.0007128028276 0.008147373601)
(0.02375 0.0007128028276 0.008147373601)
(0.024375 0.0007128028276 0.008147373601)
(0.025 0.0007128028276 0.008147373601)
(0.025625 0.0007128028276 0.008147373601)
(0.02625 0.0007128028276 0.008147373601)
(0.026875 0.0007128028276 0.008147373601)
(0.0275 0.0007128028276 0.008147373601)
(0.028125 0.0007128028276 0.008147373601)
(0.02875 0.0007128028276 0.008147373601)
(0.029375 0.0007128028276 0.008147373601)
(0.03 0.0007128028276 0.008147373601)
(0.030625 0.0007128028276 0.008147373601)
(0.03125 0.0007128028276 0.008147373601)
(0.031875 0.0007128028276 0.008147373601)
(0.0325 0.0007128028276 0.008147373601)
(0.033125 0.0007128028276 0.008147373601)
(0.03375 0.0007128028276 0.008147373601)
(0.034375 0.0007128028276 0.008147373601)
(0.035 0.0007128028276 0.008147373601)
(0.035625 0.0007128028276 0.008147373601)
(0.03625 0.0007128028276 0.008147373601)
(0.036875 0.0007128028276 0.008147373601)
(0.0375 0.0007128028276 0.008147373601)
(0.038125 0.0007128028276 0.008147373601)
(0.03875 0.0007128028276 0.008147373601)
(0.039375 0.0007128028276 0.008147373601)
(0.04 0.0007128028276 0.008147373601)
(0.040625 0.0007128028276 0.008147373601)
(0.04125 0.0007128028276 0.008147373601)
(0.041875 0.0007128028276 0.008147373601)
(0.0425 0.0007128028276 0.008147373601)
(0.043125 0.0007128028276 0.008147373601)
(0.04375 0.0007128028276 0.008147373601)
(0.044375 0.0007128028276 0.008147373601)
(0.045 0.0007128028276 0.008147373601)
(0.045625 0.0007128028276 0.008147373601)
(0.04625 0.0007128028276 0.008147373601)
(0.046875 0.0007128028276 0.008147373601)
(0.0475 0.0007128028276 0.008147373601)
(0.048125 0.0007128028276 0.008147373601)
(0.04875 0.0007128028276 0.008147373601)
(0.049375 0.0007128028276 0.008147373601)
(0.05 0.0007128028276 0.008147373601)
(0 0.0007291593156 0.008334329115)
(0.000625 0.0007291593156 0.008334329115)
(0.00125 0.0007291593156 0.008334329115)
(0.001875 0.0007291593156 0.008334329115)
(0.0025 0.0007291593156 0.008334329115)
(0.003125 0.0007291593156 0.008334329115)
(0.00375 0.0007291593156 0.008334329115)
(0.004375 0.0007291593156 0.008334329115)
(0.005 0.0007291593156 0.008334329115)
(0.005625 0.0007291593156 0.008334329115)
(0.00625 0.0007291593156 0.008334329115)
(0.006875 0.0007291593156 0.008334329115)
(0.0075 0.0007291593156 0.008334329115)
(0.008125 0.0007291593156 0.008334329115)
(0.00875 0.0007291593156 0.008334329115)
(0.009375 0.0007291593156 0.008334329115)
(0.01 0.0007291593156 0.008334329115)
(0.010625 0.0007291593156 0.008334329115)
(0.01125 0.0007291593156 0.008334329115)
(0.011875 0.0007291593156 0.008334329115)
(0.0125 0.0007291593156 0.008334329115)
(0.013125 0.0007291593156 0.008334329115)
(0.01375 0.0007291593156 0.008334329115)
(0.014375 0.0007291593156 0.008334329115)
(0.015 0.0007291593156 0.008334329115)
(0.015625 0.0007291593156 0.008334329115)
(0.01625 0.0007291593156 0.008334329115)
(0.016875 0.0007291593156 0.008334329115)
(0.0175 0.0007291593156 0.008334329115)
(0.018125 0.0007291593156 0.008334329115)
(0.01875 0.0007291593156 0.008334329115)
(0.019375 0.0007291593156 0.008334329115)
(0.02 0.0007291593156 0.008334329115)
(0.020625 0.0007291593156 0.008334329115)
(0.02125 0.0007291593156 0.008334329115)
(0.021875 0.0007291593156 0.008334329115)
(0.0225 0.0007291593156 0.008334329115)
(0.023125 0.0007291593156 0.008334329115)
(0.02375 0.0007291593156 0.008334329115)
(0.024375 0.0007291593156 0.008334329115)
(0.025 0.0007291593156 0.008334329115)
(0.025625 0.0007291593156 0.008334329115)
(0.02625 0.0007291593156 0.008334329115)
(0.026875 0.0007291593156 0.008334329115)
(0.0275 0.0007291593156 0.008334329115)
(0.028125 0.0007291593156 0.008334329115)
(0.02875 0.0007291593156 0.008334329115)
(0.029375 0.0007291593156 0.008334329115)
(0.03 0.0007291593156 0.008334329115)
(0.030625 0.0007291593156 0.008334329115)
(0.03125 0.0007291593156 0.008334329115)
(0.031875 0.0007291593156 0.008334329115)
(0.0325 0.0007291593156 0.008334329115)
(0.033125 0.0007291593156 0.008334329115)
(0.03375 0.0007291593156 0.008334329115)
(0.034375 0.0007291593156 0.008334329115)
(0.035 0.0007291593156 0.008334329115)
(0.035625 0.0007291593156 0.008334329115)
(0.03625 0.0007291593156 0.008334329115)
(0.036875 0.0007291593156 0.008334329115)
(0.0375 0.0007291593156 0.008334329115)
(0.038125 0.0007291593156 0.008334329115)
(0.03875 0.0007291593156 0.008334329115)
(0.039375 0.0007291593156 0.008334329115)
(0.04 0.0007291593156 0.008334329115)
(0.040625 0.0007291593156 0.008334329115)
(0.04125 0.0007291593156 0.008334329115)
(0.041875 0.0007291593156 0.008334329115)
(0.0425 0.0007291593156 0.008334329115)
(0.043125 0.0007291593156 0.008334329115)
(0.04375 0.0007291593156 0.008334329115)
(0.044375 0.0007291593156 0.008334329115)
(0.045 0.0007291593156 0.008334329115)
(0.045625 0.0007291593156 0.008334329115)
(0.04625 0.0007291593156 0.008334329115)
(0.046875 0.0007291593156 0.008334329115)
(0.0475 0.0007291593156 0.008334329115)
(0.048125 0.0007291593156 0.008334329115)
(0.04875 0.0007291593156 0.008334329115)
(0.049375 0.0007291593156 0.008334329115)
(0.05 0.0007291593156 0.008334329115)
(0 0.0007466502822 0.008534251778)
(0.000625 0.0007466502822 0.008534251778)
(0.00125 0.0007466502822 0.008534251778)
(0.001875 0.0007466502822 0.008534251778)
(0.0025 0.0007466502822 0.008534251778)
(0.003125 0.0007466502822 0.008534251778)
(0.00375 0.0007466502822 0.008534251778)
(0.004375 0.0007466502822 0.008534251778)
(0.005 0.0007466502822 0.008534251778)
(0.005625 0.0007466502822 0.008534251778)
(0.00625 0.0007466502822 0.008534251778)
(0.006875 0.0007466502822 0.008534251778)
(0.0075 0.0007466502822 0.008534251778)
(0.008125 0.0007466502822 0.008534251778)
(0.00875 0.0007466502822 0.008534251778)
(0.009375 0.0007466502822 0.008534251778)
(0.01 0.0007466502822 0.008534251778)
(0.010625 0.0007466502822 0.008534251778)
(0.01125 0.0007466502822 0.008534251778)
(0.011875 0.0007466502822 0.008534251778)
(0.0125 0.0007466502822 0.008534251778)
(0.013125 0.0007466502822 0.008534251778)
(0.01375 0.0007466502822 0.008534251778)
(0.014375 0.0007466502822 0.008534251778)
(0.015 0.0007466502822 0.008534251778)
(0.015625 0.0007466502822 0.008534251778)
(0.01625 0.0007466502822 0.008534251778)
(0.016875 0.0007466502822 0.008534251778)
(0.0175 0.0007466502822 0.008534251778)
(0.018125 0.0007466502822 0.008534251778)
(0.01875 0.0007466502822 0.008534251778)
(0.019375 0.0007466502822 0.008534251778)
(0.02 0.0007466502822 0.008534251778)
(0.020625 0.0007466502822 0.008534251778)
(0.02125 0.0007466502822 0.008534251778)
(0.021875 0.0007466502822 0.008534251778)
(0.0225 0.0007466502822 0.008534251778)
(0.023125 0.0007466502822 0.008534251778)
(0.02375 0.0007466502822 0.008534251778)
(0.024375 0.0007466502822 0.008534251778)
(0.025 0.0007466502822 0.008534251778)
(0.025625 0.0007466502822 0.008534251778)
(0.02625 0.0007466502822 0.008534251778)
(0.026875 0.0007466502822 0.008534251778)
(0.0275 0.0007466502822 0.008534251778)
(0.028125 0.0007466502822 0.008534251778)
(0.02875 0.0007466502822 0.008534251778)
(0.029375 0.0007466502822 0.008534251778)
(0.03 0.0007466502822 0.008534251778)
(0.030625 0.0007466502822 0.008534251778)
(0.03125 0.0007466502822 0.008534251778)
(0.031875 0.0007466502822 0.008534251778)
(0.0325 0.0007466502822 0.008534251778)
(0.033125 0.0007466502822 0.008534251778)
(0.03375 0.0007466502822 0.008534251778)
(0.034375 0.0007466502822 0.008534251778)
(0.035 0.0007466502822 0.008534251778)
(0.035625 0.0007466502822 0.008534251778)
(0.03625 0.0007466502822 0.008534251778)
(0.036875 0.0007466502822 0.008534251778)
(0.0375 0.0007466502822 0.008534251778)
(0.038125 0.0007466502822 0.008534251778)
(0.03875 0.0007466502822 0.008534251778)
(0.039375 0.0007466502822 0.008534251778)
(0.04 0.0007466502822 0.008534251778)
(0.040625 0.0007466502822 0.008534251778)
(0.04125 0.0007466502822 0.008534251778)
(0.041875 0.0007466502822 0.008534251778)
(0.0425 0.0007466502822 0.008534251778)
(0.043125 0.0007466502822 0.008534251778)
(0.04375 0.0007466502822 0.008534251778)
(0.044375 0.0007466502822 0.008534251778)
(0.045 0.0007466502822 0.008534251778)
(0.045625 0.0007466502822 0.008534251778)
(0.04625 0.0007466502822 0.008534251778)
(0.046875 0.0007466502822 0.008534251778)
(0.0475 0.0007466502822 0.008534251778)
(0.048125 0.0007466502822 0.008534251778)
(0.04875 0.0007466502822 0.008534251778)
(0.049375 0.0007466502822 0.008534251778)
(0.05 0.0007466502822 0.008534251778)
(0 0.0007653544143 0.008748040986)
(0.000625 0.0007653544143 0.008748040986)
(0.00125 0.0007653544143 0.008748040986)
(0.001875 0.0007653544143 0.008748040986)
(0.0025 0.0007653544143 0.008748040986)
(0.003125 0.0007653544143 0.008748040986)
(0.00375 0.0007653544143 0.008748040986)
(0.004375 0.0007653544143 0.008748040986)
(0.005 0.0007653544143 0.008748040986)
(0.005625 0.0007653544143 0.008748040986)
(0.00625 0.0007653544143 0.008748040986)
(0.006875 0.0007653544143 0.008748040986)
(0.0075 0.0007653544143 0.008748040986)
(0.008125 0.0007653544143 0.008748040986)
(0.00875 0.0007653544143 0.008748040986)
(0.009375 0.0007653544143 0.008748040986)
(0.01 0.0007653544143 0.008748040986)
(0.010625 0.0007653544143 0.008748040986)
(0.01125 0.0007653544143 0.008748040986)
(0.011875 0.0007653544143 0.008748040986)
(0.0125 0.0007653544143 0.008748040986)
(0.013125 0.0007653544143 0.008748040986)
(0.01375 0.0007653544143 0.008748040986)
(0.014375 0.0007653544143 0.008748040986)
(0.015 0.0007653544143 0.008748040986)
(0.015625 0.0007653544143 0.008748040986)
(0.01625 0.0007653544143 0.008748040986)
(0.016875 0.0007653544143 0.008748040986)
(0.0175 0.0007653544143 0.008748040986)
(0.018125 0.0007653544143 0.008748040986)
(0.01875 0.0007653544143 0.008748040986)
(0.019375 0.0007653544143 0.008748040986)
(0.02 0.0007653544143 0.008748040986)
(0.020625 0.0007653544143 0.008748040986)
(0.02125 0.0007653544143 0.008748040986)
(0.021875 0.0007653544143 0.008748040986)
(0.0225 0.0007653544143 0.008748040986)
(0.023125 0.0007653544143 0.008748040986)
(0.02375 0.0007653544143 0.008748040986)
(0.024375 0.0007653544143 0.008748040986)
(0.025 0.0007653544143 0.008748040986)
(0.025625 0.0007653544143 0.008748040986)
(0.02625 0.0007653544143 0.008748040986)
(0.026875 0.0007653544143 0.008748040986)
(0.0275 0.0007653544143 0.008748040986)
(0.028125 0.0007653544143 0.008748040986)
(0.02875 0.0007653544143 0.008748040986)
(0.029375 0.0007653544143 0.008748040986)
(0.03 0.0007653544143 0.008748040986)
(0.030625 0.0007653544143 0.008748040986)
(0.03125 0.0007653544143 0.008748040986)
(0.031875 0.0007653544143 0.008748040986)
(0.0325 0.0007653544143 0.008748040986)
(0.033125 0.0007653544143 0.008748040986)
(0.03375 0.0007653544143 0.008748040986)
(0.034375 0.0007653544143 0.008748040986)
(0.035 0.0007653544143 0.008748040986)
(0.035625 0.0007653544143 0.008748040986)
(0.03625 0.0007653544143 0.008748040986)
(0.036875 0.0007653544143 0.008748040986)
(0.0375 0.0007653544143 0.008748040986)
(0.038125 0.0007653544143 0.008748040986)
(0.03875 0.0007653544143 0.008748040986)
(0.039375 0.0007653544143 0.008748040986)
(0.04 0.0007653544143 0.008748040986)
(0.040625 0.0007653544143 0.008748040986)
(0.04125 0.0007653544143 0.008748040986)
(0.041875 0.0007653544143 0.008748040986)
(0.0425 0.0007653544143 0.008748040986)
(0.043125 0.0007653544143 0.008748040986)
(0.04375 0.0007653544143 0.008748040986)
(0.044375 0.0007653544143 0.008748040986)
(0.045 0.0007653544143 0.008748040986)
(0.045625 0.0007653544143 0.008748040986)
(0.04625 0.0007653544143 0.008748040986)
(0.046875 0.0007653544143 0.008748040986)
(0.0475 0.0007653544143 0.008748040986)
(0.048125 0.0007653544143 0.008748040986)
(0.04875 0.0007653544143 0.008748040986)
(0.049375 0.0007653544143 0.008748040986)
(0.05 0.0007653544143 0.008748040986)
(0 0.0007853558565 0.008976658516)
(0.000625 0.0007853558565 0.008976658516)
(0.00125 0.0007853558565 0.008976658516)
(0.001875 0.0007853558565 0.008976658516)
(0.0025 0.0007853558565 0.008976658516)
(0.003125 0.0007853558565 0.008976658516)
(0.00375 0.0007853558565 0.008976658516)
(0.004375 0.0007853558565 0.008976658516)
(0.005 0.0007853558565 0.008976658516)
(0.005625 0.0007853558565 0.008976658516)
(0.00625 0.0007853558565 0.008976658516)
(0.006875 0.0007853558565 0.008976658516)
(0.0075 0.0007853558565 0.008976658516)
(0.008125 0.0007853558565 0.008976658516)
(0.00875 0.0007853558565 0.008976658516)
(0.009375 0.0007853558565 0.008976658516)
(0.01 0.0007853558565 0.008976658516)
(0.010625 0.0007853558565 0.008976658516)
(0.01125 0.0007853558565 0.008976658516)
(0.011875 0.0007853558565 0.008976658516)
(0.0125 0.0007853558565 0.008976658516)
(0.013125 0.0007853558565 0.008976658516)
(0.01375 0.0007853558565 0.008976658516)
(0.014375 0.0007853558565 0.008976658516)
(0.015 0.0007853558565 0.008976658516)
(0.015625 0.0007853558565 0.008976658516)
(0.01625 0.0007853558565 0.008976658516)
(0.016875 0.0007853558565 0.008976658516)
(0.0175 0.0007853558565 0.008976658516)
(0.018125 0.0007853558565 0.008976658516)
(0.01875 0.0007853558565 0.008976658516)
(0.019375 0.0007853558565 0.008976658516)
(0.02 0.0007853558565 0.008976658516)
(0.020625 0.0007853558565 0.008976658516)
(0.02125 0.0007853558565 0.008976658516)
(0.021875 0.0007853558565 0.008976658516)
(0.0225 0.0007853558565 0.008976658516)
(0.023125 0.0007853558565 0.008976658516)
(0.02375 0.0007853558565 0.008976658516)
(0.024375 0.0007853558565 0.008976658516)
(0.025 0.0007853558565 0.008976658516)
(0.025625 0.0007853558565 0.008976658516)
(0.02625 0.0007853558565 0.008976658516)
(0.026875 0.0007853558565 0.008976658516)
(0.0275 0.0007853558565 0.008976658516)
(0.028125 0.0007853558565 0.008976658516)
(0.02875 0.0007853558565 0.008976658516)
(0.029375 0.0007853558565 0.008976658516)
(0.03 0.0007853558565 0.008976658516)
(0.030625 0.0007853558565 0.008976658516)
(0.03125 0.0007853558565 0.008976658516)
(0.031875 0.0007853558565 0.008976658516)
(0.0325 0.0007853558565 0.008976658516)
(0.033125 0.0007853558565 0.008976658516)
(0.03375 0.0007853558565 0.008976658516)
(0.034375 0.0007853558565 0.008976658516)
(0.035 0.0007853558565 0.008976658516)
(0.035625 0.0007853558565 0.008976658516)
(0.03625 0.0007853558565 0.008976658516)
(0.036875 0.0007853558565 0.008976658516)
(0.0375 0.0007853558565 0.008976658516)
(0.038125 0.0007853558565 0.008976658516)
(0.03875 0.0007853558565 0.008976658516)
(0.039375 0.0007853558565 0.008976658516)
(0.04 0.0007853558565 0.008976658516)
(0.040625 0.0007853558565 0.008976658516)
(0.04125 0.0007853558565 0.008976658516)
(0.041875 0.0007853558565 0.008976658516)
(0.0425 0.0007853558565 0.008976658516)
(0.043125 0.0007853558565 0.008976658516)
(0.04375 0.0007853558565 0.008976658516)
(0.044375 0.0007853558565 0.008976658516)
(0.045 0.0007853558565 0.008976658516)
(0.045625 0.0007853558565 0.008976658516)
(0.04625 0.0007853558565 0.008976658516)
(0.046875 0.0007853558565 0.008976658516)
(0.0475 0.0007853558565 0.008976658516)
(0.048125 0.0007853558565 0.008976658516)
(0.04875 0.0007853558565 0.008976658516)
(0.049375 0.0007853558565 0.008976658516)
(0.05 0.0007853558565 0.008976658516)
(0 0.0008067445896 0.009221132854)
(0.000625 0.0008067445896 0.009221132854)
(0.00125 0.0008067445896 0.009221132854)
(0.001875 0.0008067445896 0.009221132854)
(0.0025 0.0008067445896 0.009221132854)
(0.003125 0.0008067445896 0.009221132854)
(0.00375 0.0008067445896 0.009221132854)
(0.004375 0.0008067445896 0.009221132854)
(0.005 0.0008067445896 0.009221132854)
(0.005625 0.0008067445896 0.009221132854)
(0.00625 0.0008067445896 0.009221132854)
(0.006875 0.0008067445896 0.009221132854)
(0.0075 0.0008067445896 0.009221132854)
(0.008125 0.0008067445896 0.009221132854)
(0.00875 0.0008067445896 0.009221132854)
(0.009375 0.0008067445896 0.009221132854)
(0.01 0.0008067445896 0.009221132854)
(0.010625 0.0008067445896 0.009221132854)
(0.01125 0.0008067445896 0.009221132854)
(0.011875 0.0008067445896 0.009221132854)
(0.0125 0.0008067445896 0.009221132854)
(0.013125 0.0008067445896 0.009221132854)
(0.01375 0.0008067445896 0.009221132854)
(0.014375 0.0008067445896 0.009221132854)
(0.015 0.0008067445896 0.009221132854)
(0.015625 0.0008067445896 0.009221132854)
(0.01625 0.0008067445896 0.009221132854)
(0.016875 0.0008067445896 0.009221132854)
(0.0175 0.0008067445896 0.009221132854)
(0.018125 0.0008067445896 0.009221132854)
(0.01875 0.0008067445896 0.009221132854)
(0.019375 0.0008067445896 0.009221132854)
(0.02 0.0008067445896 0.009221132854)
(0.020625 0.0008067445896 0.009221132854)
(0.02125 0.0008067445896 0.009221132854)
(0.021875 0.0008067445896 0.009221132854)
(0.0225 0.0008067445896 0.009221132854)
(0.023125 0.0008067445896 0.009221132854)
(0.02375 0.0008067445896 0.009221132854)
(0.024375 0.0008067445896 0.009221132854)
(0.025 0.0008067445896 0.009221132854)
(0.025625 0.0008067445896 0.009221132854)
(0.02625 0.0008067445896 0.009221132854)
(0.026875 0.0008067445896 0.009221132854)
(0.0275 0.0008067445896 0.009221132854)
(0.028125 0.0008067445896 0.009221132854)
(0.02875 0.0008067445896 0.009221132854)
(0.029375 0.0008067445896 0.009221132854)
(0.03 0.0008067445896 0.009221132854)
(0.030625 0.0008067445896 0.009221132854)
(0.03125 0.0008067445896 0.009221132854)
(0.031875 0.0008067445896 0.009221132854)
(0.0325 0.0008067445896 0.009221132854)
(0.033125 0.0008067445896 0.009221132854)
(0.03375 0.0008067445896 0.009221132854)
(0.034375 0.0008067445896 0.009221132854)
(0.035 0.0008067445896 0.009221132854)
(0.035625 0.0008067445896 0.009221132854)
(0.03625 0.0008067445896 0.009221132854)
(0.036875 0.0008067445896 0.009221132854)
(0.0375 0.0008067445896 0.009221132854)
(0.038125 0.0008067445896 0.009221132854)
(0.03875 0.0008067445896 0.009221132854)
(0.039375 0.0008067445896 0.009221132854)
(0.04 0.0008067445896 0.009221132854)
(0.040625 0.0008067445896 0.009221132854)
(0.04125 0.0008067445896 0.009221132854)
(0.041875 0.0008067445896 0.009221132854)
(0.0425 0.0008067445896 0.009221132854)
(0.043125 0.0008067445896 0.009221132854)
(0.04375 0.0008067445896 0.009221132854)
(0.044375 0.0008067445896 0.009221132854)
(0.045 0.0008067445896 0.009221132854)
(0.045625 0.0008067445896 0.009221132854)
(0.04625 0.0008067445896 0.009221132854)
(0.046875 0.0008067445896 0.009221132854)
(0.0475 0.0008067445896 0.009221132854)
(0.048125 0.0008067445896 0.009221132854)
(0.04875 0.0008067445896 0.009221132854)
(0.049375 0.0008067445896 0.009221132854)
(0.05 0.0008067445896 0.009221132854)
(0 0.0008296168355 0.009482563821)
(0.000625 0.0008296168355 0.009482563821)
(0.00125 0.0008296168355 0.009482563821)
(0.001875 0.0008296168355 0.009482563821)
(0.0025 0.0008296168355 0.009482563821)
(0.003125 0.0008296168355 0.009482563821)
(0.00375 0.0008296168355 0.009482563821)
(0.004375 0.0008296168355 0.009482563821)
(0.005 0.0008296168355 0.009482563821)
(0.005625 0.0008296168355 0.009482563821)
(0.00625 0.0008296168355 0.009482563821)
(0.006875 0.0008296168355 0.009482563821)
(0.0075 0.0008296168355 0.009482563821)
(0.008125 0.0008296168355 0.009482563821)
(0.00875 0.0008296168355 0.009482563821)
(0.009375 0.0008296168355 0.009482563821)
(0.01 0.0008296168355 0.009482563821)
(0.010625 0.0008296168355 0.009482563821)
(0.01125 0.0008296168355 0.009482563821)
(0.011875 0.0008296168355 0.009482563821)
(0.0125 0.0008296168355 0.009482563821)
(0.013125 0.0008296168355 0.009482563821)
(0.01375 0.0008296168355 0.009482563821)
(0.014375 0.0008296168355 0.009482563821)
(0.015 0.0008296168355 0.009482563821)
(0.015625 0.0008296168355 0.009482563821)
(0.01625 0.0008296168355 0.009482563821)
(0.016875 0.0008296168355 0.009482563821)
(0.0175 0.0008296168355 0.009482563821)
(0.018125 0.0008296168355 0.009482563821)
(0.01875 0.0008296168355 0.009482563821)
(0.019375 0.0008296168355 0.009482563821)
(0.02 0.0008296168355 0.009482563821)
(0.020625 0.0008296168355 0.009482563821)
(0.02125 0.0008296168355 0.009482563821)
(0.021875 0.0008296168355 0.009482563821)
(0.0225 0.0008296168355 0.009482563821)
(0.023125 0.0008296168355 0.009482563821)
(0.02375 0.0008296168355 0.009482563821)
(0.024375 0.0008296168355 0.009482563821)
(0.025 0.0008296168355 0.009482563821)
(0.025625 0.0008296168355 0.009482563821)
(0.02625 0.0008296168355 0.009482563821)
(0.026875 0.0008296168355 0.009482563821)
(0.0275 0.0008296168355 0.009482563821)
(0.028125 0.0008296168355 0.009482563821)
(0.02875 0.0008296168355 0.009482563821)
(0.029375 0.0008296168355 0.009482563821)
(0.03 0.0008296168355 0.009482563821)
(0.030625 0.0008296168355 0.009482563821)
(0.03125 0.0008296168355 0.009482563821)
(0.031875 0.0008296168355 0.009482563821)
(0.0325 0.0008296168355 0.009482563821)
(0.033125 0.0008296168355 0.009482563821)
(0.03375 0.0008296168355 0.009482563821)
(0.034375 0.0008296168355 0.009482563821)
(0.035 0.0008296168355 0.009482563821)
(0.035625 0.0008296168355 0.009482563821)
(0.03625 0.0008296168355 0.009482563821)
(0.036875 0.0008296168355 0.009482563821)
(0.0375 0.0008296168355 0.009482563821)
(0.038125 0.0008296168355 0.009482563821)
(0.03875 0.0008296168355 0.009482563821)
(0.039375 0.0008296168355 0.009482563821)
(0.04 0.0008296168355 0.009482563821)
(0.040625 0.0008296168355 0.009482563821)
(0.04125 0.0008296168355 0.009482563821)
(0.041875 0.0008296168355 0.009482563821)
(0.0425 0.0008296168355 0.009482563821)
(0.043125 0.0008296168355 0.009482563821)
(0.04375 0.0008296168355 0.009482563821)
(0.044375 0.0008296168355 0.009482563821)
(0.045 0.0008296168355 0.009482563821)
(0.045625 0.0008296168355 0.009482563821)
(0.04625 0.0008296168355 0.009482563821)
(0.046875 0.0008296168355 0.009482563821)
(0.0475 0.0008296168355 0.009482563821)
(0.048125 0.0008296168355 0.009482563821)
(0.04875 0.0008296168355 0.009482563821)
(0.049375 0.0008296168355 0.009482563821)
(0.05 0.0008296168355 0.009482563821)
(0 0.00085407549 0.009762127521)
(0.000625 0.00085407549 0.009762127521)
(0.00125 0.00085407549 0.009762127521)
(0.001875 0.00085407549 0.009762127521)
(0.0025 0.00085407549 0.009762127521)
(0.003125 0.00085407549 0.009762127521)
(0.00375 0.00085407549 0.009762127521)
(0.004375 0.00085407549 0.009762127521)
(0.005 0.00085407549 0.009762127521)
(0.005625 0.00085407549 0.009762127521)
(0.00625 0.00085407549 0.009762127521)
(0.006875 0.00085407549 0.009762127521)
(0.0075 0.00085407549 0.009762127521)
(0.008125 0.00085407549 0.009762127521)
(0.00875 0.00085407549 0.009762127521)
(0.009375 0.00085407549 0.009762127521)
(0.01 0.00085407549 0.009762127521)
(0.010625 0.00085407549 0.009762127521)
(0.01125 0.00085407549 0.009762127521)
(0.011875 0.00085407549 0.009762127521)
(0.0125 0.00085407549 0.009762127521)
(0.013125 0.00085407549 0.009762127521)
(0.01375 0.00085407549 0.009762127521)
(0.014375 0.00085407549 0.009762127521)
(0.015 0.00085407549 0.009762127521)
(0.015625 0.00085407549 0.009762127521)
(0.01625 0.00085407549 0.009762127521)
(0.016875 0.00085407549 0.009762127521)
(0.0175 0.00085407549 0.009762127521)
(0.018125 0.00085407549 0.009762127521)
(0.01875 0.00085407549 0.009762127521)
(0.019375 0.00085407549 0.009762127521)
(0.02 0.00085407549 0.009762127521)
(0.020625 0.00085407549 0.009762127521)
(0.02125 0.00085407549 0.009762127521)
(0.021875 0.00085407549 0.009762127521)
(0.0225 0.00085407549 0.009762127521)
(0.023125 0.00085407549 0.009762127521)
(0.02375 0.00085407549 0.009762127521)
(0.024375 0.00085407549 0.009762127521)
(0.025 0.00085407549 0.009762127521)
(0.025625 0.00085407549 0.009762127521)
(0.02625 0.00085407549 0.009762127521)
(0.026875 0.00085407549 0.009762127521)
(0.0275 0.00085407549 0.009762127521)
(0.028125 0.00085407549 0.009762127521)
(0.02875 0.00085407549 0.009762127521)
(0.029375 0.00085407549 0.009762127521)
(0.03 0.00085407549 0.009762127521)
(0.030625 0.00085407549 0.009762127521)
(0.03125 0.00085407549 0.009762127521)
(0.031875 0.00085407549 0.009762127521)
(0.0325 0.00085407549 0.009762127521)
(0.033125 0.00085407549 0.009762127521)
(0.03375 0.00085407549 0.009762127521)
(0.034375 0.00085407549 0.009762127521)
(0.035 0.00085407549 0.009762127521)
(0.035625 0.00085407549 0.009762127521)
(0.03625 0.00085407549 0.009762127521)
(0.036875 0.00085407549 0.009762127521)
(0.0375 0.00085407549 0.009762127521)
(0.038125 0.00085407549 0.009762127521)
(0.03875 0.00085407549 0.009762127521)
(0.039375 0.00085407549 0.009762127521)
(0.04 0.00085407549 0.009762127521)
(0.040625 0.00085407549 0.009762127521)
(0.04125 0.00085407549 0.009762127521)
(0.041875 0.00085407549 0.009762127521)
(0.0425 0.00085407549 0.009762127521)
(0.043125 0.00085407549 0.009762127521)
(0.04375 0.00085407549 0.009762127521)
(0.044375 0.00085407549 0.009762127521)
(0.045 0.00085407549 0.009762127521)
(0.045625 0.00085407549 0.009762127521)
(0.04625 0.00085407549 0.009762127521)
(0.046875 0.00085407549 0.009762127521)
(0.0475 0.00085407549 0.009762127521)
(0.048125 0.00085407549 0.009762127521)
(0.04875 0.00085407549 0.009762127521)
(0.049375 0.00085407549 0.009762127521)
(0.05 0.00085407549 0.009762127521)
(0 0.0008802305856 0.01006108163)
(0.000625 0.0008802305856 0.01006108163)
(0.00125 0.0008802305856 0.01006108163)
(0.001875 0.0008802305856 0.01006108163)
(0.0025 0.0008802305856 0.01006108163)
(0.003125 0.0008802305856 0.01006108163)
(0.00375 0.0008802305856 0.01006108163)
(0.004375 0.0008802305856 0.01006108163)
(0.005 0.0008802305856 0.01006108163)
(0.005625 0.0008802305856 0.01006108163)
(0.00625 0.0008802305856 0.01006108163)
(0.006875 0.0008802305856 0.01006108163)
(0.0075 0.0008802305856 0.01006108163)
(0.008125 0.0008802305856 0.01006108163)
(0.00875 0.0008802305856 0.01006108163)
(0.009375 0.0008802305856 0.01006108163)
(0.01 0.0008802305856 0.01006108163)
(0.010625 0.0008802305856 0.01006108163)
(0.01125 0.0008802305856 0.01006108163)
(0.011875 0.0008802305856 0.01006108163)
(0.0125 0.0008802305856 0.01006108163)
(0.013125 0.0008802305856 0.01006108163)
(0.01375 0.0008802305856 0.01006108163)
(0.014375 0.0008802305856 0.01006108163)
(0.015 0.0008802305856 0.01006108163)
(0.015625 0.0008802305856 0.01006108163)
(0.01625 0.0008802305856 0.01006108163)
(0.016875 0.0008802305856 0.01006108163)
(0.0175 0.0008802305856 0.01006108163)
(0.018125 0.0008802305856 0.01006108163)
(0.01875 0.0008802305856 0.01006108163)
(0.019375 0.0008802305856 0.01006108163)
(0.02 0.0008802305856 0.01006108163)
(0.020625 0.0008802305856 0.01006108163)
(0.02125 0.0008802305856 0.01006108163)
(0.021875 0.0008802305856 0.01006108163)
(0.0225 0.0008802305856 0.01006108163)
(0.023125 0.0008802305856 0.01006108163)
(0.02375 0.0008802305856 0.01006108163)
(0.024375 0.0008802305856 0.01006108163)
(0.025 0.0008802305856 0.01006108163)
(0.025625 0.0008802305856 0.01006108163)
(0.02625 0.0008802305856 0.01006108163)
(0.026875 0.0008802305856 0.01006108163)
(0.0275 0.0008802305856 0.01006108163)
(0.028125 0.0008802305856 0.01006108163)
(0.02875 0.0008802305856 0.01006108163)
(0.029375 0.0008802305856 0.01006108163)
(0.03 0.0008802305856 0.01006108163)
(0.030625 0.0008802305856 0.01006108163)
(0.03125 0.0008802305856 0.01006108163)
(0.031875 0.0008802305856 0.01006108163)
(0.0325 0.0008802305856 0.01006108163)
(0.033125 0.0008802305856 0.01006108163)
(0.03375 0.0008802305856 0.01006108163)
(0.034375 0.0008802305856 0.01006108163)
(0.035 0.0008802305856 0.01006108163)
(0.035625 0.0008802305856 0.01006108163)
(0.03625 0.0008802305856 0.01006108163)
(0.036875 0.0008802305856 0.01006108163)
(0.0375 0.0008802305856 0.01006108163)
(0.038125 0.0008802305856 0.01006108163)
(0.03875 0.0008802305856 0.01006108163)
(0.039375 0.0008802305856 0.01006108163)
(0.04 0.0008802305856 0.01006108163)
(0.040625 0.0008802305856 0.01006108163)
(0.04125 0.0008802305856 0.01006108163)
(0.041875 0.0008802305856 0.01006108163)
(0.0425 0.0008802305856 0.01006108163)
(0.043125 0.0008802305856 0.01006108163)
(0.04375 0.0008802305856 0.01006108163)
(0.044375 0.0008802305856 0.01006108163)
(0.045 0.0008802305856 0.01006108163)
(0.045625 0.0008802305856 0.01006108163)
(0.04625 0.0008802305856 0.01006108163)
(0.046875 0.0008802305856 0.01006108163)
(0.0475 0.0008802305856 0.01006108163)
(0.048125 0.0008802305856 0.01006108163)
(0.04875 0.0008802305856 0.01006108163)
(0.049375 0.0008802305856 0.01006108163)
(0.05 0.0008802305856 0.01006108163)
(0 0.0009081997867 0.01038077106)
(0.000625 0.0009081997867 0.01038077106)
(0.00125 0.0009081997867 0.01038077106)
(0.001875 0.0009081997867 0.01038077106)
(0.0025 0.0009081997867 0.01038077106)
(0.003125 0.0009081997867 0.01038077106)
(0.00375 0.0009081997867 0.01038077106)
(0.004375 0.0009081997867 0.01038077106)
(0.005 0.0009081997867 0.01038077106)
(0.005625 0.0009081997867 0.01038077106)
(0.00625 0.0009081997867 0.01038077106)
(0.006875 0.0009081997867 0.01038077106)
(0.0075 0.0009081997867 0.01038077106)
(0.008125 0.0009081997867 0.01038077106)
(0.00875 0.0009081997867 0.01038077106)
(0.009375 0.0009081997867 0.01038077106)
(0.01 0.0009081997867 0.01038077106)
(0.010625 0.0009081997867 0.01038077106)
(0.01125 0.0009081997867 0.01038077106)
(0.011875 0.0009081997867 0.01038077106)
(0.0125 0.0009081997867 0.01038077106)
(0.013125 0.0009081997867 0.01038077106)
(0.01375 0.0009081997867 0.01038077106)
(0.014375 0.0009081997867 0.01038077106)
(0.015 0.0009081997867 0.01038077106)
(0.015625 0.0009081997867 0.01038077106)
(0.01625 0.0009081997867 0.01038077106)
(0.016875 0.0009081997867 0.01038077106)
(0.0175 0.0009081997867 0.01038077106)
(0.018125 0.0009081997867 0.01038077106)
(0.01875 0.0009081997867 0.01038077106)
(0.019375 0.0009081997867 0.01038077106)
(0.02 0.0009081997867 0.01038077106)
(0.020625 0.0009081997867 0.01038077106)
(0.02125 0.0009081997867 0.01038077106)
(0.021875 0.0009081997867 0.01038077106)
(0.0225 0.0009081997867 0.01038077106)
(0.023125 0.0009081997867 0.01038077106)
(0.02375 0.0009081997867 0.01038077106)
(0.024375 0.0009081997867 0.01038077106)
(0.025 0.0009081997867 0.01038077106)
(0.025625 0.0009081997867 0.01038077106)
(0.02625 0.0009081997867 0.01038077106)
(0.026875 0.0009081997867 0.01038077106)
(0.0275 0.0009081997867 0.01038077106)
(0.028125 0.0009081997867 0.01038077106)
(0.02875 0.0009081997867 0.01038077106)
(0.029375 0.0009081997867 0.01038077106)
(0.03 0.0009081997867 0.01038077106)
(0.030625 0.0009081997867 0.01038077106)
(0.03125 0.0009081997867 0.01038077106)
(0.031875 0.0009081997867 0.01038077106)
(0.0325 0.0009081997867 0.01038077106)
(0.033125 0.0009081997867 0.01038077106)
(0.03375 0.0009081997867 0.01038077106)
(0.034375 0.0009081997867 0.01038077106)
(0.035 0.0009081997867 0.01038077106)
(0.035625 0.0009081997867 0.01038077106)
(0.03625 0.0009081997867 0.01038077106)
(0.036875 0.0009081997867 0.01038077106)
(0.0375 0.0009081997867 0.01038077106)
(0.038125 0.0009081997867 0.01038077106)
(0.03875 0.0009081997867 0.01038077106)
(0.039375 0.0009081997867 0.01038077106)
(0.04 0.0009081997867 0.01038077106)
(0.040625 0.0009081997867 0.01038077106)
(0.04125 0.0009081997867 0.01038077106)
(0.041875 0.0009081997867 0.01038077106)
(0.0425 0.0009081997867 0.01038077106)
(0.043125 0.0009081997867 0.01038077106)
(0.04375 0.0009081997867 0.01038077106)
(0.044375 0.0009081997867 0.01038077106)
(0.045 0.0009081997867 0.01038077106)
(0.045625 0.0009081997867 0.01038077106)
(0.04625 0.0009081997867 0.01038077106)
(0.046875 0.0009081997867 0.01038077106)
(0.0475 0.0009081997867 0.01038077106)
(0.048125 0.0009081997867 0.01038077106)
(0.04875 0.0009081997867 0.01038077106)
(0.049375 0.0009081997867 0.01038077106)
(0.05 0.0009081997867 0.01038077106)
(0 0.0009381089189 0.01072263401)
(0.000625 0.0009381089189 0.01072263401)
(0.00125 0.0009381089189 0.01072263401)
(0.001875 0.0009381089189 0.01072263401)
(0.0025 0.0009381089189 0.01072263401)
(0.003125 0.0009381089189 0.01072263401)
(0.00375 0.0009381089189 0.01072263401)
(0.004375 0.0009381089189 0.01072263401)
(0.005 0.0009381089189 0.01072263401)
(0.005625 0.0009381089189 0.01072263401)
(0.00625 0.0009381089189 0.01072263401)
(0.006875 0.0009381089189 0.01072263401)
(0.0075 0.0009381089189 0.01072263401)
(0.008125 0.0009381089189 0.01072263401)
(0.00875 0.0009381089189 0.01072263401)
(0.009375 0.0009381089189 0.01072263401)
(0.01 0.0009381089189 0.01072263401)
(0.010625 0.0009381089189 0.01072263401)
(0.01125 0.0009381089189 0.01072263401)
(0.011875 0.0009381089189 0.01072263401)
(0.0125 0.0009381089189 0.01072263401)
(0.013125 0.0009381089189 0.01072263401)
(0.01375 0.0009381089189 0.01072263401)
(0.014375 0.0009381089189 0.01072263401)
(0.015 0.0009381089189 0.01072263401)
(0.015625 0.0009381089189 0.01072263401)
(0.01625 0.0009381089189 0.01072263401)
(0.016875 0.0009381089189 0.01072263401)
(0.0175 0.0009381089189 0.01072263401)
(0.018125 0.0009381089189 0.01072263401)
(0.01875 0.0009381089189 0.01072263401)
(0.019375 0.0009381089189 0.01072263401)
(0.02 0.0009381089189 0.01072263401)
(0.020625 0.0009381089189 0.01072263401)
(0.02125 0.0009381089189 0.01072263401)
(0.021875 0.0009381089189 0.01072263401)
(0.0225 0.0009381089189 0.01072263401)
(0.023125 0.0009381089189 0.01072263401)
(0.02375 0.0009381089189 0.01072263401)
(0.024375 0.0009381089189 0.01072263401)
(0.025 0.0009381089189 0.01072263401)
(0.025625 0.0009381089189 0.01072263401)
(0.02625 0.0009381089189 0.01072263401)
(0.026875 0.0009381089189 0.01072263401)
(0.0275 0.0009381089189 0.01072263401)
(0.028125 0.0009381089189 0.01072263401)
(0.02875 0.0009381089189 0.01072263401)
(0.029375 0.0009381089189 0.01072263401)
(0.03 0.0009381089189 0.01072263401)
(0.030625 0.0009381089189 0.01072263401)
(0.03125 0.0009381089189 0.01072263401)
(0.031875 0.0009381089189 0.01072263401)
(0.0325 0.0009381089189 0.01072263401)
(0.033125 0.0009381089189 0.01072263401)
(0.03375 0.0009381089189 0.01072263401)
(0.034375 0.0009381089189 0.01072263401)
(0.035 0.0009381089189 0.01072263401)
(0.035625 0.0009381089189 0.01072263401)
(0.03625 0.0009381089189 0.01072263401)
(0.036875 0.0009381089189 0.01072263401)
(0.0375 0.0009381089189 0.01072263401)
(0.038125 0.0009381089189 0.01072263401)
(0.03875 0.0009381089189 0.01072263401)
(0.039375 0.0009381089189 0.01072263401)
(0.04 0.0009381089189 0.01072263401)
(0.040625 0.0009381089189 0.01072263401)
(0.04125 0.0009381089189 0.01072263401)
(0.041875 0.0009381089189 0.01072263401)
(0.0425 0.0009381089189 0.01072263401)
(0.043125 0.0009381089189 0.01072263401)
(0.04375 0.0009381089189 0.01072263401)
(0.044375 0.0009381089189 0.01072263401)
(0.045 0.0009381089189 0.01072263401)
(0.045625 0.0009381089189 0.01072263401)
(0.04625 0.0009381089189 0.01072263401)
(0.046875 0.0009381089189 0.01072263401)
(0.0475 0.0009381089189 0.01072263401)
(0.048125 0.0009381089189 0.01072263401)
(0.04875 0.0009381089189 0.01072263401)
(0.049375 0.0009381089189 0.01072263401)
(0.05 0.0009381089189 0.01072263401)
(0 0.0009700925348 0.01108820841)
(0.000625 0.0009700925348 0.01108820841)
(0.00125 0.0009700925348 0.01108820841)
(0.001875 0.0009700925348 0.01108820841)
(0.0025 0.0009700925348 0.01108820841)
(0.003125 0.0009700925348 0.01108820841)
(0.00375 0.0009700925348 0.01108820841)
(0.004375 0.0009700925348 0.01108820841)
(0.005 0.0009700925348 0.01108820841)
(0.005625 0.0009700925348 0.01108820841)
(0.00625 0.0009700925348 0.01108820841)
(0.006875 0.0009700925348 0.01108820841)
(0.0075 0.0009700925348 0.01108820841)
(0.008125 0.0009700925348 0.01108820841)
(0.00875 0.0009700925348 0.01108820841)
(0.009375 0.0009700925348 0.01108820841)
(0.01 0.0009700925348 0.01108820841)
(0.010625 0.0009700925348 0.01108820841)
(0.01125 0.0009700925348 0.01108820841)
(0.011875 0.0009700925348 0.01108820841)
(0.0125 0.0009700925348 0.01108820841)
(0.013125 0.0009700925348 0.01108820841)
(0.01375 0.0009700925348 0.01108820841)
(0.014375 0.0009700925348 0.01108820841)
(0.015 0.0009700925348 0.01108820841)
(0.015625 0.0009700925348 0.01108820841)
(0.01625 0.0009700925348 0.01108820841)
(0.016875 0.0009700925348 0.01108820841)
(0.0175 0.0009700925348 0.01108820841)
(0.018125 0.0009700925348 0.01108820841)
(0.01875 0.0009700925348 0.01108820841)
(0.019375 0.0009700925348 0.01108820841)
(0.02 0.0009700925348 0.01108820841)
(0.020625 0.0009700925348 0.01108820841)
(0.02125 0.0009700925348 0.01108820841)
(0.021875 0.0009700925348 0.01108820841)
(0.0225 0.0009700925348 0.01108820841)
(0.023125 0.0009700925348 0.01108820841)
(0.02375 0.0009700925348 0.01108820841)
(0.024375 0.0009700925348 0.01108820841)
(0.025 0.0009700925348 0.01108820841)
(0.025625 0.0009700925348 0.01108820841)
(0.02625 0.0009700925348 0.01108820841)
(0.026875 0.0009700925348 0.01108820841)
(0.0275 0.0009700925348 0.01108820841)
(0.028125 0.0009700925348 0.01108820841)
(0.02875 0.0009700925348 0.01108820841)
(0.029375 0.0009700925348 0.01108820841)
(0.03 0.0009700925348 0.01108820841)
(0.030625 0.0009700925348 0.01108820841)
(0.03125 0.0009700925348 0.01108820841)
(0.031875 0.0009700925348 0.01108820841)
(0.0325 0.0009700925348 0.01108820841)
(0.033125 0.0009700925348 0.01108820841)
(0.03375 0.0009700925348 0.01108820841)
(0.034375 0.0009700925348 0.01108820841)
(0.035 0.0009700925348 0.01108820841)
(0.035625 0.0009700925348 0.01108820841)
(0.03625 0.0009700925348 0.01108820841)
(0.036875 0.0009700925348 0.01108820841)
(0.0375 0.0009700925348 0.01108820841)
(0.038125 0.0009700925348 0.01108820841)
(0.03875 0.0009700925348 0.01108820841)
(0.039375 0.0009700925348 0.01108820841)
(0.04 0.0009700925348 0.01108820841)
(0.040625 0.0009700925348 0.01108820841)
(0.04125 0.0009700925348 0.01108820841)
(0.041875 0.0009700925348 0.01108820841)
(0.0425 0.0009700925348 0.01108820841)
(0.043125 0.0009700925348 0.01108820841)
(0.04375 0.0009700925348 0.01108820841)
(0.044375 0.0009700925348 0.01108820841)
(0.045 0.0009700925348 0.01108820841)
(0.045625 0.0009700925348 0.01108820841)
(0.04625 0.0009700925348 0.01108820841)
(0.046875 0.0009700925348 0.01108820841)
(0.0475 0.0009700925348 0.01108820841)
(0.048125 0.0009700925348 0.01108820841)
(0.04875 0.0009700925348 0.01108820841)
(0.049375 0.0009700925348 0.01108820841)
(0.05 0.0009700925348 0.01108820841)
(0 0.00100429452 0.01147913889)
(0.000625 0.00100429452 0.01147913889)
(0.00125 0.00100429452 0.01147913889)
(0.001875 0.00100429452 0.01147913889)
(0.0025 0.00100429452 0.01147913889)
(0.003125 0.00100429452 0.01147913889)
(0.00375 0.00100429452 0.01147913889)
(0.004375 0.00100429452 0.01147913889)
(0.005 0.00100429452 0.01147913889)
(0.005625 0.00100429452 0.01147913889)
(0.00625 0.00100429452 0.01147913889)
(0.006875 0.00100429452 0.01147913889)
(0.0075 0.00100429452 0.01147913889)
(0.008125 0.00100429452 0.01147913889)
(0.00875 0.00100429452 0.01147913889)
(0.009375 0.00100429452 0.01147913889)
(0.01 0.00100429452 0.01147913889)
(0.010625 0.00100429452 0.01147913889)
(0.01125 0.00100429452 0.01147913889)
(0.011875 0.00100429452 0.01147913889)
(0.0125 0.00100429452 0.01147913889)
(0.013125 0.00100429452 0.01147913889)
(0.01375 0.00100429452 0.01147913889)
(0.014375 0.00100429452 0.01147913889)
(0.015 0.00100429452 0.01147913889)
(0.015625 0.00100429452 0.01147913889)
(0.01625 0.00100429452 0.01147913889)
(0.016875 0.00100429452 0.01147913889)
(0.0175 0.00100429452 0.01147913889)
(0.018125 0.00100429452 0.01147913889)
(0.01875 0.00100429452 0.01147913889)
(0.019375 0.00100429452 0.01147913889)
(0.02 0.00100429452 0.01147913889)
(0.020625 0.00100429452 0.01147913889)
(0.02125 0.00100429452 0.01147913889)
(0.021875 0.00100429452 0.01147913889)
(0.0225 0.00100429452 0.01147913889)
(0.023125 0.00100429452 0.01147913889)
(0.02375 0.00100429452 0.01147913889)
(0.024375 0.00100429452 0.01147913889)
(0.025 0.00100429452 0.01147913889)
(0.025625 0.00100429452 0.01147913889)
(0.02625 0.00100429452 0.01147913889)
(0.026875 0.00100429452 0.01147913889)
(0.0275 0.00100429452 0.01147913889)
(0.028125 0.00100429452 0.01147913889)
(0.02875 0.00100429452 0.01147913889)
(0.029375 0.00100429452 0.01147913889)
(0.03 0.00100429452 0.01147913889)
(0.030625 0.00100429452 0.01147913889)
(0.03125 0.00100429452 0.01147913889)
(0.031875 0.00100429452 0.01147913889)
(0.0325 0.00100429452 0.01147913889)
(0.033125 0.00100429452 0.01147913889)
(0.03375 0.00100429452 0.01147913889)
(0.034375 0.00100429452 0.01147913889)
(0.035 0.00100429452 0.01147913889)
(0.035625 0.00100429452 0.01147913889)
(0.03625 0.00100429452 0.01147913889)
(0.036875 0.00100429452 0.01147913889)
(0.0375 0.00100429452 0.01147913889)
(0.038125 0.00100429452 0.01147913889)
(0.03875 0.00100429452 0.01147913889)
(0.039375 0.00100429452 0.01147913889)
(0.04 0.00100429452 0.01147913889)
(0.040625 0.00100429452 0.01147913889)
(0.04125 0.00100429452 0.01147913889)
(0.041875 0.00100429452 0.01147913889)
(0.0425 0.00100429452 0.01147913889)
(0.043125 0.00100429452 0.01147913889)
(0.04375 0.00100429452 0.01147913889)
(0.044375 0.00100429452 0.01147913889)
(0.045 0.00100429452 0.01147913889)
(0.045625 0.00100429452 0.01147913889)
(0.04625 0.00100429452 0.01147913889)
(0.046875 0.00100429452 0.01147913889)
(0.0475 0.00100429452 0.01147913889)
(0.048125 0.00100429452 0.01147913889)
(0.04875 0.00100429452 0.01147913889)
(0.049375 0.00100429452 0.01147913889)
(0.05 0.00100429452 0.01147913889)
(0 0.001040868739 0.01189718413)
(0.000625 0.001040868739 0.01189718413)
(0.00125 0.001040868739 0.01189718413)
(0.001875 0.001040868739 0.01189718413)
(0.0025 0.001040868739 0.01189718413)
(0.003125 0.001040868739 0.01189718413)
(0.00375 0.001040868739 0.01189718413)
(0.004375 0.001040868739 0.01189718413)
(0.005 0.001040868739 0.01189718413)
(0.005625 0.001040868739 0.01189718413)
(0.00625 0.001040868739 0.01189718413)
(0.006875 0.001040868739 0.01189718413)
(0.0075 0.001040868739 0.01189718413)
(0.008125 0.001040868739 0.01189718413)
(0.00875 0.001040868739 0.01189718413)
(0.009375 0.001040868739 0.01189718413)
(0.01 0.001040868739 0.01189718413)
(0.010625 0.001040868739 0.01189718413)
(0.01125 0.001040868739 0.01189718413)
(0.011875 0.001040868739 0.01189718413)
(0.0125 0.001040868739 0.01189718413)
(0.013125 0.001040868739 0.01189718413)
(0.01375 0.001040868739 0.01189718413)
(0.014375 0.001040868739 0.01189718413)
(0.015 0.001040868739 0.01189718413)
(0.015625 0.001040868739 0.01189718413)
(0.01625 0.001040868739 0.01189718413)
(0.016875 0.001040868739 0.01189718413)
(0.0175 0.001040868739 0.01189718413)
(0.018125 0.001040868739 0.01189718413)
(0.01875 0.001040868739 0.01189718413)
(0.019375 0.001040868739 0.01189718413)
(0.02 0.001040868739 0.01189718413)
(0.020625 0.001040868739 0.01189718413)
(0.02125 0.001040868739 0.01189718413)
(0.021875 0.001040868739 0.01189718413)
(0.0225 0.001040868739 0.01189718413)
(0.023125 0.001040868739 0.01189718413)
(0.02375 0.001040868739 0.01189718413)
(0.024375 0.001040868739 0.01189718413)
(0.025 0.001040868739 0.01189718413)
(0.025625 0.001040868739 0.01189718413)
(0.02625 0.001040868739 0.01189718413)
(0.026875 0.001040868739 0.01189718413)
(0.0275 0.001040868739 0.01189718413)
(0.028125 0.001040868739 0.01189718413)
(0.02875 0.001040868739 0.01189718413)
(0.029375 0.001040868739 0.01189718413)
(0.03 0.001040868739 0.01189718413)
(0.030625 0.001040868739 0.01189718413)
(0.03125 0.001040868739 0.01189718413)
(0.031875 0.001040868739 0.01189718413)
(0.0325 0.001040868739 0.01189718413)
(0.033125 0.001040868739 0.01189718413)
(0.03375 0.001040868739 0.01189718413)
(0.034375 0.001040868739 0.01189718413)
(0.035 0.001040868739 0.01189718413)
(0.035625 0.001040868739 0.01189718413)
(0.03625 0.001040868739 0.01189718413)
(0.036875 0.001040868739 0.01189718413)
(0.0375 0.001040868739 0.01189718413)
(0.038125 0.001040868739 0.01189718413)
(0.03875 0.001040868739 0.01189718413)
(0.039375 0.001040868739 0.01189718413)
(0.04 0.001040868739 0.01189718413)
(0.040625 0.001040868739 0.01189718413)
(0.04125 0.001040868739 0.01189718413)
(0.041875 0.001040868739 0.01189718413)
(0.0425 0.001040868739 0.01189718413)
(0.043125 0.001040868739 0.01189718413)
(0.04375 0.001040868739 0.01189718413)
(0.044375 0.001040868739 0.01189718413)
(0.045 0.001040868739 0.01189718413)
(0.045625 0.001040868739 0.01189718413)
(0.04625 0.001040868739 0.01189718413)
(0.046875 0.001040868739 0.01189718413)
(0.0475 0.001040868739 0.01189718413)
(0.048125 0.001040868739 0.01189718413)
(0.04875 0.001040868739 0.01189718413)
(0.049375 0.001040868739 0.01189718413)
(0.05 0.001040868739 0.01189718413)
(0 0.001079979729 0.01234422479)
(0.000625 0.001079979729 0.01234422479)
(0.00125 0.001079979729 0.01234422479)
(0.001875 0.001079979729 0.01234422479)
(0.0025 0.001079979729 0.01234422479)
(0.003125 0.001079979729 0.01234422479)
(0.00375 0.001079979729 0.01234422479)
(0.004375 0.001079979729 0.01234422479)
(0.005 0.001079979729 0.01234422479)
(0.005625 0.001079979729 0.01234422479)
(0.00625 0.001079979729 0.01234422479)
(0.006875 0.001079979729 0.01234422479)
(0.0075 0.001079979729 0.01234422479)
(0.008125 0.001079979729 0.01234422479)
(0.00875 0.001079979729 0.01234422479)
(0.009375 0.001079979729 0.01234422479)
(0.01 0.001079979729 0.01234422479)
(0.010625 0.001079979729 0.01234422479)
(0.01125 0.001079979729 0.01234422479)
(0.011875 0.001079979729 0.01234422479)
(0.0125 0.001079979729 0.01234422479)
(0.013125 0.001079979729 0.01234422479)
(0.01375 0.001079979729 0.01234422479)
(0.014375 0.001079979729 0.01234422479)
(0.015 0.001079979729 0.01234422479)
(0.015625 0.001079979729 0.01234422479)
(0.01625 0.001079979729 0.01234422479)
(0.016875 0.001079979729 0.01234422479)
(0.0175 0.001079979729 0.01234422479)
(0.018125 0.001079979729 0.01234422479)
(0.01875 0.001079979729 0.01234422479)
(0.019375 0.001079979729 0.01234422479)
(0.02 0.001079979729 0.01234422479)
(0.020625 0.001079979729 0.01234422479)
(0.02125 0.001079979729 0.01234422479)
(0.021875 0.001079979729 0.01234422479)
(0.0225 0.001079979729 0.01234422479)
(0.023125 0.001079979729 0.01234422479)
(0.02375 0.001079979729 0.01234422479)
(0.024375 0.001079979729 0.01234422479)
(0.025 0.001079979729 0.01234422479)
(0.025625 0.001079979729 0.01234422479)
(0.02625 0.001079979729 0.01234422479)
(0.026875 0.001079979729 0.01234422479)
(0.0275 0.001079979729 0.01234422479)
(0.028125 0.001079979729 0.01234422479)
(0.02875 0.001079979729 0.01234422479)
(0.029375 0.001079979729 0.01234422479)
(0.03 0.001079979729 0.01234422479)
(0.030625 0.001079979729 0.01234422479)
(0.03125 0.001079979729 0.01234422479)
(0.031875 0.001079979729 0.01234422479)
(0.0325 0.001079979729 0.01234422479)
(0.033125 0.001079979729 0.01234422479)
(0.03375 0.001079979729 0.01234422479)
(0.034375 0.001079979729 0.01234422479)
(0.035 0.001079979729 0.01234422479)
(0.035625 0.001079979729 0.01234422479)
(0.03625 0.001079979729 0.01234422479)
(0.036875 0.001079979729 0.01234422479)
(0.0375 0.001079979729 0.01234422479)
(0.038125 0.001079979729 0.01234422479)
(0.03875 0.001079979729 0.01234422479)
(0.039375 0.001079979729 0.01234422479)
(0.04 0.001079979729 0.01234422479)
(0.040625 0.001079979729 0.01234422479)
(0.04125 0.001079979729 0.01234422479)
(0.041875 0.001079979729 0.01234422479)
(0.0425 0.001079979729 0.01234422479)
(0.043125 0.001079979729 0.01234422479)
(0.04375 0.001079979729 0.01234422479)
(0.044375 0.001079979729 0.01234422479)
(0.045 0.001079979729 0.01234422479)
(0.045625 0.001079979729 0.01234422479)
(0.04625 0.001079979729 0.01234422479)
(0.046875 0.001079979729 0.01234422479)
(0.0475 0.001079979729 0.01234422479)
(0.048125 0.001079979729 0.01234422479)
(0.04875 0.001079979729 0.01234422479)
(0.049375 0.001079979729 0.01234422479)
(0.05 0.001079979729 0.01234422479)
(0 0.00112180344 0.01282227199)
(0.000625 0.00112180344 0.01282227199)
(0.00125 0.00112180344 0.01282227199)
(0.001875 0.00112180344 0.01282227199)
(0.0025 0.00112180344 0.01282227199)
(0.003125 0.00112180344 0.01282227199)
(0.00375 0.00112180344 0.01282227199)
(0.004375 0.00112180344 0.01282227199)
(0.005 0.00112180344 0.01282227199)
(0.005625 0.00112180344 0.01282227199)
(0.00625 0.00112180344 0.01282227199)
(0.006875 0.00112180344 0.01282227199)
(0.0075 0.00112180344 0.01282227199)
(0.008125 0.00112180344 0.01282227199)
(0.00875 0.00112180344 0.01282227199)
(0.009375 0.00112180344 0.01282227199)
(0.01 0.00112180344 0.01282227199)
(0.010625 0.00112180344 0.01282227199)
(0.01125 0.00112180344 0.01282227199)
(0.011875 0.00112180344 0.01282227199)
(0.0125 0.00112180344 0.01282227199)
(0.013125 0.00112180344 0.01282227199)
(0.01375 0.00112180344 0.01282227199)
(0.014375 0.00112180344 0.01282227199)
(0.015 0.00112180344 0.01282227199)
(0.015625 0.00112180344 0.01282227199)
(0.01625 0.00112180344 0.01282227199)
(0.016875 0.00112180344 0.01282227199)
(0.0175 0.00112180344 0.01282227199)
(0.018125 0.00112180344 0.01282227199)
(0.01875 0.00112180344 0.01282227199)
(0.019375 0.00112180344 0.01282227199)
(0.02 0.00112180344 0.01282227199)
(0.020625 0.00112180344 0.01282227199)
(0.02125 0.00112180344 0.01282227199)
(0.021875 0.00112180344 0.01282227199)
(0.0225 0.00112180344 0.01282227199)
(0.023125 0.00112180344 0.01282227199)
(0.02375 0.00112180344 0.01282227199)
(0.024375 0.00112180344 0.01282227199)
(0.025 0.00112180344 0.01282227199)
(0.025625 0.00112180344 0.01282227199)
(0.02625 0.00112180344 0.01282227199)
(0.026875 0.00112180344 0.01282227199)
(0.0275 0.00112180344 0.01282227199)
(0.028125 0.00112180344 0.01282227199)
(0.02875 0.00112180344 0.01282227199)
(0.029375 0.00112180344 0.01282227199)
(0.03 0.00112180344 0.01282227199)
(0.030625 0.00112180344 0.01282227199)
(0.03125 0.00112180344 0.01282227199)
(0.031875 0.00112180344 0.01282227199)
(0.0325 0.00112180344 0.01282227199)
(0.033125 0.00112180344 0.01282227199)
(0.03375 0.00112180344 0.01282227199)
(0.034375 0.00112180344 0.01282227199)
(0.035 0.00112180344 0.01282227199)
(0.035625 0.00112180344 0.01282227199)
(0.03625 0.00112180344 0.01282227199)
(0.036875 0.00112180344 0.01282227199)
(0.0375 0.00112180344 0.01282227199)
(0.038125 0.00112180344 0.01282227199)
(0.03875 0.00112180344 0.01282227199)
(0.039375 0.00112180344 0.01282227199)
(0.04 0.00112180344 0.01282227199)
(0.040625 0.00112180344 0.01282227199)
(0.04125 0.00112180344 0.01282227199)
(0.041875 0.00112180344 0.01282227199)
(0.0425 0.00112180344 0.01282227199)
(0.043125 0.00112180344 0.01282227199)
(0.04375 0.00112180344 0.01282227199)
(0.044375 0.00112180344 0.01282227199)
(0.045 0.00112180344 0.01282227199)
(0.045625 0.00112180344 0.01282227199)
(0.04625 0.00112180344 0.01282227199)
(0.046875 0.00112180344 0.01282227199)
(0.0475 0.00112180344 0.01282227199)
(0.048125 0.00112180344 0.01282227199)
(0.04875 0.00112180344 0.01282227199)
(0.049375 0.00112180344 0.01282227199)
(0.05 0.00112180344 0.01282227199)
(0 0.001166528024 0.01333347633)
(0.000625 0.001166528024 0.01333347633)
(0.00125 0.001166528024 0.01333347633)
(0.001875 0.001166528024 0.01333347633)
(0.0025 0.001166528024 0.01333347633)
(0.003125 0.001166528024 0.01333347633)
(0.00375 0.001166528024 0.01333347633)
(0.004375 0.001166528024 0.01333347633)
(0.005 0.001166528024 0.01333347633)
(0.005625 0.001166528024 0.01333347633)
(0.00625 0.001166528024 0.01333347633)
(0.006875 0.001166528024 0.01333347633)
(0.0075 0.001166528024 0.01333347633)
(0.008125 0.001166528024 0.01333347633)
(0.00875 0.001166528024 0.01333347633)
(0.009375 0.001166528024 0.01333347633)
(0.01 0.001166528024 0.01333347633)
(0.010625 0.001166528024 0.01333347633)
(0.01125 0.001166528024 0.01333347633)
(0.011875 0.001166528024 0.01333347633)
(0.0125 0.001166528024 0.01333347633)
(0.013125 0.001166528024 0.01333347633)
(0.01375 0.001166528024 0.01333347633)
(0.014375 0.001166528024 0.01333347633)
(0.015 0.001166528024 0.01333347633)
(0.015625 0.001166528024 0.01333347633)
(0.01625 0.001166528024 0.01333347633)
(0.016875 0.001166528024 0.01333347633)
(0.0175 0.001166528024 0.01333347633)
(0.018125 0.001166528024 0.01333347633)
(0.01875 0.001166528024 0.01333347633)
(0.019375 0.001166528024 0.01333347633)
(0.02 0.001166528024 0.01333347633)
(0.020625 0.001166528024 0.01333347633)
(0.02125 0.001166528024 0.01333347633)
(0.021875 0.001166528024 0.01333347633)
(0.0225 0.001166528024 0.01333347633)
(0.023125 0.001166528024 0.01333347633)
(0.02375 0.001166528024 0.01333347633)
(0.024375 0.001166528024 0.01333347633)
(0.025 0.001166528024 0.01333347633)
(0.025625 0.001166528024 0.01333347633)
(0.02625 0.001166528024 0.01333347633)
(0.026875 0.001166528024 0.01333347633)
(0.0275 0.001166528024 0.01333347633)
(0.028125 0.001166528024 0.01333347633)
(0.02875 0.001166528024 0.01333347633)
(0.029375 0.001166528024 0.01333347633)
(0.03 0.001166528024 0.01333347633)
(0.030625 0.001166528024 0.01333347633)
(0.03125 0.001166528024 0.01333347633)
(0.031875 0.001166528024 0.01333347633)
(0.0325 0.001166528024 0.01333347633)
(0.033125 0.001166528024 0.01333347633)
(0.03375 0.001166528024 0.01333347633)
(0.034375 0.001166528024 0.01333347633)
(0.035 0.001166528024 0.01333347633)
(0.035625 0.001166528024 0.01333347633)
(0.03625 0.001166528024 0.01333347633)
(0.036875 0.001166528024 0.01333347633)
(0.0375 0.001166528024 0.01333347633)
(0.038125 0.001166528024 0.01333347633)
(0.03875 0.001166528024 0.01333347633)
(0.039375 0.001166528024 0.01333347633)
(0.04 0.001166528024 0.01333347633)
(0.040625 0.001166528024 0.01333347633)
(0.04125 0.001166528024 0.01333347633)
(0.041875 0.001166528024 0.01333347633)
(0.0425 0.001166528024 0.01333347633)
(0.043125 0.001166528024 0.01333347633)
(0.04375 0.001166528024 0.01333347633)
(0.044375 0.001166528024 0.01333347633)
(0.045 0.001166528024 0.01333347633)
(0.045625 0.001166528024 0.01333347633)
(0.04625 0.001166528024 0.01333347633)
(0.046875 0.001166528024 0.01333347633)
(0.0475 0.001166528024 0.01333347633)
(0.048125 0.001166528024 0.01333347633)
(0.04875 0.001166528024 0.01333347633)
(0.049375 0.001166528024 0.01333347633)
(0.05 0.001166528024 0.01333347633)
(0 0.001214354686 0.01388013757)
(0.000625 0.001214354686 0.01388013757)
(0.00125 0.001214354686 0.01388013757)
(0.001875 0.001214354686 0.01388013757)
(0.0025 0.001214354686 0.01388013757)
(0.003125 0.001214354686 0.01388013757)
(0.00375 0.001214354686 0.01388013757)
(0.004375 0.001214354686 0.01388013757)
(0.005 0.001214354686 0.01388013757)
(0.005625 0.001214354686 0.01388013757)
(0.00625 0.001214354686 0.01388013757)
(0.006875 0.001214354686 0.01388013757)
(0.0075 0.001214354686 0.01388013757)
(0.008125 0.001214354686 0.01388013757)
(0.00875 0.001214354686 0.01388013757)
(0.009375 0.001214354686 0.01388013757)
(0.01 0.001214354686 0.01388013757)
(0.010625 0.001214354686 0.01388013757)
(0.01125 0.001214354686 0.01388013757)
(0.011875 0.001214354686 0.01388013757)
(0.0125 0.001214354686 0.01388013757)
(0.013125 0.001214354686 0.01388013757)
(0.01375 0.001214354686 0.01388013757)
(0.014375 0.001214354686 0.01388013757)
(0.015 0.001214354686 0.01388013757)
(0.015625 0.001214354686 0.01388013757)
(0.01625 0.001214354686 0.01388013757)
(0.016875 0.001214354686 0.01388013757)
(0.0175 0.001214354686 0.01388013757)
(0.018125 0.001214354686 0.01388013757)
(0.01875 0.001214354686 0.01388013757)
(0.019375 0.001214354686 0.01388013757)
(0.02 0.001214354686 0.01388013757)
(0.020625 0.001214354686 0.01388013757)
(0.02125 0.001214354686 0.01388013757)
(0.021875 0.001214354686 0.01388013757)
(0.0225 0.001214354686 0.01388013757)
(0.023125 0.001214354686 0.01388013757)
(0.02375 0.001214354686 0.01388013757)
(0.024375 0.001214354686 0.01388013757)
(0.025 0.001214354686 0.01388013757)
(0.025625 0.001214354686 0.01388013757)
(0.02625 0.001214354686 0.01388013757)
(0.026875 0.001214354686 0.01388013757)
(0.0275 0.001214354686 0.01388013757)
(0.028125 0.001214354686 0.01388013757)
(0.02875 0.001214354686 0.01388013757)
(0.029375 0.001214354686 0.01388013757)
(0.03 0.001214354686 0.01388013757)
(0.030625 0.001214354686 0.01388013757)
(0.03125 0.001214354686 0.01388013757)
(0.031875 0.001214354686 0.01388013757)
(0.0325 0.001214354686 0.01388013757)
(0.033125 0.001214354686 0.01388013757)
(0.03375 0.001214354686 0.01388013757)
(0.034375 0.001214354686 0.01388013757)
(0.035 0.001214354686 0.01388013757)
(0.035625 0.001214354686 0.01388013757)
(0.03625 0.001214354686 0.01388013757)
(0.036875 0.001214354686 0.01388013757)
(0.0375 0.001214354686 0.01388013757)
(0.038125 0.001214354686 0.01388013757)
(0.03875 0.001214354686 0.01388013757)
(0.039375 0.001214354686 0.01388013757)
(0.04 0.001214354686 0.01388013757)
(0.040625 0.001214354686 0.01388013757)
(0.04125 0.001214354686 0.01388013757)
(0.041875 0.001214354686 0.01388013757)
(0.0425 0.001214354686 0.01388013757)
(0.043125 0.001214354686 0.01388013757)
(0.04375 0.001214354686 0.01388013757)
(0.044375 0.001214354686 0.01388013757)
(0.045 0.001214354686 0.01388013757)
(0.045625 0.001214354686 0.01388013757)
(0.04625 0.001214354686 0.01388013757)
(0.046875 0.001214354686 0.01388013757)
(0.0475 0.001214354686 0.01388013757)
(0.048125 0.001214354686 0.01388013757)
(0.04875 0.001214354686 0.01388013757)
(0.049375 0.001214354686 0.01388013757)
(0.05 0.001214354686 0.01388013757)
(0 0.001265498582 0.01446471498)
(0.000625 0.001265498582 0.01446471498)
(0.00125 0.001265498582 0.01446471498)
(0.001875 0.001265498582 0.01446471498)
(0.0025 0.001265498582 0.01446471498)
(0.003125 0.001265498582 0.01446471498)
(0.00375 0.001265498582 0.01446471498)
(0.004375 0.001265498582 0.01446471498)
(0.005 0.001265498582 0.01446471498)
(0.005625 0.001265498582 0.01446471498)
(0.00625 0.001265498582 0.01446471498)
(0.006875 0.001265498582 0.01446471498)
(0.0075 0.001265498582 0.01446471498)
(0.008125 0.001265498582 0.01446471498)
(0.00875 0.001265498582 0.01446471498)
(0.009375 0.001265498582 0.01446471498)
(0.01 0.001265498582 0.01446471498)
(0.010625 0.001265498582 0.01446471498)
(0.01125 0.001265498582 0.01446471498)
(0.011875 0.001265498582 0.01446471498)
(0.0125 0.001265498582 0.01446471498)
(0.013125 0.001265498582 0.01446471498)
(0.01375 0.001265498582 0.01446471498)
(0.014375 0.001265498582 0.01446471498)
(0.015 0.001265498582 0.01446471498)
(0.015625 0.001265498582 0.01446471498)
(0.01625 0.001265498582 0.01446471498)
(0.016875 0.001265498582 0.01446471498)
(0.0175 0.001265498582 0.01446471498)
(0.018125 0.001265498582 0.01446471498)
(0.01875 0.001265498582 0.01446471498)
(0.019375 0.001265498582 0.01446471498)
(0.02 0.001265498582 0.01446471498)
(0.020625 0.001265498582 0.01446471498)
(0.02125 0.001265498582 0.01446471498)
(0.021875 0.001265498582 0.01446471498)
(0.0225 0.001265498582 0.01446471498)
(0.023125 0.001265498582 0.01446471498)
(0.02375 0.001265498582 0.01446471498)
(0.024375 0.001265498582 0.01446471498)
(0.025 0.001265498582 0.01446471498)
(0.025625 0.001265498582 0.01446471498)
(0.02625 0.001265498582 0.01446471498)
(0.026875 0.001265498582 0.01446471498)
(0.0275 0.001265498582 0.01446471498)
(0.028125 0.001265498582 0.01446471498)
(0.02875 0.001265498582 0.01446471498)
(0.029375 0.001265498582 0.01446471498)
(0.03 0.001265498582 0.01446471498)
(0.030625 0.001265498582 0.01446471498)
(0.03125 0.001265498582 0.01446471498)
(0.031875 0.001265498582 0.01446471498)
(0.0325 0.001265498582 0.01446471498)
(0.033125 0.001265498582 0.01446471498)
(0.03375 0.001265498582 0.01446471498)
(0.034375 0.001265498582 0.01446471498)
(0.035 0.001265498582 0.01446471498)
(0.035625 0.001265498582 0.01446471498)
(0.03625 0.001265498582 0.01446471498)
(0.036875 0.001265498582 0.01446471498)
(0.0375 0.001265498582 0.01446471498)
(0.038125 0.001265498582 0.01446471498)
(0.03875 0.001265498582 0.01446471498)
(0.039375 0.001265498582 0.01446471498)
(0.04 0.001265498582 0.01446471498)
(0.040625 0.001265498582 0.01446471498)
(0.04125 0.001265498582 0.01446471498)
(0.041875 0.001265498582 0.01446471498)
(0.0425 0.001265498582 0.01446471498)
(0.043125 0.001265498582 0.01446471498)
(0.04375 0.001265498582 0.01446471498)
(0.044375 0.001265498582 0.01446471498)
(0.045 0.001265498582 0.01446471498)
(0.045625 0.001265498582 0.01446471498)
(0.04625 0.001265498582 0.01446471498)
(0.046875 0.001265498582 0.01446471498)
(0.0475 0.001265498582 0.01446471498)
(0.048125 0.001265498582 0.01446471498)
(0.04875 0.001265498582 0.01446471498)
(0.049375 0.001265498582 0.01446471498)
(0.05 0.001265498582 0.01446471498)
(0 0.001320189796 0.01508983842)
(0.000625 0.001320189796 0.01508983842)
(0.00125 0.001320189796 0.01508983842)
(0.001875 0.001320189796 0.01508983842)
(0.0025 0.001320189796 0.01508983842)
(0.003125 0.001320189796 0.01508983842)
(0.00375 0.001320189796 0.01508983842)
(0.004375 0.001320189796 0.01508983842)
(0.005 0.001320189796 0.01508983842)
(0.005625 0.001320189796 0.01508983842)
(0.00625 0.001320189796 0.01508983842)
(0.006875 0.001320189796 0.01508983842)
(0.0075 0.001320189796 0.01508983842)
(0.008125 0.001320189796 0.01508983842)
(0.00875 0.001320189796 0.01508983842)
(0.009375 0.001320189796 0.01508983842)
(0.01 0.001320189796 0.01508983842)
(0.010625 0.001320189796 0.01508983842)
(0.01125 0.001320189796 0.01508983842)
(0.011875 0.001320189796 0.01508983842)
(0.0125 0.001320189796 0.01508983842)
(0.013125 0.001320189796 0.01508983842)
(0.01375 0.001320189796 0.01508983842)
(0.014375 0.001320189796 0.01508983842)
(0.015 0.001320189796 0.01508983842)
(0.015625 0.001320189796 0.01508983842)
(0.01625 0.001320189796 0.01508983842)
(0.016875 0.001320189796 0.01508983842)
(0.0175 0.001320189796 0.01508983842)
(0.018125 0.001320189796 0.01508983842)
(0.01875 0.001320189796 0.01508983842)
(0.019375 0.001320189796 0.01508983842)
(0.02 0.001320189796 0.01508983842)
(0.020625 0.001320189796 0.01508983842)
(0.02125 0.001320189796 0.01508983842)
(0.021875 0.001320189796 0.01508983842)
(0.0225 0.001320189796 0.01508983842)
(0.023125 0.001320189796 0.01508983842)
(0.02375 0.001320189796 0.01508983842)
(0.024375 0.001320189796 0.01508983842)
(0.025 0.001320189796 0.01508983842)
(0.025625 0.001320189796 0.01508983842)
(0.02625 0.001320189796 0.01508983842)
(0.026875 0.001320189796 0.01508983842)
(0.0275 0.001320189796 0.01508983842)
(0.028125 0.001320189796 0.01508983842)
(0.02875 0.001320189796 0.01508983842)
(0.029375 0.001320189796 0.01508983842)
(0.03 0.001320189796 0.01508983842)
(0.030625 0.001320189796 0.01508983842)
(0.03125 0.001320189796 0.01508983842)
(0.031875 0.001320189796 0.01508983842)
(0.0325 0.001320189796 0.01508983842)
(0.033125 0.001320189796 0.01508983842)
(0.03375 0.001320189796 0.01508983842)
(0.034375 0.001320189796 0.01508983842)
(0.035 0.001320189796 0.01508983842)
(0.035625 0.001320189796 0.01508983842)
(0.03625 0.001320189796 0.01508983842)
(0.036875 0.001320189796 0.01508983842)
(0.0375 0.001320189796 0.01508983842)
(0.038125 0.001320189796 0.01508983842)
(0.03875 0.001320189796 0.01508983842)
(0.039375 0.001320189796 0.01508983842)
(0.04 0.001320189796 0.01508983842)
(0.040625 0.001320189796 0.01508983842)
(0.04125 0.001320189796 0.01508983842)
(0.041875 0.001320189796 0.01508983842)
(0.0425 0.001320189796 0.01508983842)
(0.043125 0.001320189796 0.01508983842)
(0.04375 0.001320189796 0.01508983842)
(0.044375 0.001320189796 0.01508983842)
(0.045 0.001320189796 0.01508983842)
(0.045625 0.001320189796 0.01508983842)
(0.04625 0.001320189796 0.01508983842)
(0.046875 0.001320189796 0.01508983842)
(0.0475 0.001320189796 0.01508983842)
(0.048125 0.001320189796 0.01508983842)
(0.04875 0.001320189796 0.01508983842)
(0.049375 0.001320189796 0.01508983842)
(0.05 0.001320189796 0.01508983842)
(0 0.001378674368 0.01575832013)
(0.000625 0.001378674368 0.01575832013)
(0.00125 0.001378674368 0.01575832013)
(0.001875 0.001378674368 0.01575832013)
(0.0025 0.001378674368 0.01575832013)
(0.003125 0.001378674368 0.01575832013)
(0.00375 0.001378674368 0.01575832013)
(0.004375 0.001378674368 0.01575832013)
(0.005 0.001378674368 0.01575832013)
(0.005625 0.001378674368 0.01575832013)
(0.00625 0.001378674368 0.01575832013)
(0.006875 0.001378674368 0.01575832013)
(0.0075 0.001378674368 0.01575832013)
(0.008125 0.001378674368 0.01575832013)
(0.00875 0.001378674368 0.01575832013)
(0.009375 0.001378674368 0.01575832013)
(0.01 0.001378674368 0.01575832013)
(0.010625 0.001378674368 0.01575832013)
(0.01125 0.001378674368 0.01575832013)
(0.011875 0.001378674368 0.01575832013)
(0.0125 0.001378674368 0.01575832013)
(0.013125 0.001378674368 0.01575832013)
(0.01375 0.001378674368 0.01575832013)
(0.014375 0.001378674368 0.01575832013)
(0.015 0.001378674368 0.01575832013)
(0.015625 0.001378674368 0.01575832013)
(0.01625 0.001378674368 0.01575832013)
(0.016875 0.001378674368 0.01575832013)
(0.0175 0.001378674368 0.01575832013)
(0.018125 0.001378674368 0.01575832013)
(0.01875 0.001378674368 0.01575832013)
(0.019375 0.001378674368 0.01575832013)
(0.02 0.001378674368 0.01575832013)
(0.020625 0.001378674368 0.01575832013)
(0.02125 0.001378674368 0.01575832013)
(0.021875 0.001378674368 0.01575832013)
(0.0225 0.001378674368 0.01575832013)
(0.023125 0.001378674368 0.01575832013)
(0.02375 0.001378674368 0.01575832013)
(0.024375 0.001378674368 0.01575832013)
(0.025 0.001378674368 0.01575832013)
(0.025625 0.001378674368 0.01575832013)
(0.02625 0.001378674368 0.01575832013)
(0.026875 0.001378674368 0.01575832013)
(0.0275 0.001378674368 0.01575832013)
(0.028125 0.001378674368 0.01575832013)
(0.02875 0.001378674368 0.01575832013)
(0.029375 0.001378674368 0.01575832013)
(0.03 0.001378674368 0.01575832013)
(0.030625 0.001378674368 0.01575832013)
(0.03125 0.001378674368 0.01575832013)
(0.031875 0.001378674368 0.01575832013)
(0.0325 0.001378674368 0.01575832013)
(0.033125 0.001378674368 0.01575832013)
(0.03375 0.001378674368 0.01575832013)
(0.034375 0.001378674368 0.01575832013)
(0.035 0.001378674368 0.01575832013)
(0.035625 0.001378674368 0.01575832013)
(0.03625 0.001378674368 0.01575832013)
(0.036875 0.001378674368 0.01575832013)
(0.0375 0.001378674368 0.01575832013)
(0.038125 0.001378674368 0.01575832013)
(0.03875 0.001378674368 0.01575832013)
(0.039375 0.001378674368 0.01575832013)
(0.04 0.001378674368 0.01575832013)
(0.040625 0.001378674368 0.01575832013)
(0.04125 0.001378674368 0.01575832013)
(0.041875 0.001378674368 0.01575832013)
(0.0425 0.001378674368 0.01575832013)
(0.043125 0.001378674368 0.01575832013)
(0.04375 0.001378674368 0.01575832013)
(0.044375 0.001378674368 0.01575832013)
(0.045 0.001378674368 0.01575832013)
(0.045625 0.001378674368 0.01575832013)
(0.04625 0.001378674368 0.01575832013)
(0.046875 0.001378674368 0.01575832013)
(0.0475 0.001378674368 0.01575832013)
(0.048125 0.001378674368 0.01575832013)
(0.04875 0.001378674368 0.01575832013)
(0.049375 0.001378674368 0.01575832013)
(0.05 0.001378674368 0.01575832013)
(0 0.001441215403 0.01647316744)
(0.000625 0.001441215403 0.01647316744)
(0.00125 0.001441215403 0.01647316744)
(0.001875 0.001441215403 0.01647316744)
(0.0025 0.001441215403 0.01647316744)
(0.003125 0.001441215403 0.01647316744)
(0.00375 0.001441215403 0.01647316744)
(0.004375 0.001441215403 0.01647316744)
(0.005 0.001441215403 0.01647316744)
(0.005625 0.001441215403 0.01647316744)
(0.00625 0.001441215403 0.01647316744)
(0.006875 0.001441215403 0.01647316744)
(0.0075 0.001441215403 0.01647316744)
(0.008125 0.001441215403 0.01647316744)
(0.00875 0.001441215403 0.01647316744)
(0.009375 0.001441215403 0.01647316744)
(0.01 0.001441215403 0.01647316744)
(0.010625 0.001441215403 0.01647316744)
(0.01125 0.001441215403 0.01647316744)
(0.011875 0.001441215403 0.01647316744)
(0.0125 0.001441215403 0.01647316744)
(0.013125 0.001441215403 0.01647316744)
(0.01375 0.001441215403 0.01647316744)
(0.014375 0.001441215403 0.01647316744)
(0.015 0.001441215403 0.01647316744)
(0.015625 0.001441215403 0.01647316744)
(0.01625 0.001441215403 0.01647316744)
(0.016875 0.001441215403 0.01647316744)
(0.0175 0.001441215403 0.01647316744)
(0.018125 0.001441215403 0.01647316744)
(0.01875 0.001441215403 0.01647316744)
(0.019375 0.001441215403 0.01647316744)
(0.02 0.001441215403 0.01647316744)
(0.020625 0.001441215403 0.01647316744)
(0.02125 0.001441215403 0.01647316744)
(0.021875 0.001441215403 0.01647316744)
(0.0225 0.001441215403 0.01647316744)
(0.023125 0.001441215403 0.01647316744)
(0.02375 0.001441215403 0.01647316744)
(0.024375 0.001441215403 0.01647316744)
(0.025 0.001441215403 0.01647316744)
(0.025625 0.001441215403 0.01647316744)
(0.02625 0.001441215403 0.01647316744)
(0.026875 0.001441215403 0.01647316744)
(0.0275 0.001441215403 0.01647316744)
(0.028125 0.001441215403 0.01647316744)
(0.02875 0.001441215403 0.01647316744)
(0.029375 0.001441215403 0.01647316744)
(0.03 0.001441215403 0.01647316744)
(0.030625 0.001441215403 0.01647316744)
(0.03125 0.001441215403 0.01647316744)
(0.031875 0.001441215403 0.01647316744)
(0.0325 0.001441215403 0.01647316744)
(0.033125 0.001441215403 0.01647316744)
(0.03375 0.001441215403 0.01647316744)
(0.034375 0.001441215403 0.01647316744)
(0.035 0.001441215403 0.01647316744)
(0.035625 0.001441215403 0.01647316744)
(0.03625 0.001441215403 0.01647316744)
(0.036875 0.001441215403 0.01647316744)
(0.0375 0.001441215403 0.01647316744)
(0.038125 0.001441215403 0.01647316744)
(0.03875 0.001441215403 0.01647316744)
(0.039375 0.001441215403 0.01647316744)
(0.04 0.001441215403 0.01647316744)
(0.040625 0.001441215403 0.01647316744)
(0.04125 0.001441215403 0.01647316744)
(0.041875 0.001441215403 0.01647316744)
(0.0425 0.001441215403 0.01647316744)
(0.043125 0.001441215403 0.01647316744)
(0.04375 0.001441215403 0.01647316744)
(0.044375 0.001441215403 0.01647316744)
(0.045 0.001441215403 0.01647316744)
(0.045625 0.001441215403 0.01647316744)
(0.04625 0.001441215403 0.01647316744)
(0.046875 0.001441215403 0.01647316744)
(0.0475 0.001441215403 0.01647316744)
(0.048125 0.001441215403 0.01647316744)
(0.04875 0.001441215403 0.01647316744)
(0.049375 0.001441215403 0.01647316744)
(0.05 0.001441215403 0.01647316744)
(0 0.001508094256 0.01723759622)
(0.000625 0.001508094256 0.01723759622)
(0.00125 0.001508094256 0.01723759622)
(0.001875 0.001508094256 0.01723759622)
(0.0025 0.001508094256 0.01723759622)
(0.003125 0.001508094256 0.01723759622)
(0.00375 0.001508094256 0.01723759622)
(0.004375 0.001508094256 0.01723759622)
(0.005 0.001508094256 0.01723759622)
(0.005625 0.001508094256 0.01723759622)
(0.00625 0.001508094256 0.01723759622)
(0.006875 0.001508094256 0.01723759622)
(0.0075 0.001508094256 0.01723759622)
(0.008125 0.001508094256 0.01723759622)
(0.00875 0.001508094256 0.01723759622)
(0.009375 0.001508094256 0.01723759622)
(0.01 0.001508094256 0.01723759622)
(0.010625 0.001508094256 0.01723759622)
(0.01125 0.001508094256 0.01723759622)
(0.011875 0.001508094256 0.01723759622)
(0.0125 0.001508094256 0.01723759622)
(0.013125 0.001508094256 0.01723759622)
(0.01375 0.001508094256 0.01723759622)
(0.014375 0.001508094256 0.01723759622)
(0.015 0.001508094256 0.01723759622)
(0.015625 0.001508094256 0.01723759622)
(0.01625 0.001508094256 0.01723759622)
(0.016875 0.001508094256 0.01723759622)
(0.0175 0.001508094256 0.01723759622)
(0.018125 0.001508094256 0.01723759622)
(0.01875 0.001508094256 0.01723759622)
(0.019375 0.001508094256 0.01723759622)
(0.02 0.001508094256 0.01723759622)
(0.020625 0.001508094256 0.01723759622)
(0.02125 0.001508094256 0.01723759622)
(0.021875 0.001508094256 0.01723759622)
(0.0225 0.001508094256 0.01723759622)
(0.023125 0.001508094256 0.01723759622)
(0.02375 0.001508094256 0.01723759622)
(0.024375 0.001508094256 0.01723759622)
(0.025 0.001508094256 0.01723759622)
(0.025625 0.001508094256 0.01723759622)
(0.02625 0.001508094256 0.01723759622)
(0.026875 0.001508094256 0.01723759622)
(0.0275 0.001508094256 0.01723759622)
(0.028125 0.001508094256 0.01723759622)
(0.02875 0.001508094256 0.01723759622)
(0.029375 0.001508094256 0.01723759622)
(0.03 0.001508094256 0.01723759622)
(0.030625 0.001508094256 0.01723759622)
(0.03125 0.001508094256 0.01723759622)
(0.031875 0.001508094256 0.01723759622)
(0.0325 0.001508094256 0.01723759622)
(0.033125 0.001508094256 0.01723759622)
(0.03375 0.001508094256 0.01723759622)
(0.034375 0.001508094256 0.01723759622)
(0.035 0.001508094256 0.01723759622)
(0.035625 0.001508094256 0.01723759622)
(0.03625 0.001508094256 0.01723759622)
(0.036875 0.001508094256 0.01723759622)
(0.0375 0.001508094256 0.01723759622)
(0.038125 0.001508094256 0.01723759622)
(0.03875 0.001508094256 0.01723759622)
(0.039375 0.001508094256 0.01723759622)
(0.04 0.001508094256 0.01723759622)
(0.040625 0.001508094256 0.01723759622)
(0.04125 0.001508094256 0.01723759622)
(0.041875 0.001508094256 0.01723759622)
(0.0425 0.001508094256 0.01723759622)
(0.043125 0.001508094256 0.01723759622)
(0.04375 0.001508094256 0.01723759622)
(0.044375 0.001508094256 0.01723759622)
(0.045 0.001508094256 0.01723759622)
(0.045625 0.001508094256 0.01723759622)
(0.04625 0.001508094256 0.01723759622)
(0.046875 0.001508094256 0.01723759622)
(0.0475 0.001508094256 0.01723759622)
(0.048125 0.001508094256 0.01723759622)
(0.04875 0.001508094256 0.01723759622)
(0.049375 0.001508094256 0.01723759622)
(0.05 0.001508094256 0.01723759622)
(0 0.001579611795 0.01805504544)
(0.000625 0.001579611795 0.01805504544)
(0.00125 0.001579611795 0.01805504544)
(0.001875 0.001579611795 0.01805504544)
(0.0025 0.001579611795 0.01805504544)
(0.003125 0.001579611795 0.01805504544)
(0.00375 0.001579611795 0.01805504544)
(0.004375 0.001579611795 0.01805504544)
(0.005 0.001579611795 0.01805504544)
(0.005625 0.001579611795 0.01805504544)
(0.00625 0.001579611795 0.01805504544)
(0.006875 0.001579611795 0.01805504544)
(0.0075 0.001579611795 0.01805504544)
(0.008125 0.001579611795 0.01805504544)
(0.00875 0.001579611795 0.01805504544)
(0.009375 0.001579611795 0.01805504544)
(0.01 0.001579611795 0.01805504544)
(0.010625 0.001579611795 0.01805504544)
(0.01125 0.001579611795 0.01805504544)
(0.011875 0.001579611795 0.01805504544)
(0.0125 0.001579611795 0.01805504544)
(0.013125 0.001579611795 0.01805504544)
(0.01375 0.001579611795 0.01805504544)
(0.014375 0.001579611795 0.01805504544)
(0.015 0.001579611795 0.01805504544)
(0.015625 0.001579611795 0.01805504544)
(0.01625 0.001579611795 0.01805504544)
(0.016875 0.001579611795 0.01805504544)
(0.0175 0.001579611795 0.01805504544)
(0.018125 0.001579611795 0.01805504544)
(0.01875 0.001579611795 0.01805504544)
(0.019375 0.001579611795 0.01805504544)
(0.02 0.001579611795 0.01805504544)
(0.020625 0.001579611795 0.01805504544)
(0.02125 0.001579611795 0.01805504544)
(0.021875 0.001579611795 0.01805504544)
(0.0225 0.001579611795 0.01805504544)
(0.023125 0.001579611795 0.01805504544)
(0.02375 0.001579611795 0.01805504544)
(0.024375 0.001579611795 0.01805504544)
(0.025 0.001579611795 0.01805504544)
(0.025625 0.001579611795 0.01805504544)
(0.02625 0.001579611795 0.01805504544)
(0.026875 0.001579611795 0.01805504544)
(0.0275 0.001579611795 0.01805504544)
(0.028125 0.001579611795 0.01805504544)
(0.02875 0.001579611795 0.01805504544)
(0.029375 0.001579611795 0.01805504544)
(0.03 0.001579611795 0.01805504544)
(0.030625 0.001579611795 0.01805504544)
(0.03125 0.001579611795 0.01805504544)
(0.031875 0.001579611795 0.01805504544)
(0.0325 0.001579611795 0.01805504544)
(0.033125 0.001579611795 0.01805504544)
(0.03375 0.001579611795 0.01805504544)
(0.034375 0.001579611795 0.01805504544)
(0.035 0.001579611795 0.01805504544)
(0.035625 0.001579611795 0.01805504544)
(0.03625 0.001579611795 0.01805504544)
(0.036875 0.001579611795 0.01805504544)
(0.0375 0.001579611795 0.01805504544)
(0.038125 0.001579611795 0.01805504544)
(0.03875 0.001579611795 0.01805504544)
(0.039375 0.001579611795 0.01805504544)
(0.04 0.001579611795 0.01805504544)
(0.040625 0.001579611795 0.01805504544)
(0.04125 0.001579611795 0.01805504544)
(0.041875 0.001579611795 0.01805504544)
(0.0425 0.001579611795 0.01805504544)
(0.043125 0.001579611795 0.01805504544)
(0.04375 0.001579611795 0.01805504544)
(0.044375 0.001579611795 0.01805504544)
(0.045 0.001579611795 0.01805504544)
(0.045625 0.001579611795 0.01805504544)
(0.04625 0.001579611795 0.01805504544)
(0.046875 0.001579611795 0.01805504544)
(0.0475 0.001579611795 0.01805504544)
(0.048125 0.001579611795 0.01805504544)
(0.04875 0.001579611795 0.01805504544)
(0.049375 0.001579611795 0.01805504544)
(0.05 0.001579611795 0.01805504544)
(0 0.001656089759 0.01892919256)
(0.000625 0.001656089759 0.01892919256)
(0.00125 0.001656089759 0.01892919256)
(0.001875 0.001656089759 0.01892919256)
(0.0025 0.001656089759 0.01892919256)
(0.003125 0.001656089759 0.01892919256)
(0.00375 0.001656089759 0.01892919256)
(0.004375 0.001656089759 0.01892919256)
(0.005 0.001656089759 0.01892919256)
(0.005625 0.001656089759 0.01892919256)
(0.00625 0.001656089759 0.01892919256)
(0.006875 0.001656089759 0.01892919256)
(0.0075 0.001656089759 0.01892919256)
(0.008125 0.001656089759 0.01892919256)
(0.00875 0.001656089759 0.01892919256)
(0.009375 0.001656089759 0.01892919256)
(0.01 0.001656089759 0.01892919256)
(0.010625 0.001656089759 0.01892919256)
(0.01125 0.001656089759 0.01892919256)
(0.011875 0.001656089759 0.01892919256)
(0.0125 0.001656089759 0.01892919256)
(0.013125 0.001656089759 0.01892919256)
(0.01375 0.001656089759 0.01892919256)
(0.014375 0.001656089759 0.01892919256)
(0.015 0.001656089759 0.01892919256)
(0.015625 0.001656089759 0.01892919256)
(0.01625 0.001656089759 0.01892919256)
(0.016875 0.001656089759 0.01892919256)
(0.0175 0.001656089759 0.01892919256)
(0.018125 0.001656089759 0.01892919256)
(0.01875 0.001656089759 0.01892919256)
(0.019375 0.001656089759 0.01892919256)
(0.02 0.001656089759 0.01892919256)
(0.020625 0.001656089759 0.01892919256)
(0.02125 0.001656089759 0.01892919256)
(0.021875 0.001656089759 0.01892919256)
(0.0225 0.001656089759 0.01892919256)
(0.023125 0.001656089759 0.01892919256)
(0.02375 0.001656089759 0.01892919256)
(0.024375 0.001656089759 0.01892919256)
(0.025 0.001656089759 0.01892919256)
(0.025625 0.001656089759 0.01892919256)
(0.02625 0.001656089759 0.01892919256)
(0.026875 0.001656089759 0.01892919256)
(0.0275 0.001656089759 0.01892919256)
(0.028125 0.001656089759 0.01892919256)
(0.02875 0.001656089759 0.01892919256)
(0.029375 0.001656089759 0.01892919256)
(0.03 0.001656089759 0.01892919256)
(0.030625 0.001656089759 0.01892919256)
(0.03125 0.001656089759 0.01892919256)
(0.031875 0.001656089759 0.01892919256)
(0.0325 0.001656089759 0.01892919256)
(0.033125 0.001656089759 0.01892919256)
(0.03375 0.001656089759 0.01892919256)
(0.034375 0.001656089759 0.01892919256)
(0.035 0.001656089759 0.01892919256)
(0.035625 0.001656089759 0.01892919256)
(0.03625 0.001656089759 0.01892919256)
(0.036875 0.001656089759 0.01892919256)
(0.0375 0.001656089759 0.01892919256)
(0.038125 0.001656089759 0.01892919256)
(0.03875 0.001656089759 0.01892919256)
(0.039375 0.001656089759 0.01892919256)
(0.04 0.001656089759 0.01892919256)
(0.040625 0.001656089759 0.01892919256)
(0.04125 0.001656089759 0.01892919256)
(0.041875 0.001656089759 0.01892919256)
(0.0425 0.001656089759 0.01892919256)
(0.043125 0.001656089759 0.01892919256)
(0.04375 0.001656089759 0.01892919256)
(0.044375 0.001656089759 0.01892919256)
(0.045 0.001656089759 0.01892919256)
(0.045625 0.001656089759 0.01892919256)
(0.04625 0.001656089759 0.01892919256)
(0.046875 0.001656089759 0.01892919256)
(0.0475 0.001656089759 0.01892919256)
(0.048125 0.001656089759 0.01892919256)
(0.04875 0.001656089759 0.01892919256)
(0.049375 0.001656089759 0.01892919256)
(0.05 0.001656089759 0.01892919256)
(0 -0.0006975072349 0.007972544176)
(0.000625 -0.0006975072349 0.007972544176)
(0.00125 -0.0006975072349 0.007972544176)
(0.001875 -0.0006975072349 0.007972544176)
(0.0025 -0.0006975072349 0.007972544176)
(0.003125 -0.0006975072349 0.007972544176)
(0.00375 -0.0006975072349 0.007972544176)
(0.004375 -0.0006975072349 0.007972544176)
(0.005 -0.0006975072349 0.007972544176)
(0.005625 -0.0006975072349 0.007972544176)
(0.00625 -0.0006975072349 0.007972544176)
(0.006875 -0.0006975072349 0.007972544176)
(0.0075 -0.0006975072349 0.007972544176)
(0.008125 -0.0006975072349 0.007972544176)
(0.00875 -0.0006975072349 0.007972544176)
(0.009375 -0.0006975072349 0.007972544176)
(0.01 -0.0006975072349 0.007972544176)
(0.010625 -0.0006975072349 0.007972544176)
(0.01125 -0.0006975072349 0.007972544176)
(0.011875 -0.0006975072349 0.007972544176)
(0.0125 -0.0006975072349 0.007972544176)
(0.013125 -0.0006975072349 0.007972544176)
(0.01375 -0.0006975072349 0.007972544176)
(0.014375 -0.0006975072349 0.007972544176)
(0.015 -0.0006975072349 0.007972544176)
(0.015625 -0.0006975072349 0.007972544176)
(0.01625 -0.0006975072349 0.007972544176)
(0.016875 -0.0006975072349 0.007972544176)
(0.0175 -0.0006975072349 0.007972544176)
(0.018125 -0.0006975072349 0.007972544176)
(0.01875 -0.0006975072349 0.007972544176)
(0.019375 -0.0006975072349 0.007972544176)
(0.02 -0.0006975072349 0.007972544176)
(0.020625 -0.0006975072349 0.007972544176)
(0.02125 -0.0006975072349 0.007972544176)
(0.021875 -0.0006975072349 0.007972544176)
(0.0225 -0.0006975072349 0.007972544176)
(0.023125 -0.0006975072349 0.007972544176)
(0.02375 -0.0006975072349 0.007972544176)
(0.024375 -0.0006975072349 0.007972544176)
(0.025 -0.0006975072349 0.007972544176)
(0.025625 -0.0006975072349 0.007972544176)
(0.02625 -0.0006975072349 0.007972544176)
(0.026875 -0.0006975072349 0.007972544176)
(0.0275 -0.0006975072349 0.007972544176)
(0.028125 -0.0006975072349 0.007972544176)
(0.02875 -0.0006975072349 0.007972544176)
(0.029375 -0.0006975072349 0.007972544176)
(0.03 -0.0006975072349 0.007972544176)
(0.030625 -0.0006975072349 0.007972544176)
(0.03125 -0.0006975072349 0.007972544176)
(0.031875 -0.0006975072349 0.007972544176)
(0.0325 -0.0006975072349 0.007972544176)
(0.033125 -0.0006975072349 0.007972544176)
(0.03375 -0.0006975072349 0.007972544176)
(0.034375 -0.0006975072349 0.007972544176)
(0.035 -0.0006975072349 0.007972544176)
(0.035625 -0.0006975072349 0.007972544176)
(0.03625 -0.0006975072349 0.007972544176)
(0.036875 -0.0006975072349 0.007972544176)
(0.0375 -0.0006975072349 0.007972544176)
(0.038125 -0.0006975072349 0.007972544176)
(0.03875 -0.0006975072349 0.007972544176)
(0.039375 -0.0006975072349 0.007972544176)
(0.04 -0.0006975072349 0.007972544176)
(0.040625 -0.0006975072349 0.007972544176)
(0.04125 -0.0006975072349 0.007972544176)
(0.041875 -0.0006975072349 0.007972544176)
(0.0425 -0.0006975072349 0.007972544176)
(0.043125 -0.0006975072349 0.007972544176)
(0.04375 -0.0006975072349 0.007972544176)
(0.044375 -0.0006975072349 0.007972544176)
(0.045 -0.0006975072349 0.007972544176)
(0.045625 -0.0006975072349 0.007972544176)
(0.04625 -0.0006975072349 0.007972544176)
(0.046875 -0.0006975072349 0.007972544176)
(0.0475 -0.0006975072349 0.007972544176)
(0.048125 -0.0006975072349 0.007972544176)
(0.04875 -0.0006975072349 0.007972544176)
(0.049375 -0.0006975072349 0.007972544176)
(0.05 -0.0006975072349 0.007972544176)
(0 -0.0007128028276 0.008147373601)
(0.000625 -0.0007128028276 0.008147373601)
(0.00125 -0.0007128028276 0.008147373601)
(0.001875 -0.0007128028276 0.008147373601)
(0.0025 -0.0007128028276 0.008147373601)
(0.003125 -0.0007128028276 0.008147373601)
(0.00375 -0.0007128028276 0.008147373601)
(0.004375 -0.0007128028276 0.008147373601)
(0.005 -0.0007128028276 0.008147373601)
(0.005625 -0.0007128028276 0.008147373601)
(0.00625 -0.0007128028276 0.008147373601)
(0.006875 -0.0007128028276 0.008147373601)
(0.0075 -0.0007128028276 0.008147373601)
(0.008125 -0.0007128028276 0.008147373601)
(0.00875 -0.0007128028276 0.008147373601)
(0.009375 -0.0007128028276 0.008147373601)
(0.01 -0.0007128028276 0.008147373601)
(0.010625 -0.0007128028276 0.008147373601)
(0.01125 -0.0007128028276 0.008147373601)
(0.011875 -0.0007128028276 0.008147373601)
(0.0125 -0.0007128028276 0.008147373601)
(0.013125 -0.0007128028276 0.008147373601)
(0.01375 -0.0007128028276 0.008147373601)
(0.014375 -0.0007128028276 0.008147373601)
(0.015 -0.0007128028276 0.008147373601)
(0.015625 -0.0007128028276 0.008147373601)
(0.01625 -0.0007128028276 0.008147373601)
(0.016875 -0.0007128028276 0.008147373601)
(0.0175 -0.0007128028276 0.008147373601)
(0.018125 -0.0007128028276 0.008147373601)
(0.01875 -0.0007128028276 0.008147373601)
(0.019375 -0.0007128028276 0.008147373601)
(0.02 -0.0007128028276 0.008147373601)
(0.020625 -0.0007128028276 0.008147373601)
(0.02125 -0.0007128028276 0.008147373601)
(0.021875 -0.0007128028276 0.008147373601)
(0.0225 -0.0007128028276 0.008147373601)
(0.023125 -0.0007128028276 0.008147373601)
(0.02375 -0.0007128028276 0.008147373601)
(0.024375 -0.0007128028276 0.008147373601)
(0.025 -0.0007128028276 0.008147373601)
(0.025625 -0.0007128028276 0.008147373601)
(0.02625 -0.0007128028276 0.008147373601)
(0.026875 -0.0007128028276 0.008147373601)
(0.0275 -0.0007128028276 0.008147373601)
(0.028125 -0.0007128028276 0.008147373601)
(0.02875 -0.0007128028276 0.008147373601)
(0.029375 -0.0007128028276 0.008147373601)
(0.03 -0.0007128028276 0.008147373601)
(0.030625 -0.0007128028276 0.008147373601)
(0.03125 -0.0007128028276 0.008147373601)
(0.031875 -0.0007128028276 0.008147373601)
(0.0325 -0.0007128028276 0.008147373601)
(0.033125 -0.0007128028276 0.008147373601)
(0.03375 -0.0007128028276 0.008147373601)
(0.034375 -0.0007128028276 0.008147373601)
(0.035 -0.0007128028276 0.008147373601)
(0.035625 -0.0007128028276 0.008147373601)
(0.03625 -0.0007128028276 0.008147373601)
(0.036875 -0.0007128028276 0.008147373601)
(0.0375 -0.0007128028276 0.008147373601)
(0.038125 -0.0007128028276 0.008147373601)
(0.03875 -0.0007128028276 0.008147373601)
(0.039375 -0.0007128028276 0.008147373601)
(0.04 -0.0007128028276 0.008147373601)
(0.040625 -0.0007128028276 0.008147373601)
(0.04125 -0.0007128028276 0.008147373601)
(0.041875 -0.0007128028276 0.008147373601)
(0.0425 -0.0007128028276 0.008147373601)
(0.043125 -0.0007128028276 0.008147373601)
(0.04375 -0.0007128028276 0.008147373601)
(0.044375 -0.0007128028276 0.008147373601)
(0.045 -0.0007128028276 0.008147373601)
(0.045625 -0.0007128028276 0.008147373601)
(0.04625 -0.0007128028276 0.008147373601)
(0.046875 -0.0007128028276 0.008147373601)
(0.0475 -0.0007128028276 0.008147373601)
(0.048125 -0.0007128028276 0.008147373601)
(0.04875 -0.0007128028276 0.008147373601)
(0.049375 -0.0007128028276 0.008147373601)
(0.05 -0.0007128028276 0.008147373601)
(0 -0.0007291593156 0.008334329115)
(0.000625 -0.0007291593156 0.008334329115)
(0.00125 -0.0007291593156 0.008334329115)
(0.001875 -0.0007291593156 0.008334329115)
(0.0025 -0.0007291593156 0.008334329115)
(0.003125 -0.0007291593156 0.008334329115)
(0.00375 -0.0007291593156 0.008334329115)
(0.004375 -0.0007291593156 0.008334329115)
(0.005 -0.0007291593156 0.008334329115)
(0.005625 -0.0007291593156 0.008334329115)
(0.00625 -0.0007291593156 0.008334329115)
(0.006875 -0.0007291593156 0.008334329115)
(0.0075 -0.0007291593156 0.008334329115)
(0.008125 -0.0007291593156 0.008334329115)
(0.00875 -0.0007291593156 0.008334329115)
(0.009375 -0.0007291593156 0.008334329115)
(0.01 -0.0007291593156 0.008334329115)
(0.010625 -0.0007291593156 0.008334329115)
(0.01125 -0.0007291593156 0.008334329115)
(0.011875 -0.0007291593156 0.008334329115)
(0.0125 -0.0007291593156 0.008334329115)
(0.013125 -0.0007291593156 0.008334329115)
(0.01375 -0.0007291593156 0.008334329115)
(0.014375 -0.0007291593156 0.008334329115)
(0.015 -0.0007291593156 0.008334329115)
(0.015625 -0.0007291593156 0.008334329115)
(0.01625 -0.0007291593156 0.008334329115)
(0.016875 -0.0007291593156 0.008334329115)
(0.0175 -0.0007291593156 0.008334329115)
(0.018125 -0.0007291593156 0.008334329115)
(0.01875 -0.0007291593156 0.008334329115)
(0.019375 -0.0007291593156 0.008334329115)
(0.02 -0.0007291593156 0.008334329115)
(0.020625 -0.0007291593156 0.008334329115)
(0.02125 -0.0007291593156 0.008334329115)
(0.021875 -0.0007291593156 0.008334329115)
(0.0225 -0.0007291593156 0.008334329115)
(0.023125 -0.0007291593156 0.008334329115)
(0.02375 -0.0007291593156 0.008334329115)
(0.024375 -0.0007291593156 0.008334329115)
(0.025 -0.0007291593156 0.008334329115)
(0.025625 -0.0007291593156 0.008334329115)
(0.02625 -0.0007291593156 0.008334329115)
(0.026875 -0.0007291593156 0.008334329115)
(0.0275 -0.0007291593156 0.008334329115)
(0.028125 -0.0007291593156 0.008334329115)
(0.02875 -0.0007291593156 0.008334329115)
(0.029375 -0.0007291593156 0.008334329115)
(0.03 -0.0007291593156 0.008334329115)
(0.030625 -0.0007291593156 0.008334329115)
(0.03125 -0.0007291593156 0.008334329115)
(0.031875 -0.0007291593156 0.008334329115)
(0.0325 -0.0007291593156 0.008334329115)
(0.033125 -0.0007291593156 0.008334329115)
(0.03375 -0.0007291593156 0.008334329115)
(0.034375 -0.0007291593156 0.008334329115)
(0.035 -0.0007291593156 0.008334329115)
(0.035625 -0.0007291593156 0.008334329115)
(0.03625 -0.0007291593156 0.008334329115)
(0.036875 -0.0007291593156 0.008334329115)
(0.0375 -0.0007291593156 0.008334329115)
(0.038125 -0.0007291593156 0.008334329115)
(0.03875 -0.0007291593156 0.008334329115)
(0.039375 -0.0007291593156 0.008334329115)
(0.04 -0.0007291593156 0.008334329115)
(0.040625 -0.0007291593156 0.008334329115)
(0.04125 -0.0007291593156 0.008334329115)
(0.041875 -0.0007291593156 0.008334329115)
(0.0425 -0.0007291593156 0.008334329115)
(0.043125 -0.0007291593156 0.008334329115)
(0.04375 -0.0007291593156 0.008334329115)
(0.044375 -0.0007291593156 0.008334329115)
(0.045 -0.0007291593156 0.008334329115)
(0.045625 -0.0007291593156 0.008334329115)
(0.04625 -0.0007291593156 0.008334329115)
(0.046875 -0.0007291593156 0.008334329115)
(0.0475 -0.0007291593156 0.008334329115)
(0.048125 -0.0007291593156 0.008334329115)
(0.04875 -0.0007291593156 0.008334329115)
(0.049375 -0.0007291593156 0.008334329115)
(0.05 -0.0007291593156 0.008334329115)
(0 -0.0007466502822 0.008534251778)
(0.000625 -0.0007466502822 0.008534251778)
(0.00125 -0.0007466502822 0.008534251778)
(0.001875 -0.0007466502822 0.008534251778)
(0.0025 -0.0007466502822 0.008534251778)
(0.003125 -0.0007466502822 0.008534251778)
(0.00375 -0.0007466502822 0.008534251778)
(0.004375 -0.0007466502822 0.008534251778)
(0.005 -0.0007466502822 0.008534251778)
(0.005625 -0.0007466502822 0.008534251778)
(0.00625 -0.0007466502822 0.008534251778)
(0.006875 -0.0007466502822 0.008534251778)
(0.0075 -0.0007466502822 0.008534251778)
(0.008125 -0.0007466502822 0.008534251778)
(0.00875 -0.0007466502822 0.008534251778)
(0.009375 -0.0007466502822 0.008534251778)
(0.01 -0.0007466502822 0.008534251778)
(0.010625 -0.0007466502822 0.008534251778)
(0.01125 -0.0007466502822 0.008534251778)
(0.011875 -0.0007466502822 0.008534251778)
(0.0125 -0.0007466502822 0.008534251778)
(0.013125 -0.0007466502822 0.008534251778)
(0.01375 -0.0007466502822 0.008534251778)
(0.014375 -0.0007466502822 0.008534251778)
(0.015 -0.0007466502822 0.008534251778)
(0.015625 -0.0007466502822 0.008534251778)
(0.01625 -0.0007466502822 0.008534251778)
(0.016875 -0.0007466502822 0.008534251778)
(0.0175 -0.0007466502822 0.008534251778)
(0.018125 -0.0007466502822 0.008534251778)
(0.01875 -0.0007466502822 0.008534251778)
(0.019375 -0.0007466502822 0.008534251778)
(0.02 -0.0007466502822 0.008534251778)
(0.020625 -0.0007466502822 0.008534251778)
(0.02125 -0.0007466502822 0.008534251778)
(0.021875 -0.0007466502822 0.008534251778)
(0.0225 -0.0007466502822 0.008534251778)
(0.023125 -0.0007466502822 0.008534251778)
(0.02375 -0.0007466502822 0.008534251778)
(0.024375 -0.0007466502822 0.008534251778)
(0.025 -0.0007466502822 0.008534251778)
(0.025625 -0.0007466502822 0.008534251778)
(0.02625 -0.0007466502822 0.008534251778)
(0.026875 -0.0007466502822 0.008534251778)
(0.0275 -0.0007466502822 0.008534251778)
(0.028125 -0.0007466502822 0.008534251778)
(0.02875 -0.0007466502822 0.008534251778)
(0.029375 -0.0007466502822 0.008534251778)
(0.03 -0.0007466502822 0.008534251778)
(0.030625 -0.0007466502822 0.008534251778)
(0.03125 -0.0007466502822 0.008534251778)
(0.031875 -0.0007466502822 0.008534251778)
(0.0325 -0.0007466502822 0.008534251778)
(0.033125 -0.0007466502822 0.008534251778)
(0.03375 -0.0007466502822 0.008534251778)
(0.034375 -0.0007466502822 0.008534251778)
(0.035 -0.0007466502822 0.008534251778)
(0.035625 -0.0007466502822 0.008534251778)
(0.03625 -0.0007466502822 0.008534251778)
(0.036875 -0.0007466502822 0.008534251778)
(0.0375 -0.0007466502822 0.008534251778)
(0.038125 -0.0007466502822 0.008534251778)
(0.03875 -0.0007466502822 0.008534251778)
(0.039375 -0.0007466502822 0.008534251778)
(0.04 -0.0007466502822 0.008534251778)
(0.040625 -0.0007466502822 0.008534251778)
(0.04125 -0.0007466502822 0.008534251778)
(0.041875 -0.0007466502822 0.008534251778)
(0.0425 -0.0007466502822 0.008534251778)
(0.043125 -0.0007466502822 0.008534251778)
(0.04375 -0.0007466502822 0.008534251778)
(0.044375 -0.0007466502822 0.008534251778)
(0.045 -0.0007466502822 0.008534251778)
(0.045625 -0.0007466502822 0.008534251778)
(0.04625 -0.0007466502822 0.008534251778)
(0.046875 -0.0007466502822 0.008534251778)
(0.0475 -0.0007466502822 0.008534251778)
(0.048125 -0.0007466502822 0.008534251778)
(0.04875 -0.0007466502822 0.008534251778)
(0.049375 -0.0007466502822 0.008534251778)
(0.05 -0.0007466502822 0.008534251778)
(0 -0.0007653544143 0.008748040986)
(0.000625 -0.0007653544143 0.008748040986)
(0.00125 -0.0007653544143 0.008748040986)
(0.001875 -0.0007653544143 0.008748040986)
(0.0025 -0.0007653544143 0.008748040986)
(0.003125 -0.0007653544143 0.008748040986)
(0.00375 -0.0007653544143 0.008748040986)
(0.004375 -0.0007653544143 0.008748040986)
(0.005 -0.0007653544143 0.008748040986)
(0.005625 -0.0007653544143 0.008748040986)
(0.00625 -0.0007653544143 0.008748040986)
(0.006875 -0.0007653544143 0.008748040986)
(0.0075 -0.0007653544143 0.008748040986)
(0.008125 -0.0007653544143 0.008748040986)
(0.00875 -0.0007653544143 0.008748040986)
(0.009375 -0.0007653544143 0.008748040986)
(0.01 -0.0007653544143 0.008748040986)
(0.010625 -0.0007653544143 0.008748040986)
(0.01125 -0.0007653544143 0.008748040986)
(0.011875 -0.0007653544143 0.008748040986)
(0.0125 -0.0007653544143 0.008748040986)
(0.013125 -0.0007653544143 0.008748040986)
(0.01375 -0.0007653544143 0.008748040986)
(0.014375 -0.0007653544143 0.008748040986)
(0.015 -0.0007653544143 0.008748040986)
(0.015625 -0.0007653544143 0.008748040986)
(0.01625 -0.0007653544143 0.008748040986)
(0.016875 -0.0007653544143 0.008748040986)
(0.0175 -0.0007653544143 0.008748040986)
(0.018125 -0.0007653544143 0.008748040986)
(0.01875 -0.0007653544143 0.008748040986)
(0.019375 -0.0007653544143 0.008748040986)
(0.02 -0.0007653544143 0.008748040986)
(0.020625 -0.0007653544143 0.008748040986)
(0.02125 -0.0007653544143 0.008748040986)
(0.021875 -0.0007653544143 0.008748040986)
(0.0225 -0.0007653544143 0.008748040986)
(0.023125 -0.0007653544143 0.008748040986)
(0.02375 -0.0007653544143 0.008748040986)
(0.024375 -0.0007653544143 0.008748040986)
(0.025 -0.0007653544143 0.008748040986)
(0.025625 -0.0007653544143 0.008748040986)
(0.02625 -0.0007653544143 0.008748040986)
(0.026875 -0.0007653544143 0.008748040986)
(0.0275 -0.0007653544143 0.008748040986)
(0.028125 -0.0007653544143 0.008748040986)
(0.02875 -0.0007653544143 0.008748040986)
(0.029375 -0.0007653544143 0.008748040986)
(0.03 -0.0007653544143 0.008748040986)
(0.030625 -0.0007653544143 0.008748040986)
(0.03125 -0.0007653544143 0.008748040986)
(0.031875 -0.0007653544143 0.008748040986)
(0.0325 -0.0007653544143 0.008748040986)
(0.033125 -0.0007653544143 0.008748040986)
(0.03375 -0.0007653544143 0.008748040986)
(0.034375 -0.0007653544143 0.008748040986)
(0.035 -0.0007653544143 0.008748040986)
(0.035625 -0.0007653544143 0.008748040986)
(0.03625 -0.0007653544143 0.008748040986)
(0.036875 -0.0007653544143 0.008748040986)
(0.0375 -0.0007653544143 0.008748040986)
(0.038125 -0.0007653544143 0.008748040986)
(0.03875 -0.0007653544143 0.008748040986)
(0.039375 -0.0007653544143 0.008748040986)
(0.04 -0.0007653544143 0.008748040986)
(0.040625 -0.0007653544143 0.008748040986)
(0.04125 -0.0007653544143 0.008748040986)
(0.041875 -0.0007653544143 0.008748040986)
(0.0425 -0.0007653544143 0.008748040986)
(0.043125 -0.0007653544143 0.008748040986)
(0.04375 -0.0007653544143 0.008748040986)
(0.044375 -0.0007653544143 0.008748040986)
(0.045 -0.0007653544143 0.008748040986)
(0.045625 -0.0007653544143 0.008748040986)
(0.04625 -0.0007653544143 0.008748040986)
(0.046875 -0.0007653544143 0.008748040986)
(0.0475 -0.0007653544143 0.008748040986)
(0.048125 -0.0007653544143 0.008748040986)
(0.04875 -0.0007653544143 0.008748040986)
(0.049375 -0.0007653544143 0.008748040986)
(0.05 -0.0007653544143 0.008748040986)
(0 -0.0007853558565 0.008976658516)
(0.000625 -0.0007853558565 0.008976658516)
(0.00125 -0.0007853558565 0.008976658516)
(0.001875 -0.0007853558565 0.008976658516)
(0.0025 -0.0007853558565 0.008976658516)
(0.003125 -0.0007853558565 0.008976658516)
(0.00375 -0.0007853558565 0.008976658516)
(0.004375 -0.0007853558565 0.008976658516)
(0.005 -0.0007853558565 0.008976658516)
(0.005625 -0.0007853558565 0.008976658516)
(0.00625 -0.0007853558565 0.008976658516)
(0.006875 -0.0007853558565 0.008976658516)
(0.0075 -0.0007853558565 0.008976658516)
(0.008125 -0.0007853558565 0.008976658516)
(0.00875 -0.0007853558565 0.008976658516)
(0.009375 -0.0007853558565 0.008976658516)
(0.01 -0.0007853558565 0.008976658516)
(0.010625 -0.0007853558565 0.008976658516)
(0.01125 -0.0007853558565 0.008976658516)
(0.011875 -0.0007853558565 0.008976658516)
(0.0125 -0.0007853558565 0.008976658516)
(0.013125 -0.0007853558565 0.008976658516)
(0.01375 -0.0007853558565 0.008976658516)
(0.014375 -0.0007853558565 0.008976658516)
(0.015 -0.0007853558565 0.008976658516)
(0.015625 -0.0007853558565 0.008976658516)
(0.01625 -0.0007853558565 0.008976658516)
(0.016875 -0.0007853558565 0.008976658516)
(0.0175 -0.0007853558565 0.008976658516)
(0.018125 -0.0007853558565 0.008976658516)
(0.01875 -0.0007853558565 0.008976658516)
(0.019375 -0.0007853558565 0.008976658516)
(0.02 -0.0007853558565 0.008976658516)
(0.020625 -0.0007853558565 0.008976658516)
(0.02125 -0.0007853558565 0.008976658516)
(0.021875 -0.0007853558565 0.008976658516)
(0.0225 -0.0007853558565 0.008976658516)
(0.023125 -0.0007853558565 0.008976658516)
(0.02375 -0.0007853558565 0.008976658516)
(0.024375 -0.0007853558565 0.008976658516)
(0.025 -0.0007853558565 0.008976658516)
(0.025625 -0.0007853558565 0.008976658516)
(0.02625 -0.0007853558565 0.008976658516)
(0.026875 -0.0007853558565 0.008976658516)
(0.0275 -0.0007853558565 0.008976658516)
(0.028125 -0.0007853558565 0.008976658516)
(0.02875 -0.0007853558565 0.008976658516)
(0.029375 -0.0007853558565 0.008976658516)
(0.03 -0.0007853558565 0.008976658516)
(0.030625 -0.0007853558565 0.008976658516)
(0.03125 -0.0007853558565 0.008976658516)
(0.031875 -0.0007853558565 0.008976658516)
(0.0325 -0.0007853558565 0.008976658516)
(0.033125 -0.0007853558565 0.008976658516)
(0.03375 -0.0007853558565 0.008976658516)
(0.034375 -0.0007853558565 0.008976658516)
(0.035 -0.0007853558565 0.008976658516)
(0.035625 -0.0007853558565 0.008976658516)
(0.03625 -0.0007853558565 0.008976658516)
(0.036875 -0.0007853558565 0.008976658516)
(0.0375 -0.0007853558565 0.008976658516)
(0.038125 -0.0007853558565 0.008976658516)
(0.03875 -0.0007853558565 0.008976658516)
(0.039375 -0.0007853558565 0.008976658516)
(0.04 -0.0007853558565 0.008976658516)
(0.040625 -0.0007853558565 0.008976658516)
(0.04125 -0.0007853558565 0.008976658516)
(0.041875 -0.0007853558565 0.008976658516)
(0.0425 -0.0007853558565 0.008976658516)
(0.043125 -0.0007853558565 0.008976658516)
(0.04375 -0.0007853558565 0.008976658516)
(0.044375 -0.0007853558565 0.008976658516)
(0.045 -0.0007853558565 0.008976658516)
(0.045625 -0.0007853558565 0.008976658516)
(0.04625 -0.0007853558565 0.008976658516)
(0.046875 -0.0007853558565 0.008976658516)
(0.0475 -0.0007853558565 0.008976658516)
(0.048125 -0.0007853558565 0.008976658516)
(0.04875 -0.0007853558565 0.008976658516)
(0.049375 -0.0007853558565 0.008976658516)
(0.05 -0.0007853558565 0.008976658516)
(0 -0.0008067445896 0.009221132854)
(0.000625 -0.0008067445896 0.009221132854)
(0.00125 -0.0008067445896 0.009221132854)
(0.001875 -0.0008067445896 0.009221132854)
(0.0025 -0.0008067445896 0.009221132854)
(0.003125 -0.0008067445896 0.009221132854)
(0.00375 -0.0008067445896 0.009221132854)
(0.004375 -0.0008067445896 0.009221132854)
(0.005 -0.0008067445896 0.009221132854)
(0.005625 -0.0008067445896 0.009221132854)
(0.00625 -0.0008067445896 0.009221132854)
(0.006875 -0.0008067445896 0.009221132854)
(0.0075 -0.0008067445896 0.009221132854)
(0.008125 -0.0008067445896 0.009221132854)
(0.00875 -0.0008067445896 0.009221132854)
(0.009375 -0.0008067445896 0.009221132854)
(0.01 -0.0008067445896 0.009221132854)
(0.010625 -0.0008067445896 0.009221132854)
(0.01125 -0.0008067445896 0.009221132854)
(0.011875 -0.0008067445896 0.009221132854)
(0.0125 -0.0008067445896 0.009221132854)
(0.013125 -0.0008067445896 0.009221132854)
(0.01375 -0.0008067445896 0.009221132854)
(0.014375 -0.0008067445896 0.009221132854)
(0.015 -0.0008067445896 0.009221132854)
(0.015625 -0.0008067445896 0.009221132854)
(0.01625 -0.0008067445896 0.009221132854)
(0.016875 -0.0008067445896 0.009221132854)
(0.0175 -0.0008067445896 0.009221132854)
(0.018125 -0.0008067445896 0.009221132854)
(0.01875 -0.0008067445896 0.009221132854)
(0.019375 -0.0008067445896 0.009221132854)
(0.02 -0.0008067445896 0.009221132854)
(0.020625 -0.0008067445896 0.009221132854)
(0.02125 -0.0008067445896 0.009221132854)
(0.021875 -0.0008067445896 0.009221132854)
(0.0225 -0.0008067445896 0.009221132854)
(0.023125 -0.0008067445896 0.009221132854)
(0.02375 -0.0008067445896 0.009221132854)
(0.024375 -0.0008067445896 0.009221132854)
(0.025 -0.0008067445896 0.009221132854)
(0.025625 -0.0008067445896 0.009221132854)
(0.02625 -0.0008067445896 0.009221132854)
(0.026875 -0.0008067445896 0.009221132854)
(0.0275 -0.0008067445896 0.009221132854)
(0.028125 -0.0008067445896 0.009221132854)
(0.02875 -0.0008067445896 0.009221132854)
(0.029375 -0.0008067445896 0.009221132854)
(0.03 -0.0008067445896 0.009221132854)
(0.030625 -0.0008067445896 0.009221132854)
(0.03125 -0.0008067445896 0.009221132854)
(0.031875 -0.0008067445896 0.009221132854)
(0.0325 -0.0008067445896 0.009221132854)
(0.033125 -0.0008067445896 0.009221132854)
(0.03375 -0.0008067445896 0.009221132854)
(0.034375 -0.0008067445896 0.009221132854)
(0.035 -0.0008067445896 0.009221132854)
(0.035625 -0.0008067445896 0.009221132854)
(0.03625 -0.0008067445896 0.009221132854)
(0.036875 -0.0008067445896 0.009221132854)
(0.0375 -0.0008067445896 0.009221132854)
(0.038125 -0.0008067445896 0.009221132854)
(0.03875 -0.0008067445896 0.009221132854)
(0.039375 -0.0008067445896 0.009221132854)
(0.04 -0.0008067445896 0.009221132854)
(0.040625 -0.0008067445896 0.009221132854)
(0.04125 -0.0008067445896 0.009221132854)
(0.041875 -0.0008067445896 0.009221132854)
(0.0425 -0.0008067445896 0.009221132854)
(0.043125 -0.0008067445896 0.009221132854)
(0.04375 -0.0008067445896 0.009221132854)
(0.044375 -0.0008067445896 0.009221132854)
(0.045 -0.0008067445896 0.009221132854)
(0.045625 -0.0008067445896 0.009221132854)
(0.04625 -0.0008067445896 0.009221132854)
(0.046875 -0.0008067445896 0.009221132854)
(0.0475 -0.0008067445896 0.009221132854)
(0.048125 -0.0008067445896 0.009221132854)
(0.04875 -0.0008067445896 0.009221132854)
(0.049375 -0.0008067445896 0.009221132854)
(0.05 -0.0008067445896 0.009221132854)
(0 -0.0008296168355 0.009482563821)
(0.000625 -0.0008296168355 0.009482563821)
(0.00125 -0.0008296168355 0.009482563821)
(0.001875 -0.0008296168355 0.009482563821)
(0.0025 -0.0008296168355 0.009482563821)
(0.003125 -0.0008296168355 0.009482563821)
(0.00375 -0.0008296168355 0.009482563821)
(0.004375 -0.0008296168355 0.009482563821)
(0.005 -0.0008296168355 0.009482563821)
(0.005625 -0.0008296168355 0.009482563821)
(0.00625 -0.0008296168355 0.009482563821)
(0.006875 -0.0008296168355 0.009482563821)
(0.0075 -0.0008296168355 0.009482563821)
(0.008125 -0.0008296168355 0.009482563821)
(0.00875 -0.0008296168355 0.009482563821)
(0.009375 -0.0008296168355 0.009482563821)
(0.01 -0.0008296168355 0.009482563821)
(0.010625 -0.0008296168355 0.009482563821)
(0.01125 -0.0008296168355 0.009482563821)
(0.011875 -0.0008296168355 0.009482563821)
(0.0125 -0.0008296168355 0.009482563821)
(0.013125 -0.0008296168355 0.009482563821)
(0.01375 -0.0008296168355 0.009482563821)
(0.014375 -0.0008296168355 0.009482563821)
(0.015 -0.0008296168355 0.009482563821)
(0.015625 -0.0008296168355 0.009482563821)
(0.01625 -0.0008296168355 0.009482563821)
(0.016875 -0.0008296168355 0.009482563821)
(0.0175 -0.0008296168355 0.009482563821)
(0.018125 -0.0008296168355 0.009482563821)
(0.01875 -0.0008296168355 0.009482563821)
(0.019375 -0.0008296168355 0.009482563821)
(0.02 -0.0008296168355 0.009482563821)
(0.020625 -0.0008296168355 0.009482563821)
(0.02125 -0.0008296168355 0.009482563821)
(0.021875 -0.0008296168355 0.009482563821)
(0.0225 -0.0008296168355 0.009482563821)
(0.023125 -0.0008296168355 0.009482563821)
(0.02375 -0.0008296168355 0.009482563821)
(0.024375 -0.0008296168355 0.009482563821)
(0.025 -0.0008296168355 0.009482563821)
(0.025625 -0.0008296168355 0.009482563821)
(0.02625 -0.0008296168355 0.009482563821)
(0.026875 -0.0008296168355 0.009482563821)
(0.0275 -0.0008296168355 0.009482563821)
(0.028125 -0.0008296168355 0.009482563821)
(0.02875 -0.0008296168355 0.009482563821)
(0.029375 -0.0008296168355 0.009482563821)
(0.03 -0.0008296168355 0.009482563821)
(0.030625 -0.0008296168355 0.009482563821)
(0.03125 -0.0008296168355 0.009482563821)
(0.031875 -0.0008296168355 0.009482563821)
(0.0325 -0.0008296168355 0.009482563821)
(0.033125 -0.0008296168355 0.009482563821)
(0.03375 -0.0008296168355 0.009482563821)
(0.034375 -0.0008296168355 0.009482563821)
(0.035 -0.0008296168355 0.009482563821)
(0.035625 -0.0008296168355 0.009482563821)
(0.03625 -0.0008296168355 0.009482563821)
(0.036875 -0.0008296168355 0.009482563821)
(0.0375 -0.0008296168355 0.009482563821)
(0.038125 -0.0008296168355 0.009482563821)
(0.03875 -0.0008296168355 0.009482563821)
(0.039375 -0.0008296168355 0.009482563821)
(0.04 -0.0008296168355 0.009482563821)
(0.040625 -0.0008296168355 0.009482563821)
(0.04125 -0.0008296168355 0.009482563821)
(0.041875 -0.0008296168355 0.009482563821)
(0.0425 -0.0008296168355 0.009482563821)
(0.043125 -0.0008296168355 0.009482563821)
(0.04375 -0.0008296168355 0.009482563821)
(0.044375 -0.0008296168355 0.009482563821)
(0.045 -0.0008296168355 0.009482563821)
(0.045625 -0.0008296168355 0.009482563821)
(0.04625 -0.0008296168355 0.009482563821)
(0.046875 -0.0008296168355 0.009482563821)
(0.0475 -0.0008296168355 0.009482563821)
(0.048125 -0.0008296168355 0.009482563821)
(0.04875 -0.0008296168355 0.009482563821)
(0.049375 -0.0008296168355 0.009482563821)
(0.05 -0.0008296168355 0.009482563821)
(0 -0.00085407549 0.009762127521)
(0.000625 -0.00085407549 0.009762127521)
(0.00125 -0.00085407549 0.009762127521)
(0.001875 -0.00085407549 0.009762127521)
(0.0025 -0.00085407549 0.009762127521)
(0.003125 -0.00085407549 0.009762127521)
(0.00375 -0.00085407549 0.009762127521)
(0.004375 -0.00085407549 0.009762127521)
(0.005 -0.00085407549 0.009762127521)
(0.005625 -0.00085407549 0.009762127521)
(0.00625 -0.00085407549 0.009762127521)
(0.006875 -0.00085407549 0.009762127521)
(0.0075 -0.00085407549 0.009762127521)
(0.008125 -0.00085407549 0.009762127521)
(0.00875 -0.00085407549 0.009762127521)
(0.009375 -0.00085407549 0.009762127521)
(0.01 -0.00085407549 0.009762127521)
(0.010625 -0.00085407549 0.009762127521)
(0.01125 -0.00085407549 0.009762127521)
(0.011875 -0.00085407549 0.009762127521)
(0.0125 -0.00085407549 0.009762127521)
(0.013125 -0.00085407549 0.009762127521)
(0.01375 -0.00085407549 0.009762127521)
(0.014375 -0.00085407549 0.009762127521)
(0.015 -0.00085407549 0.009762127521)
(0.015625 -0.00085407549 0.009762127521)
(0.01625 -0.00085407549 0.009762127521)
(0.016875 -0.00085407549 0.009762127521)
(0.0175 -0.00085407549 0.009762127521)
(0.018125 -0.00085407549 0.009762127521)
(0.01875 -0.00085407549 0.009762127521)
(0.019375 -0.00085407549 0.009762127521)
(0.02 -0.00085407549 0.009762127521)
(0.020625 -0.00085407549 0.009762127521)
(0.02125 -0.00085407549 0.009762127521)
(0.021875 -0.00085407549 0.009762127521)
(0.0225 -0.00085407549 0.009762127521)
(0.023125 -0.00085407549 0.009762127521)
(0.02375 -0.00085407549 0.009762127521)
(0.024375 -0.00085407549 0.009762127521)
(0.025 -0.00085407549 0.009762127521)
(0.025625 -0.00085407549 0.009762127521)
(0.02625 -0.00085407549 0.009762127521)
(0.026875 -0.00085407549 0.009762127521)
(0.0275 -0.00085407549 0.009762127521)
(0.028125 -0.00085407549 0.009762127521)
(0.02875 -0.00085407549 0.009762127521)
(0.029375 -0.00085407549 0.009762127521)
(0.03 -0.00085407549 0.009762127521)
(0.030625 -0.00085407549 0.009762127521)
(0.03125 -0.00085407549 0.009762127521)
(0.031875 -0.00085407549 0.009762127521)
(0.0325 -0.00085407549 0.009762127521)
(0.033125 -0.00085407549 0.009762127521)
(0.03375 -0.00085407549 0.009762127521)
(0.034375 -0.00085407549 0.009762127521)
(0.035 -0.00085407549 0.009762127521)
(0.035625 -0.00085407549 0.009762127521)
(0.03625 -0.00085407549 0.009762127521)
(0.036875 -0.00085407549 0.009762127521)
(0.0375 -0.00085407549 0.009762127521)
(0.038125 -0.00085407549 0.009762127521)
(0.03875 -0.00085407549 0.009762127521)
(0.039375 -0.00085407549 0.009762127521)
(0.04 -0.00085407549 0.009762127521)
(0.040625 -0.00085407549 0.009762127521)
(0.04125 -0.00085407549 0.009762127521)
(0.041875 -0.00085407549 0.009762127521)
(0.0425 -0.00085407549 0.009762127521)
(0.043125 -0.00085407549 0.009762127521)
(0.04375 -0.00085407549 0.009762127521)
(0.044375 -0.00085407549 0.009762127521)
(0.045 -0.00085407549 0.009762127521)
(0.045625 -0.00085407549 0.009762127521)
(0.04625 -0.00085407549 0.009762127521)
(0.046875 -0.00085407549 0.009762127521)
(0.0475 -0.00085407549 0.009762127521)
(0.048125 -0.00085407549 0.009762127521)
(0.04875 -0.00085407549 0.009762127521)
(0.049375 -0.00085407549 0.009762127521)
(0.05 -0.00085407549 0.009762127521)
(0 -0.0008802305856 0.01006108163)
(0.000625 -0.0008802305856 0.01006108163)
(0.00125 -0.0008802305856 0.01006108163)
(0.001875 -0.0008802305856 0.01006108163)
(0.0025 -0.0008802305856 0.01006108163)
(0.003125 -0.0008802305856 0.01006108163)
(0.00375 -0.0008802305856 0.01006108163)
(0.004375 -0.0008802305856 0.01006108163)
(0.005 -0.0008802305856 0.01006108163)
(0.005625 -0.0008802305856 0.01006108163)
(0.00625 -0.0008802305856 0.01006108163)
(0.006875 -0.0008802305856 0.01006108163)
(0.0075 -0.0008802305856 0.01006108163)
(0.008125 -0.0008802305856 0.01006108163)
(0.00875 -0.0008802305856 0.01006108163)
(0.009375 -0.0008802305856 0.01006108163)
(0.01 -0.0008802305856 0.01006108163)
(0.010625 -0.0008802305856 0.01006108163)
(0.01125 -0.0008802305856 0.01006108163)
(0.011875 -0.0008802305856 0.01006108163)
(0.0125 -0.0008802305856 0.01006108163)
(0.013125 -0.0008802305856 0.01006108163)
(0.01375 -0.0008802305856 0.01006108163)
(0.014375 -0.0008802305856 0.01006108163)
(0.015 -0.0008802305856 0.01006108163)
(0.015625 -0.0008802305856 0.01006108163)
(0.01625 -0.0008802305856 0.01006108163)
(0.016875 -0.0008802305856 0.01006108163)
(0.0175 -0.0008802305856 0.01006108163)
(0.018125 -0.0008802305856 0.01006108163)
(0.01875 -0.0008802305856 0.01006108163)
(0.019375 -0.0008802305856 0.01006108163)
(0.02 -0.0008802305856 0.01006108163)
(0.020625 -0.0008802305856 0.01006108163)
(0.02125 -0.0008802305856 0.01006108163)
(0.021875 -0.0008802305856 0.01006108163)
(0.0225 -0.0008802305856 0.01006108163)
(0.023125 -0.0008802305856 0.01006108163)
(0.02375 -0.0008802305856 0.01006108163)
(0.024375 -0.0008802305856 0.01006108163)
(0.025 -0.0008802305856 0.01006108163)
(0.025625 -0.0008802305856 0.01006108163)
(0.02625 -0.0008802305856 0.01006108163)
(0.026875 -0.0008802305856 0.01006108163)
(0.0275 -0.0008802305856 0.01006108163)
(0.028125 -0.0008802305856 0.01006108163)
(0.02875 -0.0008802305856 0.01006108163)
(0.029375 -0.0008802305856 0.01006108163)
(0.03 -0.0008802305856 0.01006108163)
(0.030625 -0.0008802305856 0.01006108163)
(0.03125 -0.0008802305856 0.01006108163)
(0.031875 -0.0008802305856 0.01006108163)
(0.0325 -0.0008802305856 0.01006108163)
(0.033125 -0.0008802305856 0.01006108163)
(0.03375 -0.0008802305856 0.01006108163)
(0.034375 -0.0008802305856 0.01006108163)
(0.035 -0.0008802305856 0.01006108163)
(0.035625 -0.0008802305856 0.01006108163)
(0.03625 -0.0008802305856 0.01006108163)
(0.036875 -0.0008802305856 0.01006108163)
(0.0375 -0.0008802305856 0.01006108163)
(0.038125 -0.0008802305856 0.01006108163)
(0.03875 -0.0008802305856 0.01006108163)
(0.039375 -0.0008802305856 0.01006108163)
(0.04 -0.0008802305856 0.01006108163)
(0.040625 -0.0008802305856 0.01006108163)
(0.04125 -0.0008802305856 0.01006108163)
(0.041875 -0.0008802305856 0.01006108163)
(0.0425 -0.0008802305856 0.01006108163)
(0.043125 -0.0008802305856 0.01006108163)
(0.04375 -0.0008802305856 0.01006108163)
(0.044375 -0.0008802305856 0.01006108163)
(0.045 -0.0008802305856 0.01006108163)
(0.045625 -0.0008802305856 0.01006108163)
(0.04625 -0.0008802305856 0.01006108163)
(0.046875 -0.0008802305856 0.01006108163)
(0.0475 -0.0008802305856 0.01006108163)
(0.048125 -0.0008802305856 0.01006108163)
(0.04875 -0.0008802305856 0.01006108163)
(0.049375 -0.0008802305856 0.01006108163)
(0.05 -0.0008802305856 0.01006108163)
(0 -0.0009081997867 0.01038077106)
(0.000625 -0.0009081997867 0.01038077106)
(0.00125 -0.0009081997867 0.01038077106)
(0.001875 -0.0009081997867 0.01038077106)
(0.0025 -0.0009081997867 0.01038077106)
(0.003125 -0.0009081997867 0.01038077106)
(0.00375 -0.0009081997867 0.01038077106)
(0.004375 -0.0009081997867 0.01038077106)
(0.005 -0.0009081997867 0.01038077106)
(0.005625 -0.0009081997867 0.01038077106)
(0.00625 -0.0009081997867 0.01038077106)
(0.006875 -0.0009081997867 0.01038077106)
(0.0075 -0.0009081997867 0.01038077106)
(0.008125 -0.0009081997867 0.01038077106)
(0.00875 -0.0009081997867 0.01038077106)
(0.009375 -0.0009081997867 0.01038077106)
(0.01 -0.0009081997867 0.01038077106)
(0.010625 -0.0009081997867 0.01038077106)
(0.01125 -0.0009081997867 0.01038077106)
(0.011875 -0.0009081997867 0.01038077106)
(0.0125 -0.0009081997867 0.01038077106)
(0.013125 -0.0009081997867 0.01038077106)
(0.01375 -0.0009081997867 0.01038077106)
(0.014375 -0.0009081997867 0.01038077106)
(0.015 -0.0009081997867 0.01038077106)
(0.015625 -0.0009081997867 0.01038077106)
(0.01625 -0.0009081997867 0.01038077106)
(0.016875 -0.0009081997867 0.01038077106)
(0.0175 -0.0009081997867 0.01038077106)
(0.018125 -0.0009081997867 0.01038077106)
(0.01875 -0.0009081997867 0.01038077106)
(0.019375 -0.0009081997867 0.01038077106)
(0.02 -0.0009081997867 0.01038077106)
(0.020625 -0.0009081997867 0.01038077106)
(0.02125 -0.0009081997867 0.01038077106)
(0.021875 -0.0009081997867 0.01038077106)
(0.0225 -0.0009081997867 0.01038077106)
(0.023125 -0.0009081997867 0.01038077106)
(0.02375 -0.0009081997867 0.01038077106)
(0.024375 -0.0009081997867 0.01038077106)
(0.025 -0.0009081997867 0.01038077106)
(0.025625 -0.0009081997867 0.01038077106)
(0.02625 -0.0009081997867 0.01038077106)
(0.026875 -0.0009081997867 0.01038077106)
(0.0275 -0.0009081997867 0.01038077106)
(0.028125 -0.0009081997867 0.01038077106)
(0.02875 -0.0009081997867 0.01038077106)
(0.029375 -0.0009081997867 0.01038077106)
(0.03 -0.0009081997867 0.01038077106)
(0.030625 -0.0009081997867 0.01038077106)
(0.03125 -0.0009081997867 0.01038077106)
(0.031875 -0.0009081997867 0.01038077106)
(0.0325 -0.0009081997867 0.01038077106)
(0.033125 -0.0009081997867 0.01038077106)
(0.03375 -0.0009081997867 0.01038077106)
(0.034375 -0.0009081997867 0.01038077106)
(0.035 -0.0009081997867 0.01038077106)
(0.035625 -0.0009081997867 0.01038077106)
(0.03625 -0.0009081997867 0.01038077106)
(0.036875 -0.0009081997867 0.01038077106)
(0.0375 -0.0009081997867 0.01038077106)
(0.038125 -0.0009081997867 0.01038077106)
(0.03875 -0.0009081997867 0.01038077106)
(0.039375 -0.0009081997867 0.01038077106)
(0.04 -0.0009081997867 0.01038077106)
(0.040625 -0.0009081997867 0.01038077106)
(0.04125 -0.0009081997867 0.01038077106)
(0.041875 -0.0009081997867 0.01038077106)
(0.0425 -0.0009081997867 0.01038077106)
(0.043125 -0.0009081997867 0.01038077106)
(0.04375 -0.0009081997867 0.01038077106)
(0.044375 -0.0009081997867 0.01038077106)
(0.045 -0.0009081997867 0.01038077106)
(0.045625 -0.0009081997867 0.01038077106)
(0.04625 -0.0009081997867 0.01038077106)
(0.046875 -0.0009081997867 0.01038077106)
(0.0475 -0.0009081997867 0.01038077106)
(0.048125 -0.0009081997867 0.01038077106)
(0.04875 -0.0009081997867 0.01038077106)
(0.049375 -0.0009081997867 0.01038077106)
(0.05 -0.0009081997867 0.01038077106)
(0 -0.0009381089189 0.01072263401)
(0.000625 -0.0009381089189 0.01072263401)
(0.00125 -0.0009381089189 0.01072263401)
(0.001875 -0.0009381089189 0.01072263401)
(0.0025 -0.0009381089189 0.01072263401)
(0.003125 -0.0009381089189 0.01072263401)
(0.00375 -0.0009381089189 0.01072263401)
(0.004375 -0.0009381089189 0.01072263401)
(0.005 -0.0009381089189 0.01072263401)
(0.005625 -0.0009381089189 0.01072263401)
(0.00625 -0.0009381089189 0.01072263401)
(0.006875 -0.0009381089189 0.01072263401)
(0.0075 -0.0009381089189 0.01072263401)
(0.008125 -0.0009381089189 0.01072263401)
(0.00875 -0.0009381089189 0.01072263401)
(0.009375 -0.0009381089189 0.01072263401)
(0.01 -0.0009381089189 0.01072263401)
(0.010625 -0.0009381089189 0.01072263401)
(0.01125 -0.0009381089189 0.01072263401)
(0.011875 -0.0009381089189 0.01072263401)
(0.0125 -0.0009381089189 0.01072263401)
(0.013125 -0.0009381089189 0.01072263401)
(0.01375 -0.0009381089189 0.01072263401)
(0.014375 -0.0009381089189 0.01072263401)
(0.015 -0.0009381089189 0.01072263401)
(0.015625 -0.0009381089189 0.01072263401)
(0.01625 -0.0009381089189 0.01072263401)
(0.016875 -0.0009381089189 0.01072263401)
(0.0175 -0.0009381089189 0.01072263401)
(0.018125 -0.0009381089189 0.01072263401)
(0.01875 -0.0009381089189 0.01072263401)
(0.019375 -0.0009381089189 0.01072263401)
(0.02 -0.0009381089189 0.01072263401)
(0.020625 -0.0009381089189 0.01072263401)
(0.02125 -0.0009381089189 0.01072263401)
(0.021875 -0.0009381089189 0.01072263401)
(0.0225 -0.0009381089189 0.01072263401)
(0.023125 -0.0009381089189 0.01072263401)
(0.02375 -0.0009381089189 0.01072263401)
(0.024375 -0.0009381089189 0.01072263401)
(0.025 -0.0009381089189 0.01072263401)
(0.025625 -0.0009381089189 0.01072263401)
(0.02625 -0.0009381089189 0.01072263401)
(0.026875 -0.0009381089189 0.01072263401)
(0.0275 -0.0009381089189 0.01072263401)
(0.028125 -0.0009381089189 0.01072263401)
(0.02875 -0.0009381089189 0.01072263401)
(0.029375 -0.0009381089189 0.01072263401)
(0.03 -0.0009381089189 0.01072263401)
(0.030625 -0.0009381089189 0.01072263401)
(0.03125 -0.0009381089189 0.01072263401)
(0.031875 -0.0009381089189 0.01072263401)
(0.0325 -0.0009381089189 0.01072263401)
(0.033125 -0.0009381089189 0.01072263401)
(0.03375 -0.0009381089189 0.01072263401)
(0.034375 -0.0009381089189 0.01072263401)
(0.035 -0.0009381089189 0.01072263401)
(0.035625 -0.0009381089189 0.01072263401)
(0.03625 -0.0009381089189 0.01072263401)
(0.036875 -0.0009381089189 0.01072263401)
(0.0375 -0.0009381089189 0.01072263401)
(0.038125 -0.0009381089189 0.01072263401)
(0.03875 -0.0009381089189 0.01072263401)
(0.039375 -0.0009381089189 0.01072263401)
(0.04 -0.0009381089189 0.01072263401)
(0.040625 -0.0009381089189 0.01072263401)
(0.04125 -0.0009381089189 0.01072263401)
(0.041875 -0.0009381089189 0.01072263401)
(0.0425 -0.0009381089189 0.01072263401)
(0.043125 -0.0009381089189 0.01072263401)
(0.04375 -0.0009381089189 0.01072263401)
(0.044375 -0.0009381089189 0.01072263401)
(0.045 -0.0009381089189 0.01072263401)
(0.045625 -0.0009381089189 0.01072263401)
(0.04625 -0.0009381089189 0.01072263401)
(0.046875 -0.0009381089189 0.01072263401)
(0.0475 -0.0009381089189 0.01072263401)
(0.048125 -0.0009381089189 0.01072263401)
(0.04875 -0.0009381089189 0.01072263401)
(0.049375 -0.0009381089189 0.01072263401)
(0.05 -0.0009381089189 0.01072263401)
(0 -0.0009700925348 0.01108820841)
(0.000625 -0.0009700925348 0.01108820841)
(0.00125 -0.0009700925348 0.01108820841)
(0.001875 -0.0009700925348 0.01108820841)
(0.0025 -0.0009700925348 0.01108820841)
(0.003125 -0.0009700925348 0.01108820841)
(0.00375 -0.0009700925348 0.01108820841)
(0.004375 -0.0009700925348 0.01108820841)
(0.005 -0.0009700925348 0.01108820841)
(0.005625 -0.0009700925348 0.01108820841)
(0.00625 -0.0009700925348 0.01108820841)
(0.006875 -0.0009700925348 0.01108820841)
(0.0075 -0.0009700925348 0.01108820841)
(0.008125 -0.0009700925348 0.01108820841)
(0.00875 -0.0009700925348 0.01108820841)
(0.009375 -0.0009700925348 0.01108820841)
(0.01 -0.0009700925348 0.01108820841)
(0.010625 -0.0009700925348 0.01108820841)
(0.01125 -0.0009700925348 0.01108820841)
(0.011875 -0.0009700925348 0.01108820841)
(0.0125 -0.0009700925348 0.01108820841)
(0.013125 -0.0009700925348 0.01108820841)
(0.01375 -0.0009700925348 0.01108820841)
(0.014375 -0.0009700925348 0.01108820841)
(0.015 -0.0009700925348 0.01108820841)
(0.015625 -0.0009700925348 0.01108820841)
(0.01625 -0.0009700925348 0.01108820841)
(0.016875 -0.0009700925348 0.01108820841)
(0.0175 -0.0009700925348 0.01108820841)
(0.018125 -0.0009700925348 0.01108820841)
(0.01875 -0.0009700925348 0.01108820841)
(0.019375 -0.0009700925348 0.01108820841)
(0.02 -0.0009700925348 0.01108820841)
(0.020625 -0.0009700925348 0.01108820841)
(0.02125 -0.0009700925348 0.01108820841)
(0.021875 -0.0009700925348 0.01108820841)
(0.0225 -0.0009700925348 0.01108820841)
(0.023125 -0.0009700925348 0.01108820841)
(0.02375 -0.0009700925348 0.01108820841)
(0.024375 -0.0009700925348 0.01108820841)
(0.025 -0.0009700925348 0.01108820841)
(0.025625 -0.0009700925348 0.01108820841)
(0.02625 -0.0009700925348 0.01108820841)
(0.026875 -0.0009700925348 0.01108820841)
(0.0275 -0.0009700925348 0.01108820841)
(0.028125 -0.0009700925348 0.01108820841)
(0.02875 -0.0009700925348 0.01108820841)
(0.029375 -0.0009700925348 0.01108820841)
(0.03 -0.0009700925348 0.01108820841)
(0.030625 -0.0009700925348 0.01108820841)
(0.03125 -0.0009700925348 0.01108820841)
(0.031875 -0.0009700925348 0.01108820841)
(0.0325 -0.0009700925348 0.01108820841)
(0.033125 -0.0009700925348 0.01108820841)
(0.03375 -0.0009700925348 0.01108820841)
(0.034375 -0.0009700925348 0.01108820841)
(0.035 -0.0009700925348 0.01108820841)
(0.035625 -0.0009700925348 0.01108820841)
(0.03625 -0.0009700925348 0.01108820841)
(0.036875 -0.0009700925348 0.01108820841)
(0.0375 -0.0009700925348 0.01108820841)
(0.038125 -0.0009700925348 0.01108820841)
(0.03875 -0.0009700925348 0.01108820841)
(0.039375 -0.0009700925348 0.01108820841)
(0.04 -0.0009700925348 0.01108820841)
(0.040625 -0.0009700925348 0.01108820841)
(0.04125 -0.0009700925348 0.01108820841)
(0.041875 -0.0009700925348 0.01108820841)
(0.0425 -0.0009700925348 0.01108820841)
(0.043125 -0.0009700925348 0.01108820841)
(0.04375 -0.0009700925348 0.01108820841)
(0.044375 -0.0009700925348 0.01108820841)
(0.045 -0.0009700925348 0.01108820841)
(0.045625 -0.0009700925348 0.01108820841)
(0.04625 -0.0009700925348 0.01108820841)
(0.046875 -0.0009700925348 0.01108820841)
(0.0475 -0.0009700925348 0.01108820841)
(0.048125 -0.0009700925348 0.01108820841)
(0.04875 -0.0009700925348 0.01108820841)
(0.049375 -0.0009700925348 0.01108820841)
(0.05 -0.0009700925348 0.01108820841)
(0 -0.00100429452 0.01147913889)
(0.000625 -0.00100429452 0.01147913889)
(0.00125 -0.00100429452 0.01147913889)
(0.001875 -0.00100429452 0.01147913889)
(0.0025 -0.00100429452 0.01147913889)
(0.003125 -0.00100429452 0.01147913889)
(0.00375 -0.00100429452 0.01147913889)
(0.004375 -0.00100429452 0.01147913889)
(0.005 -0.00100429452 0.01147913889)
(0.005625 -0.00100429452 0.01147913889)
(0.00625 -0.00100429452 0.01147913889)
(0.006875 -0.00100429452 0.01147913889)
(0.0075 -0.00100429452 0.01147913889)
(0.008125 -0.00100429452 0.01147913889)
(0.00875 -0.00100429452 0.01147913889)
(0.009375 -0.00100429452 0.01147913889)
(0.01 -0.00100429452 0.01147913889)
(0.010625 -0.00100429452 0.01147913889)
(0.01125 -0.00100429452 0.01147913889)
(0.011875 -0.00100429452 0.01147913889)
(0.0125 -0.00100429452 0.01147913889)
(0.013125 -0.00100429452 0.01147913889)
(0.01375 -0.00100429452 0.01147913889)
(0.014375 -0.00100429452 0.01147913889)
(0.015 -0.00100429452 0.01147913889)
(0.015625 -0.00100429452 0.01147913889)
(0.01625 -0.00100429452 0.01147913889)
(0.016875 -0.00100429452 0.01147913889)
(0.0175 -0.00100429452 0.01147913889)
(0.018125 -0.00100429452 0.01147913889)
(0.01875 -0.00100429452 0.01147913889)
(0.019375 -0.00100429452 0.01147913889)
(0.02 -0.00100429452 0.01147913889)
(0.020625 -0.00100429452 0.01147913889)
(0.02125 -0.00100429452 0.01147913889)
(0.021875 -0.00100429452 0.01147913889)
(0.0225 -0.00100429452 0.01147913889)
(0.023125 -0.00100429452 0.01147913889)
(0.02375 -0.00100429452 0.01147913889)
(0.024375 -0.00100429452 0.01147913889)
(0.025 -0.00100429452 0.01147913889)
(0.025625 -0.00100429452 0.01147913889)
(0.02625 -0.00100429452 0.01147913889)
(0.026875 -0.00100429452 0.01147913889)
(0.0275 -0.00100429452 0.01147913889)
(0.028125 -0.00100429452 0.01147913889)
(0.02875 -0.00100429452 0.01147913889)
(0.029375 -0.00100429452 0.01147913889)
(0.03 -0.00100429452 0.01147913889)
(0.030625 -0.00100429452 0.01147913889)
(0.03125 -0.00100429452 0.01147913889)
(0.031875 -0.00100429452 0.01147913889)
(0.0325 -0.00100429452 0.01147913889)
(0.033125 -0.00100429452 0.01147913889)
(0.03375 -0.00100429452 0.01147913889)
(0.034375 -0.00100429452 0.01147913889)
(0.035 -0.00100429452 0.01147913889)
(0.035625 -0.00100429452 0.01147913889)
(0.03625 -0.00100429452 0.01147913889)
(0.036875 -0.00100429452 0.01147913889)
(0.0375 -0.00100429452 0.01147913889)
(0.038125 -0.00100429452 0.01147913889)
(0.03875 -0.00100429452 0.01147913889)
(0.039375 -0.00100429452 0.01147913889)
(0.04 -0.00100429452 0.01147913889)
(0.040625 -0.00100429452 0.01147913889)
(0.04125 -0.00100429452 0.01147913889)
(0.041875 -0.00100429452 0.01147913889)
(0.0425 -0.00100429452 0.01147913889)
(0.043125 -0.00100429452 0.01147913889)
(0.04375 -0.00100429452 0.01147913889)
(0.044375 -0.00100429452 0.01147913889)
(0.045 -0.00100429452 0.01147913889)
(0.045625 -0.00100429452 0.01147913889)
(0.04625 -0.00100429452 0.01147913889)
(0.046875 -0.00100429452 0.01147913889)
(0.0475 -0.00100429452 0.01147913889)
(0.048125 -0.00100429452 0.01147913889)
(0.04875 -0.00100429452 0.01147913889)
(0.049375 -0.00100429452 0.01147913889)
(0.05 -0.00100429452 0.01147913889)
(0 -0.001040868739 0.01189718413)
(0.000625 -0.001040868739 0.01189718413)
(0.00125 -0.001040868739 0.01189718413)
(0.001875 -0.001040868739 0.01189718413)
(0.0025 -0.001040868739 0.01189718413)
(0.003125 -0.001040868739 0.01189718413)
(0.00375 -0.001040868739 0.01189718413)
(0.004375 -0.001040868739 0.01189718413)
(0.005 -0.001040868739 0.01189718413)
(0.005625 -0.001040868739 0.01189718413)
(0.00625 -0.001040868739 0.01189718413)
(0.006875 -0.001040868739 0.01189718413)
(0.0075 -0.001040868739 0.01189718413)
(0.008125 -0.001040868739 0.01189718413)
(0.00875 -0.001040868739 0.01189718413)
(0.009375 -0.001040868739 0.01189718413)
(0.01 -0.001040868739 0.01189718413)
(0.010625 -0.001040868739 0.01189718413)
(0.01125 -0.001040868739 0.01189718413)
(0.011875 -0.001040868739 0.01189718413)
(0.0125 -0.001040868739 0.01189718413)
(0.013125 -0.001040868739 0.01189718413)
(0.01375 -0.001040868739 0.01189718413)
(0.014375 -0.001040868739 0.01189718413)
(0.015 -0.001040868739 0.01189718413)
(0.015625 -0.001040868739 0.01189718413)
(0.01625 -0.001040868739 0.01189718413)
(0.016875 -0.001040868739 0.01189718413)
(0.0175 -0.001040868739 0.01189718413)
(0.018125 -0.001040868739 0.01189718413)
(0.01875 -0.001040868739 0.01189718413)
(0.019375 -0.001040868739 0.01189718413)
(0.02 -0.001040868739 0.01189718413)
(0.020625 -0.001040868739 0.01189718413)
(0.02125 -0.001040868739 0.01189718413)
(0.021875 -0.001040868739 0.01189718413)
(0.0225 -0.001040868739 0.01189718413)
(0.023125 -0.001040868739 0.01189718413)
(0.02375 -0.001040868739 0.01189718413)
(0.024375 -0.001040868739 0.01189718413)
(0.025 -0.001040868739 0.01189718413)
(0.025625 -0.001040868739 0.01189718413)
(0.02625 -0.001040868739 0.01189718413)
(0.026875 -0.001040868739 0.01189718413)
(0.0275 -0.001040868739 0.01189718413)
(0.028125 -0.001040868739 0.01189718413)
(0.02875 -0.001040868739 0.01189718413)
(0.029375 -0.001040868739 0.01189718413)
(0.03 -0.001040868739 0.01189718413)
(0.030625 -0.001040868739 0.01189718413)
(0.03125 -0.001040868739 0.01189718413)
(0.031875 -0.001040868739 0.01189718413)
(0.0325 -0.001040868739 0.01189718413)
(0.033125 -0.001040868739 0.01189718413)
(0.03375 -0.001040868739 0.01189718413)
(0.034375 -0.001040868739 0.01189718413)
(0.035 -0.001040868739 0.01189718413)
(0.035625 -0.001040868739 0.01189718413)
(0.03625 -0.001040868739 0.01189718413)
(0.036875 -0.001040868739 0.01189718413)
(0.0375 -0.001040868739 0.01189718413)
(0.038125 -0.001040868739 0.01189718413)
(0.03875 -0.001040868739 0.01189718413)
(0.039375 -0.001040868739 0.01189718413)
(0.04 -0.001040868739 0.01189718413)
(0.040625 -0.001040868739 0.01189718413)
(0.04125 -0.001040868739 0.01189718413)
(0.041875 -0.001040868739 0.01189718413)
(0.0425 -0.001040868739 0.01189718413)
(0.043125 -0.001040868739 0.01189718413)
(0.04375 -0.001040868739 0.01189718413)
(0.044375 -0.001040868739 0.01189718413)
(0.045 -0.001040868739 0.01189718413)
(0.045625 -0.001040868739 0.01189718413)
(0.04625 -0.001040868739 0.01189718413)
(0.046875 -0.001040868739 0.01189718413)
(0.0475 -0.001040868739 0.01189718413)
(0.048125 -0.001040868739 0.01189718413)
(0.04875 -0.001040868739 0.01189718413)
(0.049375 -0.001040868739 0.01189718413)
(0.05 -0.001040868739 0.01189718413)
(0 -0.001079979729 0.01234422479)
(0.000625 -0.001079979729 0.01234422479)
(0.00125 -0.001079979729 0.01234422479)
(0.001875 -0.001079979729 0.01234422479)
(0.0025 -0.001079979729 0.01234422479)
(0.003125 -0.001079979729 0.01234422479)
(0.00375 -0.001079979729 0.01234422479)
(0.004375 -0.001079979729 0.01234422479)
(0.005 -0.001079979729 0.01234422479)
(0.005625 -0.001079979729 0.01234422479)
(0.00625 -0.001079979729 0.01234422479)
(0.006875 -0.001079979729 0.01234422479)
(0.0075 -0.001079979729 0.01234422479)
(0.008125 -0.001079979729 0.01234422479)
(0.00875 -0.001079979729 0.01234422479)
(0.009375 -0.001079979729 0.01234422479)
(0.01 -0.001079979729 0.01234422479)
(0.010625 -0.001079979729 0.01234422479)
(0.01125 -0.001079979729 0.01234422479)
(0.011875 -0.001079979729 0.01234422479)
(0.0125 -0.001079979729 0.01234422479)
(0.013125 -0.001079979729 0.01234422479)
(0.01375 -0.001079979729 0.01234422479)
(0.014375 -0.001079979729 0.01234422479)
(0.015 -0.001079979729 0.01234422479)
(0.015625 -0.001079979729 0.01234422479)
(0.01625 -0.001079979729 0.01234422479)
(0.016875 -0.001079979729 0.01234422479)
(0.0175 -0.001079979729 0.01234422479)
(0.018125 -0.001079979729 0.01234422479)
(0.01875 -0.001079979729 0.01234422479)
(0.019375 -0.001079979729 0.01234422479)
(0.02 -0.001079979729 0.01234422479)
(0.020625 -0.001079979729 0.01234422479)
(0.02125 -0.001079979729 0.01234422479)
(0.021875 -0.001079979729 0.01234422479)
(0.0225 -0.001079979729 0.01234422479)
(0.023125 -0.001079979729 0.01234422479)
(0.02375 -0.001079979729 0.01234422479)
(0.024375 -0.001079979729 0.01234422479)
(0.025 -0.001079979729 0.01234422479)
(0.025625 -0.001079979729 0.01234422479)
(0.02625 -0.001079979729 0.01234422479)
(0.026875 -0.001079979729 0.01234422479)
(0.0275 -0.001079979729 0.01234422479)
(0.028125 -0.001079979729 0.01234422479)
(0.02875 -0.001079979729 0.01234422479)
(0.029375 -0.001079979729 0.01234422479)
(0.03 -0.001079979729 0.01234422479)
(0.030625 -0.001079979729 0.01234422479)
(0.03125 -0.001079979729 0.01234422479)
(0.031875 -0.001079979729 0.01234422479)
(0.0325 -0.001079979729 0.01234422479)
(0.033125 -0.001079979729 0.01234422479)
(0.03375 -0.001079979729 0.01234422479)
(0.034375 -0.001079979729 0.01234422479)
(0.035 -0.001079979729 0.01234422479)
(0.035625 -0.001079979729 0.01234422479)
(0.03625 -0.001079979729 0.01234422479)
(0.036875 -0.001079979729 0.01234422479)
(0.0375 -0.001079979729 0.01234422479)
(0.038125 -0.001079979729 0.01234422479)
(0.03875 -0.001079979729 0.01234422479)
(0.039375 -0.001079979729 0.01234422479)
(0.04 -0.001079979729 0.01234422479)
(0.040625 -0.001079979729 0.01234422479)
(0.04125 -0.001079979729 0.01234422479)
(0.041875 -0.001079979729 0.01234422479)
(0.0425 -0.001079979729 0.01234422479)
(0.043125 -0.001079979729 0.01234422479)
(0.04375 -0.001079979729 0.01234422479)
(0.044375 -0.001079979729 0.01234422479)
(0.045 -0.001079979729 0.01234422479)
(0.045625 -0.001079979729 0.01234422479)
(0.04625 -0.001079979729 0.01234422479)
(0.046875 -0.001079979729 0.01234422479)
(0.0475 -0.001079979729 0.01234422479)
(0.048125 -0.001079979729 0.01234422479)
(0.04875 -0.001079979729 0.01234422479)
(0.049375 -0.001079979729 0.01234422479)
(0.05 -0.001079979729 0.01234422479)
(0 -0.00112180344 0.01282227199)
(0.000625 -0.00112180344 0.01282227199)
(0.00125 -0.00112180344 0.01282227199)
(0.001875 -0.00112180344 0.01282227199)
(0.0025 -0.00112180344 0.01282227199)
(0.003125 -0.00112180344 0.01282227199)
(0.00375 -0.00112180344 0.01282227199)
(0.004375 -0.00112180344 0.01282227199)
(0.005 -0.00112180344 0.01282227199)
(0.005625 -0.00112180344 0.01282227199)
(0.00625 -0.00112180344 0.01282227199)
(0.006875 -0.00112180344 0.01282227199)
(0.0075 -0.00112180344 0.01282227199)
(0.008125 -0.00112180344 0.01282227199)
(0.00875 -0.00112180344 0.01282227199)
(0.009375 -0.00112180344 0.01282227199)
(0.01 -0.00112180344 0.01282227199)
(0.010625 -0.00112180344 0.01282227199)
(0.01125 -0.00112180344 0.01282227199)
(0.011875 -0.00112180344 0.01282227199)
(0.0125 -0.00112180344 0.01282227199)
(0.013125 -0.00112180344 0.01282227199)
(0.01375 -0.00112180344 0.01282227199)
(0.014375 -0.00112180344 0.01282227199)
(0.015 -0.00112180344 0.01282227199)
(0.015625 -0.00112180344 0.01282227199)
(0.01625 -0.00112180344 0.01282227199)
(0.016875 -0.00112180344 0.01282227199)
(0.0175 -0.00112180344 0.01282227199)
(0.018125 -0.00112180344 0.01282227199)
(0.01875 -0.00112180344 0.01282227199)
(0.019375 -0.00112180344 0.01282227199)
(0.02 -0.00112180344 0.01282227199)
(0.020625 -0.00112180344 0.01282227199)
(0.02125 -0.00112180344 0.01282227199)
(0.021875 -0.00112180344 0.01282227199)
(0.0225 -0.00112180344 0.01282227199)
(0.023125 -0.00112180344 0.01282227199)
(0.02375 -0.00112180344 0.01282227199)
(0.024375 -0.00112180344 0.01282227199)
(0.025 -0.00112180344 0.01282227199)
(0.025625 -0.00112180344 0.01282227199)
(0.02625 -0.00112180344 0.01282227199)
(0.026875 -0.00112180344 0.01282227199)
(0.0275 -0.00112180344 0.01282227199)
(0.028125 -0.00112180344 0.01282227199)
(0.02875 -0.00112180344 0.01282227199)
(0.029375 -0.00112180344 0.01282227199)
(0.03 -0.00112180344 0.01282227199)
(0.030625 -0.00112180344 0.01282227199)
(0.03125 -0.00112180344 0.01282227199)
(0.031875 -0.00112180344 0.01282227199)
(0.0325 -0.00112180344 0.01282227199)
(0.033125 -0.00112180344 0.01282227199)
(0.03375 -0.00112180344 0.01282227199)
(0.034375 -0.00112180344 0.01282227199)
(0.035 -0.00112180344 0.01282227199)
(0.035625 -0.00112180344 0.01282227199)
(0.03625 -0.00112180344 0.01282227199)
(0.036875 -0.00112180344 0.01282227199)
(0.0375 -0.00112180344 0.01282227199)
(0.038125 -0.00112180344 0.01282227199)
(0.03875 -0.00112180344 0.01282227199)
(0.039375 -0.00112180344 0.01282227199)
(0.04 -0.00112180344 0.01282227199)
(0.040625 -0.00112180344 0.01282227199)
(0.04125 -0.00112180344 0.01282227199)
(0.041875 -0.00112180344 0.01282227199)
(0.0425 -0.00112180344 0.01282227199)
(0.043125 -0.00112180344 0.01282227199)
(0.04375 -0.00112180344 0.01282227199)
(0.044375 -0.00112180344 0.01282227199)
(0.045 -0.00112180344 0.01282227199)
(0.045625 -0.00112180344 0.01282227199)
(0.04625 -0.00112180344 0.01282227199)
(0.046875 -0.00112180344 0.01282227199)
(0.0475 -0.00112180344 0.01282227199)
(0.048125 -0.00112180344 0.01282227199)
(0.04875 -0.00112180344 0.01282227199)
(0.049375 -0.00112180344 0.01282227199)
(0.05 -0.00112180344 0.01282227199)
(0 -0.001166528024 0.01333347633)
(0.000625 -0.001166528024 0.01333347633)
(0.00125 -0.001166528024 0.01333347633)
(0.001875 -0.001166528024 0.01333347633)
(0.0025 -0.001166528024 0.01333347633)
(0.003125 -0.001166528024 0.01333347633)
(0.00375 -0.001166528024 0.01333347633)
(0.004375 -0.001166528024 0.01333347633)
(0.005 -0.001166528024 0.01333347633)
(0.005625 -0.001166528024 0.01333347633)
(0.00625 -0.001166528024 0.01333347633)
(0.006875 -0.001166528024 0.01333347633)
(0.0075 -0.001166528024 0.01333347633)
(0.008125 -0.001166528024 0.01333347633)
(0.00875 -0.001166528024 0.01333347633)
(0.009375 -0.001166528024 0.01333347633)
(0.01 -0.001166528024 0.01333347633)
(0.010625 -0.001166528024 0.01333347633)
(0.01125 -0.001166528024 0.01333347633)
(0.011875 -0.001166528024 0.01333347633)
(0.0125 -0.001166528024 0.01333347633)
(0.013125 -0.001166528024 0.01333347633)
(0.01375 -0.001166528024 0.01333347633)
(0.014375 -0.001166528024 0.01333347633)
(0.015 -0.001166528024 0.01333347633)
(0.015625 -0.001166528024 0.01333347633)
(0.01625 -0.001166528024 0.01333347633)
(0.016875 -0.001166528024 0.01333347633)
(0.0175 -0.001166528024 0.01333347633)
(0.018125 -0.001166528024 0.01333347633)
(0.01875 -0.001166528024 0.01333347633)
(0.019375 -0.001166528024 0.01333347633)
(0.02 -0.001166528024 0.01333347633)
(0.020625 -0.001166528024 0.01333347633)
(0.02125 -0.001166528024 0.01333347633)
(0.021875 -0.001166528024 0.01333347633)
(0.0225 -0.001166528024 0.01333347633)
(0.023125 -0.001166528024 0.01333347633)
(0.02375 -0.001166528024 0.01333347633)
(0.024375 -0.001166528024 0.01333347633)
(0.025 -0.001166528024 0.01333347633)
(0.025625 -0.001166528024 0.01333347633)
(0.02625 -0.001166528024 0.01333347633)
(0.026875 -0.001166528024 0.01333347633)
(0.0275 -0.001166528024 0.01333347633)
(0.028125 -0.001166528024 0.01333347633)
(0.02875 -0.001166528024 0.01333347633)
(0.029375 -0.001166528024 0.01333347633)
(0.03 -0.001166528024 0.01333347633)
(0.030625 -0.001166528024 0.01333347633)
(0.03125 -0.001166528024 0.01333347633)
(0.031875 -0.001166528024 0.01333347633)
(0.0325 -0.001166528024 0.01333347633)
(0.033125 -0.001166528024 0.01333347633)
(0.03375 -0.001166528024 0.01333347633)
(0.034375 -0.001166528024 0.01333347633)
(0.035 -0.001166528024 0.01333347633)
(0.035625 -0.001166528024 0.01333347633)
(0.03625 -0.001166528024 0.01333347633)
(0.036875 -0.001166528024 0.01333347633)
(0.0375 -0.001166528024 0.01333347633)
(0.038125 -0.001166528024 0.01333347633)
(0.03875 -0.001166528024 0.01333347633)
(0.039375 -0.001166528024 0.01333347633)
(0.04 -0.001166528024 0.01333347633)
(0.040625 -0.001166528024 0.01333347633)
(0.04125 -0.001166528024 0.01333347633)
(0.041875 -0.001166528024 0.01333347633)
(0.0425 -0.001166528024 0.01333347633)
(0.043125 -0.001166528024 0.01333347633)
(0.04375 -0.001166528024 0.01333347633)
(0.044375 -0.001166528024 0.01333347633)
(0.045 -0.001166528024 0.01333347633)
(0.045625 -0.001166528024 0.01333347633)
(0.04625 -0.001166528024 0.01333347633)
(0.046875 -0.001166528024 0.01333347633)
(0.0475 -0.001166528024 0.01333347633)
(0.048125 -0.001166528024 0.01333347633)
(0.04875 -0.001166528024 0.01333347633)
(0.049375 -0.001166528024 0.01333347633)
(0.05 -0.001166528024 0.01333347633)
(0 -0.001214354686 0.01388013757)
(0.000625 -0.001214354686 0.01388013757)
(0.00125 -0.001214354686 0.01388013757)
(0.001875 -0.001214354686 0.01388013757)
(0.0025 -0.001214354686 0.01388013757)
(0.003125 -0.001214354686 0.01388013757)
(0.00375 -0.001214354686 0.01388013757)
(0.004375 -0.001214354686 0.01388013757)
(0.005 -0.001214354686 0.01388013757)
(0.005625 -0.001214354686 0.01388013757)
(0.00625 -0.001214354686 0.01388013757)
(0.006875 -0.001214354686 0.01388013757)
(0.0075 -0.001214354686 0.01388013757)
(0.008125 -0.001214354686 0.01388013757)
(0.00875 -0.001214354686 0.01388013757)
(0.009375 -0.001214354686 0.01388013757)
(0.01 -0.001214354686 0.01388013757)
(0.010625 -0.001214354686 0.01388013757)
(0.01125 -0.001214354686 0.01388013757)
(0.011875 -0.001214354686 0.01388013757)
(0.0125 -0.001214354686 0.01388013757)
(0.013125 -0.001214354686 0.01388013757)
(0.01375 -0.001214354686 0.01388013757)
(0.014375 -0.001214354686 0.01388013757)
(0.015 -0.001214354686 0.01388013757)
(0.015625 -0.001214354686 0.01388013757)
(0.01625 -0.001214354686 0.01388013757)
(0.016875 -0.001214354686 0.01388013757)
(0.0175 -0.001214354686 0.01388013757)
(0.018125 -0.001214354686 0.01388013757)
(0.01875 -0.001214354686 0.01388013757)
(0.019375 -0.001214354686 0.01388013757)
(0.02 -0.001214354686 0.01388013757)
(0.020625 -0.001214354686 0.01388013757)
(0.02125 -0.001214354686 0.01388013757)
(0.021875 -0.001214354686 0.01388013757)
(0.0225 -0.001214354686 0.01388013757)
(0.023125 -0.001214354686 0.01388013757)
(0.02375 -0.001214354686 0.01388013757)
(0.024375 -0.001214354686 0.01388013757)
(0.025 -0.001214354686 0.01388013757)
(0.025625 -0.001214354686 0.01388013757)
(0.02625 -0.001214354686 0.01388013757)
(0.026875 -0.001214354686 0.01388013757)
(0.0275 -0.001214354686 0.01388013757)
(0.028125 -0.001214354686 0.01388013757)
(0.02875 -0.001214354686 0.01388013757)
(0.029375 -0.001214354686 0.01388013757)
(0.03 -0.001214354686 0.01388013757)
(0.030625 -0.001214354686 0.01388013757)
(0.03125 -0.001214354686 0.01388013757)
(0.031875 -0.001214354686 0.01388013757)
(0.0325 -0.001214354686 0.01388013757)
(0.033125 -0.001214354686 0.01388013757)
(0.03375 -0.001214354686 0.01388013757)
(0.034375 -0.001214354686 0.01388013757)
(0.035 -0.001214354686 0.01388013757)
(0.035625 -0.001214354686 0.01388013757)
(0.03625 -0.001214354686 0.01388013757)
(0.036875 -0.001214354686 0.01388013757)
(0.0375 -0.001214354686 0.01388013757)
(0.038125 -0.001214354686 0.01388013757)
(0.03875 -0.001214354686 0.01388013757)
(0.039375 -0.001214354686 0.01388013757)
(0.04 -0.001214354686 0.01388013757)
(0.040625 -0.001214354686 0.01388013757)
(0.04125 -0.001214354686 0.01388013757)
(0.041875 -0.001214354686 0.01388013757)
(0.0425 -0.001214354686 0.01388013757)
(0.043125 -0.001214354686 0.01388013757)
(0.04375 -0.001214354686 0.01388013757)
(0.044375 -0.001214354686 0.01388013757)
(0.045 -0.001214354686 0.01388013757)
(0.045625 -0.001214354686 0.01388013757)
(0.04625 -0.001214354686 0.01388013757)
(0.046875 -0.001214354686 0.01388013757)
(0.0475 -0.001214354686 0.01388013757)
(0.048125 -0.001214354686 0.01388013757)
(0.04875 -0.001214354686 0.01388013757)
(0.049375 -0.001214354686 0.01388013757)
(0.05 -0.001214354686 0.01388013757)
(0 -0.001265498582 0.01446471498)
(0.000625 -0.001265498582 0.01446471498)
(0.00125 -0.001265498582 0.01446471498)
(0.001875 -0.001265498582 0.01446471498)
(0.0025 -0.001265498582 0.01446471498)
(0.003125 -0.001265498582 0.01446471498)
(0.00375 -0.001265498582 0.01446471498)
(0.004375 -0.001265498582 0.01446471498)
(0.005 -0.001265498582 0.01446471498)
(0.005625 -0.001265498582 0.01446471498)
(0.00625 -0.001265498582 0.01446471498)
(0.006875 -0.001265498582 0.01446471498)
(0.0075 -0.001265498582 0.01446471498)
(0.008125 -0.001265498582 0.01446471498)
(0.00875 -0.001265498582 0.01446471498)
(0.009375 -0.001265498582 0.01446471498)
(0.01 -0.001265498582 0.01446471498)
(0.010625 -0.001265498582 0.01446471498)
(0.01125 -0.001265498582 0.01446471498)
(0.011875 -0.001265498582 0.01446471498)
(0.0125 -0.001265498582 0.01446471498)
(0.013125 -0.001265498582 0.01446471498)
(0.01375 -0.001265498582 0.01446471498)
(0.014375 -0.001265498582 0.01446471498)
(0.015 -0.001265498582 0.01446471498)
(0.015625 -0.001265498582 0.01446471498)
(0.01625 -0.001265498582 0.01446471498)
(0.016875 -0.001265498582 0.01446471498)
(0.0175 -0.001265498582 0.01446471498)
(0.018125 -0.001265498582 0.01446471498)
(0.01875 -0.001265498582 0.01446471498)
(0.019375 -0.001265498582 0.01446471498)
(0.02 -0.001265498582 0.01446471498)
(0.020625 -0.001265498582 0.01446471498)
(0.02125 -0.001265498582 0.01446471498)
(0.021875 -0.001265498582 0.01446471498)
(0.0225 -0.001265498582 0.01446471498)
(0.023125 -0.001265498582 0.01446471498)
(0.02375 -0.001265498582 0.01446471498)
(0.024375 -0.001265498582 0.01446471498)
(0.025 -0.001265498582 0.01446471498)
(0.025625 -0.001265498582 0.01446471498)
(0.02625 -0.001265498582 0.01446471498)
(0.026875 -0.001265498582 0.01446471498)
(0.0275 -0.001265498582 0.01446471498)
(0.028125 -0.001265498582 0.01446471498)
(0.02875 -0.001265498582 0.01446471498)
(0.029375 -0.001265498582 0.01446471498)
(0.03 -0.001265498582 0.01446471498)
(0.030625 -0.001265498582 0.01446471498)
(0.03125 -0.001265498582 0.01446471498)
(0.031875 -0.001265498582 0.01446471498)
(0.0325 -0.001265498582 0.01446471498)
(0.033125 -0.001265498582 0.01446471498)
(0.03375 -0.001265498582 0.01446471498)
(0.034375 -0.001265498582 0.01446471498)
(0.035 -0.001265498582 0.01446471498)
(0.035625 -0.001265498582 0.01446471498)
(0.03625 -0.001265498582 0.01446471498)
(0.036875 -0.001265498582 0.01446471498)
(0.0375 -0.001265498582 0.01446471498)
(0.038125 -0.001265498582 0.01446471498)
(0.03875 -0.001265498582 0.01446471498)
(0.039375 -0.001265498582 0.01446471498)
(0.04 -0.001265498582 0.01446471498)
(0.040625 -0.001265498582 0.01446471498)
(0.04125 -0.001265498582 0.01446471498)
(0.041875 -0.001265498582 0.01446471498)
(0.0425 -0.001265498582 0.01446471498)
(0.043125 -0.001265498582 0.01446471498)
(0.04375 -0.001265498582 0.01446471498)
(0.044375 -0.001265498582 0.01446471498)
(0.045 -0.001265498582 0.01446471498)
(0.045625 -0.001265498582 0.01446471498)
(0.04625 -0.001265498582 0.01446471498)
(0.046875 -0.001265498582 0.01446471498)
(0.0475 -0.001265498582 0.01446471498)
(0.048125 -0.001265498582 0.01446471498)
(0.04875 -0.001265498582 0.01446471498)
(0.049375 -0.001265498582 0.01446471498)
(0.05 -0.001265498582 0.01446471498)
(0 -0.001320189796 0.01508983842)
(0.000625 -0.001320189796 0.01508983842)
(0.00125 -0.001320189796 0.01508983842)
(0.001875 -0.001320189796 0.01508983842)
(0.0025 -0.001320189796 0.01508983842)
(0.003125 -0.001320189796 0.01508983842)
(0.00375 -0.001320189796 0.01508983842)
(0.004375 -0.001320189796 0.01508983842)
(0.005 -0.001320189796 0.01508983842)
(0.005625 -0.001320189796 0.01508983842)
(0.00625 -0.001320189796 0.01508983842)
(0.006875 -0.001320189796 0.01508983842)
(0.0075 -0.001320189796 0.01508983842)
(0.008125 -0.001320189796 0.01508983842)
(0.00875 -0.001320189796 0.01508983842)
(0.009375 -0.001320189796 0.01508983842)
(0.01 -0.001320189796 0.01508983842)
(0.010625 -0.001320189796 0.01508983842)
(0.01125 -0.001320189796 0.01508983842)
(0.011875 -0.001320189796 0.01508983842)
(0.0125 -0.001320189796 0.01508983842)
(0.013125 -0.001320189796 0.01508983842)
(0.01375 -0.001320189796 0.01508983842)
(0.014375 -0.001320189796 0.01508983842)
(0.015 -0.001320189796 0.01508983842)
(0.015625 -0.001320189796 0.01508983842)
(0.01625 -0.001320189796 0.01508983842)
(0.016875 -0.001320189796 0.01508983842)
(0.0175 -0.001320189796 0.01508983842)
(0.018125 -0.001320189796 0.01508983842)
(0.01875 -0.001320189796 0.01508983842)
(0.019375 -0.001320189796 0.01508983842)
(0.02 -0.001320189796 0.01508983842)
(0.020625 -0.001320189796 0.01508983842)
(0.02125 -0.001320189796 0.01508983842)
(0.021875 -0.001320189796 0.01508983842)
(0.0225 -0.001320189796 0.01508983842)
(0.023125 -0.001320189796 0.01508983842)
(0.02375 -0.001320189796 0.01508983842)
(0.024375 -0.001320189796 0.01508983842)
(0.025 -0.001320189796 0.01508983842)
(0.025625 -0.001320189796 0.01508983842)
(0.02625 -0.001320189796 0.01508983842)
(0.026875 -0.001320189796 0.01508983842)
(0.0275 -0.001320189796 0.01508983842)
(0.028125 -0.001320189796 0.01508983842)
(0.02875 -0.001320189796 0.01508983842)
(0.029375 -0.001320189796 0.01508983842)
(0.03 -0.001320189796 0.01508983842)
(0.030625 -0.001320189796 0.01508983842)
(0.03125 -0.001320189796 0.01508983842)
(0.031875 -0.001320189796 0.01508983842)
(0.0325 -0.001320189796 0.01508983842)
(0.033125 -0.001320189796 0.01508983842)
(0.03375 -0.001320189796 0.01508983842)
(0.034375 -0.001320189796 0.01508983842)
(0.035 -0.001320189796 0.01508983842)
(0.035625 -0.001320189796 0.01508983842)
(0.03625 -0.001320189796 0.01508983842)
(0.036875 -0.001320189796 0.01508983842)
(0.0375 -0.001320189796 0.01508983842)
(0.038125 -0.001320189796 0.01508983842)
(0.03875 -0.001320189796 0.01508983842)
(0.039375 -0.001320189796 0.01508983842)
(0.04 -0.001320189796 0.01508983842)
(0.040625 -0.001320189796 0.01508983842)
(0.04125 -0.001320189796 0.01508983842)
(0.041875 -0.001320189796 0.01508983842)
(0.0425 -0.001320189796 0.01508983842)
(0.043125 -0.001320189796 0.01508983842)
(0.04375 -0.001320189796 0.01508983842)
(0.044375 -0.001320189796 0.01508983842)
(0.045 -0.001320189796 0.01508983842)
(0.045625 -0.001320189796 0.01508983842)
(0.04625 -0.001320189796 0.01508983842)
(0.046875 -0.001320189796 0.01508983842)
(0.0475 -0.001320189796 0.01508983842)
(0.048125 -0.001320189796 0.01508983842)
(0.04875 -0.001320189796 0.01508983842)
(0.049375 -0.001320189796 0.01508983842)
(0.05 -0.001320189796 0.01508983842)
(0 -0.001378674368 0.01575832013)
(0.000625 -0.001378674368 0.01575832013)
(0.00125 -0.001378674368 0.01575832013)
(0.001875 -0.001378674368 0.01575832013)
(0.0025 -0.001378674368 0.01575832013)
(0.003125 -0.001378674368 0.01575832013)
(0.00375 -0.001378674368 0.01575832013)
(0.004375 -0.001378674368 0.01575832013)
(0.005 -0.001378674368 0.01575832013)
(0.005625 -0.001378674368 0.01575832013)
(0.00625 -0.001378674368 0.01575832013)
(0.006875 -0.001378674368 0.01575832013)
(0.0075 -0.001378674368 0.01575832013)
(0.008125 -0.001378674368 0.01575832013)
(0.00875 -0.001378674368 0.01575832013)
(0.009375 -0.001378674368 0.01575832013)
(0.01 -0.001378674368 0.01575832013)
(0.010625 -0.001378674368 0.01575832013)
(0.01125 -0.001378674368 0.01575832013)
(0.011875 -0.001378674368 0.01575832013)
(0.0125 -0.001378674368 0.01575832013)
(0.013125 -0.001378674368 0.01575832013)
(0.01375 -0.001378674368 0.01575832013)
(0.014375 -0.001378674368 0.01575832013)
(0.015 -0.001378674368 0.01575832013)
(0.015625 -0.001378674368 0.01575832013)
(0.01625 -0.001378674368 0.01575832013)
(0.016875 -0.001378674368 0.01575832013)
(0.0175 -0.001378674368 0.01575832013)
(0.018125 -0.001378674368 0.01575832013)
(0.01875 -0.001378674368 0.01575832013)
(0.019375 -0.001378674368 0.01575832013)
(0.02 -0.001378674368 0.01575832013)
(0.020625 -0.001378674368 0.01575832013)
(0.02125 -0.001378674368 0.01575832013)
(0.021875 -0.001378674368 0.01575832013)
(0.0225 -0.001378674368 0.01575832013)
(0.023125 -0.001378674368 0.01575832013)
(0.02375 -0.001378674368 0.01575832013)
(0.024375 -0.001378674368 0.01575832013)
(0.025 -0.001378674368 0.01575832013)
(0.025625 -0.001378674368 0.01575832013)
(0.02625 -0.001378674368 0.01575832013)
(0.026875 -0.001378674368 0.01575832013)
(0.0275 -0.001378674368 0.01575832013)
(0.028125 -0.001378674368 0.01575832013)
(0.02875 -0.001378674368 0.01575832013)
(0.029375 -0.001378674368 0.01575832013)
(0.03 -0.001378674368 0.01575832013)
(0.030625 -0.001378674368 0.01575832013)
(0.03125 -0.001378674368 0.01575832013)
(0.031875 -0.001378674368 0.01575832013)
(0.0325 -0.001378674368 0.01575832013)
(0.033125 -0.001378674368 0.01575832013)
(0.03375 -0.001378674368 0.01575832013)
(0.034375 -0.001378674368 0.01575832013)
(0.035 -0.001378674368 0.01575832013)
(0.035625 -0.001378674368 0.01575832013)
(0.03625 -0.001378674368 0.01575832013)
(0.036875 -0.001378674368 0.01575832013)
(0.0375 -0.001378674368 0.01575832013)
(0.038125 -0.001378674368 0.01575832013)
(0.03875 -0.001378674368 0.01575832013)
(0.039375 -0.001378674368 0.01575832013)
(0.04 -0.001378674368 0.01575832013)
(0.040625 -0.001378674368 0.01575832013)
(0.04125 -0.001378674368 0.01575832013)
(0.041875 -0.001378674368 0.01575832013)
(0.0425 -0.001378674368 0.01575832013)
(0.043125 -0.001378674368 0.01575832013)
(0.04375 -0.001378674368 0.01575832013)
(0.044375 -0.001378674368 0.01575832013)
(0.045 -0.001378674368 0.01575832013)
(0.045625 -0.001378674368 0.01575832013)
(0.04625 -0.001378674368 0.01575832013)
(0.046875 -0.001378674368 0.01575832013)
(0.0475 -0.001378674368 0.01575832013)
(0.048125 -0.001378674368 0.01575832013)
(0.04875 -0.001378674368 0.01575832013)
(0.049375 -0.001378674368 0.01575832013)
(0.05 -0.001378674368 0.01575832013)
(0 -0.001441215403 0.01647316744)
(0.000625 -0.001441215403 0.01647316744)
(0.00125 -0.001441215403 0.01647316744)
(0.001875 -0.001441215403 0.01647316744)
(0.0025 -0.001441215403 0.01647316744)
(0.003125 -0.001441215403 0.01647316744)
(0.00375 -0.001441215403 0.01647316744)
(0.004375 -0.001441215403 0.01647316744)
(0.005 -0.001441215403 0.01647316744)
(0.005625 -0.001441215403 0.01647316744)
(0.00625 -0.001441215403 0.01647316744)
(0.006875 -0.001441215403 0.01647316744)
(0.0075 -0.001441215403 0.01647316744)
(0.008125 -0.001441215403 0.01647316744)
(0.00875 -0.001441215403 0.01647316744)
(0.009375 -0.001441215403 0.01647316744)
(0.01 -0.001441215403 0.01647316744)
(0.010625 -0.001441215403 0.01647316744)
(0.01125 -0.001441215403 0.01647316744)
(0.011875 -0.001441215403 0.01647316744)
(0.0125 -0.001441215403 0.01647316744)
(0.013125 -0.001441215403 0.01647316744)
(0.01375 -0.001441215403 0.01647316744)
(0.014375 -0.001441215403 0.01647316744)
(0.015 -0.001441215403 0.01647316744)
(0.015625 -0.001441215403 0.01647316744)
(0.01625 -0.001441215403 0.01647316744)
(0.016875 -0.001441215403 0.01647316744)
(0.0175 -0.001441215403 0.01647316744)
(0.018125 -0.001441215403 0.01647316744)
(0.01875 -0.001441215403 0.01647316744)
(0.019375 -0.001441215403 0.01647316744)
(0.02 -0.001441215403 0.01647316744)
(0.020625 -0.001441215403 0.01647316744)
(0.02125 -0.001441215403 0.01647316744)
(0.021875 -0.001441215403 0.01647316744)
(0.0225 -0.001441215403 0.01647316744)
(0.023125 -0.001441215403 0.01647316744)
(0.02375 -0.001441215403 0.01647316744)
(0.024375 -0.001441215403 0.01647316744)
(0.025 -0.001441215403 0.01647316744)
(0.025625 -0.001441215403 0.01647316744)
(0.02625 -0.001441215403 0.01647316744)
(0.026875 -0.001441215403 0.01647316744)
(0.0275 -0.001441215403 0.01647316744)
(0.028125 -0.001441215403 0.01647316744)
(0.02875 -0.001441215403 0.01647316744)
(0.029375 -0.001441215403 0.01647316744)
(0.03 -0.001441215403 0.01647316744)
(0.030625 -0.001441215403 0.01647316744)
(0.03125 -0.001441215403 0.01647316744)
(0.031875 -0.001441215403 0.01647316744)
(0.0325 -0.001441215403 0.01647316744)
(0.033125 -0.001441215403 0.01647316744)
(0.03375 -0.001441215403 0.01647316744)
(0.034375 -0.001441215403 0.01647316744)
(0.035 -0.001441215403 0.01647316744)
(0.035625 -0.001441215403 0.01647316744)
(0.03625 -0.001441215403 0.01647316744)
(0.036875 -0.001441215403 0.01647316744)
(0.0375 -0.001441215403 0.01647316744)
(0.038125 -0.001441215403 0.01647316744)
(0.03875 -0.001441215403 0.01647316744)
(0.039375 -0.001441215403 0.01647316744)
(0.04 -0.001441215403 0.01647316744)
(0.040625 -0.001441215403 0.01647316744)
(0.04125 -0.001441215403 0.01647316744)
(0.041875 -0.001441215403 0.01647316744)
(0.0425 -0.001441215403 0.01647316744)
(0.043125 -0.001441215403 0.01647316744)
(0.04375 -0.001441215403 0.01647316744)
(0.044375 -0.001441215403 0.01647316744)
(0.045 -0.001441215403 0.01647316744)
(0.045625 -0.001441215403 0.01647316744)
(0.04625 -0.001441215403 0.01647316744)
(0.046875 -0.001441215403 0.01647316744)
(0.0475 -0.001441215403 0.01647316744)
(0.048125 -0.001441215403 0.01647316744)
(0.04875 -0.001441215403 0.01647316744)
(0.049375 -0.001441215403 0.01647316744)
(0.05 -0.001441215403 0.01647316744)
(0 -0.001508094256 0.01723759622)
(0.000625 -0.001508094256 0.01723759622)
(0.00125 -0.001508094256 0.01723759622)
(0.001875 -0.001508094256 0.01723759622)
(0.0025 -0.001508094256 0.01723759622)
(0.003125 -0.001508094256 0.01723759622)
(0.00375 -0.001508094256 0.01723759622)
(0.004375 -0.001508094256 0.01723759622)
(0.005 -0.001508094256 0.01723759622)
(0.005625 -0.001508094256 0.01723759622)
(0.00625 -0.001508094256 0.01723759622)
(0.006875 -0.001508094256 0.01723759622)
(0.0075 -0.001508094256 0.01723759622)
(0.008125 -0.001508094256 0.01723759622)
(0.00875 -0.001508094256 0.01723759622)
(0.009375 -0.001508094256 0.01723759622)
(0.01 -0.001508094256 0.01723759622)
(0.010625 -0.001508094256 0.01723759622)
(0.01125 -0.001508094256 0.01723759622)
(0.011875 -0.001508094256 0.01723759622)
(0.0125 -0.001508094256 0.01723759622)
(0.013125 -0.001508094256 0.01723759622)
(0.01375 -0.001508094256 0.01723759622)
(0.014375 -0.001508094256 0.01723759622)
(0.015 -0.001508094256 0.01723759622)
(0.015625 -0.001508094256 0.01723759622)
(0.01625 -0.001508094256 0.01723759622)
(0.016875 -0.001508094256 0.01723759622)
(0.0175 -0.001508094256 0.01723759622)
(0.018125 -0.001508094256 0.01723759622)
(0.01875 -0.001508094256 0.01723759622)
(0.019375 -0.001508094256 0.01723759622)
(0.02 -0.001508094256 0.01723759622)
(0.020625 -0.001508094256 0.01723759622)
(0.02125 -0.001508094256 0.01723759622)
(0.021875 -0.001508094256 0.01723759622)
(0.0225 -0.001508094256 0.01723759622)
(0.023125 -0.001508094256 0.01723759622)
(0.02375 -0.001508094256 0.01723759622)
(0.024375 -0.001508094256 0.01723759622)
(0.025 -0.001508094256 0.01723759622)
(0.025625 -0.001508094256 0.01723759622)
(0.02625 -0.001508094256 0.01723759622)
(0.026875 -0.001508094256 0.01723759622)
(0.0275 -0.001508094256 0.01723759622)
(0.028125 -0.001508094256 0.01723759622)
(0.02875 -0.001508094256 0.01723759622)
(0.029375 -0.001508094256 0.01723759622)
(0.03 -0.001508094256 0.01723759622)
(0.030625 -0.001508094256 0.01723759622)
(0.03125 -0.001508094256 0.01723759622)
(0.031875 -0.001508094256 0.01723759622)
(0.0325 -0.001508094256 0.01723759622)
(0.033125 -0.001508094256 0.01723759622)
(0.03375 -0.001508094256 0.01723759622)
(0.034375 -0.001508094256 0.01723759622)
(0.035 -0.001508094256 0.01723759622)
(0.035625 -0.001508094256 0.01723759622)
(0.03625 -0.001508094256 0.01723759622)
(0.036875 -0.001508094256 0.01723759622)
(0.0375 -0.001508094256 0.01723759622)
(0.038125 -0.001508094256 0.01723759622)
(0.03875 -0.001508094256 0.01723759622)
(0.039375 -0.001508094256 0.01723759622)
(0.04 -0.001508094256 0.01723759622)
(0.040625 -0.001508094256 0.01723759622)
(0.04125 -0.001508094256 0.01723759622)
(0.041875 -0.001508094256 0.01723759622)
(0.0425 -0.001508094256 0.01723759622)
(0.043125 -0.001508094256 0.01723759622)
(0.04375 -0.001508094256 0.01723759622)
(0.044375 -0.001508094256 0.01723759622)
(0.045 -0.001508094256 0.01723759622)
(0.045625 -0.001508094256 0.01723759622)
(0.04625 -0.001508094256 0.01723759622)
(0.046875 -0.001508094256 0.01723759622)
(0.0475 -0.001508094256 0.01723759622)
(0.048125 -0.001508094256 0.01723759622)
(0.04875 -0.001508094256 0.01723759622)
(0.049375 -0.001508094256 0.01723759622)
(0.05 -0.001508094256 0.01723759622)
(0 -0.001579611795 0.01805504544)
(0.000625 -0.001579611795 0.01805504544)
(0.00125 -0.001579611795 0.01805504544)
(0.001875 -0.001579611795 0.01805504544)
(0.0025 -0.001579611795 0.01805504544)
(0.003125 -0.001579611795 0.01805504544)
(0.00375 -0.001579611795 0.01805504544)
(0.004375 -0.001579611795 0.01805504544)
(0.005 -0.001579611795 0.01805504544)
(0.005625 -0.001579611795 0.01805504544)
(0.00625 -0.001579611795 0.01805504544)
(0.006875 -0.001579611795 0.01805504544)
(0.0075 -0.001579611795 0.01805504544)
(0.008125 -0.001579611795 0.01805504544)
(0.00875 -0.001579611795 0.01805504544)
(0.009375 -0.001579611795 0.01805504544)
(0.01 -0.001579611795 0.01805504544)
(0.010625 -0.001579611795 0.01805504544)
(0.01125 -0.001579611795 0.01805504544)
(0.011875 -0.001579611795 0.01805504544)
(0.0125 -0.001579611795 0.01805504544)
(0.013125 -0.001579611795 0.01805504544)
(0.01375 -0.001579611795 0.01805504544)
(0.014375 -0.001579611795 0.01805504544)
(0.015 -0.001579611795 0.01805504544)
(0.015625 -0.001579611795 0.01805504544)
(0.01625 -0.001579611795 0.01805504544)
(0.016875 -0.001579611795 0.01805504544)
(0.0175 -0.001579611795 0.01805504544)
(0.018125 -0.001579611795 0.01805504544)
(0.01875 -0.001579611795 0.01805504544)
(0.019375 -0.001579611795 0.01805504544)
(0.02 -0.001579611795 0.01805504544)
(0.020625 -0.001579611795 0.01805504544)
(0.02125 -0.001579611795 0.01805504544)
(0.021875 -0.001579611795 0.01805504544)
(0.0225 -0.001579611795 0.01805504544)
(0.023125 -0.001579611795 0.01805504544)
(0.02375 -0.001579611795 0.01805504544)
(0.024375 -0.001579611795 0.01805504544)
(0.025 -0.001579611795 0.01805504544)
(0.025625 -0.001579611795 0.01805504544)
(0.02625 -0.001579611795 0.01805504544)
(0.026875 -0.001579611795 0.01805504544)
(0.0275 -0.001579611795 0.01805504544)
(0.028125 -0.001579611795 0.01805504544)
(0.02875 -0.001579611795 0.01805504544)
(0.029375 -0.001579611795 0.01805504544)
(0.03 -0.001579611795 0.01805504544)
(0.030625 -0.001579611795 0.01805504544)
(0.03125 -0.001579611795 0.01805504544)
(0.031875 -0.001579611795 0.01805504544)
(0.0325 -0.001579611795 0.01805504544)
(0.033125 -0.001579611795 0.01805504544)
(0.03375 -0.001579611795 0.01805504544)
(0.034375 -0.001579611795 0.01805504544)
(0.035 -0.001579611795 0.01805504544)
(0.035625 -0.001579611795 0.01805504544)
(0.03625 -0.001579611795 0.01805504544)
(0.036875 -0.001579611795 0.01805504544)
(0.0375 -0.001579611795 0.01805504544)
(0.038125 -0.001579611795 0.01805504544)
(0.03875 -0.001579611795 0.01805504544)
(0.039375 -0.001579611795 0.01805504544)
(0.04 -0.001579611795 0.01805504544)
(0.040625 -0.001579611795 0.01805504544)
(0.04125 -0.001579611795 0.01805504544)
(0.041875 -0.001579611795 0.01805504544)
(0.0425 -0.001579611795 0.01805504544)
(0.043125 -0.001579611795 0.01805504544)
(0.04375 -0.001579611795 0.01805504544)
(0.044375 -0.001579611795 0.01805504544)
(0.045 -0.001579611795 0.01805504544)
(0.045625 -0.001579611795 0.01805504544)
(0.04625 -0.001579611795 0.01805504544)
(0.046875 -0.001579611795 0.01805504544)
(0.0475 -0.001579611795 0.01805504544)
(0.048125 -0.001579611795 0.01805504544)
(0.04875 -0.001579611795 0.01805504544)
(0.049375 -0.001579611795 0.01805504544)
(0.05 -0.001579611795 0.01805504544)
(0 -0.001656089759 0.01892919256)
(0.000625 -0.001656089759 0.01892919256)
(0.00125 -0.001656089759 0.01892919256)
(0.001875 -0.001656089759 0.01892919256)
(0.0025 -0.001656089759 0.01892919256)
(0.003125 -0.001656089759 0.01892919256)
(0.00375 -0.001656089759 0.01892919256)
(0.004375 -0.001656089759 0.01892919256)
(0.005 -0.001656089759 0.01892919256)
(0.005625 -0.001656089759 0.01892919256)
(0.00625 -0.001656089759 0.01892919256)
(0.006875 -0.001656089759 0.01892919256)
(0.0075 -0.001656089759 0.01892919256)
(0.008125 -0.001656089759 0.01892919256)
(0.00875 -0.001656089759 0.01892919256)
(0.009375 -0.001656089759 0.01892919256)
(0.01 -0.001656089759 0.01892919256)
(0.010625 -0.001656089759 0.01892919256)
(0.01125 -0.001656089759 0.01892919256)
(0.011875 -0.001656089759 0.01892919256)
(0.0125 -0.001656089759 0.01892919256)
(0.013125 -0.001656089759 0.01892919256)
(0.01375 -0.001656089759 0.01892919256)
(0.014375 -0.001656089759 0.01892919256)
(0.015 -0.001656089759 0.01892919256)
(0.015625 -0.001656089759 0.01892919256)
(0.01625 -0.001656089759 0.01892919256)
(0.016875 -0.001656089759 0.01892919256)
(0.0175 -0.001656089759 0.01892919256)
(0.018125 -0.001656089759 0.01892919256)
(0.01875 -0.001656089759 0.01892919256)
(0.019375 -0.001656089759 0.01892919256)
(0.02 -0.001656089759 0.01892919256)
(0.020625 -0.001656089759 0.01892919256)
(0.02125 -0.001656089759 0.01892919256)
(0.021875 -0.001656089759 0.01892919256)
(0.0225 -0.001656089759 0.01892919256)
(0.023125 -0.001656089759 0.01892919256)
(0.02375 -0.001656089759 0.01892919256)
(0.024375 -0.001656089759 0.01892919256)
(0.025 -0.001656089759 0.01892919256)
(0.025625 -0.001656089759 0.01892919256)
(0.02625 -0.001656089759 0.01892919256)
(0.026875 -0.001656089759 0.01892919256)
(0.0275 -0.001656089759 0.01892919256)
(0.028125 -0.001656089759 0.01892919256)
(0.02875 -0.001656089759 0.01892919256)
(0.029375 -0.001656089759 0.01892919256)
(0.03 -0.001656089759 0.01892919256)
(0.030625 -0.001656089759 0.01892919256)
(0.03125 -0.001656089759 0.01892919256)
(0.031875 -0.001656089759 0.01892919256)
(0.0325 -0.001656089759 0.01892919256)
(0.033125 -0.001656089759 0.01892919256)
(0.03375 -0.001656089759 0.01892919256)
(0.034375 -0.001656089759 0.01892919256)
(0.035 -0.001656089759 0.01892919256)
(0.035625 -0.001656089759 0.01892919256)
(0.03625 -0.001656089759 0.01892919256)
(0.036875 -0.001656089759 0.01892919256)
(0.0375 -0.001656089759 0.01892919256)
(0.038125 -0.001656089759 0.01892919256)
(0.03875 -0.001656089759 0.01892919256)
(0.039375 -0.001656089759 0.01892919256)
(0.04 -0.001656089759 0.01892919256)
(0.040625 -0.001656089759 0.01892919256)
(0.04125 -0.001656089759 0.01892919256)
(0.041875 -0.001656089759 0.01892919256)
(0.0425 -0.001656089759 0.01892919256)
(0.043125 -0.001656089759 0.01892919256)
(0.04375 -0.001656089759 0.01892919256)
(0.044375 -0.001656089759 0.01892919256)
(0.045 -0.001656089759 0.01892919256)
(0.045625 -0.001656089759 0.01892919256)
(0.04625 -0.001656089759 0.01892919256)
(0.046875 -0.001656089759 0.01892919256)
(0.0475 -0.001656089759 0.01892919256)
(0.048125 -0.001656089759 0.01892919256)
(0.04875 -0.001656089759 0.01892919256)
(0.049375 -0.001656089759 0.01892919256)
(0.05 -0.001656089759 0.01892919256)
(0 -0.0020713283 0.007730302456)
(0.000625 -0.0020713283 0.007730302456)
(0.00125 -0.0020713283 0.007730302456)
(0.001875 -0.0020713283 0.007730302456)
(0.0025 -0.0020713283 0.007730302456)
(0.003125 -0.0020713283 0.007730302456)
(0.00375 -0.0020713283 0.007730302456)
(0.004375 -0.0020713283 0.007730302456)
(0.005 -0.0020713283 0.007730302456)
(0.005625 -0.0020713283 0.007730302456)
(0.00625 -0.0020713283 0.007730302456)
(0.006875 -0.0020713283 0.007730302456)
(0.0075 -0.0020713283 0.007730302456)
(0.008125 -0.0020713283 0.007730302456)
(0.00875 -0.0020713283 0.007730302456)
(0.009375 -0.0020713283 0.007730302456)
(0.01 -0.0020713283 0.007730302456)
(0.010625 -0.0020713283 0.007730302456)
(0.01125 -0.0020713283 0.007730302456)
(0.011875 -0.0020713283 0.007730302456)
(0.0125 -0.0020713283 0.007730302456)
(0.013125 -0.0020713283 0.007730302456)
(0.01375 -0.0020713283 0.007730302456)
(0.014375 -0.0020713283 0.007730302456)
(0.015 -0.0020713283 0.007730302456)
(0.015625 -0.0020713283 0.007730302456)
(0.01625 -0.0020713283 0.007730302456)
(0.016875 -0.0020713283 0.007730302456)
(0.0175 -0.0020713283 0.007730302456)
(0.018125 -0.0020713283 0.007730302456)
(0.01875 -0.0020713283 0.007730302456)
(0.019375 -0.0020713283 0.007730302456)
(0.02 -0.0020713283 0.007730302456)
(0.020625 -0.0020713283 0.007730302456)
(0.02125 -0.0020713283 0.007730302456)
(0.021875 -0.0020713283 0.007730302456)
(0.0225 -0.0020713283 0.007730302456)
(0.023125 -0.0020713283 0.007730302456)
(0.02375 -0.0020713283 0.007730302456)
(0.024375 -0.0020713283 0.007730302456)
(0.025 -0.0020713283 0.007730302456)
(0.025625 -0.0020713283 0.007730302456)
(0.02625 -0.0020713283 0.007730302456)
(0.026875 -0.0020713283 0.007730302456)
(0.0275 -0.0020713283 0.007730302456)
(0.028125 -0.0020713283 0.007730302456)
(0.02875 -0.0020713283 0.007730302456)
(0.029375 -0.0020713283 0.007730302456)
(0.03 -0.0020713283 0.007730302456)
(0.030625 -0.0020713283 0.007730302456)
(0.03125 -0.0020713283 0.007730302456)
(0.031875 -0.0020713283 0.007730302456)
(0.0325 -0.0020713283 0.007730302456)
(0.033125 -0.0020713283 0.007730302456)
(0.03375 -0.0020713283 0.007730302456)
(0.034375 -0.0020713283 0.007730302456)
(0.035 -0.0020713283 0.007730302456)
(0.035625 -0.0020713283 0.007730302456)
(0.03625 -0.0020713283 0.007730302456)
(0.036875 -0.0020713283 0.007730302456)
(0.0375 -0.0020713283 0.007730302456)
(0.038125 -0.0020713283 0.007730302456)
(0.03875 -0.0020713283 0.007730302456)
(0.039375 -0.0020713283 0.007730302456)
(0.04 -0.0020713283 0.007730302456)
(0.040625 -0.0020713283 0.007730302456)
(0.04125 -0.0020713283 0.007730302456)
(0.041875 -0.0020713283 0.007730302456)
(0.0425 -0.0020713283 0.007730302456)
(0.043125 -0.0020713283 0.007730302456)
(0.04375 -0.0020713283 0.007730302456)
(0.044375 -0.0020713283 0.007730302456)
(0.045 -0.0020713283 0.007730302456)
(0.045625 -0.0020713283 0.007730302456)
(0.04625 -0.0020713283 0.007730302456)
(0.046875 -0.0020713283 0.007730302456)
(0.0475 -0.0020713283 0.007730302456)
(0.048125 -0.0020713283 0.007730302456)
(0.04875 -0.0020713283 0.007730302456)
(0.049375 -0.0020713283 0.007730302456)
(0.05 -0.0020713283 0.007730302456)
(0 -0.00211675033 0.007899819777)
(0.000625 -0.00211675033 0.007899819777)
(0.00125 -0.00211675033 0.007899819777)
(0.001875 -0.00211675033 0.007899819777)
(0.0025 -0.00211675033 0.007899819777)
(0.003125 -0.00211675033 0.007899819777)
(0.00375 -0.00211675033 0.007899819777)
(0.004375 -0.00211675033 0.007899819777)
(0.005 -0.00211675033 0.007899819777)
(0.005625 -0.00211675033 0.007899819777)
(0.00625 -0.00211675033 0.007899819777)
(0.006875 -0.00211675033 0.007899819777)
(0.0075 -0.00211675033 0.007899819777)
(0.008125 -0.00211675033 0.007899819777)
(0.00875 -0.00211675033 0.007899819777)
(0.009375 -0.00211675033 0.007899819777)
(0.01 -0.00211675033 0.007899819777)
(0.010625 -0.00211675033 0.007899819777)
(0.01125 -0.00211675033 0.007899819777)
(0.011875 -0.00211675033 0.007899819777)
(0.0125 -0.00211675033 0.007899819777)
(0.013125 -0.00211675033 0.007899819777)
(0.01375 -0.00211675033 0.007899819777)
(0.014375 -0.00211675033 0.007899819777)
(0.015 -0.00211675033 0.007899819777)
(0.015625 -0.00211675033 0.007899819777)
(0.01625 -0.00211675033 0.007899819777)
(0.016875 -0.00211675033 0.007899819777)
(0.0175 -0.00211675033 0.007899819777)
(0.018125 -0.00211675033 0.007899819777)
(0.01875 -0.00211675033 0.007899819777)
(0.019375 -0.00211675033 0.007899819777)
(0.02 -0.00211675033 0.007899819777)
(0.020625 -0.00211675033 0.007899819777)
(0.02125 -0.00211675033 0.007899819777)
(0.021875 -0.00211675033 0.007899819777)
(0.0225 -0.00211675033 0.007899819777)
(0.023125 -0.00211675033 0.007899819777)
(0.02375 -0.00211675033 0.007899819777)
(0.024375 -0.00211675033 0.007899819777)
(0.025 -0.00211675033 0.007899819777)
(0.025625 -0.00211675033 0.007899819777)
(0.02625 -0.00211675033 0.007899819777)
(0.026875 -0.00211675033 0.007899819777)
(0.0275 -0.00211675033 0.007899819777)
(0.028125 -0.00211675033 0.007899819777)
(0.02875 -0.00211675033 0.007899819777)
(0.029375 -0.00211675033 0.007899819777)
(0.03 -0.00211675033 0.007899819777)
(0.030625 -0.00211675033 0.007899819777)
(0.03125 -0.00211675033 0.007899819777)
(0.031875 -0.00211675033 0.007899819777)
(0.0325 -0.00211675033 0.007899819777)
(0.033125 -0.00211675033 0.007899819777)
(0.03375 -0.00211675033 0.007899819777)
(0.034375 -0.00211675033 0.007899819777)
(0.035 -0.00211675033 0.007899819777)
(0.035625 -0.00211675033 0.007899819777)
(0.03625 -0.00211675033 0.007899819777)
(0.036875 -0.00211675033 0.007899819777)
(0.0375 -0.00211675033 0.007899819777)
(0.038125 -0.00211675033 0.007899819777)
(0.03875 -0.00211675033 0.007899819777)
(0.039375 -0.00211675033 0.007899819777)
(0.04 -0.00211675033 0.007899819777)
(0.040625 -0.00211675033 0.007899819777)
(0.04125 -0.00211675033 0.007899819777)
(0.041875 -0.00211675033 0.007899819777)
(0.0425 -0.00211675033 0.007899819777)
(0.043125 -0.00211675033 0.007899819777)
(0.04375 -0.00211675033 0.007899819777)
(0.044375 -0.00211675033 0.007899819777)
(0.045 -0.00211675033 0.007899819777)
(0.045625 -0.00211675033 0.007899819777)
(0.04625 -0.00211675033 0.007899819777)
(0.046875 -0.00211675033 0.007899819777)
(0.0475 -0.00211675033 0.007899819777)
(0.048125 -0.00211675033 0.007899819777)
(0.04875 -0.00211675033 0.007899819777)
(0.049375 -0.00211675033 0.007899819777)
(0.05 -0.00211675033 0.007899819777)
(0 -0.00216532281 0.008081094742)
(0.000625 -0.00216532281 0.008081094742)
(0.00125 -0.00216532281 0.008081094742)
(0.001875 -0.00216532281 0.008081094742)
(0.0025 -0.00216532281 0.008081094742)
(0.003125 -0.00216532281 0.008081094742)
(0.00375 -0.00216532281 0.008081094742)
(0.004375 -0.00216532281 0.008081094742)
(0.005 -0.00216532281 0.008081094742)
(0.005625 -0.00216532281 0.008081094742)
(0.00625 -0.00216532281 0.008081094742)
(0.006875 -0.00216532281 0.008081094742)
(0.0075 -0.00216532281 0.008081094742)
(0.008125 -0.00216532281 0.008081094742)
(0.00875 -0.00216532281 0.008081094742)
(0.009375 -0.00216532281 0.008081094742)
(0.01 -0.00216532281 0.008081094742)
(0.010625 -0.00216532281 0.008081094742)
(0.01125 -0.00216532281 0.008081094742)
(0.011875 -0.00216532281 0.008081094742)
(0.0125 -0.00216532281 0.008081094742)
(0.013125 -0.00216532281 0.008081094742)
(0.01375 -0.00216532281 0.008081094742)
(0.014375 -0.00216532281 0.008081094742)
(0.015 -0.00216532281 0.008081094742)
(0.015625 -0.00216532281 0.008081094742)
(0.01625 -0.00216532281 0.008081094742)
(0.016875 -0.00216532281 0.008081094742)
(0.0175 -0.00216532281 0.008081094742)
(0.018125 -0.00216532281 0.008081094742)
(0.01875 -0.00216532281 0.008081094742)
(0.019375 -0.00216532281 0.008081094742)
(0.02 -0.00216532281 0.008081094742)
(0.020625 -0.00216532281 0.008081094742)
(0.02125 -0.00216532281 0.008081094742)
(0.021875 -0.00216532281 0.008081094742)
(0.0225 -0.00216532281 0.008081094742)
(0.023125 -0.00216532281 0.008081094742)
(0.02375 -0.00216532281 0.008081094742)
(0.024375 -0.00216532281 0.008081094742)
(0.025 -0.00216532281 0.008081094742)
(0.025625 -0.00216532281 0.008081094742)
(0.02625 -0.00216532281 0.008081094742)
(0.026875 -0.00216532281 0.008081094742)
(0.0275 -0.00216532281 0.008081094742)
(0.028125 -0.00216532281 0.008081094742)
(0.02875 -0.00216532281 0.008081094742)
(0.029375 -0.00216532281 0.008081094742)
(0.03 -0.00216532281 0.008081094742)
(0.030625 -0.00216532281 0.008081094742)
(0.03125 -0.00216532281 0.008081094742)
(0.031875 -0.00216532281 0.008081094742)
(0.0325 -0.00216532281 0.008081094742)
(0.033125 -0.00216532281 0.008081094742)
(0.03375 -0.00216532281 0.008081094742)
(0.034375 -0.00216532281 0.008081094742)
(0.035 -0.00216532281 0.008081094742)
(0.035625 -0.00216532281 0.008081094742)
(0.03625 -0.00216532281 0.008081094742)
(0.036875 -0.00216532281 0.008081094742)
(0.0375 -0.00216532281 0.008081094742)
(0.038125 -0.00216532281 0.008081094742)
(0.03875 -0.00216532281 0.008081094742)
(0.039375 -0.00216532281 0.008081094742)
(0.04 -0.00216532281 0.008081094742)
(0.040625 -0.00216532281 0.008081094742)
(0.04125 -0.00216532281 0.008081094742)
(0.041875 -0.00216532281 0.008081094742)
(0.0425 -0.00216532281 0.008081094742)
(0.043125 -0.00216532281 0.008081094742)
(0.04375 -0.00216532281 0.008081094742)
(0.044375 -0.00216532281 0.008081094742)
(0.045 -0.00216532281 0.008081094742)
(0.045625 -0.00216532281 0.008081094742)
(0.04625 -0.00216532281 0.008081094742)
(0.046875 -0.00216532281 0.008081094742)
(0.0475 -0.00216532281 0.008081094742)
(0.048125 -0.00216532281 0.008081094742)
(0.04875 -0.00216532281 0.008081094742)
(0.049375 -0.00216532281 0.008081094742)
(0.05 -0.00216532281 0.008081094742)
(0 -0.002217264256 0.008274942856)
(0.000625 -0.002217264256 0.008274942856)
(0.00125 -0.002217264256 0.008274942856)
(0.001875 -0.002217264256 0.008274942856)
(0.0025 -0.002217264256 0.008274942856)
(0.003125 -0.002217264256 0.008274942856)
(0.00375 -0.002217264256 0.008274942856)
(0.004375 -0.002217264256 0.008274942856)
(0.005 -0.002217264256 0.008274942856)
(0.005625 -0.002217264256 0.008274942856)
(0.00625 -0.002217264256 0.008274942856)
(0.006875 -0.002217264256 0.008274942856)
(0.0075 -0.002217264256 0.008274942856)
(0.008125 -0.002217264256 0.008274942856)
(0.00875 -0.002217264256 0.008274942856)
(0.009375 -0.002217264256 0.008274942856)
(0.01 -0.002217264256 0.008274942856)
(0.010625 -0.002217264256 0.008274942856)
(0.01125 -0.002217264256 0.008274942856)
(0.011875 -0.002217264256 0.008274942856)
(0.0125 -0.002217264256 0.008274942856)
(0.013125 -0.002217264256 0.008274942856)
(0.01375 -0.002217264256 0.008274942856)
(0.014375 -0.002217264256 0.008274942856)
(0.015 -0.002217264256 0.008274942856)
(0.015625 -0.002217264256 0.008274942856)
(0.01625 -0.002217264256 0.008274942856)
(0.016875 -0.002217264256 0.008274942856)
(0.0175 -0.002217264256 0.008274942856)
(0.018125 -0.002217264256 0.008274942856)
(0.01875 -0.002217264256 0.008274942856)
(0.019375 -0.002217264256 0.008274942856)
(0.02 -0.002217264256 0.008274942856)
(0.020625 -0.002217264256 0.008274942856)
(0.02125 -0.002217264256 0.008274942856)
(0.021875 -0.002217264256 0.008274942856)
(0.0225 -0.002217264256 0.008274942856)
(0.023125 -0.002217264256 0.008274942856)
(0.02375 -0.002217264256 0.008274942856)
(0.024375 -0.002217264256 0.008274942856)
(0.025 -0.002217264256 0.008274942856)
(0.025625 -0.002217264256 0.008274942856)
(0.02625 -0.002217264256 0.008274942856)
(0.026875 -0.002217264256 0.008274942856)
(0.0275 -0.002217264256 0.008274942856)
(0.028125 -0.002217264256 0.008274942856)
(0.02875 -0.002217264256 0.008274942856)
(0.029375 -0.002217264256 0.008274942856)
(0.03 -0.002217264256 0.008274942856)
(0.030625 -0.002217264256 0.008274942856)
(0.03125 -0.002217264256 0.008274942856)
(0.031875 -0.002217264256 0.008274942856)
(0.0325 -0.002217264256 0.008274942856)
(0.033125 -0.002217264256 0.008274942856)
(0.03375 -0.002217264256 0.008274942856)
(0.034375 -0.002217264256 0.008274942856)
(0.035 -0.002217264256 0.008274942856)
(0.035625 -0.002217264256 0.008274942856)
(0.03625 -0.002217264256 0.008274942856)
(0.036875 -0.002217264256 0.008274942856)
(0.0375 -0.002217264256 0.008274942856)
(0.038125 -0.002217264256 0.008274942856)
(0.03875 -0.002217264256 0.008274942856)
(0.039375 -0.002217264256 0.008274942856)
(0.04 -0.002217264256 0.008274942856)
(0.040625 -0.002217264256 0.008274942856)
(0.04125 -0.002217264256 0.008274942856)
(0.041875 -0.002217264256 0.008274942856)
(0.0425 -0.002217264256 0.008274942856)
(0.043125 -0.002217264256 0.008274942856)
(0.04375 -0.002217264256 0.008274942856)
(0.044375 -0.002217264256 0.008274942856)
(0.045 -0.002217264256 0.008274942856)
(0.045625 -0.002217264256 0.008274942856)
(0.04625 -0.002217264256 0.008274942856)
(0.046875 -0.002217264256 0.008274942856)
(0.0475 -0.002217264256 0.008274942856)
(0.048125 -0.002217264256 0.008274942856)
(0.04875 -0.002217264256 0.008274942856)
(0.049375 -0.002217264256 0.008274942856)
(0.05 -0.002217264256 0.008274942856)
(0 -0.002272808336 0.008482236187)
(0.000625 -0.002272808336 0.008482236187)
(0.00125 -0.002272808336 0.008482236187)
(0.001875 -0.002272808336 0.008482236187)
(0.0025 -0.002272808336 0.008482236187)
(0.003125 -0.002272808336 0.008482236187)
(0.00375 -0.002272808336 0.008482236187)
(0.004375 -0.002272808336 0.008482236187)
(0.005 -0.002272808336 0.008482236187)
(0.005625 -0.002272808336 0.008482236187)
(0.00625 -0.002272808336 0.008482236187)
(0.006875 -0.002272808336 0.008482236187)
(0.0075 -0.002272808336 0.008482236187)
(0.008125 -0.002272808336 0.008482236187)
(0.00875 -0.002272808336 0.008482236187)
(0.009375 -0.002272808336 0.008482236187)
(0.01 -0.002272808336 0.008482236187)
(0.010625 -0.002272808336 0.008482236187)
(0.01125 -0.002272808336 0.008482236187)
(0.011875 -0.002272808336 0.008482236187)
(0.0125 -0.002272808336 0.008482236187)
(0.013125 -0.002272808336 0.008482236187)
(0.01375 -0.002272808336 0.008482236187)
(0.014375 -0.002272808336 0.008482236187)
(0.015 -0.002272808336 0.008482236187)
(0.015625 -0.002272808336 0.008482236187)
(0.01625 -0.002272808336 0.008482236187)
(0.016875 -0.002272808336 0.008482236187)
(0.0175 -0.002272808336 0.008482236187)
(0.018125 -0.002272808336 0.008482236187)
(0.01875 -0.002272808336 0.008482236187)
(0.019375 -0.002272808336 0.008482236187)
(0.02 -0.002272808336 0.008482236187)
(0.020625 -0.002272808336 0.008482236187)
(0.02125 -0.002272808336 0.008482236187)
(0.021875 -0.002272808336 0.008482236187)
(0.0225 -0.002272808336 0.008482236187)
(0.023125 -0.002272808336 0.008482236187)
(0.02375 -0.002272808336 0.008482236187)
(0.024375 -0.002272808336 0.008482236187)
(0.025 -0.002272808336 0.008482236187)
(0.025625 -0.002272808336 0.008482236187)
(0.02625 -0.002272808336 0.008482236187)
(0.026875 -0.002272808336 0.008482236187)
(0.0275 -0.002272808336 0.008482236187)
(0.028125 -0.002272808336 0.008482236187)
(0.02875 -0.002272808336 0.008482236187)
(0.029375 -0.002272808336 0.008482236187)
(0.03 -0.002272808336 0.008482236187)
(0.030625 -0.002272808336 0.008482236187)
(0.03125 -0.002272808336 0.008482236187)
(0.031875 -0.002272808336 0.008482236187)
(0.0325 -0.002272808336 0.008482236187)
(0.033125 -0.002272808336 0.008482236187)
(0.03375 -0.002272808336 0.008482236187)
(0.034375 -0.002272808336 0.008482236187)
(0.035 -0.002272808336 0.008482236187)
(0.035625 -0.002272808336 0.008482236187)
(0.03625 -0.002272808336 0.008482236187)
(0.036875 -0.002272808336 0.008482236187)
(0.0375 -0.002272808336 0.008482236187)
(0.038125 -0.002272808336 0.008482236187)
(0.03875 -0.002272808336 0.008482236187)
(0.039375 -0.002272808336 0.008482236187)
(0.04 -0.002272808336 0.008482236187)
(0.040625 -0.002272808336 0.008482236187)
(0.04125 -0.002272808336 0.008482236187)
(0.041875 -0.002272808336 0.008482236187)
(0.0425 -0.002272808336 0.008482236187)
(0.043125 -0.002272808336 0.008482236187)
(0.04375 -0.002272808336 0.008482236187)
(0.044375 -0.002272808336 0.008482236187)
(0.045 -0.002272808336 0.008482236187)
(0.045625 -0.002272808336 0.008482236187)
(0.04625 -0.002272808336 0.008482236187)
(0.046875 -0.002272808336 0.008482236187)
(0.0475 -0.002272808336 0.008482236187)
(0.048125 -0.002272808336 0.008482236187)
(0.04875 -0.002272808336 0.008482236187)
(0.049375 -0.002272808336 0.008482236187)
(0.05 -0.002272808336 0.008482236187)
(0 -0.002332204929 0.00870390729)
(0.000625 -0.002332204929 0.00870390729)
(0.00125 -0.002332204929 0.00870390729)
(0.001875 -0.002332204929 0.00870390729)
(0.0025 -0.002332204929 0.00870390729)
(0.003125 -0.002332204929 0.00870390729)
(0.00375 -0.002332204929 0.00870390729)
(0.004375 -0.002332204929 0.00870390729)
(0.005 -0.002332204929 0.00870390729)
(0.005625 -0.002332204929 0.00870390729)
(0.00625 -0.002332204929 0.00870390729)
(0.006875 -0.002332204929 0.00870390729)
(0.0075 -0.002332204929 0.00870390729)
(0.008125 -0.002332204929 0.00870390729)
(0.00875 -0.002332204929 0.00870390729)
(0.009375 -0.002332204929 0.00870390729)
(0.01 -0.002332204929 0.00870390729)
(0.010625 -0.002332204929 0.00870390729)
(0.01125 -0.002332204929 0.00870390729)
(0.011875 -0.002332204929 0.00870390729)
(0.0125 -0.002332204929 0.00870390729)
(0.013125 -0.002332204929 0.00870390729)
(0.01375 -0.002332204929 0.00870390729)
(0.014375 -0.002332204929 0.00870390729)
(0.015 -0.002332204929 0.00870390729)
(0.015625 -0.002332204929 0.00870390729)
(0.01625 -0.002332204929 0.00870390729)
(0.016875 -0.002332204929 0.00870390729)
(0.0175 -0.002332204929 0.00870390729)
(0.018125 -0.002332204929 0.00870390729)
(0.01875 -0.002332204929 0.00870390729)
(0.019375 -0.002332204929 0.00870390729)
(0.02 -0.002332204929 0.00870390729)
(0.020625 -0.002332204929 0.00870390729)
(0.02125 -0.002332204929 0.00870390729)
(0.021875 -0.002332204929 0.00870390729)
(0.0225 -0.002332204929 0.00870390729)
(0.023125 -0.002332204929 0.00870390729)
(0.02375 -0.002332204929 0.00870390729)
(0.024375 -0.002332204929 0.00870390729)
(0.025 -0.002332204929 0.00870390729)
(0.025625 -0.002332204929 0.00870390729)
(0.02625 -0.002332204929 0.00870390729)
(0.026875 -0.002332204929 0.00870390729)
(0.0275 -0.002332204929 0.00870390729)
(0.028125 -0.002332204929 0.00870390729)
(0.02875 -0.002332204929 0.00870390729)
(0.029375 -0.002332204929 0.00870390729)
(0.03 -0.002332204929 0.00870390729)
(0.030625 -0.002332204929 0.00870390729)
(0.03125 -0.002332204929 0.00870390729)
(0.031875 -0.002332204929 0.00870390729)
(0.0325 -0.002332204929 0.00870390729)
(0.033125 -0.002332204929 0.00870390729)
(0.03375 -0.002332204929 0.00870390729)
(0.034375 -0.002332204929 0.00870390729)
(0.035 -0.002332204929 0.00870390729)
(0.035625 -0.002332204929 0.00870390729)
(0.03625 -0.002332204929 0.00870390729)
(0.036875 -0.002332204929 0.00870390729)
(0.0375 -0.002332204929 0.00870390729)
(0.038125 -0.002332204929 0.00870390729)
(0.03875 -0.002332204929 0.00870390729)
(0.039375 -0.002332204929 0.00870390729)
(0.04 -0.002332204929 0.00870390729)
(0.040625 -0.002332204929 0.00870390729)
(0.04125 -0.002332204929 0.00870390729)
(0.041875 -0.002332204929 0.00870390729)
(0.0425 -0.002332204929 0.00870390729)
(0.043125 -0.002332204929 0.00870390729)
(0.04375 -0.002332204929 0.00870390729)
(0.044375 -0.002332204929 0.00870390729)
(0.045 -0.002332204929 0.00870390729)
(0.045625 -0.002332204929 0.00870390729)
(0.04625 -0.002332204929 0.00870390729)
(0.046875 -0.002332204929 0.00870390729)
(0.0475 -0.002332204929 0.00870390729)
(0.048125 -0.002332204929 0.00870390729)
(0.04875 -0.002332204929 0.00870390729)
(0.049375 -0.002332204929 0.00870390729)
(0.05 -0.002332204929 0.00870390729)
(0 -0.002395721243 0.008940953399)
(0.000625 -0.002395721243 0.008940953399)
(0.00125 -0.002395721243 0.008940953399)
(0.001875 -0.002395721243 0.008940953399)
(0.0025 -0.002395721243 0.008940953399)
(0.003125 -0.002395721243 0.008940953399)
(0.00375 -0.002395721243 0.008940953399)
(0.004375 -0.002395721243 0.008940953399)
(0.005 -0.002395721243 0.008940953399)
(0.005625 -0.002395721243 0.008940953399)
(0.00625 -0.002395721243 0.008940953399)
(0.006875 -0.002395721243 0.008940953399)
(0.0075 -0.002395721243 0.008940953399)
(0.008125 -0.002395721243 0.008940953399)
(0.00875 -0.002395721243 0.008940953399)
(0.009375 -0.002395721243 0.008940953399)
(0.01 -0.002395721243 0.008940953399)
(0.010625 -0.002395721243 0.008940953399)
(0.01125 -0.002395721243 0.008940953399)
(0.011875 -0.002395721243 0.008940953399)
(0.0125 -0.002395721243 0.008940953399)
(0.013125 -0.002395721243 0.008940953399)
(0.01375 -0.002395721243 0.008940953399)
(0.014375 -0.002395721243 0.008940953399)
(0.015 -0.002395721243 0.008940953399)
(0.015625 -0.002395721243 0.008940953399)
(0.01625 -0.002395721243 0.008940953399)
(0.016875 -0.002395721243 0.008940953399)
(0.0175 -0.002395721243 0.008940953399)
(0.018125 -0.002395721243 0.008940953399)
(0.01875 -0.002395721243 0.008940953399)
(0.019375 -0.002395721243 0.008940953399)
(0.02 -0.002395721243 0.008940953399)
(0.020625 -0.002395721243 0.008940953399)
(0.02125 -0.002395721243 0.008940953399)
(0.021875 -0.002395721243 0.008940953399)
(0.0225 -0.002395721243 0.008940953399)
(0.023125 -0.002395721243 0.008940953399)
(0.02375 -0.002395721243 0.008940953399)
(0.024375 -0.002395721243 0.008940953399)
(0.025 -0.002395721243 0.008940953399)
(0.025625 -0.002395721243 0.008940953399)
(0.02625 -0.002395721243 0.008940953399)
(0.026875 -0.002395721243 0.008940953399)
(0.0275 -0.002395721243 0.008940953399)
(0.028125 -0.002395721243 0.008940953399)
(0.02875 -0.002395721243 0.008940953399)
(0.029375 -0.002395721243 0.008940953399)
(0.03 -0.002395721243 0.008940953399)
(0.030625 -0.002395721243 0.008940953399)
(0.03125 -0.002395721243 0.008940953399)
(0.031875 -0.002395721243 0.008940953399)
(0.0325 -0.002395721243 0.008940953399)
(0.033125 -0.002395721243 0.008940953399)
(0.03375 -0.002395721243 0.008940953399)
(0.034375 -0.002395721243 0.008940953399)
(0.035 -0.002395721243 0.008940953399)
(0.035625 -0.002395721243 0.008940953399)
(0.03625 -0.002395721243 0.008940953399)
(0.036875 -0.002395721243 0.008940953399)
(0.0375 -0.002395721243 0.008940953399)
(0.038125 -0.002395721243 0.008940953399)
(0.03875 -0.002395721243 0.008940953399)
(0.039375 -0.002395721243 0.008940953399)
(0.04 -0.002395721243 0.008940953399)
(0.040625 -0.002395721243 0.008940953399)
(0.04125 -0.002395721243 0.008940953399)
(0.041875 -0.002395721243 0.008940953399)
(0.0425 -0.002395721243 0.008940953399)
(0.043125 -0.002395721243 0.008940953399)
(0.04375 -0.002395721243 0.008940953399)
(0.044375 -0.002395721243 0.008940953399)
(0.045 -0.002395721243 0.008940953399)
(0.045625 -0.002395721243 0.008940953399)
(0.04625 -0.002395721243 0.008940953399)
(0.046875 -0.002395721243 0.008940953399)
(0.0475 -0.002395721243 0.008940953399)
(0.048125 -0.002395721243 0.008940953399)
(0.04875 -0.002395721243 0.008940953399)
(0.049375 -0.002395721243 0.008940953399)
(0.05 -0.002395721243 0.008940953399)
(0 -0.002463643019 0.009194440918)
(0.000625 -0.002463643019 0.009194440918)
(0.00125 -0.002463643019 0.009194440918)
(0.001875 -0.002463643019 0.009194440918)
(0.0025 -0.002463643019 0.009194440918)
(0.003125 -0.002463643019 0.009194440918)
(0.00375 -0.002463643019 0.009194440918)
(0.004375 -0.002463643019 0.009194440918)
(0.005 -0.002463643019 0.009194440918)
(0.005625 -0.002463643019 0.009194440918)
(0.00625 -0.002463643019 0.009194440918)
(0.006875 -0.002463643019 0.009194440918)
(0.0075 -0.002463643019 0.009194440918)
(0.008125 -0.002463643019 0.009194440918)
(0.00875 -0.002463643019 0.009194440918)
(0.009375 -0.002463643019 0.009194440918)
(0.01 -0.002463643019 0.009194440918)
(0.010625 -0.002463643019 0.009194440918)
(0.01125 -0.002463643019 0.009194440918)
(0.011875 -0.002463643019 0.009194440918)
(0.0125 -0.002463643019 0.009194440918)
(0.013125 -0.002463643019 0.009194440918)
(0.01375 -0.002463643019 0.009194440918)
(0.014375 -0.002463643019 0.009194440918)
(0.015 -0.002463643019 0.009194440918)
(0.015625 -0.002463643019 0.009194440918)
(0.01625 -0.002463643019 0.009194440918)
(0.016875 -0.002463643019 0.009194440918)
(0.0175 -0.002463643019 0.009194440918)
(0.018125 -0.002463643019 0.009194440918)
(0.01875 -0.002463643019 0.009194440918)
(0.019375 -0.002463643019 0.009194440918)
(0.02 -0.002463643019 0.009194440918)
(0.020625 -0.002463643019 0.009194440918)
(0.02125 -0.002463643019 0.009194440918)
(0.021875 -0.002463643019 0.009194440918)
(0.0225 -0.002463643019 0.009194440918)
(0.023125 -0.002463643019 0.009194440918)
(0.02375 -0.002463643019 0.009194440918)
(0.024375 -0.002463643019 0.009194440918)
(0.025 -0.002463643019 0.009194440918)
(0.025625 -0.002463643019 0.009194440918)
(0.02625 -0.002463643019 0.009194440918)
(0.026875 -0.002463643019 0.009194440918)
(0.0275 -0.002463643019 0.009194440918)
(0.028125 -0.002463643019 0.009194440918)
(0.02875 -0.002463643019 0.009194440918)
(0.029375 -0.002463643019 0.009194440918)
(0.03 -0.002463643019 0.009194440918)
(0.030625 -0.002463643019 0.009194440918)
(0.03125 -0.002463643019 0.009194440918)
(0.031875 -0.002463643019 0.009194440918)
(0.0325 -0.002463643019 0.009194440918)
(0.033125 -0.002463643019 0.009194440918)
(0.03375 -0.002463643019 0.009194440918)
(0.034375 -0.002463643019 0.009194440918)
(0.035 -0.002463643019 0.009194440918)
(0.035625 -0.002463643019 0.009194440918)
(0.03625 -0.002463643019 0.009194440918)
(0.036875 -0.002463643019 0.009194440918)
(0.0375 -0.002463643019 0.009194440918)
(0.038125 -0.002463643019 0.009194440918)
(0.03875 -0.002463643019 0.009194440918)
(0.039375 -0.002463643019 0.009194440918)
(0.04 -0.002463643019 0.009194440918)
(0.040625 -0.002463643019 0.009194440918)
(0.04125 -0.002463643019 0.009194440918)
(0.041875 -0.002463643019 0.009194440918)
(0.0425 -0.002463643019 0.009194440918)
(0.043125 -0.002463643019 0.009194440918)
(0.04375 -0.002463643019 0.009194440918)
(0.044375 -0.002463643019 0.009194440918)
(0.045 -0.002463643019 0.009194440918)
(0.045625 -0.002463643019 0.009194440918)
(0.04625 -0.002463643019 0.009194440918)
(0.046875 -0.002463643019 0.009194440918)
(0.0475 -0.002463643019 0.009194440918)
(0.048125 -0.002463643019 0.009194440918)
(0.04875 -0.002463643019 0.009194440918)
(0.049375 -0.002463643019 0.009194440918)
(0.05 -0.002463643019 0.009194440918)
(0 -0.002536275818 0.009465510216)
(0.000625 -0.002536275818 0.009465510216)
(0.00125 -0.002536275818 0.009465510216)
(0.001875 -0.002536275818 0.009465510216)
(0.0025 -0.002536275818 0.009465510216)
(0.003125 -0.002536275818 0.009465510216)
(0.00375 -0.002536275818 0.009465510216)
(0.004375 -0.002536275818 0.009465510216)
(0.005 -0.002536275818 0.009465510216)
(0.005625 -0.002536275818 0.009465510216)
(0.00625 -0.002536275818 0.009465510216)
(0.006875 -0.002536275818 0.009465510216)
(0.0075 -0.002536275818 0.009465510216)
(0.008125 -0.002536275818 0.009465510216)
(0.00875 -0.002536275818 0.009465510216)
(0.009375 -0.002536275818 0.009465510216)
(0.01 -0.002536275818 0.009465510216)
(0.010625 -0.002536275818 0.009465510216)
(0.01125 -0.002536275818 0.009465510216)
(0.011875 -0.002536275818 0.009465510216)
(0.0125 -0.002536275818 0.009465510216)
(0.013125 -0.002536275818 0.009465510216)
(0.01375 -0.002536275818 0.009465510216)
(0.014375 -0.002536275818 0.009465510216)
(0.015 -0.002536275818 0.009465510216)
(0.015625 -0.002536275818 0.009465510216)
(0.01625 -0.002536275818 0.009465510216)
(0.016875 -0.002536275818 0.009465510216)
(0.0175 -0.002536275818 0.009465510216)
(0.018125 -0.002536275818 0.009465510216)
(0.01875 -0.002536275818 0.009465510216)
(0.019375 -0.002536275818 0.009465510216)
(0.02 -0.002536275818 0.009465510216)
(0.020625 -0.002536275818 0.009465510216)
(0.02125 -0.002536275818 0.009465510216)
(0.021875 -0.002536275818 0.009465510216)
(0.0225 -0.002536275818 0.009465510216)
(0.023125 -0.002536275818 0.009465510216)
(0.02375 -0.002536275818 0.009465510216)
(0.024375 -0.002536275818 0.009465510216)
(0.025 -0.002536275818 0.009465510216)
(0.025625 -0.002536275818 0.009465510216)
(0.02625 -0.002536275818 0.009465510216)
(0.026875 -0.002536275818 0.009465510216)
(0.0275 -0.002536275818 0.009465510216)
(0.028125 -0.002536275818 0.009465510216)
(0.02875 -0.002536275818 0.009465510216)
(0.029375 -0.002536275818 0.009465510216)
(0.03 -0.002536275818 0.009465510216)
(0.030625 -0.002536275818 0.009465510216)
(0.03125 -0.002536275818 0.009465510216)
(0.031875 -0.002536275818 0.009465510216)
(0.0325 -0.002536275818 0.009465510216)
(0.033125 -0.002536275818 0.009465510216)
(0.03375 -0.002536275818 0.009465510216)
(0.034375 -0.002536275818 0.009465510216)
(0.035 -0.002536275818 0.009465510216)
(0.035625 -0.002536275818 0.009465510216)
(0.03625 -0.002536275818 0.009465510216)
(0.036875 -0.002536275818 0.009465510216)
(0.0375 -0.002536275818 0.009465510216)
(0.038125 -0.002536275818 0.009465510216)
(0.03875 -0.002536275818 0.009465510216)
(0.039375 -0.002536275818 0.009465510216)
(0.04 -0.002536275818 0.009465510216)
(0.040625 -0.002536275818 0.009465510216)
(0.04125 -0.002536275818 0.009465510216)
(0.041875 -0.002536275818 0.009465510216)
(0.0425 -0.002536275818 0.009465510216)
(0.043125 -0.002536275818 0.009465510216)
(0.04375 -0.002536275818 0.009465510216)
(0.044375 -0.002536275818 0.009465510216)
(0.045 -0.002536275818 0.009465510216)
(0.045625 -0.002536275818 0.009465510216)
(0.04625 -0.002536275818 0.009465510216)
(0.046875 -0.002536275818 0.009465510216)
(0.0475 -0.002536275818 0.009465510216)
(0.048125 -0.002536275818 0.009465510216)
(0.04875 -0.002536275818 0.009465510216)
(0.049375 -0.002536275818 0.009465510216)
(0.05 -0.002536275818 0.009465510216)
(0 -0.002613946396 0.009755380757)
(0.000625 -0.002613946396 0.009755380757)
(0.00125 -0.002613946396 0.009755380757)
(0.001875 -0.002613946396 0.009755380757)
(0.0025 -0.002613946396 0.009755380757)
(0.003125 -0.002613946396 0.009755380757)
(0.00375 -0.002613946396 0.009755380757)
(0.004375 -0.002613946396 0.009755380757)
(0.005 -0.002613946396 0.009755380757)
(0.005625 -0.002613946396 0.009755380757)
(0.00625 -0.002613946396 0.009755380757)
(0.006875 -0.002613946396 0.009755380757)
(0.0075 -0.002613946396 0.009755380757)
(0.008125 -0.002613946396 0.009755380757)
(0.00875 -0.002613946396 0.009755380757)
(0.009375 -0.002613946396 0.009755380757)
(0.01 -0.002613946396 0.009755380757)
(0.010625 -0.002613946396 0.009755380757)
(0.01125 -0.002613946396 0.009755380757)
(0.011875 -0.002613946396 0.009755380757)
(0.0125 -0.002613946396 0.009755380757)
(0.013125 -0.002613946396 0.009755380757)
(0.01375 -0.002613946396 0.009755380757)
(0.014375 -0.002613946396 0.009755380757)
(0.015 -0.002613946396 0.009755380757)
(0.015625 -0.002613946396 0.009755380757)
(0.01625 -0.002613946396 0.009755380757)
(0.016875 -0.002613946396 0.009755380757)
(0.0175 -0.002613946396 0.009755380757)
(0.018125 -0.002613946396 0.009755380757)
(0.01875 -0.002613946396 0.009755380757)
(0.019375 -0.002613946396 0.009755380757)
(0.02 -0.002613946396 0.009755380757)
(0.020625 -0.002613946396 0.009755380757)
(0.02125 -0.002613946396 0.009755380757)
(0.021875 -0.002613946396 0.009755380757)
(0.0225 -0.002613946396 0.009755380757)
(0.023125 -0.002613946396 0.009755380757)
(0.02375 -0.002613946396 0.009755380757)
(0.024375 -0.002613946396 0.009755380757)
(0.025 -0.002613946396 0.009755380757)
(0.025625 -0.002613946396 0.009755380757)
(0.02625 -0.002613946396 0.009755380757)
(0.026875 -0.002613946396 0.009755380757)
(0.0275 -0.002613946396 0.009755380757)
(0.028125 -0.002613946396 0.009755380757)
(0.02875 -0.002613946396 0.009755380757)
(0.029375 -0.002613946396 0.009755380757)
(0.03 -0.002613946396 0.009755380757)
(0.030625 -0.002613946396 0.009755380757)
(0.03125 -0.002613946396 0.009755380757)
(0.031875 -0.002613946396 0.009755380757)
(0.0325 -0.002613946396 0.009755380757)
(0.033125 -0.002613946396 0.009755380757)
(0.03375 -0.002613946396 0.009755380757)
(0.034375 -0.002613946396 0.009755380757)
(0.035 -0.002613946396 0.009755380757)
(0.035625 -0.002613946396 0.009755380757)
(0.03625 -0.002613946396 0.009755380757)
(0.036875 -0.002613946396 0.009755380757)
(0.0375 -0.002613946396 0.009755380757)
(0.038125 -0.002613946396 0.009755380757)
(0.03875 -0.002613946396 0.009755380757)
(0.039375 -0.002613946396 0.009755380757)
(0.04 -0.002613946396 0.009755380757)
(0.040625 -0.002613946396 0.009755380757)
(0.04125 -0.002613946396 0.009755380757)
(0.041875 -0.002613946396 0.009755380757)
(0.0425 -0.002613946396 0.009755380757)
(0.043125 -0.002613946396 0.009755380757)
(0.04375 -0.002613946396 0.009755380757)
(0.044375 -0.002613946396 0.009755380757)
(0.045 -0.002613946396 0.009755380757)
(0.045625 -0.002613946396 0.009755380757)
(0.04625 -0.002613946396 0.009755380757)
(0.046875 -0.002613946396 0.009755380757)
(0.0475 -0.002613946396 0.009755380757)
(0.048125 -0.002613946396 0.009755380757)
(0.04875 -0.002613946396 0.009755380757)
(0.049375 -0.002613946396 0.009755380757)
(0.05 -0.002613946396 0.009755380757)
(0 -0.002697004169 0.01006535659)
(0.000625 -0.002697004169 0.01006535659)
(0.00125 -0.002697004169 0.01006535659)
(0.001875 -0.002697004169 0.01006535659)
(0.0025 -0.002697004169 0.01006535659)
(0.003125 -0.002697004169 0.01006535659)
(0.00375 -0.002697004169 0.01006535659)
(0.004375 -0.002697004169 0.01006535659)
(0.005 -0.002697004169 0.01006535659)
(0.005625 -0.002697004169 0.01006535659)
(0.00625 -0.002697004169 0.01006535659)
(0.006875 -0.002697004169 0.01006535659)
(0.0075 -0.002697004169 0.01006535659)
(0.008125 -0.002697004169 0.01006535659)
(0.00875 -0.002697004169 0.01006535659)
(0.009375 -0.002697004169 0.01006535659)
(0.01 -0.002697004169 0.01006535659)
(0.010625 -0.002697004169 0.01006535659)
(0.01125 -0.002697004169 0.01006535659)
(0.011875 -0.002697004169 0.01006535659)
(0.0125 -0.002697004169 0.01006535659)
(0.013125 -0.002697004169 0.01006535659)
(0.01375 -0.002697004169 0.01006535659)
(0.014375 -0.002697004169 0.01006535659)
(0.015 -0.002697004169 0.01006535659)
(0.015625 -0.002697004169 0.01006535659)
(0.01625 -0.002697004169 0.01006535659)
(0.016875 -0.002697004169 0.01006535659)
(0.0175 -0.002697004169 0.01006535659)
(0.018125 -0.002697004169 0.01006535659)
(0.01875 -0.002697004169 0.01006535659)
(0.019375 -0.002697004169 0.01006535659)
(0.02 -0.002697004169 0.01006535659)
(0.020625 -0.002697004169 0.01006535659)
(0.02125 -0.002697004169 0.01006535659)
(0.021875 -0.002697004169 0.01006535659)
(0.0225 -0.002697004169 0.01006535659)
(0.023125 -0.002697004169 0.01006535659)
(0.02375 -0.002697004169 0.01006535659)
(0.024375 -0.002697004169 0.01006535659)
(0.025 -0.002697004169 0.01006535659)
(0.025625 -0.002697004169 0.01006535659)
(0.02625 -0.002697004169 0.01006535659)
(0.026875 -0.002697004169 0.01006535659)
(0.0275 -0.002697004169 0.01006535659)
(0.028125 -0.002697004169 0.01006535659)
(0.02875 -0.002697004169 0.01006535659)
(0.029375 -0.002697004169 0.01006535659)
(0.03 -0.002697004169 0.01006535659)
(0.030625 -0.002697004169 0.01006535659)
(0.03125 -0.002697004169 0.01006535659)
(0.031875 -0.002697004169 0.01006535659)
(0.0325 -0.002697004169 0.01006535659)
(0.033125 -0.002697004169 0.01006535659)
(0.03375 -0.002697004169 0.01006535659)
(0.034375 -0.002697004169 0.01006535659)
(0.035 -0.002697004169 0.01006535659)
(0.035625 -0.002697004169 0.01006535659)
(0.03625 -0.002697004169 0.01006535659)
(0.036875 -0.002697004169 0.01006535659)
(0.0375 -0.002697004169 0.01006535659)
(0.038125 -0.002697004169 0.01006535659)
(0.03875 -0.002697004169 0.01006535659)
(0.039375 -0.002697004169 0.01006535659)
(0.04 -0.002697004169 0.01006535659)
(0.040625 -0.002697004169 0.01006535659)
(0.04125 -0.002697004169 0.01006535659)
(0.041875 -0.002697004169 0.01006535659)
(0.0425 -0.002697004169 0.01006535659)
(0.043125 -0.002697004169 0.01006535659)
(0.04375 -0.002697004169 0.01006535659)
(0.044375 -0.002697004169 0.01006535659)
(0.045 -0.002697004169 0.01006535659)
(0.045625 -0.002697004169 0.01006535659)
(0.04625 -0.002697004169 0.01006535659)
(0.046875 -0.002697004169 0.01006535659)
(0.0475 -0.002697004169 0.01006535659)
(0.048125 -0.002697004169 0.01006535659)
(0.04875 -0.002697004169 0.01006535659)
(0.049375 -0.002697004169 0.01006535659)
(0.05 -0.002697004169 0.01006535659)
(0 -0.002785822792 0.0103968322)
(0.000625 -0.002785822792 0.0103968322)
(0.00125 -0.002785822792 0.0103968322)
(0.001875 -0.002785822792 0.0103968322)
(0.0025 -0.002785822792 0.0103968322)
(0.003125 -0.002785822792 0.0103968322)
(0.00375 -0.002785822792 0.0103968322)
(0.004375 -0.002785822792 0.0103968322)
(0.005 -0.002785822792 0.0103968322)
(0.005625 -0.002785822792 0.0103968322)
(0.00625 -0.002785822792 0.0103968322)
(0.006875 -0.002785822792 0.0103968322)
(0.0075 -0.002785822792 0.0103968322)
(0.008125 -0.002785822792 0.0103968322)
(0.00875 -0.002785822792 0.0103968322)
(0.009375 -0.002785822792 0.0103968322)
(0.01 -0.002785822792 0.0103968322)
(0.010625 -0.002785822792 0.0103968322)
(0.01125 -0.002785822792 0.0103968322)
(0.011875 -0.002785822792 0.0103968322)
(0.0125 -0.002785822792 0.0103968322)
(0.013125 -0.002785822792 0.0103968322)
(0.01375 -0.002785822792 0.0103968322)
(0.014375 -0.002785822792 0.0103968322)
(0.015 -0.002785822792 0.0103968322)
(0.015625 -0.002785822792 0.0103968322)
(0.01625 -0.002785822792 0.0103968322)
(0.016875 -0.002785822792 0.0103968322)
(0.0175 -0.002785822792 0.0103968322)
(0.018125 -0.002785822792 0.0103968322)
(0.01875 -0.002785822792 0.0103968322)
(0.019375 -0.002785822792 0.0103968322)
(0.02 -0.002785822792 0.0103968322)
(0.020625 -0.002785822792 0.0103968322)
(0.02125 -0.002785822792 0.0103968322)
(0.021875 -0.002785822792 0.0103968322)
(0.0225 -0.002785822792 0.0103968322)
(0.023125 -0.002785822792 0.0103968322)
(0.02375 -0.002785822792 0.0103968322)
(0.024375 -0.002785822792 0.0103968322)
(0.025 -0.002785822792 0.0103968322)
(0.025625 -0.002785822792 0.0103968322)
(0.02625 -0.002785822792 0.0103968322)
(0.026875 -0.002785822792 0.0103968322)
(0.0275 -0.002785822792 0.0103968322)
(0.028125 -0.002785822792 0.0103968322)
(0.02875 -0.002785822792 0.0103968322)
(0.029375 -0.002785822792 0.0103968322)
(0.03 -0.002785822792 0.0103968322)
(0.030625 -0.002785822792 0.0103968322)
(0.03125 -0.002785822792 0.0103968322)
(0.031875 -0.002785822792 0.0103968322)
(0.0325 -0.002785822792 0.0103968322)
(0.033125 -0.002785822792 0.0103968322)
(0.03375 -0.002785822792 0.0103968322)
(0.034375 -0.002785822792 0.0103968322)
(0.035 -0.002785822792 0.0103968322)
(0.035625 -0.002785822792 0.0103968322)
(0.03625 -0.002785822792 0.0103968322)
(0.036875 -0.002785822792 0.0103968322)
(0.0375 -0.002785822792 0.0103968322)
(0.038125 -0.002785822792 0.0103968322)
(0.03875 -0.002785822792 0.0103968322)
(0.039375 -0.002785822792 0.0103968322)
(0.04 -0.002785822792 0.0103968322)
(0.040625 -0.002785822792 0.0103968322)
(0.04125 -0.002785822792 0.0103968322)
(0.041875 -0.002785822792 0.0103968322)
(0.0425 -0.002785822792 0.0103968322)
(0.043125 -0.002785822792 0.0103968322)
(0.04375 -0.002785822792 0.0103968322)
(0.044375 -0.002785822792 0.0103968322)
(0.045 -0.002785822792 0.0103968322)
(0.045625 -0.002785822792 0.0103968322)
(0.04625 -0.002785822792 0.0103968322)
(0.046875 -0.002785822792 0.0103968322)
(0.0475 -0.002785822792 0.0103968322)
(0.048125 -0.002785822792 0.0103968322)
(0.04875 -0.002785822792 0.0103968322)
(0.049375 -0.002785822792 0.0103968322)
(0.05 -0.002785822792 0.0103968322)
(0 -0.002880801834 0.01075129881)
(0.000625 -0.002880801834 0.01075129881)
(0.00125 -0.002880801834 0.01075129881)
(0.001875 -0.002880801834 0.01075129881)
(0.0025 -0.002880801834 0.01075129881)
(0.003125 -0.002880801834 0.01075129881)
(0.00375 -0.002880801834 0.01075129881)
(0.004375 -0.002880801834 0.01075129881)
(0.005 -0.002880801834 0.01075129881)
(0.005625 -0.002880801834 0.01075129881)
(0.00625 -0.002880801834 0.01075129881)
(0.006875 -0.002880801834 0.01075129881)
(0.0075 -0.002880801834 0.01075129881)
(0.008125 -0.002880801834 0.01075129881)
(0.00875 -0.002880801834 0.01075129881)
(0.009375 -0.002880801834 0.01075129881)
(0.01 -0.002880801834 0.01075129881)
(0.010625 -0.002880801834 0.01075129881)
(0.01125 -0.002880801834 0.01075129881)
(0.011875 -0.002880801834 0.01075129881)
(0.0125 -0.002880801834 0.01075129881)
(0.013125 -0.002880801834 0.01075129881)
(0.01375 -0.002880801834 0.01075129881)
(0.014375 -0.002880801834 0.01075129881)
(0.015 -0.002880801834 0.01075129881)
(0.015625 -0.002880801834 0.01075129881)
(0.01625 -0.002880801834 0.01075129881)
(0.016875 -0.002880801834 0.01075129881)
(0.0175 -0.002880801834 0.01075129881)
(0.018125 -0.002880801834 0.01075129881)
(0.01875 -0.002880801834 0.01075129881)
(0.019375 -0.002880801834 0.01075129881)
(0.02 -0.002880801834 0.01075129881)
(0.020625 -0.002880801834 0.01075129881)
(0.02125 -0.002880801834 0.01075129881)
(0.021875 -0.002880801834 0.01075129881)
(0.0225 -0.002880801834 0.01075129881)
(0.023125 -0.002880801834 0.01075129881)
(0.02375 -0.002880801834 0.01075129881)
(0.024375 -0.002880801834 0.01075129881)
(0.025 -0.002880801834 0.01075129881)
(0.025625 -0.002880801834 0.01075129881)
(0.02625 -0.002880801834 0.01075129881)
(0.026875 -0.002880801834 0.01075129881)
(0.0275 -0.002880801834 0.01075129881)
(0.028125 -0.002880801834 0.01075129881)
(0.02875 -0.002880801834 0.01075129881)
(0.029375 -0.002880801834 0.01075129881)
(0.03 -0.002880801834 0.01075129881)
(0.030625 -0.002880801834 0.01075129881)
(0.03125 -0.002880801834 0.01075129881)
(0.031875 -0.002880801834 0.01075129881)
(0.0325 -0.002880801834 0.01075129881)
(0.033125 -0.002880801834 0.01075129881)
(0.03375 -0.002880801834 0.01075129881)
(0.034375 -0.002880801834 0.01075129881)
(0.035 -0.002880801834 0.01075129881)
(0.035625 -0.002880801834 0.01075129881)
(0.03625 -0.002880801834 0.01075129881)
(0.036875 -0.002880801834 0.01075129881)
(0.0375 -0.002880801834 0.01075129881)
(0.038125 -0.002880801834 0.01075129881)
(0.03875 -0.002880801834 0.01075129881)
(0.039375 -0.002880801834 0.01075129881)
(0.04 -0.002880801834 0.01075129881)
(0.040625 -0.002880801834 0.01075129881)
(0.04125 -0.002880801834 0.01075129881)
(0.041875 -0.002880801834 0.01075129881)
(0.0425 -0.002880801834 0.01075129881)
(0.043125 -0.002880801834 0.01075129881)
(0.04375 -0.002880801834 0.01075129881)
(0.044375 -0.002880801834 0.01075129881)
(0.045 -0.002880801834 0.01075129881)
(0.045625 -0.002880801834 0.01075129881)
(0.04625 -0.002880801834 0.01075129881)
(0.046875 -0.002880801834 0.01075129881)
(0.0475 -0.002880801834 0.01075129881)
(0.048125 -0.002880801834 0.01075129881)
(0.04875 -0.002880801834 0.01075129881)
(0.049375 -0.002880801834 0.01075129881)
(0.05 -0.002880801834 0.01075129881)
(0 -0.002982368579 0.01113035106)
(0.000625 -0.002982368579 0.01113035106)
(0.00125 -0.002982368579 0.01113035106)
(0.001875 -0.002982368579 0.01113035106)
(0.0025 -0.002982368579 0.01113035106)
(0.003125 -0.002982368579 0.01113035106)
(0.00375 -0.002982368579 0.01113035106)
(0.004375 -0.002982368579 0.01113035106)
(0.005 -0.002982368579 0.01113035106)
(0.005625 -0.002982368579 0.01113035106)
(0.00625 -0.002982368579 0.01113035106)
(0.006875 -0.002982368579 0.01113035106)
(0.0075 -0.002982368579 0.01113035106)
(0.008125 -0.002982368579 0.01113035106)
(0.00875 -0.002982368579 0.01113035106)
(0.009375 -0.002982368579 0.01113035106)
(0.01 -0.002982368579 0.01113035106)
(0.010625 -0.002982368579 0.01113035106)
(0.01125 -0.002982368579 0.01113035106)
(0.011875 -0.002982368579 0.01113035106)
(0.0125 -0.002982368579 0.01113035106)
(0.013125 -0.002982368579 0.01113035106)
(0.01375 -0.002982368579 0.01113035106)
(0.014375 -0.002982368579 0.01113035106)
(0.015 -0.002982368579 0.01113035106)
(0.015625 -0.002982368579 0.01113035106)
(0.01625 -0.002982368579 0.01113035106)
(0.016875 -0.002982368579 0.01113035106)
(0.0175 -0.002982368579 0.01113035106)
(0.018125 -0.002982368579 0.01113035106)
(0.01875 -0.002982368579 0.01113035106)
(0.019375 -0.002982368579 0.01113035106)
(0.02 -0.002982368579 0.01113035106)
(0.020625 -0.002982368579 0.01113035106)
(0.02125 -0.002982368579 0.01113035106)
(0.021875 -0.002982368579 0.01113035106)
(0.0225 -0.002982368579 0.01113035106)
(0.023125 -0.002982368579 0.01113035106)
(0.02375 -0.002982368579 0.01113035106)
(0.024375 -0.002982368579 0.01113035106)
(0.025 -0.002982368579 0.01113035106)
(0.025625 -0.002982368579 0.01113035106)
(0.02625 -0.002982368579 0.01113035106)
(0.026875 -0.002982368579 0.01113035106)
(0.0275 -0.002982368579 0.01113035106)
(0.028125 -0.002982368579 0.01113035106)
(0.02875 -0.002982368579 0.01113035106)
(0.029375 -0.002982368579 0.01113035106)
(0.03 -0.002982368579 0.01113035106)
(0.030625 -0.002982368579 0.01113035106)
(0.03125 -0.002982368579 0.01113035106)
(0.031875 -0.002982368579 0.01113035106)
(0.0325 -0.002982368579 0.01113035106)
(0.033125 -0.002982368579 0.01113035106)
(0.03375 -0.002982368579 0.01113035106)
(0.034375 -0.002982368579 0.01113035106)
(0.035 -0.002982368579 0.01113035106)
(0.035625 -0.002982368579 0.01113035106)
(0.03625 -0.002982368579 0.01113035106)
(0.036875 -0.002982368579 0.01113035106)
(0.0375 -0.002982368579 0.01113035106)
(0.038125 -0.002982368579 0.01113035106)
(0.03875 -0.002982368579 0.01113035106)
(0.039375 -0.002982368579 0.01113035106)
(0.04 -0.002982368579 0.01113035106)
(0.040625 -0.002982368579 0.01113035106)
(0.04125 -0.002982368579 0.01113035106)
(0.041875 -0.002982368579 0.01113035106)
(0.0425 -0.002982368579 0.01113035106)
(0.043125 -0.002982368579 0.01113035106)
(0.04375 -0.002982368579 0.01113035106)
(0.044375 -0.002982368579 0.01113035106)
(0.045 -0.002982368579 0.01113035106)
(0.045625 -0.002982368579 0.01113035106)
(0.04625 -0.002982368579 0.01113035106)
(0.046875 -0.002982368579 0.01113035106)
(0.0475 -0.002982368579 0.01113035106)
(0.048125 -0.002982368579 0.01113035106)
(0.04875 -0.002982368579 0.01113035106)
(0.049375 -0.002982368579 0.01113035106)
(0.05 -0.002982368579 0.01113035106)
(0 -0.003090979947 0.01153569421)
(0.000625 -0.003090979947 0.01153569421)
(0.00125 -0.003090979947 0.01153569421)
(0.001875 -0.003090979947 0.01153569421)
(0.0025 -0.003090979947 0.01153569421)
(0.003125 -0.003090979947 0.01153569421)
(0.00375 -0.003090979947 0.01153569421)
(0.004375 -0.003090979947 0.01153569421)
(0.005 -0.003090979947 0.01153569421)
(0.005625 -0.003090979947 0.01153569421)
(0.00625 -0.003090979947 0.01153569421)
(0.006875 -0.003090979947 0.01153569421)
(0.0075 -0.003090979947 0.01153569421)
(0.008125 -0.003090979947 0.01153569421)
(0.00875 -0.003090979947 0.01153569421)
(0.009375 -0.003090979947 0.01153569421)
(0.01 -0.003090979947 0.01153569421)
(0.010625 -0.003090979947 0.01153569421)
(0.01125 -0.003090979947 0.01153569421)
(0.011875 -0.003090979947 0.01153569421)
(0.0125 -0.003090979947 0.01153569421)
(0.013125 -0.003090979947 0.01153569421)
(0.01375 -0.003090979947 0.01153569421)
(0.014375 -0.003090979947 0.01153569421)
(0.015 -0.003090979947 0.01153569421)
(0.015625 -0.003090979947 0.01153569421)
(0.01625 -0.003090979947 0.01153569421)
(0.016875 -0.003090979947 0.01153569421)
(0.0175 -0.003090979947 0.01153569421)
(0.018125 -0.003090979947 0.01153569421)
(0.01875 -0.003090979947 0.01153569421)
(0.019375 -0.003090979947 0.01153569421)
(0.02 -0.003090979947 0.01153569421)
(0.020625 -0.003090979947 0.01153569421)
(0.02125 -0.003090979947 0.01153569421)
(0.021875 -0.003090979947 0.01153569421)
(0.0225 -0.003090979947 0.01153569421)
(0.023125 -0.003090979947 0.01153569421)
(0.02375 -0.003090979947 0.01153569421)
(0.024375 -0.003090979947 0.01153569421)
(0.025 -0.003090979947 0.01153569421)
(0.025625 -0.003090979947 0.01153569421)
(0.02625 -0.003090979947 0.01153569421)
(0.026875 -0.003090979947 0.01153569421)
(0.0275 -0.003090979947 0.01153569421)
(0.028125 -0.003090979947 0.01153569421)
(0.02875 -0.003090979947 0.01153569421)
(0.029375 -0.003090979947 0.01153569421)
(0.03 -0.003090979947 0.01153569421)
(0.030625 -0.003090979947 0.01153569421)
(0.03125 -0.003090979947 0.01153569421)
(0.031875 -0.003090979947 0.01153569421)
(0.0325 -0.003090979947 0.01153569421)
(0.033125 -0.003090979947 0.01153569421)
(0.03375 -0.003090979947 0.01153569421)
(0.034375 -0.003090979947 0.01153569421)
(0.035 -0.003090979947 0.01153569421)
(0.035625 -0.003090979947 0.01153569421)
(0.03625 -0.003090979947 0.01153569421)
(0.036875 -0.003090979947 0.01153569421)
(0.0375 -0.003090979947 0.01153569421)
(0.038125 -0.003090979947 0.01153569421)
(0.03875 -0.003090979947 0.01153569421)
(0.039375 -0.003090979947 0.01153569421)
(0.04 -0.003090979947 0.01153569421)
(0.040625 -0.003090979947 0.01153569421)
(0.04125 -0.003090979947 0.01153569421)
(0.041875 -0.003090979947 0.01153569421)
(0.0425 -0.003090979947 0.01153569421)
(0.043125 -0.003090979947 0.01153569421)
(0.04375 -0.003090979947 0.01153569421)
(0.044375 -0.003090979947 0.01153569421)
(0.045 -0.003090979947 0.01153569421)
(0.045625 -0.003090979947 0.01153569421)
(0.04625 -0.003090979947 0.01153569421)
(0.046875 -0.003090979947 0.01153569421)
(0.0475 -0.003090979947 0.01153569421)
(0.048125 -0.003090979947 0.01153569421)
(0.04875 -0.003090979947 0.01153569421)
(0.049375 -0.003090979947 0.01153569421)
(0.05 -0.003090979947 0.01153569421)
(0 -0.00320712455 0.01196915177)
(0.000625 -0.00320712455 0.01196915177)
(0.00125 -0.00320712455 0.01196915177)
(0.001875 -0.00320712455 0.01196915177)
(0.0025 -0.00320712455 0.01196915177)
(0.003125 -0.00320712455 0.01196915177)
(0.00375 -0.00320712455 0.01196915177)
(0.004375 -0.00320712455 0.01196915177)
(0.005 -0.00320712455 0.01196915177)
(0.005625 -0.00320712455 0.01196915177)
(0.00625 -0.00320712455 0.01196915177)
(0.006875 -0.00320712455 0.01196915177)
(0.0075 -0.00320712455 0.01196915177)
(0.008125 -0.00320712455 0.01196915177)
(0.00875 -0.00320712455 0.01196915177)
(0.009375 -0.00320712455 0.01196915177)
(0.01 -0.00320712455 0.01196915177)
(0.010625 -0.00320712455 0.01196915177)
(0.01125 -0.00320712455 0.01196915177)
(0.011875 -0.00320712455 0.01196915177)
(0.0125 -0.00320712455 0.01196915177)
(0.013125 -0.00320712455 0.01196915177)
(0.01375 -0.00320712455 0.01196915177)
(0.014375 -0.00320712455 0.01196915177)
(0.015 -0.00320712455 0.01196915177)
(0.015625 -0.00320712455 0.01196915177)
(0.01625 -0.00320712455 0.01196915177)
(0.016875 -0.00320712455 0.01196915177)
(0.0175 -0.00320712455 0.01196915177)
(0.018125 -0.00320712455 0.01196915177)
(0.01875 -0.00320712455 0.01196915177)
(0.019375 -0.00320712455 0.01196915177)
(0.02 -0.00320712455 0.01196915177)
(0.020625 -0.00320712455 0.01196915177)
(0.02125 -0.00320712455 0.01196915177)
(0.021875 -0.00320712455 0.01196915177)
(0.0225 -0.00320712455 0.01196915177)
(0.023125 -0.00320712455 0.01196915177)
(0.02375 -0.00320712455 0.01196915177)
(0.024375 -0.00320712455 0.01196915177)
(0.025 -0.00320712455 0.01196915177)
(0.025625 -0.00320712455 0.01196915177)
(0.02625 -0.00320712455 0.01196915177)
(0.026875 -0.00320712455 0.01196915177)
(0.0275 -0.00320712455 0.01196915177)
(0.028125 -0.00320712455 0.01196915177)
(0.02875 -0.00320712455 0.01196915177)
(0.029375 -0.00320712455 0.01196915177)
(0.03 -0.00320712455 0.01196915177)
(0.030625 -0.00320712455 0.01196915177)
(0.03125 -0.00320712455 0.01196915177)
(0.031875 -0.00320712455 0.01196915177)
(0.0325 -0.00320712455 0.01196915177)
(0.033125 -0.00320712455 0.01196915177)
(0.03375 -0.00320712455 0.01196915177)
(0.034375 -0.00320712455 0.01196915177)
(0.035 -0.00320712455 0.01196915177)
(0.035625 -0.00320712455 0.01196915177)
(0.03625 -0.00320712455 0.01196915177)
(0.036875 -0.00320712455 0.01196915177)
(0.0375 -0.00320712455 0.01196915177)
(0.038125 -0.00320712455 0.01196915177)
(0.03875 -0.00320712455 0.01196915177)
(0.039375 -0.00320712455 0.01196915177)
(0.04 -0.00320712455 0.01196915177)
(0.040625 -0.00320712455 0.01196915177)
(0.04125 -0.00320712455 0.01196915177)
(0.041875 -0.00320712455 0.01196915177)
(0.0425 -0.00320712455 0.01196915177)
(0.043125 -0.00320712455 0.01196915177)
(0.04375 -0.00320712455 0.01196915177)
(0.044375 -0.00320712455 0.01196915177)
(0.045 -0.00320712455 0.01196915177)
(0.045625 -0.00320712455 0.01196915177)
(0.04625 -0.00320712455 0.01196915177)
(0.046875 -0.00320712455 0.01196915177)
(0.0475 -0.00320712455 0.01196915177)
(0.048125 -0.00320712455 0.01196915177)
(0.04875 -0.00320712455 0.01196915177)
(0.049375 -0.00320712455 0.01196915177)
(0.05 -0.00320712455 0.01196915177)
(0 -0.003331324891 0.01243267375)
(0.000625 -0.003331324891 0.01243267375)
(0.00125 -0.003331324891 0.01243267375)
(0.001875 -0.003331324891 0.01243267375)
(0.0025 -0.003331324891 0.01243267375)
(0.003125 -0.003331324891 0.01243267375)
(0.00375 -0.003331324891 0.01243267375)
(0.004375 -0.003331324891 0.01243267375)
(0.005 -0.003331324891 0.01243267375)
(0.005625 -0.003331324891 0.01243267375)
(0.00625 -0.003331324891 0.01243267375)
(0.006875 -0.003331324891 0.01243267375)
(0.0075 -0.003331324891 0.01243267375)
(0.008125 -0.003331324891 0.01243267375)
(0.00875 -0.003331324891 0.01243267375)
(0.009375 -0.003331324891 0.01243267375)
(0.01 -0.003331324891 0.01243267375)
(0.010625 -0.003331324891 0.01243267375)
(0.01125 -0.003331324891 0.01243267375)
(0.011875 -0.003331324891 0.01243267375)
(0.0125 -0.003331324891 0.01243267375)
(0.013125 -0.003331324891 0.01243267375)
(0.01375 -0.003331324891 0.01243267375)
(0.014375 -0.003331324891 0.01243267375)
(0.015 -0.003331324891 0.01243267375)
(0.015625 -0.003331324891 0.01243267375)
(0.01625 -0.003331324891 0.01243267375)
(0.016875 -0.003331324891 0.01243267375)
(0.0175 -0.003331324891 0.01243267375)
(0.018125 -0.003331324891 0.01243267375)
(0.01875 -0.003331324891 0.01243267375)
(0.019375 -0.003331324891 0.01243267375)
(0.02 -0.003331324891 0.01243267375)
(0.020625 -0.003331324891 0.01243267375)
(0.02125 -0.003331324891 0.01243267375)
(0.021875 -0.003331324891 0.01243267375)
(0.0225 -0.003331324891 0.01243267375)
(0.023125 -0.003331324891 0.01243267375)
(0.02375 -0.003331324891 0.01243267375)
(0.024375 -0.003331324891 0.01243267375)
(0.025 -0.003331324891 0.01243267375)
(0.025625 -0.003331324891 0.01243267375)
(0.02625 -0.003331324891 0.01243267375)
(0.026875 -0.003331324891 0.01243267375)
(0.0275 -0.003331324891 0.01243267375)
(0.028125 -0.003331324891 0.01243267375)
(0.02875 -0.003331324891 0.01243267375)
(0.029375 -0.003331324891 0.01243267375)
(0.03 -0.003331324891 0.01243267375)
(0.030625 -0.003331324891 0.01243267375)
(0.03125 -0.003331324891 0.01243267375)
(0.031875 -0.003331324891 0.01243267375)
(0.0325 -0.003331324891 0.01243267375)
(0.033125 -0.003331324891 0.01243267375)
(0.03375 -0.003331324891 0.01243267375)
(0.034375 -0.003331324891 0.01243267375)
(0.035 -0.003331324891 0.01243267375)
(0.035625 -0.003331324891 0.01243267375)
(0.03625 -0.003331324891 0.01243267375)
(0.036875 -0.003331324891 0.01243267375)
(0.0375 -0.003331324891 0.01243267375)
(0.038125 -0.003331324891 0.01243267375)
(0.03875 -0.003331324891 0.01243267375)
(0.039375 -0.003331324891 0.01243267375)
(0.04 -0.003331324891 0.01243267375)
(0.040625 -0.003331324891 0.01243267375)
(0.04125 -0.003331324891 0.01243267375)
(0.041875 -0.003331324891 0.01243267375)
(0.0425 -0.003331324891 0.01243267375)
(0.043125 -0.003331324891 0.01243267375)
(0.04375 -0.003331324891 0.01243267375)
(0.044375 -0.003331324891 0.01243267375)
(0.045 -0.003331324891 0.01243267375)
(0.045625 -0.003331324891 0.01243267375)
(0.04625 -0.003331324891 0.01243267375)
(0.046875 -0.003331324891 0.01243267375)
(0.0475 -0.003331324891 0.01243267375)
(0.048125 -0.003331324891 0.01243267375)
(0.04875 -0.003331324891 0.01243267375)
(0.049375 -0.003331324891 0.01243267375)
(0.05 -0.003331324891 0.01243267375)
(0 -0.00346413971 0.0129283454)
(0.000625 -0.00346413971 0.0129283454)
(0.00125 -0.00346413971 0.0129283454)
(0.001875 -0.00346413971 0.0129283454)
(0.0025 -0.00346413971 0.0129283454)
(0.003125 -0.00346413971 0.0129283454)
(0.00375 -0.00346413971 0.0129283454)
(0.004375 -0.00346413971 0.0129283454)
(0.005 -0.00346413971 0.0129283454)
(0.005625 -0.00346413971 0.0129283454)
(0.00625 -0.00346413971 0.0129283454)
(0.006875 -0.00346413971 0.0129283454)
(0.0075 -0.00346413971 0.0129283454)
(0.008125 -0.00346413971 0.0129283454)
(0.00875 -0.00346413971 0.0129283454)
(0.009375 -0.00346413971 0.0129283454)
(0.01 -0.00346413971 0.0129283454)
(0.010625 -0.00346413971 0.0129283454)
(0.01125 -0.00346413971 0.0129283454)
(0.011875 -0.00346413971 0.0129283454)
(0.0125 -0.00346413971 0.0129283454)
(0.013125 -0.00346413971 0.0129283454)
(0.01375 -0.00346413971 0.0129283454)
(0.014375 -0.00346413971 0.0129283454)
(0.015 -0.00346413971 0.0129283454)
(0.015625 -0.00346413971 0.0129283454)
(0.01625 -0.00346413971 0.0129283454)
(0.016875 -0.00346413971 0.0129283454)
(0.0175 -0.00346413971 0.0129283454)
(0.018125 -0.00346413971 0.0129283454)
(0.01875 -0.00346413971 0.0129283454)
(0.019375 -0.00346413971 0.0129283454)
(0.02 -0.00346413971 0.0129283454)
(0.020625 -0.00346413971 0.0129283454)
(0.02125 -0.00346413971 0.0129283454)
(0.021875 -0.00346413971 0.0129283454)
(0.0225 -0.00346413971 0.0129283454)
(0.023125 -0.00346413971 0.0129283454)
(0.02375 -0.00346413971 0.0129283454)
(0.024375 -0.00346413971 0.0129283454)
(0.025 -0.00346413971 0.0129283454)
(0.025625 -0.00346413971 0.0129283454)
(0.02625 -0.00346413971 0.0129283454)
(0.026875 -0.00346413971 0.0129283454)
(0.0275 -0.00346413971 0.0129283454)
(0.028125 -0.00346413971 0.0129283454)
(0.02875 -0.00346413971 0.0129283454)
(0.029375 -0.00346413971 0.0129283454)
(0.03 -0.00346413971 0.0129283454)
(0.030625 -0.00346413971 0.0129283454)
(0.03125 -0.00346413971 0.0129283454)
(0.031875 -0.00346413971 0.0129283454)
(0.0325 -0.00346413971 0.0129283454)
(0.033125 -0.00346413971 0.0129283454)
(0.03375 -0.00346413971 0.0129283454)
(0.034375 -0.00346413971 0.0129283454)
(0.035 -0.00346413971 0.0129283454)
(0.035625 -0.00346413971 0.0129283454)
(0.03625 -0.00346413971 0.0129283454)
(0.036875 -0.00346413971 0.0129283454)
(0.0375 -0.00346413971 0.0129283454)
(0.038125 -0.00346413971 0.0129283454)
(0.03875 -0.00346413971 0.0129283454)
(0.039375 -0.00346413971 0.0129283454)
(0.04 -0.00346413971 0.0129283454)
(0.040625 -0.00346413971 0.0129283454)
(0.04125 -0.00346413971 0.0129283454)
(0.041875 -0.00346413971 0.0129283454)
(0.0425 -0.00346413971 0.0129283454)
(0.043125 -0.00346413971 0.0129283454)
(0.04375 -0.00346413971 0.0129283454)
(0.044375 -0.00346413971 0.0129283454)
(0.045 -0.00346413971 0.0129283454)
(0.045625 -0.00346413971 0.0129283454)
(0.04625 -0.00346413971 0.0129283454)
(0.046875 -0.00346413971 0.0129283454)
(0.0475 -0.00346413971 0.0129283454)
(0.048125 -0.00346413971 0.0129283454)
(0.04875 -0.00346413971 0.0129283454)
(0.049375 -0.00346413971 0.0129283454)
(0.05 -0.00346413971 0.0129283454)
(0 -0.003606166504 0.01345839661)
(0.000625 -0.003606166504 0.01345839661)
(0.00125 -0.003606166504 0.01345839661)
(0.001875 -0.003606166504 0.01345839661)
(0.0025 -0.003606166504 0.01345839661)
(0.003125 -0.003606166504 0.01345839661)
(0.00375 -0.003606166504 0.01345839661)
(0.004375 -0.003606166504 0.01345839661)
(0.005 -0.003606166504 0.01345839661)
(0.005625 -0.003606166504 0.01345839661)
(0.00625 -0.003606166504 0.01345839661)
(0.006875 -0.003606166504 0.01345839661)
(0.0075 -0.003606166504 0.01345839661)
(0.008125 -0.003606166504 0.01345839661)
(0.00875 -0.003606166504 0.01345839661)
(0.009375 -0.003606166504 0.01345839661)
(0.01 -0.003606166504 0.01345839661)
(0.010625 -0.003606166504 0.01345839661)
(0.01125 -0.003606166504 0.01345839661)
(0.011875 -0.003606166504 0.01345839661)
(0.0125 -0.003606166504 0.01345839661)
(0.013125 -0.003606166504 0.01345839661)
(0.01375 -0.003606166504 0.01345839661)
(0.014375 -0.003606166504 0.01345839661)
(0.015 -0.003606166504 0.01345839661)
(0.015625 -0.003606166504 0.01345839661)
(0.01625 -0.003606166504 0.01345839661)
(0.016875 -0.003606166504 0.01345839661)
(0.0175 -0.003606166504 0.01345839661)
(0.018125 -0.003606166504 0.01345839661)
(0.01875 -0.003606166504 0.01345839661)
(0.019375 -0.003606166504 0.01345839661)
(0.02 -0.003606166504 0.01345839661)
(0.020625 -0.003606166504 0.01345839661)
(0.02125 -0.003606166504 0.01345839661)
(0.021875 -0.003606166504 0.01345839661)
(0.0225 -0.003606166504 0.01345839661)
(0.023125 -0.003606166504 0.01345839661)
(0.02375 -0.003606166504 0.01345839661)
(0.024375 -0.003606166504 0.01345839661)
(0.025 -0.003606166504 0.01345839661)
(0.025625 -0.003606166504 0.01345839661)
(0.02625 -0.003606166504 0.01345839661)
(0.026875 -0.003606166504 0.01345839661)
(0.0275 -0.003606166504 0.01345839661)
(0.028125 -0.003606166504 0.01345839661)
(0.02875 -0.003606166504 0.01345839661)
(0.029375 -0.003606166504 0.01345839661)
(0.03 -0.003606166504 0.01345839661)
(0.030625 -0.003606166504 0.01345839661)
(0.03125 -0.003606166504 0.01345839661)
(0.031875 -0.003606166504 0.01345839661)
(0.0325 -0.003606166504 0.01345839661)
(0.033125 -0.003606166504 0.01345839661)
(0.03375 -0.003606166504 0.01345839661)
(0.034375 -0.003606166504 0.01345839661)
(0.035 -0.003606166504 0.01345839661)
(0.035625 -0.003606166504 0.01345839661)
(0.03625 -0.003606166504 0.01345839661)
(0.036875 -0.003606166504 0.01345839661)
(0.0375 -0.003606166504 0.01345839661)
(0.038125 -0.003606166504 0.01345839661)
(0.03875 -0.003606166504 0.01345839661)
(0.039375 -0.003606166504 0.01345839661)
(0.04 -0.003606166504 0.01345839661)
(0.040625 -0.003606166504 0.01345839661)
(0.04125 -0.003606166504 0.01345839661)
(0.041875 -0.003606166504 0.01345839661)
(0.0425 -0.003606166504 0.01345839661)
(0.043125 -0.003606166504 0.01345839661)
(0.04375 -0.003606166504 0.01345839661)
(0.044375 -0.003606166504 0.01345839661)
(0.045 -0.003606166504 0.01345839661)
(0.045625 -0.003606166504 0.01345839661)
(0.04625 -0.003606166504 0.01345839661)
(0.046875 -0.003606166504 0.01345839661)
(0.0475 -0.003606166504 0.01345839661)
(0.048125 -0.003606166504 0.01345839661)
(0.04875 -0.003606166504 0.01345839661)
(0.049375 -0.003606166504 0.01345839661)
(0.05 -0.003606166504 0.01345839661)
(0 -0.003758044213 0.01402521194)
(0.000625 -0.003758044213 0.01402521194)
(0.00125 -0.003758044213 0.01402521194)
(0.001875 -0.003758044213 0.01402521194)
(0.0025 -0.003758044213 0.01402521194)
(0.003125 -0.003758044213 0.01402521194)
(0.00375 -0.003758044213 0.01402521194)
(0.004375 -0.003758044213 0.01402521194)
(0.005 -0.003758044213 0.01402521194)
(0.005625 -0.003758044213 0.01402521194)
(0.00625 -0.003758044213 0.01402521194)
(0.006875 -0.003758044213 0.01402521194)
(0.0075 -0.003758044213 0.01402521194)
(0.008125 -0.003758044213 0.01402521194)
(0.00875 -0.003758044213 0.01402521194)
(0.009375 -0.003758044213 0.01402521194)
(0.01 -0.003758044213 0.01402521194)
(0.010625 -0.003758044213 0.01402521194)
(0.01125 -0.003758044213 0.01402521194)
(0.011875 -0.003758044213 0.01402521194)
(0.0125 -0.003758044213 0.01402521194)
(0.013125 -0.003758044213 0.01402521194)
(0.01375 -0.003758044213 0.01402521194)
(0.014375 -0.003758044213 0.01402521194)
(0.015 -0.003758044213 0.01402521194)
(0.015625 -0.003758044213 0.01402521194)
(0.01625 -0.003758044213 0.01402521194)
(0.016875 -0.003758044213 0.01402521194)
(0.0175 -0.003758044213 0.01402521194)
(0.018125 -0.003758044213 0.01402521194)
(0.01875 -0.003758044213 0.01402521194)
(0.019375 -0.003758044213 0.01402521194)
(0.02 -0.003758044213 0.01402521194)
(0.020625 -0.003758044213 0.01402521194)
(0.02125 -0.003758044213 0.01402521194)
(0.021875 -0.003758044213 0.01402521194)
(0.0225 -0.003758044213 0.01402521194)
(0.023125 -0.003758044213 0.01402521194)
(0.02375 -0.003758044213 0.01402521194)
(0.024375 -0.003758044213 0.01402521194)
(0.025 -0.003758044213 0.01402521194)
(0.025625 -0.003758044213 0.01402521194)
(0.02625 -0.003758044213 0.01402521194)
(0.026875 -0.003758044213 0.01402521194)
(0.0275 -0.003758044213 0.01402521194)
(0.028125 -0.003758044213 0.01402521194)
(0.02875 -0.003758044213 0.01402521194)
(0.029375 -0.003758044213 0.01402521194)
(0.03 -0.003758044213 0.01402521194)
(0.030625 -0.003758044213 0.01402521194)
(0.03125 -0.003758044213 0.01402521194)
(0.031875 -0.003758044213 0.01402521194)
(0.0325 -0.003758044213 0.01402521194)
(0.033125 -0.003758044213 0.01402521194)
(0.03375 -0.003758044213 0.01402521194)
(0.034375 -0.003758044213 0.01402521194)
(0.035 -0.003758044213 0.01402521194)
(0.035625 -0.003758044213 0.01402521194)
(0.03625 -0.003758044213 0.01402521194)
(0.036875 -0.003758044213 0.01402521194)
(0.0375 -0.003758044213 0.01402521194)
(0.038125 -0.003758044213 0.01402521194)
(0.03875 -0.003758044213 0.01402521194)
(0.039375 -0.003758044213 0.01402521194)
(0.04 -0.003758044213 0.01402521194)
(0.040625 -0.003758044213 0.01402521194)
(0.04125 -0.003758044213 0.01402521194)
(0.041875 -0.003758044213 0.01402521194)
(0.0425 -0.003758044213 0.01402521194)
(0.043125 -0.003758044213 0.01402521194)
(0.04375 -0.003758044213 0.01402521194)
(0.044375 -0.003758044213 0.01402521194)
(0.045 -0.003758044213 0.01402521194)
(0.045625 -0.003758044213 0.01402521194)
(0.04625 -0.003758044213 0.01402521194)
(0.046875 -0.003758044213 0.01402521194)
(0.0475 -0.003758044213 0.01402521194)
(0.048125 -0.003758044213 0.01402521194)
(0.04875 -0.003758044213 0.01402521194)
(0.049375 -0.003758044213 0.01402521194)
(0.05 -0.003758044213 0.01402521194)
(0 -0.00392045609 0.01463134132)
(0.000625 -0.00392045609 0.01463134132)
(0.00125 -0.00392045609 0.01463134132)
(0.001875 -0.00392045609 0.01463134132)
(0.0025 -0.00392045609 0.01463134132)
(0.003125 -0.00392045609 0.01463134132)
(0.00375 -0.00392045609 0.01463134132)
(0.004375 -0.00392045609 0.01463134132)
(0.005 -0.00392045609 0.01463134132)
(0.005625 -0.00392045609 0.01463134132)
(0.00625 -0.00392045609 0.01463134132)
(0.006875 -0.00392045609 0.01463134132)
(0.0075 -0.00392045609 0.01463134132)
(0.008125 -0.00392045609 0.01463134132)
(0.00875 -0.00392045609 0.01463134132)
(0.009375 -0.00392045609 0.01463134132)
(0.01 -0.00392045609 0.01463134132)
(0.010625 -0.00392045609 0.01463134132)
(0.01125 -0.00392045609 0.01463134132)
(0.011875 -0.00392045609 0.01463134132)
(0.0125 -0.00392045609 0.01463134132)
(0.013125 -0.00392045609 0.01463134132)
(0.01375 -0.00392045609 0.01463134132)
(0.014375 -0.00392045609 0.01463134132)
(0.015 -0.00392045609 0.01463134132)
(0.015625 -0.00392045609 0.01463134132)
(0.01625 -0.00392045609 0.01463134132)
(0.016875 -0.00392045609 0.01463134132)
(0.0175 -0.00392045609 0.01463134132)
(0.018125 -0.00392045609 0.01463134132)
(0.01875 -0.00392045609 0.01463134132)
(0.019375 -0.00392045609 0.01463134132)
(0.02 -0.00392045609 0.01463134132)
(0.020625 -0.00392045609 0.01463134132)
(0.02125 -0.00392045609 0.01463134132)
(0.021875 -0.00392045609 0.01463134132)
(0.0225 -0.00392045609 0.01463134132)
(0.023125 -0.00392045609 0.01463134132)
(0.02375 -0.00392045609 0.01463134132)
(0.024375 -0.00392045609 0.01463134132)
(0.025 -0.00392045609 0.01463134132)
(0.025625 -0.00392045609 0.01463134132)
(0.02625 -0.00392045609 0.01463134132)
(0.026875 -0.00392045609 0.01463134132)
(0.0275 -0.00392045609 0.01463134132)
(0.028125 -0.00392045609 0.01463134132)
(0.02875 -0.00392045609 0.01463134132)
(0.029375 -0.00392045609 0.01463134132)
(0.03 -0.00392045609 0.01463134132)
(0.030625 -0.00392045609 0.01463134132)
(0.03125 -0.00392045609 0.01463134132)
(0.031875 -0.00392045609 0.01463134132)
(0.0325 -0.00392045609 0.01463134132)
(0.033125 -0.00392045609 0.01463134132)
(0.03375 -0.00392045609 0.01463134132)
(0.034375 -0.00392045609 0.01463134132)
(0.035 -0.00392045609 0.01463134132)
(0.035625 -0.00392045609 0.01463134132)
(0.03625 -0.00392045609 0.01463134132)
(0.036875 -0.00392045609 0.01463134132)
(0.0375 -0.00392045609 0.01463134132)
(0.038125 -0.00392045609 0.01463134132)
(0.03875 -0.00392045609 0.01463134132)
(0.039375 -0.00392045609 0.01463134132)
(0.04 -0.00392045609 0.01463134132)
(0.040625 -0.00392045609 0.01463134132)
(0.04125 -0.00392045609 0.01463134132)
(0.041875 -0.00392045609 0.01463134132)
(0.0425 -0.00392045609 0.01463134132)
(0.043125 -0.00392045609 0.01463134132)
(0.04375 -0.00392045609 0.01463134132)
(0.044375 -0.00392045609 0.01463134132)
(0.045 -0.00392045609 0.01463134132)
(0.045625 -0.00392045609 0.01463134132)
(0.04625 -0.00392045609 0.01463134132)
(0.046875 -0.00392045609 0.01463134132)
(0.0475 -0.00392045609 0.01463134132)
(0.048125 -0.00392045609 0.01463134132)
(0.04875 -0.00392045609 0.01463134132)
(0.049375 -0.00392045609 0.01463134132)
(0.05 -0.00392045609 0.01463134132)
(0 -0.004094132781 0.01527951155)
(0.000625 -0.004094132781 0.01527951155)
(0.00125 -0.004094132781 0.01527951155)
(0.001875 -0.004094132781 0.01527951155)
(0.0025 -0.004094132781 0.01527951155)
(0.003125 -0.004094132781 0.01527951155)
(0.00375 -0.004094132781 0.01527951155)
(0.004375 -0.004094132781 0.01527951155)
(0.005 -0.004094132781 0.01527951155)
(0.005625 -0.004094132781 0.01527951155)
(0.00625 -0.004094132781 0.01527951155)
(0.006875 -0.004094132781 0.01527951155)
(0.0075 -0.004094132781 0.01527951155)
(0.008125 -0.004094132781 0.01527951155)
(0.00875 -0.004094132781 0.01527951155)
(0.009375 -0.004094132781 0.01527951155)
(0.01 -0.004094132781 0.01527951155)
(0.010625 -0.004094132781 0.01527951155)
(0.01125 -0.004094132781 0.01527951155)
(0.011875 -0.004094132781 0.01527951155)
(0.0125 -0.004094132781 0.01527951155)
(0.013125 -0.004094132781 0.01527951155)
(0.01375 -0.004094132781 0.01527951155)
(0.014375 -0.004094132781 0.01527951155)
(0.015 -0.004094132781 0.01527951155)
(0.015625 -0.004094132781 0.01527951155)
(0.01625 -0.004094132781 0.01527951155)
(0.016875 -0.004094132781 0.01527951155)
(0.0175 -0.004094132781 0.01527951155)
(0.018125 -0.004094132781 0.01527951155)
(0.01875 -0.004094132781 0.01527951155)
(0.019375 -0.004094132781 0.01527951155)
(0.02 -0.004094132781 0.01527951155)
(0.020625 -0.004094132781 0.01527951155)
(0.02125 -0.004094132781 0.01527951155)
(0.021875 -0.004094132781 0.01527951155)
(0.0225 -0.004094132781 0.01527951155)
(0.023125 -0.004094132781 0.01527951155)
(0.02375 -0.004094132781 0.01527951155)
(0.024375 -0.004094132781 0.01527951155)
(0.025 -0.004094132781 0.01527951155)
(0.025625 -0.004094132781 0.01527951155)
(0.02625 -0.004094132781 0.01527951155)
(0.026875 -0.004094132781 0.01527951155)
(0.0275 -0.004094132781 0.01527951155)
(0.028125 -0.004094132781 0.01527951155)
(0.02875 -0.004094132781 0.01527951155)
(0.029375 -0.004094132781 0.01527951155)
(0.03 -0.004094132781 0.01527951155)
(0.030625 -0.004094132781 0.01527951155)
(0.03125 -0.004094132781 0.01527951155)
(0.031875 -0.004094132781 0.01527951155)
(0.0325 -0.004094132781 0.01527951155)
(0.033125 -0.004094132781 0.01527951155)
(0.03375 -0.004094132781 0.01527951155)
(0.034375 -0.004094132781 0.01527951155)
(0.035 -0.004094132781 0.01527951155)
(0.035625 -0.004094132781 0.01527951155)
(0.03625 -0.004094132781 0.01527951155)
(0.036875 -0.004094132781 0.01527951155)
(0.0375 -0.004094132781 0.01527951155)
(0.038125 -0.004094132781 0.01527951155)
(0.03875 -0.004094132781 0.01527951155)
(0.039375 -0.004094132781 0.01527951155)
(0.04 -0.004094132781 0.01527951155)
(0.040625 -0.004094132781 0.01527951155)
(0.04125 -0.004094132781 0.01527951155)
(0.041875 -0.004094132781 0.01527951155)
(0.0425 -0.004094132781 0.01527951155)
(0.043125 -0.004094132781 0.01527951155)
(0.04375 -0.004094132781 0.01527951155)
(0.044375 -0.004094132781 0.01527951155)
(0.045 -0.004094132781 0.01527951155)
(0.045625 -0.004094132781 0.01527951155)
(0.04625 -0.004094132781 0.01527951155)
(0.046875 -0.004094132781 0.01527951155)
(0.0475 -0.004094132781 0.01527951155)
(0.048125 -0.004094132781 0.01527951155)
(0.04875 -0.004094132781 0.01527951155)
(0.049375 -0.004094132781 0.01527951155)
(0.05 -0.004094132781 0.01527951155)
(0 -0.004279855608 0.01597263858)
(0.000625 -0.004279855608 0.01597263858)
(0.00125 -0.004279855608 0.01597263858)
(0.001875 -0.004279855608 0.01597263858)
(0.0025 -0.004279855608 0.01597263858)
(0.003125 -0.004279855608 0.01597263858)
(0.00375 -0.004279855608 0.01597263858)
(0.004375 -0.004279855608 0.01597263858)
(0.005 -0.004279855608 0.01597263858)
(0.005625 -0.004279855608 0.01597263858)
(0.00625 -0.004279855608 0.01597263858)
(0.006875 -0.004279855608 0.01597263858)
(0.0075 -0.004279855608 0.01597263858)
(0.008125 -0.004279855608 0.01597263858)
(0.00875 -0.004279855608 0.01597263858)
(0.009375 -0.004279855608 0.01597263858)
(0.01 -0.004279855608 0.01597263858)
(0.010625 -0.004279855608 0.01597263858)
(0.01125 -0.004279855608 0.01597263858)
(0.011875 -0.004279855608 0.01597263858)
(0.0125 -0.004279855608 0.01597263858)
(0.013125 -0.004279855608 0.01597263858)
(0.01375 -0.004279855608 0.01597263858)
(0.014375 -0.004279855608 0.01597263858)
(0.015 -0.004279855608 0.01597263858)
(0.015625 -0.004279855608 0.01597263858)
(0.01625 -0.004279855608 0.01597263858)
(0.016875 -0.004279855608 0.01597263858)
(0.0175 -0.004279855608 0.01597263858)
(0.018125 -0.004279855608 0.01597263858)
(0.01875 -0.004279855608 0.01597263858)
(0.019375 -0.004279855608 0.01597263858)
(0.02 -0.004279855608 0.01597263858)
(0.020625 -0.004279855608 0.01597263858)
(0.02125 -0.004279855608 0.01597263858)
(0.021875 -0.004279855608 0.01597263858)
(0.0225 -0.004279855608 0.01597263858)
(0.023125 -0.004279855608 0.01597263858)
(0.02375 -0.004279855608 0.01597263858)
(0.024375 -0.004279855608 0.01597263858)
(0.025 -0.004279855608 0.01597263858)
(0.025625 -0.004279855608 0.01597263858)
(0.02625 -0.004279855608 0.01597263858)
(0.026875 -0.004279855608 0.01597263858)
(0.0275 -0.004279855608 0.01597263858)
(0.028125 -0.004279855608 0.01597263858)
(0.02875 -0.004279855608 0.01597263858)
(0.029375 -0.004279855608 0.01597263858)
(0.03 -0.004279855608 0.01597263858)
(0.030625 -0.004279855608 0.01597263858)
(0.03125 -0.004279855608 0.01597263858)
(0.031875 -0.004279855608 0.01597263858)
(0.0325 -0.004279855608 0.01597263858)
(0.033125 -0.004279855608 0.01597263858)
(0.03375 -0.004279855608 0.01597263858)
(0.034375 -0.004279855608 0.01597263858)
(0.035 -0.004279855608 0.01597263858)
(0.035625 -0.004279855608 0.01597263858)
(0.03625 -0.004279855608 0.01597263858)
(0.036875 -0.004279855608 0.01597263858)
(0.0375 -0.004279855608 0.01597263858)
(0.038125 -0.004279855608 0.01597263858)
(0.03875 -0.004279855608 0.01597263858)
(0.039375 -0.004279855608 0.01597263858)
(0.04 -0.004279855608 0.01597263858)
(0.040625 -0.004279855608 0.01597263858)
(0.04125 -0.004279855608 0.01597263858)
(0.041875 -0.004279855608 0.01597263858)
(0.0425 -0.004279855608 0.01597263858)
(0.043125 -0.004279855608 0.01597263858)
(0.04375 -0.004279855608 0.01597263858)
(0.044375 -0.004279855608 0.01597263858)
(0.045 -0.004279855608 0.01597263858)
(0.045625 -0.004279855608 0.01597263858)
(0.04625 -0.004279855608 0.01597263858)
(0.046875 -0.004279855608 0.01597263858)
(0.0475 -0.004279855608 0.01597263858)
(0.048125 -0.004279855608 0.01597263858)
(0.04875 -0.004279855608 0.01597263858)
(0.049375 -0.004279855608 0.01597263858)
(0.05 -0.004279855608 0.01597263858)
(0 -0.004478460086 0.01671384058)
(0.000625 -0.004478460086 0.01671384058)
(0.00125 -0.004478460086 0.01671384058)
(0.001875 -0.004478460086 0.01671384058)
(0.0025 -0.004478460086 0.01671384058)
(0.003125 -0.004478460086 0.01671384058)
(0.00375 -0.004478460086 0.01671384058)
(0.004375 -0.004478460086 0.01671384058)
(0.005 -0.004478460086 0.01671384058)
(0.005625 -0.004478460086 0.01671384058)
(0.00625 -0.004478460086 0.01671384058)
(0.006875 -0.004478460086 0.01671384058)
(0.0075 -0.004478460086 0.01671384058)
(0.008125 -0.004478460086 0.01671384058)
(0.00875 -0.004478460086 0.01671384058)
(0.009375 -0.004478460086 0.01671384058)
(0.01 -0.004478460086 0.01671384058)
(0.010625 -0.004478460086 0.01671384058)
(0.01125 -0.004478460086 0.01671384058)
(0.011875 -0.004478460086 0.01671384058)
(0.0125 -0.004478460086 0.01671384058)
(0.013125 -0.004478460086 0.01671384058)
(0.01375 -0.004478460086 0.01671384058)
(0.014375 -0.004478460086 0.01671384058)
(0.015 -0.004478460086 0.01671384058)
(0.015625 -0.004478460086 0.01671384058)
(0.01625 -0.004478460086 0.01671384058)
(0.016875 -0.004478460086 0.01671384058)
(0.0175 -0.004478460086 0.01671384058)
(0.018125 -0.004478460086 0.01671384058)
(0.01875 -0.004478460086 0.01671384058)
(0.019375 -0.004478460086 0.01671384058)
(0.02 -0.004478460086 0.01671384058)
(0.020625 -0.004478460086 0.01671384058)
(0.02125 -0.004478460086 0.01671384058)
(0.021875 -0.004478460086 0.01671384058)
(0.0225 -0.004478460086 0.01671384058)
(0.023125 -0.004478460086 0.01671384058)
(0.02375 -0.004478460086 0.01671384058)
(0.024375 -0.004478460086 0.01671384058)
(0.025 -0.004478460086 0.01671384058)
(0.025625 -0.004478460086 0.01671384058)
(0.02625 -0.004478460086 0.01671384058)
(0.026875 -0.004478460086 0.01671384058)
(0.0275 -0.004478460086 0.01671384058)
(0.028125 -0.004478460086 0.01671384058)
(0.02875 -0.004478460086 0.01671384058)
(0.029375 -0.004478460086 0.01671384058)
(0.03 -0.004478460086 0.01671384058)
(0.030625 -0.004478460086 0.01671384058)
(0.03125 -0.004478460086 0.01671384058)
(0.031875 -0.004478460086 0.01671384058)
(0.0325 -0.004478460086 0.01671384058)
(0.033125 -0.004478460086 0.01671384058)
(0.03375 -0.004478460086 0.01671384058)
(0.034375 -0.004478460086 0.01671384058)
(0.035 -0.004478460086 0.01671384058)
(0.035625 -0.004478460086 0.01671384058)
(0.03625 -0.004478460086 0.01671384058)
(0.036875 -0.004478460086 0.01671384058)
(0.0375 -0.004478460086 0.01671384058)
(0.038125 -0.004478460086 0.01671384058)
(0.03875 -0.004478460086 0.01671384058)
(0.039375 -0.004478460086 0.01671384058)
(0.04 -0.004478460086 0.01671384058)
(0.040625 -0.004478460086 0.01671384058)
(0.04125 -0.004478460086 0.01671384058)
(0.041875 -0.004478460086 0.01671384058)
(0.0425 -0.004478460086 0.01671384058)
(0.043125 -0.004478460086 0.01671384058)
(0.04375 -0.004478460086 0.01671384058)
(0.044375 -0.004478460086 0.01671384058)
(0.045 -0.004478460086 0.01671384058)
(0.045625 -0.004478460086 0.01671384058)
(0.04625 -0.004478460086 0.01671384058)
(0.046875 -0.004478460086 0.01671384058)
(0.0475 -0.004478460086 0.01671384058)
(0.048125 -0.004478460086 0.01671384058)
(0.04875 -0.004478460086 0.01671384058)
(0.049375 -0.004478460086 0.01671384058)
(0.05 -0.004478460086 0.01671384058)
(0 -0.00469083968 0.01750645202)
(0.000625 -0.00469083968 0.01750645202)
(0.00125 -0.00469083968 0.01750645202)
(0.001875 -0.00469083968 0.01750645202)
(0.0025 -0.00469083968 0.01750645202)
(0.003125 -0.00469083968 0.01750645202)
(0.00375 -0.00469083968 0.01750645202)
(0.004375 -0.00469083968 0.01750645202)
(0.005 -0.00469083968 0.01750645202)
(0.005625 -0.00469083968 0.01750645202)
(0.00625 -0.00469083968 0.01750645202)
(0.006875 -0.00469083968 0.01750645202)
(0.0075 -0.00469083968 0.01750645202)
(0.008125 -0.00469083968 0.01750645202)
(0.00875 -0.00469083968 0.01750645202)
(0.009375 -0.00469083968 0.01750645202)
(0.01 -0.00469083968 0.01750645202)
(0.010625 -0.00469083968 0.01750645202)
(0.01125 -0.00469083968 0.01750645202)
(0.011875 -0.00469083968 0.01750645202)
(0.0125 -0.00469083968 0.01750645202)
(0.013125 -0.00469083968 0.01750645202)
(0.01375 -0.00469083968 0.01750645202)
(0.014375 -0.00469083968 0.01750645202)
(0.015 -0.00469083968 0.01750645202)
(0.015625 -0.00469083968 0.01750645202)
(0.01625 -0.00469083968 0.01750645202)
(0.016875 -0.00469083968 0.01750645202)
(0.0175 -0.00469083968 0.01750645202)
(0.018125 -0.00469083968 0.01750645202)
(0.01875 -0.00469083968 0.01750645202)
(0.019375 -0.00469083968 0.01750645202)
(0.02 -0.00469083968 0.01750645202)
(0.020625 -0.00469083968 0.01750645202)
(0.02125 -0.00469083968 0.01750645202)
(0.021875 -0.00469083968 0.01750645202)
(0.0225 -0.00469083968 0.01750645202)
(0.023125 -0.00469083968 0.01750645202)
(0.02375 -0.00469083968 0.01750645202)
(0.024375 -0.00469083968 0.01750645202)
(0.025 -0.00469083968 0.01750645202)
(0.025625 -0.00469083968 0.01750645202)
(0.02625 -0.00469083968 0.01750645202)
(0.026875 -0.00469083968 0.01750645202)
(0.0275 -0.00469083968 0.01750645202)
(0.028125 -0.00469083968 0.01750645202)
(0.02875 -0.00469083968 0.01750645202)
(0.029375 -0.00469083968 0.01750645202)
(0.03 -0.00469083968 0.01750645202)
(0.030625 -0.00469083968 0.01750645202)
(0.03125 -0.00469083968 0.01750645202)
(0.031875 -0.00469083968 0.01750645202)
(0.0325 -0.00469083968 0.01750645202)
(0.033125 -0.00469083968 0.01750645202)
(0.03375 -0.00469083968 0.01750645202)
(0.034375 -0.00469083968 0.01750645202)
(0.035 -0.00469083968 0.01750645202)
(0.035625 -0.00469083968 0.01750645202)
(0.03625 -0.00469083968 0.01750645202)
(0.036875 -0.00469083968 0.01750645202)
(0.0375 -0.00469083968 0.01750645202)
(0.038125 -0.00469083968 0.01750645202)
(0.03875 -0.00469083968 0.01750645202)
(0.039375 -0.00469083968 0.01750645202)
(0.04 -0.00469083968 0.01750645202)
(0.040625 -0.00469083968 0.01750645202)
(0.04125 -0.00469083968 0.01750645202)
(0.041875 -0.00469083968 0.01750645202)
(0.0425 -0.00469083968 0.01750645202)
(0.043125 -0.00469083968 0.01750645202)
(0.04375 -0.00469083968 0.01750645202)
(0.044375 -0.00469083968 0.01750645202)
(0.045 -0.00469083968 0.01750645202)
(0.045625 -0.00469083968 0.01750645202)
(0.04625 -0.00469083968 0.01750645202)
(0.046875 -0.00469083968 0.01750645202)
(0.0475 -0.00469083968 0.01750645202)
(0.048125 -0.00469083968 0.01750645202)
(0.04875 -0.00469083968 0.01750645202)
(0.049375 -0.00469083968 0.01750645202)
(0.05 -0.00469083968 0.01750645202)
(0 -0.004917949827 0.01835403862)
(0.000625 -0.004917949827 0.01835403862)
(0.00125 -0.004917949827 0.01835403862)
(0.001875 -0.004917949827 0.01835403862)
(0.0025 -0.004917949827 0.01835403862)
(0.003125 -0.004917949827 0.01835403862)
(0.00375 -0.004917949827 0.01835403862)
(0.004375 -0.004917949827 0.01835403862)
(0.005 -0.004917949827 0.01835403862)
(0.005625 -0.004917949827 0.01835403862)
(0.00625 -0.004917949827 0.01835403862)
(0.006875 -0.004917949827 0.01835403862)
(0.0075 -0.004917949827 0.01835403862)
(0.008125 -0.004917949827 0.01835403862)
(0.00875 -0.004917949827 0.01835403862)
(0.009375 -0.004917949827 0.01835403862)
(0.01 -0.004917949827 0.01835403862)
(0.010625 -0.004917949827 0.01835403862)
(0.01125 -0.004917949827 0.01835403862)
(0.011875 -0.004917949827 0.01835403862)
(0.0125 -0.004917949827 0.01835403862)
(0.013125 -0.004917949827 0.01835403862)
(0.01375 -0.004917949827 0.01835403862)
(0.014375 -0.004917949827 0.01835403862)
(0.015 -0.004917949827 0.01835403862)
(0.015625 -0.004917949827 0.01835403862)
(0.01625 -0.004917949827 0.01835403862)
(0.016875 -0.004917949827 0.01835403862)
(0.0175 -0.004917949827 0.01835403862)
(0.018125 -0.004917949827 0.01835403862)
(0.01875 -0.004917949827 0.01835403862)
(0.019375 -0.004917949827 0.01835403862)
(0.02 -0.004917949827 0.01835403862)
(0.020625 -0.004917949827 0.01835403862)
(0.02125 -0.004917949827 0.01835403862)
(0.021875 -0.004917949827 0.01835403862)
(0.0225 -0.004917949827 0.01835403862)
(0.023125 -0.004917949827 0.01835403862)
(0.02375 -0.004917949827 0.01835403862)
(0.024375 -0.004917949827 0.01835403862)
(0.025 -0.004917949827 0.01835403862)
(0.025625 -0.004917949827 0.01835403862)
(0.02625 -0.004917949827 0.01835403862)
(0.026875 -0.004917949827 0.01835403862)
(0.0275 -0.004917949827 0.01835403862)
(0.028125 -0.004917949827 0.01835403862)
(0.02875 -0.004917949827 0.01835403862)
(0.029375 -0.004917949827 0.01835403862)
(0.03 -0.004917949827 0.01835403862)
(0.030625 -0.004917949827 0.01835403862)
(0.03125 -0.004917949827 0.01835403862)
(0.031875 -0.004917949827 0.01835403862)
(0.0325 -0.004917949827 0.01835403862)
(0.033125 -0.004917949827 0.01835403862)
(0.03375 -0.004917949827 0.01835403862)
(0.034375 -0.004917949827 0.01835403862)
(0.035 -0.004917949827 0.01835403862)
(0.035625 -0.004917949827 0.01835403862)
(0.03625 -0.004917949827 0.01835403862)
(0.036875 -0.004917949827 0.01835403862)
(0.0375 -0.004917949827 0.01835403862)
(0.038125 -0.004917949827 0.01835403862)
(0.03875 -0.004917949827 0.01835403862)
(0.039375 -0.004917949827 0.01835403862)
(0.04 -0.004917949827 0.01835403862)
(0.040625 -0.004917949827 0.01835403862)
(0.04125 -0.004917949827 0.01835403862)
(0.041875 -0.004917949827 0.01835403862)
(0.0425 -0.004917949827 0.01835403862)
(0.043125 -0.004917949827 0.01835403862)
(0.04375 -0.004917949827 0.01835403862)
(0.044375 -0.004917949827 0.01835403862)
(0.045 -0.004917949827 0.01835403862)
(0.045625 -0.004917949827 0.01835403862)
(0.04625 -0.004917949827 0.01835403862)
(0.046875 -0.004917949827 0.01835403862)
(0.0475 -0.004917949827 0.01835403862)
(0.048125 -0.004917949827 0.01835403862)
(0.04875 -0.004917949827 0.01835403862)
(0.049375 -0.004917949827 0.01835403862)
(0.05 -0.004917949827 0.01835403862)
(0 0.005145059973 0.01920162523)
(0.000625 0.005145059973 0.01920162523)
(0.00125 0.005145059973 0.01920162523)
(0.001875 0.005145059973 0.01920162523)
(0.0025 0.005145059973 0.01920162523)
(0.003125 0.005145059973 0.01920162523)
(0.00375 0.005145059973 0.01920162523)
(0.004375 0.005145059973 0.01920162523)
(0.005 0.005145059973 0.01920162523)
(0.005625 0.005145059973 0.01920162523)
(0.00625 0.005145059973 0.01920162523)
(0.006875 0.005145059973 0.01920162523)
(0.0075 0.005145059973 0.01920162523)
(0.008125 0.005145059973 0.01920162523)
(0.00875 0.005145059973 0.01920162523)
(0.009375 0.005145059973 0.01920162523)
(0.01 0.005145059973 0.01920162523)
(0.010625 0.005145059973 0.01920162523)
(0.01125 0.005145059973 0.01920162523)
(0.011875 0.005145059973 0.01920162523)
(0.0125 0.005145059973 0.01920162523)
(0.013125 0.005145059973 0.01920162523)
(0.01375 0.005145059973 0.01920162523)
(0.014375 0.005145059973 0.01920162523)
(0.015 0.005145059973 0.01920162523)
(0.015625 0.005145059973 0.01920162523)
(0.01625 0.005145059973 0.01920162523)
(0.016875 0.005145059973 0.01920162523)
(0.0175 0.005145059973 0.01920162523)
(0.018125 0.005145059973 0.01920162523)
(0.01875 0.005145059973 0.01920162523)
(0.019375 0.005145059973 0.01920162523)
(0.02 0.005145059973 0.01920162523)
(0.020625 0.005145059973 0.01920162523)
(0.02125 0.005145059973 0.01920162523)
(0.021875 0.005145059973 0.01920162523)
(0.0225 0.005145059973 0.01920162523)
(0.023125 0.005145059973 0.01920162523)
(0.02375 0.005145059973 0.01920162523)
(0.024375 0.005145059973 0.01920162523)
(0.025 0.005145059973 0.01920162523)
(0.025625 0.005145059973 0.01920162523)
(0.02625 0.005145059973 0.01920162523)
(0.026875 0.005145059973 0.01920162523)
(0.0275 0.005145059973 0.01920162523)
(0.028125 0.005145059973 0.01920162523)
(0.02875 0.005145059973 0.01920162523)
(0.029375 0.005145059973 0.01920162523)
(0.03 0.005145059973 0.01920162523)
(0.030625 0.005145059973 0.01920162523)
(0.03125 0.005145059973 0.01920162523)
(0.031875 0.005145059973 0.01920162523)
(0.0325 0.005145059973 0.01920162523)
(0.033125 0.005145059973 0.01920162523)
(0.03375 0.005145059973 0.01920162523)
(0.034375 0.005145059973 0.01920162523)
(0.035 0.005145059973 0.01920162523)
(0.035625 0.005145059973 0.01920162523)
(0.03625 0.005145059973 0.01920162523)
(0.036875 0.005145059973 0.01920162523)
(0.0375 0.005145059973 0.01920162523)
(0.038125 0.005145059973 0.01920162523)
(0.03875 0.005145059973 0.01920162523)
(0.039375 0.005145059973 0.01920162523)
(0.04 0.005145059973 0.01920162523)
(0.040625 0.005145059973 0.01920162523)
(0.04125 0.005145059973 0.01920162523)
(0.041875 0.005145059973 0.01920162523)
(0.0425 0.005145059973 0.01920162523)
(0.043125 0.005145059973 0.01920162523)
(0.04375 0.005145059973 0.01920162523)
(0.044375 0.005145059973 0.01920162523)
(0.045 0.005145059973 0.01920162523)
(0.045625 0.005145059973 0.01920162523)
(0.04625 0.005145059973 0.01920162523)
(0.046875 0.005145059973 0.01920162523)
(0.0475 0.005145059973 0.01920162523)
(0.048125 0.005145059973 0.01920162523)
(0.04875 0.005145059973 0.01920162523)
(0.049375 0.005145059973 0.01920162523)
(0.05 0.005145059973 0.01920162523)
(0 0.005357439567 0.01999423666)
(0.000625 0.005357439567 0.01999423666)
(0.00125 0.005357439567 0.01999423666)
(0.001875 0.005357439567 0.01999423666)
(0.0025 0.005357439567 0.01999423666)
(0.003125 0.005357439567 0.01999423666)
(0.00375 0.005357439567 0.01999423666)
(0.004375 0.005357439567 0.01999423666)
(0.005 0.005357439567 0.01999423666)
(0.005625 0.005357439567 0.01999423666)
(0.00625 0.005357439567 0.01999423666)
(0.006875 0.005357439567 0.01999423666)
(0.0075 0.005357439567 0.01999423666)
(0.008125 0.005357439567 0.01999423666)
(0.00875 0.005357439567 0.01999423666)
(0.009375 0.005357439567 0.01999423666)
(0.01 0.005357439567 0.01999423666)
(0.010625 0.005357439567 0.01999423666)
(0.01125 0.005357439567 0.01999423666)
(0.011875 0.005357439567 0.01999423666)
(0.0125 0.005357439567 0.01999423666)
(0.013125 0.005357439567 0.01999423666)
(0.01375 0.005357439567 0.01999423666)
(0.014375 0.005357439567 0.01999423666)
(0.015 0.005357439567 0.01999423666)
(0.015625 0.005357439567 0.01999423666)
(0.01625 0.005357439567 0.01999423666)
(0.016875 0.005357439567 0.01999423666)
(0.0175 0.005357439567 0.01999423666)
(0.018125 0.005357439567 0.01999423666)
(0.01875 0.005357439567 0.01999423666)
(0.019375 0.005357439567 0.01999423666)
(0.02 0.005357439567 0.01999423666)
(0.020625 0.005357439567 0.01999423666)
(0.02125 0.005357439567 0.01999423666)
(0.021875 0.005357439567 0.01999423666)
(0.0225 0.005357439567 0.01999423666)
(0.023125 0.005357439567 0.01999423666)
(0.02375 0.005357439567 0.01999423666)
(0.024375 0.005357439567 0.01999423666)
(0.025 0.005357439567 0.01999423666)
(0.025625 0.005357439567 0.01999423666)
(0.02625 0.005357439567 0.01999423666)
(0.026875 0.005357439567 0.01999423666)
(0.0275 0.005357439567 0.01999423666)
(0.028125 0.005357439567 0.01999423666)
(0.02875 0.005357439567 0.01999423666)
(0.029375 0.005357439567 0.01999423666)
(0.03 0.005357439567 0.01999423666)
(0.030625 0.005357439567 0.01999423666)
(0.03125 0.005357439567 0.01999423666)
(0.031875 0.005357439567 0.01999423666)
(0.0325 0.005357439567 0.01999423666)
(0.033125 0.005357439567 0.01999423666)
(0.03375 0.005357439567 0.01999423666)
(0.034375 0.005357439567 0.01999423666)
(0.035 0.005357439567 0.01999423666)
(0.035625 0.005357439567 0.01999423666)
(0.03625 0.005357439567 0.01999423666)
(0.036875 0.005357439567 0.01999423666)
(0.0375 0.005357439567 0.01999423666)
(0.038125 0.005357439567 0.01999423666)
(0.03875 0.005357439567 0.01999423666)
(0.039375 0.005357439567 0.01999423666)
(0.04 0.005357439567 0.01999423666)
(0.040625 0.005357439567 0.01999423666)
(0.04125 0.005357439567 0.01999423666)
(0.041875 0.005357439567 0.01999423666)
(0.0425 0.005357439567 0.01999423666)
(0.043125 0.005357439567 0.01999423666)
(0.04375 0.005357439567 0.01999423666)
(0.044375 0.005357439567 0.01999423666)
(0.045 0.005357439567 0.01999423666)
(0.045625 0.005357439567 0.01999423666)
(0.04625 0.005357439567 0.01999423666)
(0.046875 0.005357439567 0.01999423666)
(0.0475 0.005357439567 0.01999423666)
(0.048125 0.005357439567 0.01999423666)
(0.04875 0.005357439567 0.01999423666)
(0.049375 0.005357439567 0.01999423666)
(0.05 0.005357439567 0.01999423666)
(0 0.005556044045 0.02073543867)
(0.000625 0.005556044045 0.02073543867)
(0.00125 0.005556044045 0.02073543867)
(0.001875 0.005556044045 0.02073543867)
(0.0025 0.005556044045 0.02073543867)
(0.003125 0.005556044045 0.02073543867)
(0.00375 0.005556044045 0.02073543867)
(0.004375 0.005556044045 0.02073543867)
(0.005 0.005556044045 0.02073543867)
(0.005625 0.005556044045 0.02073543867)
(0.00625 0.005556044045 0.02073543867)
(0.006875 0.005556044045 0.02073543867)
(0.0075 0.005556044045 0.02073543867)
(0.008125 0.005556044045 0.02073543867)
(0.00875 0.005556044045 0.02073543867)
(0.009375 0.005556044045 0.02073543867)
(0.01 0.005556044045 0.02073543867)
(0.010625 0.005556044045 0.02073543867)
(0.01125 0.005556044045 0.02073543867)
(0.011875 0.005556044045 0.02073543867)
(0.0125 0.005556044045 0.02073543867)
(0.013125 0.005556044045 0.02073543867)
(0.01375 0.005556044045 0.02073543867)
(0.014375 0.005556044045 0.02073543867)
(0.015 0.005556044045 0.02073543867)
(0.015625 0.005556044045 0.02073543867)
(0.01625 0.005556044045 0.02073543867)
(0.016875 0.005556044045 0.02073543867)
(0.0175 0.005556044045 0.02073543867)
(0.018125 0.005556044045 0.02073543867)
(0.01875 0.005556044045 0.02073543867)
(0.019375 0.005556044045 0.02073543867)
(0.02 0.005556044045 0.02073543867)
(0.020625 0.005556044045 0.02073543867)
(0.02125 0.005556044045 0.02073543867)
(0.021875 0.005556044045 0.02073543867)
(0.0225 0.005556044045 0.02073543867)
(0.023125 0.005556044045 0.02073543867)
(0.02375 0.005556044045 0.02073543867)
(0.024375 0.005556044045 0.02073543867)
(0.025 0.005556044045 0.02073543867)
(0.025625 0.005556044045 0.02073543867)
(0.02625 0.005556044045 0.02073543867)
(0.026875 0.005556044045 0.02073543867)
(0.0275 0.005556044045 0.02073543867)
(0.028125 0.005556044045 0.02073543867)
(0.02875 0.005556044045 0.02073543867)
(0.029375 0.005556044045 0.02073543867)
(0.03 0.005556044045 0.02073543867)
(0.030625 0.005556044045 0.02073543867)
(0.03125 0.005556044045 0.02073543867)
(0.031875 0.005556044045 0.02073543867)
(0.0325 0.005556044045 0.02073543867)
(0.033125 0.005556044045 0.02073543867)
(0.03375 0.005556044045 0.02073543867)
(0.034375 0.005556044045 0.02073543867)
(0.035 0.005556044045 0.02073543867)
(0.035625 0.005556044045 0.02073543867)
(0.03625 0.005556044045 0.02073543867)
(0.036875 0.005556044045 0.02073543867)
(0.0375 0.005556044045 0.02073543867)
(0.038125 0.005556044045 0.02073543867)
(0.03875 0.005556044045 0.02073543867)
(0.039375 0.005556044045 0.02073543867)
(0.04 0.005556044045 0.02073543867)
(0.040625 0.005556044045 0.02073543867)
(0.04125 0.005556044045 0.02073543867)
(0.041875 0.005556044045 0.02073543867)
(0.0425 0.005556044045 0.02073543867)
(0.043125 0.005556044045 0.02073543867)
(0.04375 0.005556044045 0.02073543867)
(0.044375 0.005556044045 0.02073543867)
(0.045 0.005556044045 0.02073543867)
(0.045625 0.005556044045 0.02073543867)
(0.04625 0.005556044045 0.02073543867)
(0.046875 0.005556044045 0.02073543867)
(0.0475 0.005556044045 0.02073543867)
(0.048125 0.005556044045 0.02073543867)
(0.04875 0.005556044045 0.02073543867)
(0.049375 0.005556044045 0.02073543867)
(0.05 0.005556044045 0.02073543867)
(0 0.005741766872 0.02142856569)
(0.000625 0.005741766872 0.02142856569)
(0.00125 0.005741766872 0.02142856569)
(0.001875 0.005741766872 0.02142856569)
(0.0025 0.005741766872 0.02142856569)
(0.003125 0.005741766872 0.02142856569)
(0.00375 0.005741766872 0.02142856569)
(0.004375 0.005741766872 0.02142856569)
(0.005 0.005741766872 0.02142856569)
(0.005625 0.005741766872 0.02142856569)
(0.00625 0.005741766872 0.02142856569)
(0.006875 0.005741766872 0.02142856569)
(0.0075 0.005741766872 0.02142856569)
(0.008125 0.005741766872 0.02142856569)
(0.00875 0.005741766872 0.02142856569)
(0.009375 0.005741766872 0.02142856569)
(0.01 0.005741766872 0.02142856569)
(0.010625 0.005741766872 0.02142856569)
(0.01125 0.005741766872 0.02142856569)
(0.011875 0.005741766872 0.02142856569)
(0.0125 0.005741766872 0.02142856569)
(0.013125 0.005741766872 0.02142856569)
(0.01375 0.005741766872 0.02142856569)
(0.014375 0.005741766872 0.02142856569)
(0.015 0.005741766872 0.02142856569)
(0.015625 0.005741766872 0.02142856569)
(0.01625 0.005741766872 0.02142856569)
(0.016875 0.005741766872 0.02142856569)
(0.0175 0.005741766872 0.02142856569)
(0.018125 0.005741766872 0.02142856569)
(0.01875 0.005741766872 0.02142856569)
(0.019375 0.005741766872 0.02142856569)
(0.02 0.005741766872 0.02142856569)
(0.020625 0.005741766872 0.02142856569)
(0.02125 0.005741766872 0.02142856569)
(0.021875 0.005741766872 0.02142856569)
(0.0225 0.005741766872 0.02142856569)
(0.023125 0.005741766872 0.02142856569)
(0.02375 0.005741766872 0.02142856569)
(0.024375 0.005741766872 0.02142856569)
(0.025 0.005741766872 0.02142856569)
(0.025625 0.005741766872 0.02142856569)
(0.02625 0.005741766872 0.02142856569)
(0.026875 0.005741766872 0.02142856569)
(0.0275 0.005741766872 0.02142856569)
(0.028125 0.005741766872 0.02142856569)
(0.02875 0.005741766872 0.02142856569)
(0.029375 0.005741766872 0.02142856569)
(0.03 0.005741766872 0.02142856569)
(0.030625 0.005741766872 0.02142856569)
(0.03125 0.005741766872 0.02142856569)
(0.031875 0.005741766872 0.02142856569)
(0.0325 0.005741766872 0.02142856569)
(0.033125 0.005741766872 0.02142856569)
(0.03375 0.005741766872 0.02142856569)
(0.034375 0.005741766872 0.02142856569)
(0.035 0.005741766872 0.02142856569)
(0.035625 0.005741766872 0.02142856569)
(0.03625 0.005741766872 0.02142856569)
(0.036875 0.005741766872 0.02142856569)
(0.0375 0.005741766872 0.02142856569)
(0.038125 0.005741766872 0.02142856569)
(0.03875 0.005741766872 0.02142856569)
(0.039375 0.005741766872 0.02142856569)
(0.04 0.005741766872 0.02142856569)
(0.040625 0.005741766872 0.02142856569)
(0.04125 0.005741766872 0.02142856569)
(0.041875 0.005741766872 0.02142856569)
(0.0425 0.005741766872 0.02142856569)
(0.043125 0.005741766872 0.02142856569)
(0.04375 0.005741766872 0.02142856569)
(0.044375 0.005741766872 0.02142856569)
(0.045 0.005741766872 0.02142856569)
(0.045625 0.005741766872 0.02142856569)
(0.04625 0.005741766872 0.02142856569)
(0.046875 0.005741766872 0.02142856569)
(0.0475 0.005741766872 0.02142856569)
(0.048125 0.005741766872 0.02142856569)
(0.04875 0.005741766872 0.02142856569)
(0.049375 0.005741766872 0.02142856569)
(0.05 0.005741766872 0.02142856569)
(0 0.005915443563 0.02207673593)
(0.000625 0.005915443563 0.02207673593)
(0.00125 0.005915443563 0.02207673593)
(0.001875 0.005915443563 0.02207673593)
(0.0025 0.005915443563 0.02207673593)
(0.003125 0.005915443563 0.02207673593)
(0.00375 0.005915443563 0.02207673593)
(0.004375 0.005915443563 0.02207673593)
(0.005 0.005915443563 0.02207673593)
(0.005625 0.005915443563 0.02207673593)
(0.00625 0.005915443563 0.02207673593)
(0.006875 0.005915443563 0.02207673593)
(0.0075 0.005915443563 0.02207673593)
(0.008125 0.005915443563 0.02207673593)
(0.00875 0.005915443563 0.02207673593)
(0.009375 0.005915443563 0.02207673593)
(0.01 0.005915443563 0.02207673593)
(0.010625 0.005915443563 0.02207673593)
(0.01125 0.005915443563 0.02207673593)
(0.011875 0.005915443563 0.02207673593)
(0.0125 0.005915443563 0.02207673593)
(0.013125 0.005915443563 0.02207673593)
(0.01375 0.005915443563 0.02207673593)
(0.014375 0.005915443563 0.02207673593)
(0.015 0.005915443563 0.02207673593)
(0.015625 0.005915443563 0.02207673593)
(0.01625 0.005915443563 0.02207673593)
(0.016875 0.005915443563 0.02207673593)
(0.0175 0.005915443563 0.02207673593)
(0.018125 0.005915443563 0.02207673593)
(0.01875 0.005915443563 0.02207673593)
(0.019375 0.005915443563 0.02207673593)
(0.02 0.005915443563 0.02207673593)
(0.020625 0.005915443563 0.02207673593)
(0.02125 0.005915443563 0.02207673593)
(0.021875 0.005915443563 0.02207673593)
(0.0225 0.005915443563 0.02207673593)
(0.023125 0.005915443563 0.02207673593)
(0.02375 0.005915443563 0.02207673593)
(0.024375 0.005915443563 0.02207673593)
(0.025 0.005915443563 0.02207673593)
(0.025625 0.005915443563 0.02207673593)
(0.02625 0.005915443563 0.02207673593)
(0.026875 0.005915443563 0.02207673593)
(0.0275 0.005915443563 0.02207673593)
(0.028125 0.005915443563 0.02207673593)
(0.02875 0.005915443563 0.02207673593)
(0.029375 0.005915443563 0.02207673593)
(0.03 0.005915443563 0.02207673593)
(0.030625 0.005915443563 0.02207673593)
(0.03125 0.005915443563 0.02207673593)
(0.031875 0.005915443563 0.02207673593)
(0.0325 0.005915443563 0.02207673593)
(0.033125 0.005915443563 0.02207673593)
(0.03375 0.005915443563 0.02207673593)
(0.034375 0.005915443563 0.02207673593)
(0.035 0.005915443563 0.02207673593)
(0.035625 0.005915443563 0.02207673593)
(0.03625 0.005915443563 0.02207673593)
(0.036875 0.005915443563 0.02207673593)
(0.0375 0.005915443563 0.02207673593)
(0.038125 0.005915443563 0.02207673593)
(0.03875 0.005915443563 0.02207673593)
(0.039375 0.005915443563 0.02207673593)
(0.04 0.005915443563 0.02207673593)
(0.040625 0.005915443563 0.02207673593)
(0.04125 0.005915443563 0.02207673593)
(0.041875 0.005915443563 0.02207673593)
(0.0425 0.005915443563 0.02207673593)
(0.043125 0.005915443563 0.02207673593)
(0.04375 0.005915443563 0.02207673593)
(0.044375 0.005915443563 0.02207673593)
(0.045 0.005915443563 0.02207673593)
(0.045625 0.005915443563 0.02207673593)
(0.04625 0.005915443563 0.02207673593)
(0.046875 0.005915443563 0.02207673593)
(0.0475 0.005915443563 0.02207673593)
(0.048125 0.005915443563 0.02207673593)
(0.04875 0.005915443563 0.02207673593)
(0.049375 0.005915443563 0.02207673593)
(0.05 0.005915443563 0.02207673593)
(0 0.006077855441 0.02268286531)
(0.000625 0.006077855441 0.02268286531)
(0.00125 0.006077855441 0.02268286531)
(0.001875 0.006077855441 0.02268286531)
(0.0025 0.006077855441 0.02268286531)
(0.003125 0.006077855441 0.02268286531)
(0.00375 0.006077855441 0.02268286531)
(0.004375 0.006077855441 0.02268286531)
(0.005 0.006077855441 0.02268286531)
(0.005625 0.006077855441 0.02268286531)
(0.00625 0.006077855441 0.02268286531)
(0.006875 0.006077855441 0.02268286531)
(0.0075 0.006077855441 0.02268286531)
(0.008125 0.006077855441 0.02268286531)
(0.00875 0.006077855441 0.02268286531)
(0.009375 0.006077855441 0.02268286531)
(0.01 0.006077855441 0.02268286531)
(0.010625 0.006077855441 0.02268286531)
(0.01125 0.006077855441 0.02268286531)
(0.011875 0.006077855441 0.02268286531)
(0.0125 0.006077855441 0.02268286531)
(0.013125 0.006077855441 0.02268286531)
(0.01375 0.006077855441 0.02268286531)
(0.014375 0.006077855441 0.02268286531)
(0.015 0.006077855441 0.02268286531)
(0.015625 0.006077855441 0.02268286531)
(0.01625 0.006077855441 0.02268286531)
(0.016875 0.006077855441 0.02268286531)
(0.0175 0.006077855441 0.02268286531)
(0.018125 0.006077855441 0.02268286531)
(0.01875 0.006077855441 0.02268286531)
(0.019375 0.006077855441 0.02268286531)
(0.02 0.006077855441 0.02268286531)
(0.020625 0.006077855441 0.02268286531)
(0.02125 0.006077855441 0.02268286531)
(0.021875 0.006077855441 0.02268286531)
(0.0225 0.006077855441 0.02268286531)
(0.023125 0.006077855441 0.02268286531)
(0.02375 0.006077855441 0.02268286531)
(0.024375 0.006077855441 0.02268286531)
(0.025 0.006077855441 0.02268286531)
(0.025625 0.006077855441 0.02268286531)
(0.02625 0.006077855441 0.02268286531)
(0.026875 0.006077855441 0.02268286531)
(0.0275 0.006077855441 0.02268286531)
(0.028125 0.006077855441 0.02268286531)
(0.02875 0.006077855441 0.02268286531)
(0.029375 0.006077855441 0.02268286531)
(0.03 0.006077855441 0.02268286531)
(0.030625 0.006077855441 0.02268286531)
(0.03125 0.006077855441 0.02268286531)
(0.031875 0.006077855441 0.02268286531)
(0.0325 0.006077855441 0.02268286531)
(0.033125 0.006077855441 0.02268286531)
(0.03375 0.006077855441 0.02268286531)
(0.034375 0.006077855441 0.02268286531)
(0.035 0.006077855441 0.02268286531)
(0.035625 0.006077855441 0.02268286531)
(0.03625 0.006077855441 0.02268286531)
(0.036875 0.006077855441 0.02268286531)
(0.0375 0.006077855441 0.02268286531)
(0.038125 0.006077855441 0.02268286531)
(0.03875 0.006077855441 0.02268286531)
(0.039375 0.006077855441 0.02268286531)
(0.04 0.006077855441 0.02268286531)
(0.040625 0.006077855441 0.02268286531)
(0.04125 0.006077855441 0.02268286531)
(0.041875 0.006077855441 0.02268286531)
(0.0425 0.006077855441 0.02268286531)
(0.043125 0.006077855441 0.02268286531)
(0.04375 0.006077855441 0.02268286531)
(0.044375 0.006077855441 0.02268286531)
(0.045 0.006077855441 0.02268286531)
(0.045625 0.006077855441 0.02268286531)
(0.04625 0.006077855441 0.02268286531)
(0.046875 0.006077855441 0.02268286531)
(0.0475 0.006077855441 0.02268286531)
(0.048125 0.006077855441 0.02268286531)
(0.04875 0.006077855441 0.02268286531)
(0.049375 0.006077855441 0.02268286531)
(0.05 0.006077855441 0.02268286531)
(0 0.006229733149 0.02324968063)
(0.000625 0.006229733149 0.02324968063)
(0.00125 0.006229733149 0.02324968063)
(0.001875 0.006229733149 0.02324968063)
(0.0025 0.006229733149 0.02324968063)
(0.003125 0.006229733149 0.02324968063)
(0.00375 0.006229733149 0.02324968063)
(0.004375 0.006229733149 0.02324968063)
(0.005 0.006229733149 0.02324968063)
(0.005625 0.006229733149 0.02324968063)
(0.00625 0.006229733149 0.02324968063)
(0.006875 0.006229733149 0.02324968063)
(0.0075 0.006229733149 0.02324968063)
(0.008125 0.006229733149 0.02324968063)
(0.00875 0.006229733149 0.02324968063)
(0.009375 0.006229733149 0.02324968063)
(0.01 0.006229733149 0.02324968063)
(0.010625 0.006229733149 0.02324968063)
(0.01125 0.006229733149 0.02324968063)
(0.011875 0.006229733149 0.02324968063)
(0.0125 0.006229733149 0.02324968063)
(0.013125 0.006229733149 0.02324968063)
(0.01375 0.006229733149 0.02324968063)
(0.014375 0.006229733149 0.02324968063)
(0.015 0.006229733149 0.02324968063)
(0.015625 0.006229733149 0.02324968063)
(0.01625 0.006229733149 0.02324968063)
(0.016875 0.006229733149 0.02324968063)
(0.0175 0.006229733149 0.02324968063)
(0.018125 0.006229733149 0.02324968063)
(0.01875 0.006229733149 0.02324968063)
(0.019375 0.006229733149 0.02324968063)
(0.02 0.006229733149 0.02324968063)
(0.020625 0.006229733149 0.02324968063)
(0.02125 0.006229733149 0.02324968063)
(0.021875 0.006229733149 0.02324968063)
(0.0225 0.006229733149 0.02324968063)
(0.023125 0.006229733149 0.02324968063)
(0.02375 0.006229733149 0.02324968063)
(0.024375 0.006229733149 0.02324968063)
(0.025 0.006229733149 0.02324968063)
(0.025625 0.006229733149 0.02324968063)
(0.02625 0.006229733149 0.02324968063)
(0.026875 0.006229733149 0.02324968063)
(0.0275 0.006229733149 0.02324968063)
(0.028125 0.006229733149 0.02324968063)
(0.02875 0.006229733149 0.02324968063)
(0.029375 0.006229733149 0.02324968063)
(0.03 0.006229733149 0.02324968063)
(0.030625 0.006229733149 0.02324968063)
(0.03125 0.006229733149 0.02324968063)
(0.031875 0.006229733149 0.02324968063)
(0.0325 0.006229733149 0.02324968063)
(0.033125 0.006229733149 0.02324968063)
(0.03375 0.006229733149 0.02324968063)
(0.034375 0.006229733149 0.02324968063)
(0.035 0.006229733149 0.02324968063)
(0.035625 0.006229733149 0.02324968063)
(0.03625 0.006229733149 0.02324968063)
(0.036875 0.006229733149 0.02324968063)
(0.0375 0.006229733149 0.02324968063)
(0.038125 0.006229733149 0.02324968063)
(0.03875 0.006229733149 0.02324968063)
(0.039375 0.006229733149 0.02324968063)
(0.04 0.006229733149 0.02324968063)
(0.040625 0.006229733149 0.02324968063)
(0.04125 0.006229733149 0.02324968063)
(0.041875 0.006229733149 0.02324968063)
(0.0425 0.006229733149 0.02324968063)
(0.043125 0.006229733149 0.02324968063)
(0.04375 0.006229733149 0.02324968063)
(0.044375 0.006229733149 0.02324968063)
(0.045 0.006229733149 0.02324968063)
(0.045625 0.006229733149 0.02324968063)
(0.04625 0.006229733149 0.02324968063)
(0.046875 0.006229733149 0.02324968063)
(0.0475 0.006229733149 0.02324968063)
(0.048125 0.006229733149 0.02324968063)
(0.04875 0.006229733149 0.02324968063)
(0.049375 0.006229733149 0.02324968063)
(0.05 0.006229733149 0.02324968063)
(0 0.006371759944 0.02377973184)
(0.000625 0.006371759944 0.02377973184)
(0.00125 0.006371759944 0.02377973184)
(0.001875 0.006371759944 0.02377973184)
(0.0025 0.006371759944 0.02377973184)
(0.003125 0.006371759944 0.02377973184)
(0.00375 0.006371759944 0.02377973184)
(0.004375 0.006371759944 0.02377973184)
(0.005 0.006371759944 0.02377973184)
(0.005625 0.006371759944 0.02377973184)
(0.00625 0.006371759944 0.02377973184)
(0.006875 0.006371759944 0.02377973184)
(0.0075 0.006371759944 0.02377973184)
(0.008125 0.006371759944 0.02377973184)
(0.00875 0.006371759944 0.02377973184)
(0.009375 0.006371759944 0.02377973184)
(0.01 0.006371759944 0.02377973184)
(0.010625 0.006371759944 0.02377973184)
(0.01125 0.006371759944 0.02377973184)
(0.011875 0.006371759944 0.02377973184)
(0.0125 0.006371759944 0.02377973184)
(0.013125 0.006371759944 0.02377973184)
(0.01375 0.006371759944 0.02377973184)
(0.014375 0.006371759944 0.02377973184)
(0.015 0.006371759944 0.02377973184)
(0.015625 0.006371759944 0.02377973184)
(0.01625 0.006371759944 0.02377973184)
(0.016875 0.006371759944 0.02377973184)
(0.0175 0.006371759944 0.02377973184)
(0.018125 0.006371759944 0.02377973184)
(0.01875 0.006371759944 0.02377973184)
(0.019375 0.006371759944 0.02377973184)
(0.02 0.006371759944 0.02377973184)
(0.020625 0.006371759944 0.02377973184)
(0.02125 0.006371759944 0.02377973184)
(0.021875 0.006371759944 0.02377973184)
(0.0225 0.006371759944 0.02377973184)
(0.023125 0.006371759944 0.02377973184)
(0.02375 0.006371759944 0.02377973184)
(0.024375 0.006371759944 0.02377973184)
(0.025 0.006371759944 0.02377973184)
(0.025625 0.006371759944 0.02377973184)
(0.02625 0.006371759944 0.02377973184)
(0.026875 0.006371759944 0.02377973184)
(0.0275 0.006371759944 0.02377973184)
(0.028125 0.006371759944 0.02377973184)
(0.02875 0.006371759944 0.02377973184)
(0.029375 0.006371759944 0.02377973184)
(0.03 0.006371759944 0.02377973184)
(0.030625 0.006371759944 0.02377973184)
(0.03125 0.006371759944 0.02377973184)
(0.031875 0.006371759944 0.02377973184)
(0.0325 0.006371759944 0.02377973184)
(0.033125 0.006371759944 0.02377973184)
(0.03375 0.006371759944 0.02377973184)
(0.034375 0.006371759944 0.02377973184)
(0.035 0.006371759944 0.02377973184)
(0.035625 0.006371759944 0.02377973184)
(0.03625 0.006371759944 0.02377973184)
(0.036875 0.006371759944 0.02377973184)
(0.0375 0.006371759944 0.02377973184)
(0.038125 0.006371759944 0.02377973184)
(0.03875 0.006371759944 0.02377973184)
(0.039375 0.006371759944 0.02377973184)
(0.04 0.006371759944 0.02377973184)
(0.040625 0.006371759944 0.02377973184)
(0.04125 0.006371759944 0.02377973184)
(0.041875 0.006371759944 0.02377973184)
(0.0425 0.006371759944 0.02377973184)
(0.043125 0.006371759944 0.02377973184)
(0.04375 0.006371759944 0.02377973184)
(0.044375 0.006371759944 0.02377973184)
(0.045 0.006371759944 0.02377973184)
(0.045625 0.006371759944 0.02377973184)
(0.04625 0.006371759944 0.02377973184)
(0.046875 0.006371759944 0.02377973184)
(0.0475 0.006371759944 0.02377973184)
(0.048125 0.006371759944 0.02377973184)
(0.04875 0.006371759944 0.02377973184)
(0.049375 0.006371759944 0.02377973184)
(0.05 0.006371759944 0.02377973184)
(0 0.006504574763 0.0242754035)
(0.000625 0.006504574763 0.0242754035)
(0.00125 0.006504574763 0.0242754035)
(0.001875 0.006504574763 0.0242754035)
(0.0025 0.006504574763 0.0242754035)
(0.003125 0.006504574763 0.0242754035)
(0.00375 0.006504574763 0.0242754035)
(0.004375 0.006504574763 0.0242754035)
(0.005 0.006504574763 0.0242754035)
(0.005625 0.006504574763 0.0242754035)
(0.00625 0.006504574763 0.0242754035)
(0.006875 0.006504574763 0.0242754035)
(0.0075 0.006504574763 0.0242754035)
(0.008125 0.006504574763 0.0242754035)
(0.00875 0.006504574763 0.0242754035)
(0.009375 0.006504574763 0.0242754035)
(0.01 0.006504574763 0.0242754035)
(0.010625 0.006504574763 0.0242754035)
(0.01125 0.006504574763 0.0242754035)
(0.011875 0.006504574763 0.0242754035)
(0.0125 0.006504574763 0.0242754035)
(0.013125 0.006504574763 0.0242754035)
(0.01375 0.006504574763 0.0242754035)
(0.014375 0.006504574763 0.0242754035)
(0.015 0.006504574763 0.0242754035)
(0.015625 0.006504574763 0.0242754035)
(0.01625 0.006504574763 0.0242754035)
(0.016875 0.006504574763 0.0242754035)
(0.0175 0.006504574763 0.0242754035)
(0.018125 0.006504574763 0.0242754035)
(0.01875 0.006504574763 0.0242754035)
(0.019375 0.006504574763 0.0242754035)
(0.02 0.006504574763 0.0242754035)
(0.020625 0.006504574763 0.0242754035)
(0.02125 0.006504574763 0.0242754035)
(0.021875 0.006504574763 0.0242754035)
(0.0225 0.006504574763 0.0242754035)
(0.023125 0.006504574763 0.0242754035)
(0.02375 0.006504574763 0.0242754035)
(0.024375 0.006504574763 0.0242754035)
(0.025 0.006504574763 0.0242754035)
(0.025625 0.006504574763 0.0242754035)
(0.02625 0.006504574763 0.0242754035)
(0.026875 0.006504574763 0.0242754035)
(0.0275 0.006504574763 0.0242754035)
(0.028125 0.006504574763 0.0242754035)
(0.02875 0.006504574763 0.0242754035)
(0.029375 0.006504574763 0.0242754035)
(0.03 0.006504574763 0.0242754035)
(0.030625 0.006504574763 0.0242754035)
(0.03125 0.006504574763 0.0242754035)
(0.031875 0.006504574763 0.0242754035)
(0.0325 0.006504574763 0.0242754035)
(0.033125 0.006504574763 0.0242754035)
(0.03375 0.006504574763 0.0242754035)
(0.034375 0.006504574763 0.0242754035)
(0.035 0.006504574763 0.0242754035)
(0.035625 0.006504574763 0.0242754035)
(0.03625 0.006504574763 0.0242754035)
(0.036875 0.006504574763 0.0242754035)
(0.0375 0.006504574763 0.0242754035)
(0.038125 0.006504574763 0.0242754035)
(0.03875 0.006504574763 0.0242754035)
(0.039375 0.006504574763 0.0242754035)
(0.04 0.006504574763 0.0242754035)
(0.040625 0.006504574763 0.0242754035)
(0.04125 0.006504574763 0.0242754035)
(0.041875 0.006504574763 0.0242754035)
(0.0425 0.006504574763 0.0242754035)
(0.043125 0.006504574763 0.0242754035)
(0.04375 0.006504574763 0.0242754035)
(0.044375 0.006504574763 0.0242754035)
(0.045 0.006504574763 0.0242754035)
(0.045625 0.006504574763 0.0242754035)
(0.04625 0.006504574763 0.0242754035)
(0.046875 0.006504574763 0.0242754035)
(0.0475 0.006504574763 0.0242754035)
(0.048125 0.006504574763 0.0242754035)
(0.04875 0.006504574763 0.0242754035)
(0.049375 0.006504574763 0.0242754035)
(0.05 0.006504574763 0.0242754035)
(0 0.006628775103 0.02473892548)
(0.000625 0.006628775103 0.02473892548)
(0.00125 0.006628775103 0.02473892548)
(0.001875 0.006628775103 0.02473892548)
(0.0025 0.006628775103 0.02473892548)
(0.003125 0.006628775103 0.02473892548)
(0.00375 0.006628775103 0.02473892548)
(0.004375 0.006628775103 0.02473892548)
(0.005 0.006628775103 0.02473892548)
(0.005625 0.006628775103 0.02473892548)
(0.00625 0.006628775103 0.02473892548)
(0.006875 0.006628775103 0.02473892548)
(0.0075 0.006628775103 0.02473892548)
(0.008125 0.006628775103 0.02473892548)
(0.00875 0.006628775103 0.02473892548)
(0.009375 0.006628775103 0.02473892548)
(0.01 0.006628775103 0.02473892548)
(0.010625 0.006628775103 0.02473892548)
(0.01125 0.006628775103 0.02473892548)
(0.011875 0.006628775103 0.02473892548)
(0.0125 0.006628775103 0.02473892548)
(0.013125 0.006628775103 0.02473892548)
(0.01375 0.006628775103 0.02473892548)
(0.014375 0.006628775103 0.02473892548)
(0.015 0.006628775103 0.02473892548)
(0.015625 0.006628775103 0.02473892548)
(0.01625 0.006628775103 0.02473892548)
(0.016875 0.006628775103 0.02473892548)
(0.0175 0.006628775103 0.02473892548)
(0.018125 0.006628775103 0.02473892548)
(0.01875 0.006628775103 0.02473892548)
(0.019375 0.006628775103 0.02473892548)
(0.02 0.006628775103 0.02473892548)
(0.020625 0.006628775103 0.02473892548)
(0.02125 0.006628775103 0.02473892548)
(0.021875 0.006628775103 0.02473892548)
(0.0225 0.006628775103 0.02473892548)
(0.023125 0.006628775103 0.02473892548)
(0.02375 0.006628775103 0.02473892548)
(0.024375 0.006628775103 0.02473892548)
(0.025 0.006628775103 0.02473892548)
(0.025625 0.006628775103 0.02473892548)
(0.02625 0.006628775103 0.02473892548)
(0.026875 0.006628775103 0.02473892548)
(0.0275 0.006628775103 0.02473892548)
(0.028125 0.006628775103 0.02473892548)
(0.02875 0.006628775103 0.02473892548)
(0.029375 0.006628775103 0.02473892548)
(0.03 0.006628775103 0.02473892548)
(0.030625 0.006628775103 0.02473892548)
(0.03125 0.006628775103 0.02473892548)
(0.031875 0.006628775103 0.02473892548)
(0.0325 0.006628775103 0.02473892548)
(0.033125 0.006628775103 0.02473892548)
(0.03375 0.006628775103 0.02473892548)
(0.034375 0.006628775103 0.02473892548)
(0.035 0.006628775103 0.02473892548)
(0.035625 0.006628775103 0.02473892548)
(0.03625 0.006628775103 0.02473892548)
(0.036875 0.006628775103 0.02473892548)
(0.0375 0.006628775103 0.02473892548)
(0.038125 0.006628775103 0.02473892548)
(0.03875 0.006628775103 0.02473892548)
(0.039375 0.006628775103 0.02473892548)
(0.04 0.006628775103 0.02473892548)
(0.040625 0.006628775103 0.02473892548)
(0.04125 0.006628775103 0.02473892548)
(0.041875 0.006628775103 0.02473892548)
(0.0425 0.006628775103 0.02473892548)
(0.043125 0.006628775103 0.02473892548)
(0.04375 0.006628775103 0.02473892548)
(0.044375 0.006628775103 0.02473892548)
(0.045 0.006628775103 0.02473892548)
(0.045625 0.006628775103 0.02473892548)
(0.04625 0.006628775103 0.02473892548)
(0.046875 0.006628775103 0.02473892548)
(0.0475 0.006628775103 0.02473892548)
(0.048125 0.006628775103 0.02473892548)
(0.04875 0.006628775103 0.02473892548)
(0.049375 0.006628775103 0.02473892548)
(0.05 0.006628775103 0.02473892548)
(0 0.006744919706 0.02517238304)
(0.000625 0.006744919706 0.02517238304)
(0.00125 0.006744919706 0.02517238304)
(0.001875 0.006744919706 0.02517238304)
(0.0025 0.006744919706 0.02517238304)
(0.003125 0.006744919706 0.02517238304)
(0.00375 0.006744919706 0.02517238304)
(0.004375 0.006744919706 0.02517238304)
(0.005 0.006744919706 0.02517238304)
(0.005625 0.006744919706 0.02517238304)
(0.00625 0.006744919706 0.02517238304)
(0.006875 0.006744919706 0.02517238304)
(0.0075 0.006744919706 0.02517238304)
(0.008125 0.006744919706 0.02517238304)
(0.00875 0.006744919706 0.02517238304)
(0.009375 0.006744919706 0.02517238304)
(0.01 0.006744919706 0.02517238304)
(0.010625 0.006744919706 0.02517238304)
(0.01125 0.006744919706 0.02517238304)
(0.011875 0.006744919706 0.02517238304)
(0.0125 0.006744919706 0.02517238304)
(0.013125 0.006744919706 0.02517238304)
(0.01375 0.006744919706 0.02517238304)
(0.014375 0.006744919706 0.02517238304)
(0.015 0.006744919706 0.02517238304)
(0.015625 0.006744919706 0.02517238304)
(0.01625 0.006744919706 0.02517238304)
(0.016875 0.006744919706 0.02517238304)
(0.0175 0.006744919706 0.02517238304)
(0.018125 0.006744919706 0.02517238304)
(0.01875 0.006744919706 0.02517238304)
(0.019375 0.006744919706 0.02517238304)
(0.02 0.006744919706 0.02517238304)
(0.020625 0.006744919706 0.02517238304)
(0.02125 0.006744919706 0.02517238304)
(0.021875 0.006744919706 0.02517238304)
(0.0225 0.006744919706 0.02517238304)
(0.023125 0.006744919706 0.02517238304)
(0.02375 0.006744919706 0.02517238304)
(0.024375 0.006744919706 0.02517238304)
(0.025 0.006744919706 0.02517238304)
(0.025625 0.006744919706 0.02517238304)
(0.02625 0.006744919706 0.02517238304)
(0.026875 0.006744919706 0.02517238304)
(0.0275 0.006744919706 0.02517238304)
(0.028125 0.006744919706 0.02517238304)
(0.02875 0.006744919706 0.02517238304)
(0.029375 0.006744919706 0.02517238304)
(0.03 0.006744919706 0.02517238304)
(0.030625 0.006744919706 0.02517238304)
(0.03125 0.006744919706 0.02517238304)
(0.031875 0.006744919706 0.02517238304)
(0.0325 0.006744919706 0.02517238304)
(0.033125 0.006744919706 0.02517238304)
(0.03375 0.006744919706 0.02517238304)
(0.034375 0.006744919706 0.02517238304)
(0.035 0.006744919706 0.02517238304)
(0.035625 0.006744919706 0.02517238304)
(0.03625 0.006744919706 0.02517238304)
(0.036875 0.006744919706 0.02517238304)
(0.0375 0.006744919706 0.02517238304)
(0.038125 0.006744919706 0.02517238304)
(0.03875 0.006744919706 0.02517238304)
(0.039375 0.006744919706 0.02517238304)
(0.04 0.006744919706 0.02517238304)
(0.040625 0.006744919706 0.02517238304)
(0.04125 0.006744919706 0.02517238304)
(0.041875 0.006744919706 0.02517238304)
(0.0425 0.006744919706 0.02517238304)
(0.043125 0.006744919706 0.02517238304)
(0.04375 0.006744919706 0.02517238304)
(0.044375 0.006744919706 0.02517238304)
(0.045 0.006744919706 0.02517238304)
(0.045625 0.006744919706 0.02517238304)
(0.04625 0.006744919706 0.02517238304)
(0.046875 0.006744919706 0.02517238304)
(0.0475 0.006744919706 0.02517238304)
(0.048125 0.006744919706 0.02517238304)
(0.04875 0.006744919706 0.02517238304)
(0.049375 0.006744919706 0.02517238304)
(0.05 0.006744919706 0.02517238304)
(0 0.006853531075 0.02557772618)
(0.000625 0.006853531075 0.02557772618)
(0.00125 0.006853531075 0.02557772618)
(0.001875 0.006853531075 0.02557772618)
(0.0025 0.006853531075 0.02557772618)
(0.003125 0.006853531075 0.02557772618)
(0.00375 0.006853531075 0.02557772618)
(0.004375 0.006853531075 0.02557772618)
(0.005 0.006853531075 0.02557772618)
(0.005625 0.006853531075 0.02557772618)
(0.00625 0.006853531075 0.02557772618)
(0.006875 0.006853531075 0.02557772618)
(0.0075 0.006853531075 0.02557772618)
(0.008125 0.006853531075 0.02557772618)
(0.00875 0.006853531075 0.02557772618)
(0.009375 0.006853531075 0.02557772618)
(0.01 0.006853531075 0.02557772618)
(0.010625 0.006853531075 0.02557772618)
(0.01125 0.006853531075 0.02557772618)
(0.011875 0.006853531075 0.02557772618)
(0.0125 0.006853531075 0.02557772618)
(0.013125 0.006853531075 0.02557772618)
(0.01375 0.006853531075 0.02557772618)
(0.014375 0.006853531075 0.02557772618)
(0.015 0.006853531075 0.02557772618)
(0.015625 0.006853531075 0.02557772618)
(0.01625 0.006853531075 0.02557772618)
(0.016875 0.006853531075 0.02557772618)
(0.0175 0.006853531075 0.02557772618)
(0.018125 0.006853531075 0.02557772618)
(0.01875 0.006853531075 0.02557772618)
(0.019375 0.006853531075 0.02557772618)
(0.02 0.006853531075 0.02557772618)
(0.020625 0.006853531075 0.02557772618)
(0.02125 0.006853531075 0.02557772618)
(0.021875 0.006853531075 0.02557772618)
(0.0225 0.006853531075 0.02557772618)
(0.023125 0.006853531075 0.02557772618)
(0.02375 0.006853531075 0.02557772618)
(0.024375 0.006853531075 0.02557772618)
(0.025 0.006853531075 0.02557772618)
(0.025625 0.006853531075 0.02557772618)
(0.02625 0.006853531075 0.02557772618)
(0.026875 0.006853531075 0.02557772618)
(0.0275 0.006853531075 0.02557772618)
(0.028125 0.006853531075 0.02557772618)
(0.02875 0.006853531075 0.02557772618)
(0.029375 0.006853531075 0.02557772618)
(0.03 0.006853531075 0.02557772618)
(0.030625 0.006853531075 0.02557772618)
(0.03125 0.006853531075 0.02557772618)
(0.031875 0.006853531075 0.02557772618)
(0.0325 0.006853531075 0.02557772618)
(0.033125 0.006853531075 0.02557772618)
(0.03375 0.006853531075 0.02557772618)
(0.034375 0.006853531075 0.02557772618)
(0.035 0.006853531075 0.02557772618)
(0.035625 0.006853531075 0.02557772618)
(0.03625 0.006853531075 0.02557772618)
(0.036875 0.006853531075 0.02557772618)
(0.0375 0.006853531075 0.02557772618)
(0.038125 0.006853531075 0.02557772618)
(0.03875 0.006853531075 0.02557772618)
(0.039375 0.006853531075 0.02557772618)
(0.04 0.006853531075 0.02557772618)
(0.040625 0.006853531075 0.02557772618)
(0.04125 0.006853531075 0.02557772618)
(0.041875 0.006853531075 0.02557772618)
(0.0425 0.006853531075 0.02557772618)
(0.043125 0.006853531075 0.02557772618)
(0.04375 0.006853531075 0.02557772618)
(0.044375 0.006853531075 0.02557772618)
(0.045 0.006853531075 0.02557772618)
(0.045625 0.006853531075 0.02557772618)
(0.04625 0.006853531075 0.02557772618)
(0.046875 0.006853531075 0.02557772618)
(0.0475 0.006853531075 0.02557772618)
(0.048125 0.006853531075 0.02557772618)
(0.04875 0.006853531075 0.02557772618)
(0.049375 0.006853531075 0.02557772618)
(0.05 0.006853531075 0.02557772618)
(0 0.00695509782 0.02595677843)
(0.000625 0.00695509782 0.02595677843)
(0.00125 0.00695509782 0.02595677843)
(0.001875 0.00695509782 0.02595677843)
(0.0025 0.00695509782 0.02595677843)
(0.003125 0.00695509782 0.02595677843)
(0.00375 0.00695509782 0.02595677843)
(0.004375 0.00695509782 0.02595677843)
(0.005 0.00695509782 0.02595677843)
(0.005625 0.00695509782 0.02595677843)
(0.00625 0.00695509782 0.02595677843)
(0.006875 0.00695509782 0.02595677843)
(0.0075 0.00695509782 0.02595677843)
(0.008125 0.00695509782 0.02595677843)
(0.00875 0.00695509782 0.02595677843)
(0.009375 0.00695509782 0.02595677843)
(0.01 0.00695509782 0.02595677843)
(0.010625 0.00695509782 0.02595677843)
(0.01125 0.00695509782 0.02595677843)
(0.011875 0.00695509782 0.02595677843)
(0.0125 0.00695509782 0.02595677843)
(0.013125 0.00695509782 0.02595677843)
(0.01375 0.00695509782 0.02595677843)
(0.014375 0.00695509782 0.02595677843)
(0.015 0.00695509782 0.02595677843)
(0.015625 0.00695509782 0.02595677843)
(0.01625 0.00695509782 0.02595677843)
(0.016875 0.00695509782 0.02595677843)
(0.0175 0.00695509782 0.02595677843)
(0.018125 0.00695509782 0.02595677843)
(0.01875 0.00695509782 0.02595677843)
(0.019375 0.00695509782 0.02595677843)
(0.02 0.00695509782 0.02595677843)
(0.020625 0.00695509782 0.02595677843)
(0.02125 0.00695509782 0.02595677843)
(0.021875 0.00695509782 0.02595677843)
(0.0225 0.00695509782 0.02595677843)
(0.023125 0.00695509782 0.02595677843)
(0.02375 0.00695509782 0.02595677843)
(0.024375 0.00695509782 0.02595677843)
(0.025 0.00695509782 0.02595677843)
(0.025625 0.00695509782 0.02595677843)
(0.02625 0.00695509782 0.02595677843)
(0.026875 0.00695509782 0.02595677843)
(0.0275 0.00695509782 0.02595677843)
(0.028125 0.00695509782 0.02595677843)
(0.02875 0.00695509782 0.02595677843)
(0.029375 0.00695509782 0.02595677843)
(0.03 0.00695509782 0.02595677843)
(0.030625 0.00695509782 0.02595677843)
(0.03125 0.00695509782 0.02595677843)
(0.031875 0.00695509782 0.02595677843)
(0.0325 0.00695509782 0.02595677843)
(0.033125 0.00695509782 0.02595677843)
(0.03375 0.00695509782 0.02595677843)
(0.034375 0.00695509782 0.02595677843)
(0.035 0.00695509782 0.02595677843)
(0.035625 0.00695509782 0.02595677843)
(0.03625 0.00695509782 0.02595677843)
(0.036875 0.00695509782 0.02595677843)
(0.0375 0.00695509782 0.02595677843)
(0.038125 0.00695509782 0.02595677843)
(0.03875 0.00695509782 0.02595677843)
(0.039375 0.00695509782 0.02595677843)
(0.04 0.00695509782 0.02595677843)
(0.040625 0.00695509782 0.02595677843)
(0.04125 0.00695509782 0.02595677843)
(0.041875 0.00695509782 0.02595677843)
(0.0425 0.00695509782 0.02595677843)
(0.043125 0.00695509782 0.02595677843)
(0.04375 0.00695509782 0.02595677843)
(0.044375 0.00695509782 0.02595677843)
(0.045 0.00695509782 0.02595677843)
(0.045625 0.00695509782 0.02595677843)
(0.04625 0.00695509782 0.02595677843)
(0.046875 0.00695509782 0.02595677843)
(0.0475 0.00695509782 0.02595677843)
(0.048125 0.00695509782 0.02595677843)
(0.04875 0.00695509782 0.02595677843)
(0.049375 0.00695509782 0.02595677843)
(0.05 0.00695509782 0.02595677843)
(0 0.007050076862 0.02631124504)
(0.000625 0.007050076862 0.02631124504)
(0.00125 0.007050076862 0.02631124504)
(0.001875 0.007050076862 0.02631124504)
(0.0025 0.007050076862 0.02631124504)
(0.003125 0.007050076862 0.02631124504)
(0.00375 0.007050076862 0.02631124504)
(0.004375 0.007050076862 0.02631124504)
(0.005 0.007050076862 0.02631124504)
(0.005625 0.007050076862 0.02631124504)
(0.00625 0.007050076862 0.02631124504)
(0.006875 0.007050076862 0.02631124504)
(0.0075 0.007050076862 0.02631124504)
(0.008125 0.007050076862 0.02631124504)
(0.00875 0.007050076862 0.02631124504)
(0.009375 0.007050076862 0.02631124504)
(0.01 0.007050076862 0.02631124504)
(0.010625 0.007050076862 0.02631124504)
(0.01125 0.007050076862 0.02631124504)
(0.011875 0.007050076862 0.02631124504)
(0.0125 0.007050076862 0.02631124504)
(0.013125 0.007050076862 0.02631124504)
(0.01375 0.007050076862 0.02631124504)
(0.014375 0.007050076862 0.02631124504)
(0.015 0.007050076862 0.02631124504)
(0.015625 0.007050076862 0.02631124504)
(0.01625 0.007050076862 0.02631124504)
(0.016875 0.007050076862 0.02631124504)
(0.0175 0.007050076862 0.02631124504)
(0.018125 0.007050076862 0.02631124504)
(0.01875 0.007050076862 0.02631124504)
(0.019375 0.007050076862 0.02631124504)
(0.02 0.007050076862 0.02631124504)
(0.020625 0.007050076862 0.02631124504)
(0.02125 0.007050076862 0.02631124504)
(0.021875 0.007050076862 0.02631124504)
(0.0225 0.007050076862 0.02631124504)
(0.023125 0.007050076862 0.02631124504)
(0.02375 0.007050076862 0.02631124504)
(0.024375 0.007050076862 0.02631124504)
(0.025 0.007050076862 0.02631124504)
(0.025625 0.007050076862 0.02631124504)
(0.02625 0.007050076862 0.02631124504)
(0.026875 0.007050076862 0.02631124504)
(0.0275 0.007050076862 0.02631124504)
(0.028125 0.007050076862 0.02631124504)
(0.02875 0.007050076862 0.02631124504)
(0.029375 0.007050076862 0.02631124504)
(0.03 0.007050076862 0.02631124504)
(0.030625 0.007050076862 0.02631124504)
(0.03125 0.007050076862 0.02631124504)
(0.031875 0.007050076862 0.02631124504)
(0.0325 0.007050076862 0.02631124504)
(0.033125 0.007050076862 0.02631124504)
(0.03375 0.007050076862 0.02631124504)
(0.034375 0.007050076862 0.02631124504)
(0.035 0.007050076862 0.02631124504)
(0.035625 0.007050076862 0.02631124504)
(0.03625 0.007050076862 0.02631124504)
(0.036875 0.007050076862 0.02631124504)
(0.0375 0.007050076862 0.02631124504)
(0.038125 0.007050076862 0.02631124504)
(0.03875 0.007050076862 0.02631124504)
(0.039375 0.007050076862 0.02631124504)
(0.04 0.007050076862 0.02631124504)
(0.040625 0.007050076862 0.02631124504)
(0.04125 0.007050076862 0.02631124504)
(0.041875 0.007050076862 0.02631124504)
(0.0425 0.007050076862 0.02631124504)
(0.043125 0.007050076862 0.02631124504)
(0.04375 0.007050076862 0.02631124504)
(0.044375 0.007050076862 0.02631124504)
(0.045 0.007050076862 0.02631124504)
(0.045625 0.007050076862 0.02631124504)
(0.04625 0.007050076862 0.02631124504)
(0.046875 0.007050076862 0.02631124504)
(0.0475 0.007050076862 0.02631124504)
(0.048125 0.007050076862 0.02631124504)
(0.04875 0.007050076862 0.02631124504)
(0.049375 0.007050076862 0.02631124504)
(0.05 0.007050076862 0.02631124504)
(0 0.007138895484 0.02664272066)
(0.000625 0.007138895484 0.02664272066)
(0.00125 0.007138895484 0.02664272066)
(0.001875 0.007138895484 0.02664272066)
(0.0025 0.007138895484 0.02664272066)
(0.003125 0.007138895484 0.02664272066)
(0.00375 0.007138895484 0.02664272066)
(0.004375 0.007138895484 0.02664272066)
(0.005 0.007138895484 0.02664272066)
(0.005625 0.007138895484 0.02664272066)
(0.00625 0.007138895484 0.02664272066)
(0.006875 0.007138895484 0.02664272066)
(0.0075 0.007138895484 0.02664272066)
(0.008125 0.007138895484 0.02664272066)
(0.00875 0.007138895484 0.02664272066)
(0.009375 0.007138895484 0.02664272066)
(0.01 0.007138895484 0.02664272066)
(0.010625 0.007138895484 0.02664272066)
(0.01125 0.007138895484 0.02664272066)
(0.011875 0.007138895484 0.02664272066)
(0.0125 0.007138895484 0.02664272066)
(0.013125 0.007138895484 0.02664272066)
(0.01375 0.007138895484 0.02664272066)
(0.014375 0.007138895484 0.02664272066)
(0.015 0.007138895484 0.02664272066)
(0.015625 0.007138895484 0.02664272066)
(0.01625 0.007138895484 0.02664272066)
(0.016875 0.007138895484 0.02664272066)
(0.0175 0.007138895484 0.02664272066)
(0.018125 0.007138895484 0.02664272066)
(0.01875 0.007138895484 0.02664272066)
(0.019375 0.007138895484 0.02664272066)
(0.02 0.007138895484 0.02664272066)
(0.020625 0.007138895484 0.02664272066)
(0.02125 0.007138895484 0.02664272066)
(0.021875 0.007138895484 0.02664272066)
(0.0225 0.007138895484 0.02664272066)
(0.023125 0.007138895484 0.02664272066)
(0.02375 0.007138895484 0.02664272066)
(0.024375 0.007138895484 0.02664272066)
(0.025 0.007138895484 0.02664272066)
(0.025625 0.007138895484 0.02664272066)
(0.02625 0.007138895484 0.02664272066)
(0.026875 0.007138895484 0.02664272066)
(0.0275 0.007138895484 0.02664272066)
(0.028125 0.007138895484 0.02664272066)
(0.02875 0.007138895484 0.02664272066)
(0.029375 0.007138895484 0.02664272066)
(0.03 0.007138895484 0.02664272066)
(0.030625 0.007138895484 0.02664272066)
(0.03125 0.007138895484 0.02664272066)
(0.031875 0.007138895484 0.02664272066)
(0.0325 0.007138895484 0.02664272066)
(0.033125 0.007138895484 0.02664272066)
(0.03375 0.007138895484 0.02664272066)
(0.034375 0.007138895484 0.02664272066)
(0.035 0.007138895484 0.02664272066)
(0.035625 0.007138895484 0.02664272066)
(0.03625 0.007138895484 0.02664272066)
(0.036875 0.007138895484 0.02664272066)
(0.0375 0.007138895484 0.02664272066)
(0.038125 0.007138895484 0.02664272066)
(0.03875 0.007138895484 0.02664272066)
(0.039375 0.007138895484 0.02664272066)
(0.04 0.007138895484 0.02664272066)
(0.040625 0.007138895484 0.02664272066)
(0.04125 0.007138895484 0.02664272066)
(0.041875 0.007138895484 0.02664272066)
(0.0425 0.007138895484 0.02664272066)
(0.043125 0.007138895484 0.02664272066)
(0.04375 0.007138895484 0.02664272066)
(0.044375 0.007138895484 0.02664272066)
(0.045 0.007138895484 0.02664272066)
(0.045625 0.007138895484 0.02664272066)
(0.04625 0.007138895484 0.02664272066)
(0.046875 0.007138895484 0.02664272066)
(0.0475 0.007138895484 0.02664272066)
(0.048125 0.007138895484 0.02664272066)
(0.04875 0.007138895484 0.02664272066)
(0.049375 0.007138895484 0.02664272066)
(0.05 0.007138895484 0.02664272066)
(0 0.007221953258 0.02695269649)
(0.000625 0.007221953258 0.02695269649)
(0.00125 0.007221953258 0.02695269649)
(0.001875 0.007221953258 0.02695269649)
(0.0025 0.007221953258 0.02695269649)
(0.003125 0.007221953258 0.02695269649)
(0.00375 0.007221953258 0.02695269649)
(0.004375 0.007221953258 0.02695269649)
(0.005 0.007221953258 0.02695269649)
(0.005625 0.007221953258 0.02695269649)
(0.00625 0.007221953258 0.02695269649)
(0.006875 0.007221953258 0.02695269649)
(0.0075 0.007221953258 0.02695269649)
(0.008125 0.007221953258 0.02695269649)
(0.00875 0.007221953258 0.02695269649)
(0.009375 0.007221953258 0.02695269649)
(0.01 0.007221953258 0.02695269649)
(0.010625 0.007221953258 0.02695269649)
(0.01125 0.007221953258 0.02695269649)
(0.011875 0.007221953258 0.02695269649)
(0.0125 0.007221953258 0.02695269649)
(0.013125 0.007221953258 0.02695269649)
(0.01375 0.007221953258 0.02695269649)
(0.014375 0.007221953258 0.02695269649)
(0.015 0.007221953258 0.02695269649)
(0.015625 0.007221953258 0.02695269649)
(0.01625 0.007221953258 0.02695269649)
(0.016875 0.007221953258 0.02695269649)
(0.0175 0.007221953258 0.02695269649)
(0.018125 0.007221953258 0.02695269649)
(0.01875 0.007221953258 0.02695269649)
(0.019375 0.007221953258 0.02695269649)
(0.02 0.007221953258 0.02695269649)
(0.020625 0.007221953258 0.02695269649)
(0.02125 0.007221953258 0.02695269649)
(0.021875 0.007221953258 0.02695269649)
(0.0225 0.007221953258 0.02695269649)
(0.023125 0.007221953258 0.02695269649)
(0.02375 0.007221953258 0.02695269649)
(0.024375 0.007221953258 0.02695269649)
(0.025 0.007221953258 0.02695269649)
(0.025625 0.007221953258 0.02695269649)
(0.02625 0.007221953258 0.02695269649)
(0.026875 0.007221953258 0.02695269649)
(0.0275 0.007221953258 0.02695269649)
(0.028125 0.007221953258 0.02695269649)
(0.02875 0.007221953258 0.02695269649)
(0.029375 0.007221953258 0.02695269649)
(0.03 0.007221953258 0.02695269649)
(0.030625 0.007221953258 0.02695269649)
(0.03125 0.007221953258 0.02695269649)
(0.031875 0.007221953258 0.02695269649)
(0.0325 0.007221953258 0.02695269649)
(0.033125 0.007221953258 0.02695269649)
(0.03375 0.007221953258 0.02695269649)
(0.034375 0.007221953258 0.02695269649)
(0.035 0.007221953258 0.02695269649)
(0.035625 0.007221953258 0.02695269649)
(0.03625 0.007221953258 0.02695269649)
(0.036875 0.007221953258 0.02695269649)
(0.0375 0.007221953258 0.02695269649)
(0.038125 0.007221953258 0.02695269649)
(0.03875 0.007221953258 0.02695269649)
(0.039375 0.007221953258 0.02695269649)
(0.04 0.007221953258 0.02695269649)
(0.040625 0.007221953258 0.02695269649)
(0.04125 0.007221953258 0.02695269649)
(0.041875 0.007221953258 0.02695269649)
(0.0425 0.007221953258 0.02695269649)
(0.043125 0.007221953258 0.02695269649)
(0.04375 0.007221953258 0.02695269649)
(0.044375 0.007221953258 0.02695269649)
(0.045 0.007221953258 0.02695269649)
(0.045625 0.007221953258 0.02695269649)
(0.04625 0.007221953258 0.02695269649)
(0.046875 0.007221953258 0.02695269649)
(0.0475 0.007221953258 0.02695269649)
(0.048125 0.007221953258 0.02695269649)
(0.04875 0.007221953258 0.02695269649)
(0.049375 0.007221953258 0.02695269649)
(0.05 0.007221953258 0.02695269649)
(0 0.007299623835 0.02724256703)
(0.000625 0.007299623835 0.02724256703)
(0.00125 0.007299623835 0.02724256703)
(0.001875 0.007299623835 0.02724256703)
(0.0025 0.007299623835 0.02724256703)
(0.003125 0.007299623835 0.02724256703)
(0.00375 0.007299623835 0.02724256703)
(0.004375 0.007299623835 0.02724256703)
(0.005 0.007299623835 0.02724256703)
(0.005625 0.007299623835 0.02724256703)
(0.00625 0.007299623835 0.02724256703)
(0.006875 0.007299623835 0.02724256703)
(0.0075 0.007299623835 0.02724256703)
(0.008125 0.007299623835 0.02724256703)
(0.00875 0.007299623835 0.02724256703)
(0.009375 0.007299623835 0.02724256703)
(0.01 0.007299623835 0.02724256703)
(0.010625 0.007299623835 0.02724256703)
(0.01125 0.007299623835 0.02724256703)
(0.011875 0.007299623835 0.02724256703)
(0.0125 0.007299623835 0.02724256703)
(0.013125 0.007299623835 0.02724256703)
(0.01375 0.007299623835 0.02724256703)
(0.014375 0.007299623835 0.02724256703)
(0.015 0.007299623835 0.02724256703)
(0.015625 0.007299623835 0.02724256703)
(0.01625 0.007299623835 0.02724256703)
(0.016875 0.007299623835 0.02724256703)
(0.0175 0.007299623835 0.02724256703)
(0.018125 0.007299623835 0.02724256703)
(0.01875 0.007299623835 0.02724256703)
(0.019375 0.007299623835 0.02724256703)
(0.02 0.007299623835 0.02724256703)
(0.020625 0.007299623835 0.02724256703)
(0.02125 0.007299623835 0.02724256703)
(0.021875 0.007299623835 0.02724256703)
(0.0225 0.007299623835 0.02724256703)
(0.023125 0.007299623835 0.02724256703)
(0.02375 0.007299623835 0.02724256703)
(0.024375 0.007299623835 0.02724256703)
(0.025 0.007299623835 0.02724256703)
(0.025625 0.007299623835 0.02724256703)
(0.02625 0.007299623835 0.02724256703)
(0.026875 0.007299623835 0.02724256703)
(0.0275 0.007299623835 0.02724256703)
(0.028125 0.007299623835 0.02724256703)
(0.02875 0.007299623835 0.02724256703)
(0.029375 0.007299623835 0.02724256703)
(0.03 0.007299623835 0.02724256703)
(0.030625 0.007299623835 0.02724256703)
(0.03125 0.007299623835 0.02724256703)
(0.031875 0.007299623835 0.02724256703)
(0.0325 0.007299623835 0.02724256703)
(0.033125 0.007299623835 0.02724256703)
(0.03375 0.007299623835 0.02724256703)
(0.034375 0.007299623835 0.02724256703)
(0.035 0.007299623835 0.02724256703)
(0.035625 0.007299623835 0.02724256703)
(0.03625 0.007299623835 0.02724256703)
(0.036875 0.007299623835 0.02724256703)
(0.0375 0.007299623835 0.02724256703)
(0.038125 0.007299623835 0.02724256703)
(0.03875 0.007299623835 0.02724256703)
(0.039375 0.007299623835 0.02724256703)
(0.04 0.007299623835 0.02724256703)
(0.040625 0.007299623835 0.02724256703)
(0.04125 0.007299623835 0.02724256703)
(0.041875 0.007299623835 0.02724256703)
(0.0425 0.007299623835 0.02724256703)
(0.043125 0.007299623835 0.02724256703)
(0.04375 0.007299623835 0.02724256703)
(0.044375 0.007299623835 0.02724256703)
(0.045 0.007299623835 0.02724256703)
(0.045625 0.007299623835 0.02724256703)
(0.04625 0.007299623835 0.02724256703)
(0.046875 0.007299623835 0.02724256703)
(0.0475 0.007299623835 0.02724256703)
(0.048125 0.007299623835 0.02724256703)
(0.04875 0.007299623835 0.02724256703)
(0.049375 0.007299623835 0.02724256703)
(0.05 0.007299623835 0.02724256703)
(0 0.007372256635 0.02751363633)
(0.000625 0.007372256635 0.02751363633)
(0.00125 0.007372256635 0.02751363633)
(0.001875 0.007372256635 0.02751363633)
(0.0025 0.007372256635 0.02751363633)
(0.003125 0.007372256635 0.02751363633)
(0.00375 0.007372256635 0.02751363633)
(0.004375 0.007372256635 0.02751363633)
(0.005 0.007372256635 0.02751363633)
(0.005625 0.007372256635 0.02751363633)
(0.00625 0.007372256635 0.02751363633)
(0.006875 0.007372256635 0.02751363633)
(0.0075 0.007372256635 0.02751363633)
(0.008125 0.007372256635 0.02751363633)
(0.00875 0.007372256635 0.02751363633)
(0.009375 0.007372256635 0.02751363633)
(0.01 0.007372256635 0.02751363633)
(0.010625 0.007372256635 0.02751363633)
(0.01125 0.007372256635 0.02751363633)
(0.011875 0.007372256635 0.02751363633)
(0.0125 0.007372256635 0.02751363633)
(0.013125 0.007372256635 0.02751363633)
(0.01375 0.007372256635 0.02751363633)
(0.014375 0.007372256635 0.02751363633)
(0.015 0.007372256635 0.02751363633)
(0.015625 0.007372256635 0.02751363633)
(0.01625 0.007372256635 0.02751363633)
(0.016875 0.007372256635 0.02751363633)
(0.0175 0.007372256635 0.02751363633)
(0.018125 0.007372256635 0.02751363633)
(0.01875 0.007372256635 0.02751363633)
(0.019375 0.007372256635 0.02751363633)
(0.02 0.007372256635 0.02751363633)
(0.020625 0.007372256635 0.02751363633)
(0.02125 0.007372256635 0.02751363633)
(0.021875 0.007372256635 0.02751363633)
(0.0225 0.007372256635 0.02751363633)
(0.023125 0.007372256635 0.02751363633)
(0.02375 0.007372256635 0.02751363633)
(0.024375 0.007372256635 0.02751363633)
(0.025 0.007372256635 0.02751363633)
(0.025625 0.007372256635 0.02751363633)
(0.02625 0.007372256635 0.02751363633)
(0.026875 0.007372256635 0.02751363633)
(0.0275 0.007372256635 0.02751363633)
(0.028125 0.007372256635 0.02751363633)
(0.02875 0.007372256635 0.02751363633)
(0.029375 0.007372256635 0.02751363633)
(0.03 0.007372256635 0.02751363633)
(0.030625 0.007372256635 0.02751363633)
(0.03125 0.007372256635 0.02751363633)
(0.031875 0.007372256635 0.02751363633)
(0.0325 0.007372256635 0.02751363633)
(0.033125 0.007372256635 0.02751363633)
(0.03375 0.007372256635 0.02751363633)
(0.034375 0.007372256635 0.02751363633)
(0.035 0.007372256635 0.02751363633)
(0.035625 0.007372256635 0.02751363633)
(0.03625 0.007372256635 0.02751363633)
(0.036875 0.007372256635 0.02751363633)
(0.0375 0.007372256635 0.02751363633)
(0.038125 0.007372256635 0.02751363633)
(0.03875 0.007372256635 0.02751363633)
(0.039375 0.007372256635 0.02751363633)
(0.04 0.007372256635 0.02751363633)
(0.040625 0.007372256635 0.02751363633)
(0.04125 0.007372256635 0.02751363633)
(0.041875 0.007372256635 0.02751363633)
(0.0425 0.007372256635 0.02751363633)
(0.043125 0.007372256635 0.02751363633)
(0.04375 0.007372256635 0.02751363633)
(0.044375 0.007372256635 0.02751363633)
(0.045 0.007372256635 0.02751363633)
(0.045625 0.007372256635 0.02751363633)
(0.04625 0.007372256635 0.02751363633)
(0.046875 0.007372256635 0.02751363633)
(0.0475 0.007372256635 0.02751363633)
(0.048125 0.007372256635 0.02751363633)
(0.04875 0.007372256635 0.02751363633)
(0.049375 0.007372256635 0.02751363633)
(0.05 0.007372256635 0.02751363633)
(0 0.007440178411 0.02776712385)
(0.000625 0.007440178411 0.02776712385)
(0.00125 0.007440178411 0.02776712385)
(0.001875 0.007440178411 0.02776712385)
(0.0025 0.007440178411 0.02776712385)
(0.003125 0.007440178411 0.02776712385)
(0.00375 0.007440178411 0.02776712385)
(0.004375 0.007440178411 0.02776712385)
(0.005 0.007440178411 0.02776712385)
(0.005625 0.007440178411 0.02776712385)
(0.00625 0.007440178411 0.02776712385)
(0.006875 0.007440178411 0.02776712385)
(0.0075 0.007440178411 0.02776712385)
(0.008125 0.007440178411 0.02776712385)
(0.00875 0.007440178411 0.02776712385)
(0.009375 0.007440178411 0.02776712385)
(0.01 0.007440178411 0.02776712385)
(0.010625 0.007440178411 0.02776712385)
(0.01125 0.007440178411 0.02776712385)
(0.011875 0.007440178411 0.02776712385)
(0.0125 0.007440178411 0.02776712385)
(0.013125 0.007440178411 0.02776712385)
(0.01375 0.007440178411 0.02776712385)
(0.014375 0.007440178411 0.02776712385)
(0.015 0.007440178411 0.02776712385)
(0.015625 0.007440178411 0.02776712385)
(0.01625 0.007440178411 0.02776712385)
(0.016875 0.007440178411 0.02776712385)
(0.0175 0.007440178411 0.02776712385)
(0.018125 0.007440178411 0.02776712385)
(0.01875 0.007440178411 0.02776712385)
(0.019375 0.007440178411 0.02776712385)
(0.02 0.007440178411 0.02776712385)
(0.020625 0.007440178411 0.02776712385)
(0.02125 0.007440178411 0.02776712385)
(0.021875 0.007440178411 0.02776712385)
(0.0225 0.007440178411 0.02776712385)
(0.023125 0.007440178411 0.02776712385)
(0.02375 0.007440178411 0.02776712385)
(0.024375 0.007440178411 0.02776712385)
(0.025 0.007440178411 0.02776712385)
(0.025625 0.007440178411 0.02776712385)
(0.02625 0.007440178411 0.02776712385)
(0.026875 0.007440178411 0.02776712385)
(0.0275 0.007440178411 0.02776712385)
(0.028125 0.007440178411 0.02776712385)
(0.02875 0.007440178411 0.02776712385)
(0.029375 0.007440178411 0.02776712385)
(0.03 0.007440178411 0.02776712385)
(0.030625 0.007440178411 0.02776712385)
(0.03125 0.007440178411 0.02776712385)
(0.031875 0.007440178411 0.02776712385)
(0.0325 0.007440178411 0.02776712385)
(0.033125 0.007440178411 0.02776712385)
(0.03375 0.007440178411 0.02776712385)
(0.034375 0.007440178411 0.02776712385)
(0.035 0.007440178411 0.02776712385)
(0.035625 0.007440178411 0.02776712385)
(0.03625 0.007440178411 0.02776712385)
(0.036875 0.007440178411 0.02776712385)
(0.0375 0.007440178411 0.02776712385)
(0.038125 0.007440178411 0.02776712385)
(0.03875 0.007440178411 0.02776712385)
(0.039375 0.007440178411 0.02776712385)
(0.04 0.007440178411 0.02776712385)
(0.040625 0.007440178411 0.02776712385)
(0.04125 0.007440178411 0.02776712385)
(0.041875 0.007440178411 0.02776712385)
(0.0425 0.007440178411 0.02776712385)
(0.043125 0.007440178411 0.02776712385)
(0.04375 0.007440178411 0.02776712385)
(0.044375 0.007440178411 0.02776712385)
(0.045 0.007440178411 0.02776712385)
(0.045625 0.007440178411 0.02776712385)
(0.04625 0.007440178411 0.02776712385)
(0.046875 0.007440178411 0.02776712385)
(0.0475 0.007440178411 0.02776712385)
(0.048125 0.007440178411 0.02776712385)
(0.04875 0.007440178411 0.02776712385)
(0.049375 0.007440178411 0.02776712385)
(0.05 0.007440178411 0.02776712385)
(0 0.007503694724 0.02800416996)
(0.000625 0.007503694724 0.02800416996)
(0.00125 0.007503694724 0.02800416996)
(0.001875 0.007503694724 0.02800416996)
(0.0025 0.007503694724 0.02800416996)
(0.003125 0.007503694724 0.02800416996)
(0.00375 0.007503694724 0.02800416996)
(0.004375 0.007503694724 0.02800416996)
(0.005 0.007503694724 0.02800416996)
(0.005625 0.007503694724 0.02800416996)
(0.00625 0.007503694724 0.02800416996)
(0.006875 0.007503694724 0.02800416996)
(0.0075 0.007503694724 0.02800416996)
(0.008125 0.007503694724 0.02800416996)
(0.00875 0.007503694724 0.02800416996)
(0.009375 0.007503694724 0.02800416996)
(0.01 0.007503694724 0.02800416996)
(0.010625 0.007503694724 0.02800416996)
(0.01125 0.007503694724 0.02800416996)
(0.011875 0.007503694724 0.02800416996)
(0.0125 0.007503694724 0.02800416996)
(0.013125 0.007503694724 0.02800416996)
(0.01375 0.007503694724 0.02800416996)
(0.014375 0.007503694724 0.02800416996)
(0.015 0.007503694724 0.02800416996)
(0.015625 0.007503694724 0.02800416996)
(0.01625 0.007503694724 0.02800416996)
(0.016875 0.007503694724 0.02800416996)
(0.0175 0.007503694724 0.02800416996)
(0.018125 0.007503694724 0.02800416996)
(0.01875 0.007503694724 0.02800416996)
(0.019375 0.007503694724 0.02800416996)
(0.02 0.007503694724 0.02800416996)
(0.020625 0.007503694724 0.02800416996)
(0.02125 0.007503694724 0.02800416996)
(0.021875 0.007503694724 0.02800416996)
(0.0225 0.007503694724 0.02800416996)
(0.023125 0.007503694724 0.02800416996)
(0.02375 0.007503694724 0.02800416996)
(0.024375 0.007503694724 0.02800416996)
(0.025 0.007503694724 0.02800416996)
(0.025625 0.007503694724 0.02800416996)
(0.02625 0.007503694724 0.02800416996)
(0.026875 0.007503694724 0.02800416996)
(0.0275 0.007503694724 0.02800416996)
(0.028125 0.007503694724 0.02800416996)
(0.02875 0.007503694724 0.02800416996)
(0.029375 0.007503694724 0.02800416996)
(0.03 0.007503694724 0.02800416996)
(0.030625 0.007503694724 0.02800416996)
(0.03125 0.007503694724 0.02800416996)
(0.031875 0.007503694724 0.02800416996)
(0.0325 0.007503694724 0.02800416996)
(0.033125 0.007503694724 0.02800416996)
(0.03375 0.007503694724 0.02800416996)
(0.034375 0.007503694724 0.02800416996)
(0.035 0.007503694724 0.02800416996)
(0.035625 0.007503694724 0.02800416996)
(0.03625 0.007503694724 0.02800416996)
(0.036875 0.007503694724 0.02800416996)
(0.0375 0.007503694724 0.02800416996)
(0.038125 0.007503694724 0.02800416996)
(0.03875 0.007503694724 0.02800416996)
(0.039375 0.007503694724 0.02800416996)
(0.04 0.007503694724 0.02800416996)
(0.040625 0.007503694724 0.02800416996)
(0.04125 0.007503694724 0.02800416996)
(0.041875 0.007503694724 0.02800416996)
(0.0425 0.007503694724 0.02800416996)
(0.043125 0.007503694724 0.02800416996)
(0.04375 0.007503694724 0.02800416996)
(0.044375 0.007503694724 0.02800416996)
(0.045 0.007503694724 0.02800416996)
(0.045625 0.007503694724 0.02800416996)
(0.04625 0.007503694724 0.02800416996)
(0.046875 0.007503694724 0.02800416996)
(0.0475 0.007503694724 0.02800416996)
(0.048125 0.007503694724 0.02800416996)
(0.04875 0.007503694724 0.02800416996)
(0.049375 0.007503694724 0.02800416996)
(0.05 0.007503694724 0.02800416996)
(0 0.007563091317 0.02822584106)
(0.000625 0.007563091317 0.02822584106)
(0.00125 0.007563091317 0.02822584106)
(0.001875 0.007563091317 0.02822584106)
(0.0025 0.007563091317 0.02822584106)
(0.003125 0.007563091317 0.02822584106)
(0.00375 0.007563091317 0.02822584106)
(0.004375 0.007563091317 0.02822584106)
(0.005 0.007563091317 0.02822584106)
(0.005625 0.007563091317 0.02822584106)
(0.00625 0.007563091317 0.02822584106)
(0.006875 0.007563091317 0.02822584106)
(0.0075 0.007563091317 0.02822584106)
(0.008125 0.007563091317 0.02822584106)
(0.00875 0.007563091317 0.02822584106)
(0.009375 0.007563091317 0.02822584106)
(0.01 0.007563091317 0.02822584106)
(0.010625 0.007563091317 0.02822584106)
(0.01125 0.007563091317 0.02822584106)
(0.011875 0.007563091317 0.02822584106)
(0.0125 0.007563091317 0.02822584106)
(0.013125 0.007563091317 0.02822584106)
(0.01375 0.007563091317 0.02822584106)
(0.014375 0.007563091317 0.02822584106)
(0.015 0.007563091317 0.02822584106)
(0.015625 0.007563091317 0.02822584106)
(0.01625 0.007563091317 0.02822584106)
(0.016875 0.007563091317 0.02822584106)
(0.0175 0.007563091317 0.02822584106)
(0.018125 0.007563091317 0.02822584106)
(0.01875 0.007563091317 0.02822584106)
(0.019375 0.007563091317 0.02822584106)
(0.02 0.007563091317 0.02822584106)
(0.020625 0.007563091317 0.02822584106)
(0.02125 0.007563091317 0.02822584106)
(0.021875 0.007563091317 0.02822584106)
(0.0225 0.007563091317 0.02822584106)
(0.023125 0.007563091317 0.02822584106)
(0.02375 0.007563091317 0.02822584106)
(0.024375 0.007563091317 0.02822584106)
(0.025 0.007563091317 0.02822584106)
(0.025625 0.007563091317 0.02822584106)
(0.02625 0.007563091317 0.02822584106)
(0.026875 0.007563091317 0.02822584106)
(0.0275 0.007563091317 0.02822584106)
(0.028125 0.007563091317 0.02822584106)
(0.02875 0.007563091317 0.02822584106)
(0.029375 0.007563091317 0.02822584106)
(0.03 0.007563091317 0.02822584106)
(0.030625 0.007563091317 0.02822584106)
(0.03125 0.007563091317 0.02822584106)
(0.031875 0.007563091317 0.02822584106)
(0.0325 0.007563091317 0.02822584106)
(0.033125 0.007563091317 0.02822584106)
(0.03375 0.007563091317 0.02822584106)
(0.034375 0.007563091317 0.02822584106)
(0.035 0.007563091317 0.02822584106)
(0.035625 0.007563091317 0.02822584106)
(0.03625 0.007563091317 0.02822584106)
(0.036875 0.007563091317 0.02822584106)
(0.0375 0.007563091317 0.02822584106)
(0.038125 0.007563091317 0.02822584106)
(0.03875 0.007563091317 0.02822584106)
(0.039375 0.007563091317 0.02822584106)
(0.04 0.007563091317 0.02822584106)
(0.040625 0.007563091317 0.02822584106)
(0.04125 0.007563091317 0.02822584106)
(0.041875 0.007563091317 0.02822584106)
(0.0425 0.007563091317 0.02822584106)
(0.043125 0.007563091317 0.02822584106)
(0.04375 0.007563091317 0.02822584106)
(0.044375 0.007563091317 0.02822584106)
(0.045 0.007563091317 0.02822584106)
(0.045625 0.007563091317 0.02822584106)
(0.04625 0.007563091317 0.02822584106)
(0.046875 0.007563091317 0.02822584106)
(0.0475 0.007563091317 0.02822584106)
(0.048125 0.007563091317 0.02822584106)
(0.04875 0.007563091317 0.02822584106)
(0.049375 0.007563091317 0.02822584106)
(0.05 0.007563091317 0.02822584106)
(0 0.007618635398 0.02843313439)
(0.000625 0.007618635398 0.02843313439)
(0.00125 0.007618635398 0.02843313439)
(0.001875 0.007618635398 0.02843313439)
(0.0025 0.007618635398 0.02843313439)
(0.003125 0.007618635398 0.02843313439)
(0.00375 0.007618635398 0.02843313439)
(0.004375 0.007618635398 0.02843313439)
(0.005 0.007618635398 0.02843313439)
(0.005625 0.007618635398 0.02843313439)
(0.00625 0.007618635398 0.02843313439)
(0.006875 0.007618635398 0.02843313439)
(0.0075 0.007618635398 0.02843313439)
(0.008125 0.007618635398 0.02843313439)
(0.00875 0.007618635398 0.02843313439)
(0.009375 0.007618635398 0.02843313439)
(0.01 0.007618635398 0.02843313439)
(0.010625 0.007618635398 0.02843313439)
(0.01125 0.007618635398 0.02843313439)
(0.011875 0.007618635398 0.02843313439)
(0.0125 0.007618635398 0.02843313439)
(0.013125 0.007618635398 0.02843313439)
(0.01375 0.007618635398 0.02843313439)
(0.014375 0.007618635398 0.02843313439)
(0.015 0.007618635398 0.02843313439)
(0.015625 0.007618635398 0.02843313439)
(0.01625 0.007618635398 0.02843313439)
(0.016875 0.007618635398 0.02843313439)
(0.0175 0.007618635398 0.02843313439)
(0.018125 0.007618635398 0.02843313439)
(0.01875 0.007618635398 0.02843313439)
(0.019375 0.007618635398 0.02843313439)
(0.02 0.007618635398 0.02843313439)
(0.020625 0.007618635398 0.02843313439)
(0.02125 0.007618635398 0.02843313439)
(0.021875 0.007618635398 0.02843313439)
(0.0225 0.007618635398 0.02843313439)
(0.023125 0.007618635398 0.02843313439)
(0.02375 0.007618635398 0.02843313439)
(0.024375 0.007618635398 0.02843313439)
(0.025 0.007618635398 0.02843313439)
(0.025625 0.007618635398 0.02843313439)
(0.02625 0.007618635398 0.02843313439)
(0.026875 0.007618635398 0.02843313439)
(0.0275 0.007618635398 0.02843313439)
(0.028125 0.007618635398 0.02843313439)
(0.02875 0.007618635398 0.02843313439)
(0.029375 0.007618635398 0.02843313439)
(0.03 0.007618635398 0.02843313439)
(0.030625 0.007618635398 0.02843313439)
(0.03125 0.007618635398 0.02843313439)
(0.031875 0.007618635398 0.02843313439)
(0.0325 0.007618635398 0.02843313439)
(0.033125 0.007618635398 0.02843313439)
(0.03375 0.007618635398 0.02843313439)
(0.034375 0.007618635398 0.02843313439)
(0.035 0.007618635398 0.02843313439)
(0.035625 0.007618635398 0.02843313439)
(0.03625 0.007618635398 0.02843313439)
(0.036875 0.007618635398 0.02843313439)
(0.0375 0.007618635398 0.02843313439)
(0.038125 0.007618635398 0.02843313439)
(0.03875 0.007618635398 0.02843313439)
(0.039375 0.007618635398 0.02843313439)
(0.04 0.007618635398 0.02843313439)
(0.040625 0.007618635398 0.02843313439)
(0.04125 0.007618635398 0.02843313439)
(0.041875 0.007618635398 0.02843313439)
(0.0425 0.007618635398 0.02843313439)
(0.043125 0.007618635398 0.02843313439)
(0.04375 0.007618635398 0.02843313439)
(0.044375 0.007618635398 0.02843313439)
(0.045 0.007618635398 0.02843313439)
(0.045625 0.007618635398 0.02843313439)
(0.04625 0.007618635398 0.02843313439)
(0.046875 0.007618635398 0.02843313439)
(0.0475 0.007618635398 0.02843313439)
(0.048125 0.007618635398 0.02843313439)
(0.04875 0.007618635398 0.02843313439)
(0.049375 0.007618635398 0.02843313439)
(0.05 0.007618635398 0.02843313439)
(0 0.007670576843 0.0286269825)
(0.000625 0.007670576843 0.0286269825)
(0.00125 0.007670576843 0.0286269825)
(0.001875 0.007670576843 0.0286269825)
(0.0025 0.007670576843 0.0286269825)
(0.003125 0.007670576843 0.0286269825)
(0.00375 0.007670576843 0.0286269825)
(0.004375 0.007670576843 0.0286269825)
(0.005 0.007670576843 0.0286269825)
(0.005625 0.007670576843 0.0286269825)
(0.00625 0.007670576843 0.0286269825)
(0.006875 0.007670576843 0.0286269825)
(0.0075 0.007670576843 0.0286269825)
(0.008125 0.007670576843 0.0286269825)
(0.00875 0.007670576843 0.0286269825)
(0.009375 0.007670576843 0.0286269825)
(0.01 0.007670576843 0.0286269825)
(0.010625 0.007670576843 0.0286269825)
(0.01125 0.007670576843 0.0286269825)
(0.011875 0.007670576843 0.0286269825)
(0.0125 0.007670576843 0.0286269825)
(0.013125 0.007670576843 0.0286269825)
(0.01375 0.007670576843 0.0286269825)
(0.014375 0.007670576843 0.0286269825)
(0.015 0.007670576843 0.0286269825)
(0.015625 0.007670576843 0.0286269825)
(0.01625 0.007670576843 0.0286269825)
(0.016875 0.007670576843 0.0286269825)
(0.0175 0.007670576843 0.0286269825)
(0.018125 0.007670576843 0.0286269825)
(0.01875 0.007670576843 0.0286269825)
(0.019375 0.007670576843 0.0286269825)
(0.02 0.007670576843 0.0286269825)
(0.020625 0.007670576843 0.0286269825)
(0.02125 0.007670576843 0.0286269825)
(0.021875 0.007670576843 0.0286269825)
(0.0225 0.007670576843 0.0286269825)
(0.023125 0.007670576843 0.0286269825)
(0.02375 0.007670576843 0.0286269825)
(0.024375 0.007670576843 0.0286269825)
(0.025 0.007670576843 0.0286269825)
(0.025625 0.007670576843 0.0286269825)
(0.02625 0.007670576843 0.0286269825)
(0.026875 0.007670576843 0.0286269825)
(0.0275 0.007670576843 0.0286269825)
(0.028125 0.007670576843 0.0286269825)
(0.02875 0.007670576843 0.0286269825)
(0.029375 0.007670576843 0.0286269825)
(0.03 0.007670576843 0.0286269825)
(0.030625 0.007670576843 0.0286269825)
(0.03125 0.007670576843 0.0286269825)
(0.031875 0.007670576843 0.0286269825)
(0.0325 0.007670576843 0.0286269825)
(0.033125 0.007670576843 0.0286269825)
(0.03375 0.007670576843 0.0286269825)
(0.034375 0.007670576843 0.0286269825)
(0.035 0.007670576843 0.0286269825)
(0.035625 0.007670576843 0.0286269825)
(0.03625 0.007670576843 0.0286269825)
(0.036875 0.007670576843 0.0286269825)
(0.0375 0.007670576843 0.0286269825)
(0.038125 0.007670576843 0.0286269825)
(0.03875 0.007670576843 0.0286269825)
(0.039375 0.007670576843 0.0286269825)
(0.04 0.007670576843 0.0286269825)
(0.040625 0.007670576843 0.0286269825)
(0.04125 0.007670576843 0.0286269825)
(0.041875 0.007670576843 0.0286269825)
(0.0425 0.007670576843 0.0286269825)
(0.043125 0.007670576843 0.0286269825)
(0.04375 0.007670576843 0.0286269825)
(0.044375 0.007670576843 0.0286269825)
(0.045 0.007670576843 0.0286269825)
(0.045625 0.007670576843 0.0286269825)
(0.04625 0.007670576843 0.0286269825)
(0.046875 0.007670576843 0.0286269825)
(0.0475 0.007670576843 0.0286269825)
(0.048125 0.007670576843 0.0286269825)
(0.04875 0.007670576843 0.0286269825)
(0.049375 0.007670576843 0.0286269825)
(0.05 0.007670576843 0.0286269825)
(0 0.007719149324 0.02880825747)
(0.000625 0.007719149324 0.02880825747)
(0.00125 0.007719149324 0.02880825747)
(0.001875 0.007719149324 0.02880825747)
(0.0025 0.007719149324 0.02880825747)
(0.003125 0.007719149324 0.02880825747)
(0.00375 0.007719149324 0.02880825747)
(0.004375 0.007719149324 0.02880825747)
(0.005 0.007719149324 0.02880825747)
(0.005625 0.007719149324 0.02880825747)
(0.00625 0.007719149324 0.02880825747)
(0.006875 0.007719149324 0.02880825747)
(0.0075 0.007719149324 0.02880825747)
(0.008125 0.007719149324 0.02880825747)
(0.00875 0.007719149324 0.02880825747)
(0.009375 0.007719149324 0.02880825747)
(0.01 0.007719149324 0.02880825747)
(0.010625 0.007719149324 0.02880825747)
(0.01125 0.007719149324 0.02880825747)
(0.011875 0.007719149324 0.02880825747)
(0.0125 0.007719149324 0.02880825747)
(0.013125 0.007719149324 0.02880825747)
(0.01375 0.007719149324 0.02880825747)
(0.014375 0.007719149324 0.02880825747)
(0.015 0.007719149324 0.02880825747)
(0.015625 0.007719149324 0.02880825747)
(0.01625 0.007719149324 0.02880825747)
(0.016875 0.007719149324 0.02880825747)
(0.0175 0.007719149324 0.02880825747)
(0.018125 0.007719149324 0.02880825747)
(0.01875 0.007719149324 0.02880825747)
(0.019375 0.007719149324 0.02880825747)
(0.02 0.007719149324 0.02880825747)
(0.020625 0.007719149324 0.02880825747)
(0.02125 0.007719149324 0.02880825747)
(0.021875 0.007719149324 0.02880825747)
(0.0225 0.007719149324 0.02880825747)
(0.023125 0.007719149324 0.02880825747)
(0.02375 0.007719149324 0.02880825747)
(0.024375 0.007719149324 0.02880825747)
(0.025 0.007719149324 0.02880825747)
(0.025625 0.007719149324 0.02880825747)
(0.02625 0.007719149324 0.02880825747)
(0.026875 0.007719149324 0.02880825747)
(0.0275 0.007719149324 0.02880825747)
(0.028125 0.007719149324 0.02880825747)
(0.02875 0.007719149324 0.02880825747)
(0.029375 0.007719149324 0.02880825747)
(0.03 0.007719149324 0.02880825747)
(0.030625 0.007719149324 0.02880825747)
(0.03125 0.007719149324 0.02880825747)
(0.031875 0.007719149324 0.02880825747)
(0.0325 0.007719149324 0.02880825747)
(0.033125 0.007719149324 0.02880825747)
(0.03375 0.007719149324 0.02880825747)
(0.034375 0.007719149324 0.02880825747)
(0.035 0.007719149324 0.02880825747)
(0.035625 0.007719149324 0.02880825747)
(0.03625 0.007719149324 0.02880825747)
(0.036875 0.007719149324 0.02880825747)
(0.0375 0.007719149324 0.02880825747)
(0.038125 0.007719149324 0.02880825747)
(0.03875 0.007719149324 0.02880825747)
(0.039375 0.007719149324 0.02880825747)
(0.04 0.007719149324 0.02880825747)
(0.040625 0.007719149324 0.02880825747)
(0.04125 0.007719149324 0.02880825747)
(0.041875 0.007719149324 0.02880825747)
(0.0425 0.007719149324 0.02880825747)
(0.043125 0.007719149324 0.02880825747)
(0.04375 0.007719149324 0.02880825747)
(0.044375 0.007719149324 0.02880825747)
(0.045 0.007719149324 0.02880825747)
(0.045625 0.007719149324 0.02880825747)
(0.04625 0.007719149324 0.02880825747)
(0.046875 0.007719149324 0.02880825747)
(0.0475 0.007719149324 0.02880825747)
(0.048125 0.007719149324 0.02880825747)
(0.04875 0.007719149324 0.02880825747)
(0.049375 0.007719149324 0.02880825747)
(0.05 0.007719149324 0.02880825747)
(0 0.007764571353 0.02897777479)
(0.000625 0.007764571353 0.02897777479)
(0.00125 0.007764571353 0.02897777479)
(0.001875 0.007764571353 0.02897777479)
(0.0025 0.007764571353 0.02897777479)
(0.003125 0.007764571353 0.02897777479)
(0.00375 0.007764571353 0.02897777479)
(0.004375 0.007764571353 0.02897777479)
(0.005 0.007764571353 0.02897777479)
(0.005625 0.007764571353 0.02897777479)
(0.00625 0.007764571353 0.02897777479)
(0.006875 0.007764571353 0.02897777479)
(0.0075 0.007764571353 0.02897777479)
(0.008125 0.007764571353 0.02897777479)
(0.00875 0.007764571353 0.02897777479)
(0.009375 0.007764571353 0.02897777479)
(0.01 0.007764571353 0.02897777479)
(0.010625 0.007764571353 0.02897777479)
(0.01125 0.007764571353 0.02897777479)
(0.011875 0.007764571353 0.02897777479)
(0.0125 0.007764571353 0.02897777479)
(0.013125 0.007764571353 0.02897777479)
(0.01375 0.007764571353 0.02897777479)
(0.014375 0.007764571353 0.02897777479)
(0.015 0.007764571353 0.02897777479)
(0.015625 0.007764571353 0.02897777479)
(0.01625 0.007764571353 0.02897777479)
(0.016875 0.007764571353 0.02897777479)
(0.0175 0.007764571353 0.02897777479)
(0.018125 0.007764571353 0.02897777479)
(0.01875 0.007764571353 0.02897777479)
(0.019375 0.007764571353 0.02897777479)
(0.02 0.007764571353 0.02897777479)
(0.020625 0.007764571353 0.02897777479)
(0.02125 0.007764571353 0.02897777479)
(0.021875 0.007764571353 0.02897777479)
(0.0225 0.007764571353 0.02897777479)
(0.023125 0.007764571353 0.02897777479)
(0.02375 0.007764571353 0.02897777479)
(0.024375 0.007764571353 0.02897777479)
(0.025 0.007764571353 0.02897777479)
(0.025625 0.007764571353 0.02897777479)
(0.02625 0.007764571353 0.02897777479)
(0.026875 0.007764571353 0.02897777479)
(0.0275 0.007764571353 0.02897777479)
(0.028125 0.007764571353 0.02897777479)
(0.02875 0.007764571353 0.02897777479)
(0.029375 0.007764571353 0.02897777479)
(0.03 0.007764571353 0.02897777479)
(0.030625 0.007764571353 0.02897777479)
(0.03125 0.007764571353 0.02897777479)
(0.031875 0.007764571353 0.02897777479)
(0.0325 0.007764571353 0.02897777479)
(0.033125 0.007764571353 0.02897777479)
(0.03375 0.007764571353 0.02897777479)
(0.034375 0.007764571353 0.02897777479)
(0.035 0.007764571353 0.02897777479)
(0.035625 0.007764571353 0.02897777479)
(0.03625 0.007764571353 0.02897777479)
(0.036875 0.007764571353 0.02897777479)
(0.0375 0.007764571353 0.02897777479)
(0.038125 0.007764571353 0.02897777479)
(0.03875 0.007764571353 0.02897777479)
(0.039375 0.007764571353 0.02897777479)
(0.04 0.007764571353 0.02897777479)
(0.040625 0.007764571353 0.02897777479)
(0.04125 0.007764571353 0.02897777479)
(0.041875 0.007764571353 0.02897777479)
(0.0425 0.007764571353 0.02897777479)
(0.043125 0.007764571353 0.02897777479)
(0.04375 0.007764571353 0.02897777479)
(0.044375 0.007764571353 0.02897777479)
(0.045 0.007764571353 0.02897777479)
(0.045625 0.007764571353 0.02897777479)
(0.04625 0.007764571353 0.02897777479)
(0.046875 0.007764571353 0.02897777479)
(0.0475 0.007764571353 0.02897777479)
(0.048125 0.007764571353 0.02897777479)
(0.04875 0.007764571353 0.02897777479)
(0.049375 0.007764571353 0.02897777479)
(0.05 0.007764571353 0.02897777479)
(0 0.001732567722 0.01980333968)
(0.000625 0.001732567722 0.01980333968)
(0.00125 0.001732567722 0.01980333968)
(0.001875 0.001732567722 0.01980333968)
(0.0025 0.001732567722 0.01980333968)
(0.003125 0.001732567722 0.01980333968)
(0.00375 0.001732567722 0.01980333968)
(0.004375 0.001732567722 0.01980333968)
(0.005 0.001732567722 0.01980333968)
(0.005625 0.001732567722 0.01980333968)
(0.00625 0.001732567722 0.01980333968)
(0.006875 0.001732567722 0.01980333968)
(0.0075 0.001732567722 0.01980333968)
(0.008125 0.001732567722 0.01980333968)
(0.00875 0.001732567722 0.01980333968)
(0.009375 0.001732567722 0.01980333968)
(0.01 0.001732567722 0.01980333968)
(0.010625 0.001732567722 0.01980333968)
(0.01125 0.001732567722 0.01980333968)
(0.011875 0.001732567722 0.01980333968)
(0.0125 0.001732567722 0.01980333968)
(0.013125 0.001732567722 0.01980333968)
(0.01375 0.001732567722 0.01980333968)
(0.014375 0.001732567722 0.01980333968)
(0.015 0.001732567722 0.01980333968)
(0.015625 0.001732567722 0.01980333968)
(0.01625 0.001732567722 0.01980333968)
(0.016875 0.001732567722 0.01980333968)
(0.0175 0.001732567722 0.01980333968)
(0.018125 0.001732567722 0.01980333968)
(0.01875 0.001732567722 0.01980333968)
(0.019375 0.001732567722 0.01980333968)
(0.02 0.001732567722 0.01980333968)
(0.020625 0.001732567722 0.01980333968)
(0.02125 0.001732567722 0.01980333968)
(0.021875 0.001732567722 0.01980333968)
(0.0225 0.001732567722 0.01980333968)
(0.023125 0.001732567722 0.01980333968)
(0.02375 0.001732567722 0.01980333968)
(0.024375 0.001732567722 0.01980333968)
(0.025 0.001732567722 0.01980333968)
(0.025625 0.001732567722 0.01980333968)
(0.02625 0.001732567722 0.01980333968)
(0.026875 0.001732567722 0.01980333968)
(0.0275 0.001732567722 0.01980333968)
(0.028125 0.001732567722 0.01980333968)
(0.02875 0.001732567722 0.01980333968)
(0.029375 0.001732567722 0.01980333968)
(0.03 0.001732567722 0.01980333968)
(0.030625 0.001732567722 0.01980333968)
(0.03125 0.001732567722 0.01980333968)
(0.031875 0.001732567722 0.01980333968)
(0.0325 0.001732567722 0.01980333968)
(0.033125 0.001732567722 0.01980333968)
(0.03375 0.001732567722 0.01980333968)
(0.034375 0.001732567722 0.01980333968)
(0.035 0.001732567722 0.01980333968)
(0.035625 0.001732567722 0.01980333968)
(0.03625 0.001732567722 0.01980333968)
(0.036875 0.001732567722 0.01980333968)
(0.0375 0.001732567722 0.01980333968)
(0.038125 0.001732567722 0.01980333968)
(0.03875 0.001732567722 0.01980333968)
(0.039375 0.001732567722 0.01980333968)
(0.04 0.001732567722 0.01980333968)
(0.040625 0.001732567722 0.01980333968)
(0.04125 0.001732567722 0.01980333968)
(0.041875 0.001732567722 0.01980333968)
(0.0425 0.001732567722 0.01980333968)
(0.043125 0.001732567722 0.01980333968)
(0.04375 0.001732567722 0.01980333968)
(0.044375 0.001732567722 0.01980333968)
(0.045 0.001732567722 0.01980333968)
(0.045625 0.001732567722 0.01980333968)
(0.04625 0.001732567722 0.01980333968)
(0.046875 0.001732567722 0.01980333968)
(0.0475 0.001732567722 0.01980333968)
(0.048125 0.001732567722 0.01980333968)
(0.04875 0.001732567722 0.01980333968)
(0.049375 0.001732567722 0.01980333968)
(0.05 0.001732567722 0.01980333968)
(0 0.001804085262 0.0206207889)
(0.000625 0.001804085262 0.0206207889)
(0.00125 0.001804085262 0.0206207889)
(0.001875 0.001804085262 0.0206207889)
(0.0025 0.001804085262 0.0206207889)
(0.003125 0.001804085262 0.0206207889)
(0.00375 0.001804085262 0.0206207889)
(0.004375 0.001804085262 0.0206207889)
(0.005 0.001804085262 0.0206207889)
(0.005625 0.001804085262 0.0206207889)
(0.00625 0.001804085262 0.0206207889)
(0.006875 0.001804085262 0.0206207889)
(0.0075 0.001804085262 0.0206207889)
(0.008125 0.001804085262 0.0206207889)
(0.00875 0.001804085262 0.0206207889)
(0.009375 0.001804085262 0.0206207889)
(0.01 0.001804085262 0.0206207889)
(0.010625 0.001804085262 0.0206207889)
(0.01125 0.001804085262 0.0206207889)
(0.011875 0.001804085262 0.0206207889)
(0.0125 0.001804085262 0.0206207889)
(0.013125 0.001804085262 0.0206207889)
(0.01375 0.001804085262 0.0206207889)
(0.014375 0.001804085262 0.0206207889)
(0.015 0.001804085262 0.0206207889)
(0.015625 0.001804085262 0.0206207889)
(0.01625 0.001804085262 0.0206207889)
(0.016875 0.001804085262 0.0206207889)
(0.0175 0.001804085262 0.0206207889)
(0.018125 0.001804085262 0.0206207889)
(0.01875 0.001804085262 0.0206207889)
(0.019375 0.001804085262 0.0206207889)
(0.02 0.001804085262 0.0206207889)
(0.020625 0.001804085262 0.0206207889)
(0.02125 0.001804085262 0.0206207889)
(0.021875 0.001804085262 0.0206207889)
(0.0225 0.001804085262 0.0206207889)
(0.023125 0.001804085262 0.0206207889)
(0.02375 0.001804085262 0.0206207889)
(0.024375 0.001804085262 0.0206207889)
(0.025 0.001804085262 0.0206207889)
(0.025625 0.001804085262 0.0206207889)
(0.02625 0.001804085262 0.0206207889)
(0.026875 0.001804085262 0.0206207889)
(0.0275 0.001804085262 0.0206207889)
(0.028125 0.001804085262 0.0206207889)
(0.02875 0.001804085262 0.0206207889)
(0.029375 0.001804085262 0.0206207889)
(0.03 0.001804085262 0.0206207889)
(0.030625 0.001804085262 0.0206207889)
(0.03125 0.001804085262 0.0206207889)
(0.031875 0.001804085262 0.0206207889)
(0.0325 0.001804085262 0.0206207889)
(0.033125 0.001804085262 0.0206207889)
(0.03375 0.001804085262 0.0206207889)
(0.034375 0.001804085262 0.0206207889)
(0.035 0.001804085262 0.0206207889)
(0.035625 0.001804085262 0.0206207889)
(0.03625 0.001804085262 0.0206207889)
(0.036875 0.001804085262 0.0206207889)
(0.0375 0.001804085262 0.0206207889)
(0.038125 0.001804085262 0.0206207889)
(0.03875 0.001804085262 0.0206207889)
(0.039375 0.001804085262 0.0206207889)
(0.04 0.001804085262 0.0206207889)
(0.040625 0.001804085262 0.0206207889)
(0.04125 0.001804085262 0.0206207889)
(0.041875 0.001804085262 0.0206207889)
(0.0425 0.001804085262 0.0206207889)
(0.043125 0.001804085262 0.0206207889)
(0.04375 0.001804085262 0.0206207889)
(0.044375 0.001804085262 0.0206207889)
(0.045 0.001804085262 0.0206207889)
(0.045625 0.001804085262 0.0206207889)
(0.04625 0.001804085262 0.0206207889)
(0.046875 0.001804085262 0.0206207889)
(0.0475 0.001804085262 0.0206207889)
(0.048125 0.001804085262 0.0206207889)
(0.04875 0.001804085262 0.0206207889)
(0.049375 0.001804085262 0.0206207889)
(0.05 0.001804085262 0.0206207889)
(0 0.001870964114 0.02138521768)
(0.000625 0.001870964114 0.02138521768)
(0.00125 0.001870964114 0.02138521768)
(0.001875 0.001870964114 0.02138521768)
(0.0025 0.001870964114 0.02138521768)
(0.003125 0.001870964114 0.02138521768)
(0.00375 0.001870964114 0.02138521768)
(0.004375 0.001870964114 0.02138521768)
(0.005 0.001870964114 0.02138521768)
(0.005625 0.001870964114 0.02138521768)
(0.00625 0.001870964114 0.02138521768)
(0.006875 0.001870964114 0.02138521768)
(0.0075 0.001870964114 0.02138521768)
(0.008125 0.001870964114 0.02138521768)
(0.00875 0.001870964114 0.02138521768)
(0.009375 0.001870964114 0.02138521768)
(0.01 0.001870964114 0.02138521768)
(0.010625 0.001870964114 0.02138521768)
(0.01125 0.001870964114 0.02138521768)
(0.011875 0.001870964114 0.02138521768)
(0.0125 0.001870964114 0.02138521768)
(0.013125 0.001870964114 0.02138521768)
(0.01375 0.001870964114 0.02138521768)
(0.014375 0.001870964114 0.02138521768)
(0.015 0.001870964114 0.02138521768)
(0.015625 0.001870964114 0.02138521768)
(0.01625 0.001870964114 0.02138521768)
(0.016875 0.001870964114 0.02138521768)
(0.0175 0.001870964114 0.02138521768)
(0.018125 0.001870964114 0.02138521768)
(0.01875 0.001870964114 0.02138521768)
(0.019375 0.001870964114 0.02138521768)
(0.02 0.001870964114 0.02138521768)
(0.020625 0.001870964114 0.02138521768)
(0.02125 0.001870964114 0.02138521768)
(0.021875 0.001870964114 0.02138521768)
(0.0225 0.001870964114 0.02138521768)
(0.023125 0.001870964114 0.02138521768)
(0.02375 0.001870964114 0.02138521768)
(0.024375 0.001870964114 0.02138521768)
(0.025 0.001870964114 0.02138521768)
(0.025625 0.001870964114 0.02138521768)
(0.02625 0.001870964114 0.02138521768)
(0.026875 0.001870964114 0.02138521768)
(0.0275 0.001870964114 0.02138521768)
(0.028125 0.001870964114 0.02138521768)
(0.02875 0.001870964114 0.02138521768)
(0.029375 0.001870964114 0.02138521768)
(0.03 0.001870964114 0.02138521768)
(0.030625 0.001870964114 0.02138521768)
(0.03125 0.001870964114 0.02138521768)
(0.031875 0.001870964114 0.02138521768)
(0.0325 0.001870964114 0.02138521768)
(0.033125 0.001870964114 0.02138521768)
(0.03375 0.001870964114 0.02138521768)
(0.034375 0.001870964114 0.02138521768)
(0.035 0.001870964114 0.02138521768)
(0.035625 0.001870964114 0.02138521768)
(0.03625 0.001870964114 0.02138521768)
(0.036875 0.001870964114 0.02138521768)
(0.0375 0.001870964114 0.02138521768)
(0.038125 0.001870964114 0.02138521768)
(0.03875 0.001870964114 0.02138521768)
(0.039375 0.001870964114 0.02138521768)
(0.04 0.001870964114 0.02138521768)
(0.040625 0.001870964114 0.02138521768)
(0.04125 0.001870964114 0.02138521768)
(0.041875 0.001870964114 0.02138521768)
(0.0425 0.001870964114 0.02138521768)
(0.043125 0.001870964114 0.02138521768)
(0.04375 0.001870964114 0.02138521768)
(0.044375 0.001870964114 0.02138521768)
(0.045 0.001870964114 0.02138521768)
(0.045625 0.001870964114 0.02138521768)
(0.04625 0.001870964114 0.02138521768)
(0.046875 0.001870964114 0.02138521768)
(0.0475 0.001870964114 0.02138521768)
(0.048125 0.001870964114 0.02138521768)
(0.04875 0.001870964114 0.02138521768)
(0.049375 0.001870964114 0.02138521768)
(0.05 0.001870964114 0.02138521768)
(0 0.001933505149 0.02210006498)
(0.000625 0.001933505149 0.02210006498)
(0.00125 0.001933505149 0.02210006498)
(0.001875 0.001933505149 0.02210006498)
(0.0025 0.001933505149 0.02210006498)
(0.003125 0.001933505149 0.02210006498)
(0.00375 0.001933505149 0.02210006498)
(0.004375 0.001933505149 0.02210006498)
(0.005 0.001933505149 0.02210006498)
(0.005625 0.001933505149 0.02210006498)
(0.00625 0.001933505149 0.02210006498)
(0.006875 0.001933505149 0.02210006498)
(0.0075 0.001933505149 0.02210006498)
(0.008125 0.001933505149 0.02210006498)
(0.00875 0.001933505149 0.02210006498)
(0.009375 0.001933505149 0.02210006498)
(0.01 0.001933505149 0.02210006498)
(0.010625 0.001933505149 0.02210006498)
(0.01125 0.001933505149 0.02210006498)
(0.011875 0.001933505149 0.02210006498)
(0.0125 0.001933505149 0.02210006498)
(0.013125 0.001933505149 0.02210006498)
(0.01375 0.001933505149 0.02210006498)
(0.014375 0.001933505149 0.02210006498)
(0.015 0.001933505149 0.02210006498)
(0.015625 0.001933505149 0.02210006498)
(0.01625 0.001933505149 0.02210006498)
(0.016875 0.001933505149 0.02210006498)
(0.0175 0.001933505149 0.02210006498)
(0.018125 0.001933505149 0.02210006498)
(0.01875 0.001933505149 0.02210006498)
(0.019375 0.001933505149 0.02210006498)
(0.02 0.001933505149 0.02210006498)
(0.020625 0.001933505149 0.02210006498)
(0.02125 0.001933505149 0.02210006498)
(0.021875 0.001933505149 0.02210006498)
(0.0225 0.001933505149 0.02210006498)
(0.023125 0.001933505149 0.02210006498)
(0.02375 0.001933505149 0.02210006498)
(0.024375 0.001933505149 0.02210006498)
(0.025 0.001933505149 0.02210006498)
(0.025625 0.001933505149 0.02210006498)
(0.02625 0.001933505149 0.02210006498)
(0.026875 0.001933505149 0.02210006498)
(0.0275 0.001933505149 0.02210006498)
(0.028125 0.001933505149 0.02210006498)
(0.02875 0.001933505149 0.02210006498)
(0.029375 0.001933505149 0.02210006498)
(0.03 0.001933505149 0.02210006498)
(0.030625 0.001933505149 0.02210006498)
(0.03125 0.001933505149 0.02210006498)
(0.031875 0.001933505149 0.02210006498)
(0.0325 0.001933505149 0.02210006498)
(0.033125 0.001933505149 0.02210006498)
(0.03375 0.001933505149 0.02210006498)
(0.034375 0.001933505149 0.02210006498)
(0.035 0.001933505149 0.02210006498)
(0.035625 0.001933505149 0.02210006498)
(0.03625 0.001933505149 0.02210006498)
(0.036875 0.001933505149 0.02210006498)
(0.0375 0.001933505149 0.02210006498)
(0.038125 0.001933505149 0.02210006498)
(0.03875 0.001933505149 0.02210006498)
(0.039375 0.001933505149 0.02210006498)
(0.04 0.001933505149 0.02210006498)
(0.040625 0.001933505149 0.02210006498)
(0.04125 0.001933505149 0.02210006498)
(0.041875 0.001933505149 0.02210006498)
(0.0425 0.001933505149 0.02210006498)
(0.043125 0.001933505149 0.02210006498)
(0.04375 0.001933505149 0.02210006498)
(0.044375 0.001933505149 0.02210006498)
(0.045 0.001933505149 0.02210006498)
(0.045625 0.001933505149 0.02210006498)
(0.04625 0.001933505149 0.02210006498)
(0.046875 0.001933505149 0.02210006498)
(0.0475 0.001933505149 0.02210006498)
(0.048125 0.001933505149 0.02210006498)
(0.04875 0.001933505149 0.02210006498)
(0.049375 0.001933505149 0.02210006498)
(0.05 0.001933505149 0.02210006498)
(0 0.001991989721 0.0227685467)
(0.000625 0.001991989721 0.0227685467)
(0.00125 0.001991989721 0.0227685467)
(0.001875 0.001991989721 0.0227685467)
(0.0025 0.001991989721 0.0227685467)
(0.003125 0.001991989721 0.0227685467)
(0.00375 0.001991989721 0.0227685467)
(0.004375 0.001991989721 0.0227685467)
(0.005 0.001991989721 0.0227685467)
(0.005625 0.001991989721 0.0227685467)
(0.00625 0.001991989721 0.0227685467)
(0.006875 0.001991989721 0.0227685467)
(0.0075 0.001991989721 0.0227685467)
(0.008125 0.001991989721 0.0227685467)
(0.00875 0.001991989721 0.0227685467)
(0.009375 0.001991989721 0.0227685467)
(0.01 0.001991989721 0.0227685467)
(0.010625 0.001991989721 0.0227685467)
(0.01125 0.001991989721 0.0227685467)
(0.011875 0.001991989721 0.0227685467)
(0.0125 0.001991989721 0.0227685467)
(0.013125 0.001991989721 0.0227685467)
(0.01375 0.001991989721 0.0227685467)
(0.014375 0.001991989721 0.0227685467)
(0.015 0.001991989721 0.0227685467)
(0.015625 0.001991989721 0.0227685467)
(0.01625 0.001991989721 0.0227685467)
(0.016875 0.001991989721 0.0227685467)
(0.0175 0.001991989721 0.0227685467)
(0.018125 0.001991989721 0.0227685467)
(0.01875 0.001991989721 0.0227685467)
(0.019375 0.001991989721 0.0227685467)
(0.02 0.001991989721 0.0227685467)
(0.020625 0.001991989721 0.0227685467)
(0.02125 0.001991989721 0.0227685467)
(0.021875 0.001991989721 0.0227685467)
(0.0225 0.001991989721 0.0227685467)
(0.023125 0.001991989721 0.0227685467)
(0.02375 0.001991989721 0.0227685467)
(0.024375 0.001991989721 0.0227685467)
(0.025 0.001991989721 0.0227685467)
(0.025625 0.001991989721 0.0227685467)
(0.02625 0.001991989721 0.0227685467)
(0.026875 0.001991989721 0.0227685467)
(0.0275 0.001991989721 0.0227685467)
(0.028125 0.001991989721 0.0227685467)
(0.02875 0.001991989721 0.0227685467)
(0.029375 0.001991989721 0.0227685467)
(0.03 0.001991989721 0.0227685467)
(0.030625 0.001991989721 0.0227685467)
(0.03125 0.001991989721 0.0227685467)
(0.031875 0.001991989721 0.0227685467)
(0.0325 0.001991989721 0.0227685467)
(0.033125 0.001991989721 0.0227685467)
(0.03375 0.001991989721 0.0227685467)
(0.034375 0.001991989721 0.0227685467)
(0.035 0.001991989721 0.0227685467)
(0.035625 0.001991989721 0.0227685467)
(0.03625 0.001991989721 0.0227685467)
(0.036875 0.001991989721 0.0227685467)
(0.0375 0.001991989721 0.0227685467)
(0.038125 0.001991989721 0.0227685467)
(0.03875 0.001991989721 0.0227685467)
(0.039375 0.001991989721 0.0227685467)
(0.04 0.001991989721 0.0227685467)
(0.040625 0.001991989721 0.0227685467)
(0.04125 0.001991989721 0.0227685467)
(0.041875 0.001991989721 0.0227685467)
(0.0425 0.001991989721 0.0227685467)
(0.043125 0.001991989721 0.0227685467)
(0.04375 0.001991989721 0.0227685467)
(0.044375 0.001991989721 0.0227685467)
(0.045 0.001991989721 0.0227685467)
(0.045625 0.001991989721 0.0227685467)
(0.04625 0.001991989721 0.0227685467)
(0.046875 0.001991989721 0.0227685467)
(0.0475 0.001991989721 0.0227685467)
(0.048125 0.001991989721 0.0227685467)
(0.04875 0.001991989721 0.0227685467)
(0.049375 0.001991989721 0.0227685467)
(0.05 0.001991989721 0.0227685467)
(0 0.002046680935 0.02339367013)
(0.000625 0.002046680935 0.02339367013)
(0.00125 0.002046680935 0.02339367013)
(0.001875 0.002046680935 0.02339367013)
(0.0025 0.002046680935 0.02339367013)
(0.003125 0.002046680935 0.02339367013)
(0.00375 0.002046680935 0.02339367013)
(0.004375 0.002046680935 0.02339367013)
(0.005 0.002046680935 0.02339367013)
(0.005625 0.002046680935 0.02339367013)
(0.00625 0.002046680935 0.02339367013)
(0.006875 0.002046680935 0.02339367013)
(0.0075 0.002046680935 0.02339367013)
(0.008125 0.002046680935 0.02339367013)
(0.00875 0.002046680935 0.02339367013)
(0.009375 0.002046680935 0.02339367013)
(0.01 0.002046680935 0.02339367013)
(0.010625 0.002046680935 0.02339367013)
(0.01125 0.002046680935 0.02339367013)
(0.011875 0.002046680935 0.02339367013)
(0.0125 0.002046680935 0.02339367013)
(0.013125 0.002046680935 0.02339367013)
(0.01375 0.002046680935 0.02339367013)
(0.014375 0.002046680935 0.02339367013)
(0.015 0.002046680935 0.02339367013)
(0.015625 0.002046680935 0.02339367013)
(0.01625 0.002046680935 0.02339367013)
(0.016875 0.002046680935 0.02339367013)
(0.0175 0.002046680935 0.02339367013)
(0.018125 0.002046680935 0.02339367013)
(0.01875 0.002046680935 0.02339367013)
(0.019375 0.002046680935 0.02339367013)
(0.02 0.002046680935 0.02339367013)
(0.020625 0.002046680935 0.02339367013)
(0.02125 0.002046680935 0.02339367013)
(0.021875 0.002046680935 0.02339367013)
(0.0225 0.002046680935 0.02339367013)
(0.023125 0.002046680935 0.02339367013)
(0.02375 0.002046680935 0.02339367013)
(0.024375 0.002046680935 0.02339367013)
(0.025 0.002046680935 0.02339367013)
(0.025625 0.002046680935 0.02339367013)
(0.02625 0.002046680935 0.02339367013)
(0.026875 0.002046680935 0.02339367013)
(0.0275 0.002046680935 0.02339367013)
(0.028125 0.002046680935 0.02339367013)
(0.02875 0.002046680935 0.02339367013)
(0.029375 0.002046680935 0.02339367013)
(0.03 0.002046680935 0.02339367013)
(0.030625 0.002046680935 0.02339367013)
(0.03125 0.002046680935 0.02339367013)
(0.031875 0.002046680935 0.02339367013)
(0.0325 0.002046680935 0.02339367013)
(0.033125 0.002046680935 0.02339367013)
(0.03375 0.002046680935 0.02339367013)
(0.034375 0.002046680935 0.02339367013)
(0.035 0.002046680935 0.02339367013)
(0.035625 0.002046680935 0.02339367013)
(0.03625 0.002046680935 0.02339367013)
(0.036875 0.002046680935 0.02339367013)
(0.0375 0.002046680935 0.02339367013)
(0.038125 0.002046680935 0.02339367013)
(0.03875 0.002046680935 0.02339367013)
(0.039375 0.002046680935 0.02339367013)
(0.04 0.002046680935 0.02339367013)
(0.040625 0.002046680935 0.02339367013)
(0.04125 0.002046680935 0.02339367013)
(0.041875 0.002046680935 0.02339367013)
(0.0425 0.002046680935 0.02339367013)
(0.043125 0.002046680935 0.02339367013)
(0.04375 0.002046680935 0.02339367013)
(0.044375 0.002046680935 0.02339367013)
(0.045 0.002046680935 0.02339367013)
(0.045625 0.002046680935 0.02339367013)
(0.04625 0.002046680935 0.02339367013)
(0.046875 0.002046680935 0.02339367013)
(0.0475 0.002046680935 0.02339367013)
(0.048125 0.002046680935 0.02339367013)
(0.04875 0.002046680935 0.02339367013)
(0.049375 0.002046680935 0.02339367013)
(0.05 0.002046680935 0.02339367013)
(0 0.002097824832 0.02397824755)
(0.000625 0.002097824832 0.02397824755)
(0.00125 0.002097824832 0.02397824755)
(0.001875 0.002097824832 0.02397824755)
(0.0025 0.002097824832 0.02397824755)
(0.003125 0.002097824832 0.02397824755)
(0.00375 0.002097824832 0.02397824755)
(0.004375 0.002097824832 0.02397824755)
(0.005 0.002097824832 0.02397824755)
(0.005625 0.002097824832 0.02397824755)
(0.00625 0.002097824832 0.02397824755)
(0.006875 0.002097824832 0.02397824755)
(0.0075 0.002097824832 0.02397824755)
(0.008125 0.002097824832 0.02397824755)
(0.00875 0.002097824832 0.02397824755)
(0.009375 0.002097824832 0.02397824755)
(0.01 0.002097824832 0.02397824755)
(0.010625 0.002097824832 0.02397824755)
(0.01125 0.002097824832 0.02397824755)
(0.011875 0.002097824832 0.02397824755)
(0.0125 0.002097824832 0.02397824755)
(0.013125 0.002097824832 0.02397824755)
(0.01375 0.002097824832 0.02397824755)
(0.014375 0.002097824832 0.02397824755)
(0.015 0.002097824832 0.02397824755)
(0.015625 0.002097824832 0.02397824755)
(0.01625 0.002097824832 0.02397824755)
(0.016875 0.002097824832 0.02397824755)
(0.0175 0.002097824832 0.02397824755)
(0.018125 0.002097824832 0.02397824755)
(0.01875 0.002097824832 0.02397824755)
(0.019375 0.002097824832 0.02397824755)
(0.02 0.002097824832 0.02397824755)
(0.020625 0.002097824832 0.02397824755)
(0.02125 0.002097824832 0.02397824755)
(0.021875 0.002097824832 0.02397824755)
(0.0225 0.002097824832 0.02397824755)
(0.023125 0.002097824832 0.02397824755)
(0.02375 0.002097824832 0.02397824755)
(0.024375 0.002097824832 0.02397824755)
(0.025 0.002097824832 0.02397824755)
(0.025625 0.002097824832 0.02397824755)
(0.02625 0.002097824832 0.02397824755)
(0.026875 0.002097824832 0.02397824755)
(0.0275 0.002097824832 0.02397824755)
(0.028125 0.002097824832 0.02397824755)
(0.02875 0.002097824832 0.02397824755)
(0.029375 0.002097824832 0.02397824755)
(0.03 0.002097824832 0.02397824755)
(0.030625 0.002097824832 0.02397824755)
(0.03125 0.002097824832 0.02397824755)
(0.031875 0.002097824832 0.02397824755)
(0.0325 0.002097824832 0.02397824755)
(0.033125 0.002097824832 0.02397824755)
(0.03375 0.002097824832 0.02397824755)
(0.034375 0.002097824832 0.02397824755)
(0.035 0.002097824832 0.02397824755)
(0.035625 0.002097824832 0.02397824755)
(0.03625 0.002097824832 0.02397824755)
(0.036875 0.002097824832 0.02397824755)
(0.0375 0.002097824832 0.02397824755)
(0.038125 0.002097824832 0.02397824755)
(0.03875 0.002097824832 0.02397824755)
(0.039375 0.002097824832 0.02397824755)
(0.04 0.002097824832 0.02397824755)
(0.040625 0.002097824832 0.02397824755)
(0.04125 0.002097824832 0.02397824755)
(0.041875 0.002097824832 0.02397824755)
(0.0425 0.002097824832 0.02397824755)
(0.043125 0.002097824832 0.02397824755)
(0.04375 0.002097824832 0.02397824755)
(0.044375 0.002097824832 0.02397824755)
(0.045 0.002097824832 0.02397824755)
(0.045625 0.002097824832 0.02397824755)
(0.04625 0.002097824832 0.02397824755)
(0.046875 0.002097824832 0.02397824755)
(0.0475 0.002097824832 0.02397824755)
(0.048125 0.002097824832 0.02397824755)
(0.04875 0.002097824832 0.02397824755)
(0.049375 0.002097824832 0.02397824755)
(0.05 0.002097824832 0.02397824755)
(0 0.002145651493 0.02452490879)
(0.000625 0.002145651493 0.02452490879)
(0.00125 0.002145651493 0.02452490879)
(0.001875 0.002145651493 0.02452490879)
(0.0025 0.002145651493 0.02452490879)
(0.003125 0.002145651493 0.02452490879)
(0.00375 0.002145651493 0.02452490879)
(0.004375 0.002145651493 0.02452490879)
(0.005 0.002145651493 0.02452490879)
(0.005625 0.002145651493 0.02452490879)
(0.00625 0.002145651493 0.02452490879)
(0.006875 0.002145651493 0.02452490879)
(0.0075 0.002145651493 0.02452490879)
(0.008125 0.002145651493 0.02452490879)
(0.00875 0.002145651493 0.02452490879)
(0.009375 0.002145651493 0.02452490879)
(0.01 0.002145651493 0.02452490879)
(0.010625 0.002145651493 0.02452490879)
(0.01125 0.002145651493 0.02452490879)
(0.011875 0.002145651493 0.02452490879)
(0.0125 0.002145651493 0.02452490879)
(0.013125 0.002145651493 0.02452490879)
(0.01375 0.002145651493 0.02452490879)
(0.014375 0.002145651493 0.02452490879)
(0.015 0.002145651493 0.02452490879)
(0.015625 0.002145651493 0.02452490879)
(0.01625 0.002145651493 0.02452490879)
(0.016875 0.002145651493 0.02452490879)
(0.0175 0.002145651493 0.02452490879)
(0.018125 0.002145651493 0.02452490879)
(0.01875 0.002145651493 0.02452490879)
(0.019375 0.002145651493 0.02452490879)
(0.02 0.002145651493 0.02452490879)
(0.020625 0.002145651493 0.02452490879)
(0.02125 0.002145651493 0.02452490879)
(0.021875 0.002145651493 0.02452490879)
(0.0225 0.002145651493 0.02452490879)
(0.023125 0.002145651493 0.02452490879)
(0.02375 0.002145651493 0.02452490879)
(0.024375 0.002145651493 0.02452490879)
(0.025 0.002145651493 0.02452490879)
(0.025625 0.002145651493 0.02452490879)
(0.02625 0.002145651493 0.02452490879)
(0.026875 0.002145651493 0.02452490879)
(0.0275 0.002145651493 0.02452490879)
(0.028125 0.002145651493 0.02452490879)
(0.02875 0.002145651493 0.02452490879)
(0.029375 0.002145651493 0.02452490879)
(0.03 0.002145651493 0.02452490879)
(0.030625 0.002145651493 0.02452490879)
(0.03125 0.002145651493 0.02452490879)
(0.031875 0.002145651493 0.02452490879)
(0.0325 0.002145651493 0.02452490879)
(0.033125 0.002145651493 0.02452490879)
(0.03375 0.002145651493 0.02452490879)
(0.034375 0.002145651493 0.02452490879)
(0.035 0.002145651493 0.02452490879)
(0.035625 0.002145651493 0.02452490879)
(0.03625 0.002145651493 0.02452490879)
(0.036875 0.002145651493 0.02452490879)
(0.0375 0.002145651493 0.02452490879)
(0.038125 0.002145651493 0.02452490879)
(0.03875 0.002145651493 0.02452490879)
(0.039375 0.002145651493 0.02452490879)
(0.04 0.002145651493 0.02452490879)
(0.040625 0.002145651493 0.02452490879)
(0.04125 0.002145651493 0.02452490879)
(0.041875 0.002145651493 0.02452490879)
(0.0425 0.002145651493 0.02452490879)
(0.043125 0.002145651493 0.02452490879)
(0.04375 0.002145651493 0.02452490879)
(0.044375 0.002145651493 0.02452490879)
(0.045 0.002145651493 0.02452490879)
(0.045625 0.002145651493 0.02452490879)
(0.04625 0.002145651493 0.02452490879)
(0.046875 0.002145651493 0.02452490879)
(0.0475 0.002145651493 0.02452490879)
(0.048125 0.002145651493 0.02452490879)
(0.04875 0.002145651493 0.02452490879)
(0.049375 0.002145651493 0.02452490879)
(0.05 0.002145651493 0.02452490879)
(0 0.002190376077 0.02503611312)
(0.000625 0.002190376077 0.02503611312)
(0.00125 0.002190376077 0.02503611312)
(0.001875 0.002190376077 0.02503611312)
(0.0025 0.002190376077 0.02503611312)
(0.003125 0.002190376077 0.02503611312)
(0.00375 0.002190376077 0.02503611312)
(0.004375 0.002190376077 0.02503611312)
(0.005 0.002190376077 0.02503611312)
(0.005625 0.002190376077 0.02503611312)
(0.00625 0.002190376077 0.02503611312)
(0.006875 0.002190376077 0.02503611312)
(0.0075 0.002190376077 0.02503611312)
(0.008125 0.002190376077 0.02503611312)
(0.00875 0.002190376077 0.02503611312)
(0.009375 0.002190376077 0.02503611312)
(0.01 0.002190376077 0.02503611312)
(0.010625 0.002190376077 0.02503611312)
(0.01125 0.002190376077 0.02503611312)
(0.011875 0.002190376077 0.02503611312)
(0.0125 0.002190376077 0.02503611312)
(0.013125 0.002190376077 0.02503611312)
(0.01375 0.002190376077 0.02503611312)
(0.014375 0.002190376077 0.02503611312)
(0.015 0.002190376077 0.02503611312)
(0.015625 0.002190376077 0.02503611312)
(0.01625 0.002190376077 0.02503611312)
(0.016875 0.002190376077 0.02503611312)
(0.0175 0.002190376077 0.02503611312)
(0.018125 0.002190376077 0.02503611312)
(0.01875 0.002190376077 0.02503611312)
(0.019375 0.002190376077 0.02503611312)
(0.02 0.002190376077 0.02503611312)
(0.020625 0.002190376077 0.02503611312)
(0.02125 0.002190376077 0.02503611312)
(0.021875 0.002190376077 0.02503611312)
(0.0225 0.002190376077 0.02503611312)
(0.023125 0.002190376077 0.02503611312)
(0.02375 0.002190376077 0.02503611312)
(0.024375 0.002190376077 0.02503611312)
(0.025 0.002190376077 0.02503611312)
(0.025625 0.002190376077 0.02503611312)
(0.02625 0.002190376077 0.02503611312)
(0.026875 0.002190376077 0.02503611312)
(0.0275 0.002190376077 0.02503611312)
(0.028125 0.002190376077 0.02503611312)
(0.02875 0.002190376077 0.02503611312)
(0.029375 0.002190376077 0.02503611312)
(0.03 0.002190376077 0.02503611312)
(0.030625 0.002190376077 0.02503611312)
(0.03125 0.002190376077 0.02503611312)
(0.031875 0.002190376077 0.02503611312)
(0.0325 0.002190376077 0.02503611312)
(0.033125 0.002190376077 0.02503611312)
(0.03375 0.002190376077 0.02503611312)
(0.034375 0.002190376077 0.02503611312)
(0.035 0.002190376077 0.02503611312)
(0.035625 0.002190376077 0.02503611312)
(0.03625 0.002190376077 0.02503611312)
(0.036875 0.002190376077 0.02503611312)
(0.0375 0.002190376077 0.02503611312)
(0.038125 0.002190376077 0.02503611312)
(0.03875 0.002190376077 0.02503611312)
(0.039375 0.002190376077 0.02503611312)
(0.04 0.002190376077 0.02503611312)
(0.040625 0.002190376077 0.02503611312)
(0.04125 0.002190376077 0.02503611312)
(0.041875 0.002190376077 0.02503611312)
(0.0425 0.002190376077 0.02503611312)
(0.043125 0.002190376077 0.02503611312)
(0.04375 0.002190376077 0.02503611312)
(0.044375 0.002190376077 0.02503611312)
(0.045 0.002190376077 0.02503611312)
(0.045625 0.002190376077 0.02503611312)
(0.04625 0.002190376077 0.02503611312)
(0.046875 0.002190376077 0.02503611312)
(0.0475 0.002190376077 0.02503611312)
(0.048125 0.002190376077 0.02503611312)
(0.04875 0.002190376077 0.02503611312)
(0.049375 0.002190376077 0.02503611312)
(0.05 0.002190376077 0.02503611312)
(0 0.002232199788 0.02551416033)
(0.000625 0.002232199788 0.02551416033)
(0.00125 0.002232199788 0.02551416033)
(0.001875 0.002232199788 0.02551416033)
(0.0025 0.002232199788 0.02551416033)
(0.003125 0.002232199788 0.02551416033)
(0.00375 0.002232199788 0.02551416033)
(0.004375 0.002232199788 0.02551416033)
(0.005 0.002232199788 0.02551416033)
(0.005625 0.002232199788 0.02551416033)
(0.00625 0.002232199788 0.02551416033)
(0.006875 0.002232199788 0.02551416033)
(0.0075 0.002232199788 0.02551416033)
(0.008125 0.002232199788 0.02551416033)
(0.00875 0.002232199788 0.02551416033)
(0.009375 0.002232199788 0.02551416033)
(0.01 0.002232199788 0.02551416033)
(0.010625 0.002232199788 0.02551416033)
(0.01125 0.002232199788 0.02551416033)
(0.011875 0.002232199788 0.02551416033)
(0.0125 0.002232199788 0.02551416033)
(0.013125 0.002232199788 0.02551416033)
(0.01375 0.002232199788 0.02551416033)
(0.014375 0.002232199788 0.02551416033)
(0.015 0.002232199788 0.02551416033)
(0.015625 0.002232199788 0.02551416033)
(0.01625 0.002232199788 0.02551416033)
(0.016875 0.002232199788 0.02551416033)
(0.0175 0.002232199788 0.02551416033)
(0.018125 0.002232199788 0.02551416033)
(0.01875 0.002232199788 0.02551416033)
(0.019375 0.002232199788 0.02551416033)
(0.02 0.002232199788 0.02551416033)
(0.020625 0.002232199788 0.02551416033)
(0.02125 0.002232199788 0.02551416033)
(0.021875 0.002232199788 0.02551416033)
(0.0225 0.002232199788 0.02551416033)
(0.023125 0.002232199788 0.02551416033)
(0.02375 0.002232199788 0.02551416033)
(0.024375 0.002232199788 0.02551416033)
(0.025 0.002232199788 0.02551416033)
(0.025625 0.002232199788 0.02551416033)
(0.02625 0.002232199788 0.02551416033)
(0.026875 0.002232199788 0.02551416033)
(0.0275 0.002232199788 0.02551416033)
(0.028125 0.002232199788 0.02551416033)
(0.02875 0.002232199788 0.02551416033)
(0.029375 0.002232199788 0.02551416033)
(0.03 0.002232199788 0.02551416033)
(0.030625 0.002232199788 0.02551416033)
(0.03125 0.002232199788 0.02551416033)
(0.031875 0.002232199788 0.02551416033)
(0.0325 0.002232199788 0.02551416033)
(0.033125 0.002232199788 0.02551416033)
(0.03375 0.002232199788 0.02551416033)
(0.034375 0.002232199788 0.02551416033)
(0.035 0.002232199788 0.02551416033)
(0.035625 0.002232199788 0.02551416033)
(0.03625 0.002232199788 0.02551416033)
(0.036875 0.002232199788 0.02551416033)
(0.0375 0.002232199788 0.02551416033)
(0.038125 0.002232199788 0.02551416033)
(0.03875 0.002232199788 0.02551416033)
(0.039375 0.002232199788 0.02551416033)
(0.04 0.002232199788 0.02551416033)
(0.040625 0.002232199788 0.02551416033)
(0.04125 0.002232199788 0.02551416033)
(0.041875 0.002232199788 0.02551416033)
(0.0425 0.002232199788 0.02551416033)
(0.043125 0.002232199788 0.02551416033)
(0.04375 0.002232199788 0.02551416033)
(0.044375 0.002232199788 0.02551416033)
(0.045 0.002232199788 0.02551416033)
(0.045625 0.002232199788 0.02551416033)
(0.04625 0.002232199788 0.02551416033)
(0.046875 0.002232199788 0.02551416033)
(0.0475 0.002232199788 0.02551416033)
(0.048125 0.002232199788 0.02551416033)
(0.04875 0.002232199788 0.02551416033)
(0.049375 0.002232199788 0.02551416033)
(0.05 0.002232199788 0.02551416033)
(0 0.002271310778 0.02596120099)
(0.000625 0.002271310778 0.02596120099)
(0.00125 0.002271310778 0.02596120099)
(0.001875 0.002271310778 0.02596120099)
(0.0025 0.002271310778 0.02596120099)
(0.003125 0.002271310778 0.02596120099)
(0.00375 0.002271310778 0.02596120099)
(0.004375 0.002271310778 0.02596120099)
(0.005 0.002271310778 0.02596120099)
(0.005625 0.002271310778 0.02596120099)
(0.00625 0.002271310778 0.02596120099)
(0.006875 0.002271310778 0.02596120099)
(0.0075 0.002271310778 0.02596120099)
(0.008125 0.002271310778 0.02596120099)
(0.00875 0.002271310778 0.02596120099)
(0.009375 0.002271310778 0.02596120099)
(0.01 0.002271310778 0.02596120099)
(0.010625 0.002271310778 0.02596120099)
(0.01125 0.002271310778 0.02596120099)
(0.011875 0.002271310778 0.02596120099)
(0.0125 0.002271310778 0.02596120099)
(0.013125 0.002271310778 0.02596120099)
(0.01375 0.002271310778 0.02596120099)
(0.014375 0.002271310778 0.02596120099)
(0.015 0.002271310778 0.02596120099)
(0.015625 0.002271310778 0.02596120099)
(0.01625 0.002271310778 0.02596120099)
(0.016875 0.002271310778 0.02596120099)
(0.0175 0.002271310778 0.02596120099)
(0.018125 0.002271310778 0.02596120099)
(0.01875 0.002271310778 0.02596120099)
(0.019375 0.002271310778 0.02596120099)
(0.02 0.002271310778 0.02596120099)
(0.020625 0.002271310778 0.02596120099)
(0.02125 0.002271310778 0.02596120099)
(0.021875 0.002271310778 0.02596120099)
(0.0225 0.002271310778 0.02596120099)
(0.023125 0.002271310778 0.02596120099)
(0.02375 0.002271310778 0.02596120099)
(0.024375 0.002271310778 0.02596120099)
(0.025 0.002271310778 0.02596120099)
(0.025625 0.002271310778 0.02596120099)
(0.02625 0.002271310778 0.02596120099)
(0.026875 0.002271310778 0.02596120099)
(0.0275 0.002271310778 0.02596120099)
(0.028125 0.002271310778 0.02596120099)
(0.02875 0.002271310778 0.02596120099)
(0.029375 0.002271310778 0.02596120099)
(0.03 0.002271310778 0.02596120099)
(0.030625 0.002271310778 0.02596120099)
(0.03125 0.002271310778 0.02596120099)
(0.031875 0.002271310778 0.02596120099)
(0.0325 0.002271310778 0.02596120099)
(0.033125 0.002271310778 0.02596120099)
(0.03375 0.002271310778 0.02596120099)
(0.034375 0.002271310778 0.02596120099)
(0.035 0.002271310778 0.02596120099)
(0.035625 0.002271310778 0.02596120099)
(0.03625 0.002271310778 0.02596120099)
(0.036875 0.002271310778 0.02596120099)
(0.0375 0.002271310778 0.02596120099)
(0.038125 0.002271310778 0.02596120099)
(0.03875 0.002271310778 0.02596120099)
(0.039375 0.002271310778 0.02596120099)
(0.04 0.002271310778 0.02596120099)
(0.040625 0.002271310778 0.02596120099)
(0.04125 0.002271310778 0.02596120099)
(0.041875 0.002271310778 0.02596120099)
(0.0425 0.002271310778 0.02596120099)
(0.043125 0.002271310778 0.02596120099)
(0.04375 0.002271310778 0.02596120099)
(0.044375 0.002271310778 0.02596120099)
(0.045 0.002271310778 0.02596120099)
(0.045625 0.002271310778 0.02596120099)
(0.04625 0.002271310778 0.02596120099)
(0.046875 0.002271310778 0.02596120099)
(0.0475 0.002271310778 0.02596120099)
(0.048125 0.002271310778 0.02596120099)
(0.04875 0.002271310778 0.02596120099)
(0.049375 0.002271310778 0.02596120099)
(0.05 0.002271310778 0.02596120099)
(0 0.002307884997 0.02637924623)
(0.000625 0.002307884997 0.02637924623)
(0.00125 0.002307884997 0.02637924623)
(0.001875 0.002307884997 0.02637924623)
(0.0025 0.002307884997 0.02637924623)
(0.003125 0.002307884997 0.02637924623)
(0.00375 0.002307884997 0.02637924623)
(0.004375 0.002307884997 0.02637924623)
(0.005 0.002307884997 0.02637924623)
(0.005625 0.002307884997 0.02637924623)
(0.00625 0.002307884997 0.02637924623)
(0.006875 0.002307884997 0.02637924623)
(0.0075 0.002307884997 0.02637924623)
(0.008125 0.002307884997 0.02637924623)
(0.00875 0.002307884997 0.02637924623)
(0.009375 0.002307884997 0.02637924623)
(0.01 0.002307884997 0.02637924623)
(0.010625 0.002307884997 0.02637924623)
(0.01125 0.002307884997 0.02637924623)
(0.011875 0.002307884997 0.02637924623)
(0.0125 0.002307884997 0.02637924623)
(0.013125 0.002307884997 0.02637924623)
(0.01375 0.002307884997 0.02637924623)
(0.014375 0.002307884997 0.02637924623)
(0.015 0.002307884997 0.02637924623)
(0.015625 0.002307884997 0.02637924623)
(0.01625 0.002307884997 0.02637924623)
(0.016875 0.002307884997 0.02637924623)
(0.0175 0.002307884997 0.02637924623)
(0.018125 0.002307884997 0.02637924623)
(0.01875 0.002307884997 0.02637924623)
(0.019375 0.002307884997 0.02637924623)
(0.02 0.002307884997 0.02637924623)
(0.020625 0.002307884997 0.02637924623)
(0.02125 0.002307884997 0.02637924623)
(0.021875 0.002307884997 0.02637924623)
(0.0225 0.002307884997 0.02637924623)
(0.023125 0.002307884997 0.02637924623)
(0.02375 0.002307884997 0.02637924623)
(0.024375 0.002307884997 0.02637924623)
(0.025 0.002307884997 0.02637924623)
(0.025625 0.002307884997 0.02637924623)
(0.02625 0.002307884997 0.02637924623)
(0.026875 0.002307884997 0.02637924623)
(0.0275 0.002307884997 0.02637924623)
(0.028125 0.002307884997 0.02637924623)
(0.02875 0.002307884997 0.02637924623)
(0.029375 0.002307884997 0.02637924623)
(0.03 0.002307884997 0.02637924623)
(0.030625 0.002307884997 0.02637924623)
(0.03125 0.002307884997 0.02637924623)
(0.031875 0.002307884997 0.02637924623)
(0.0325 0.002307884997 0.02637924623)
(0.033125 0.002307884997 0.02637924623)
(0.03375 0.002307884997 0.02637924623)
(0.034375 0.002307884997 0.02637924623)
(0.035 0.002307884997 0.02637924623)
(0.035625 0.002307884997 0.02637924623)
(0.03625 0.002307884997 0.02637924623)
(0.036875 0.002307884997 0.02637924623)
(0.0375 0.002307884997 0.02637924623)
(0.038125 0.002307884997 0.02637924623)
(0.03875 0.002307884997 0.02637924623)
(0.039375 0.002307884997 0.02637924623)
(0.04 0.002307884997 0.02637924623)
(0.040625 0.002307884997 0.02637924623)
(0.04125 0.002307884997 0.02637924623)
(0.041875 0.002307884997 0.02637924623)
(0.0425 0.002307884997 0.02637924623)
(0.043125 0.002307884997 0.02637924623)
(0.04375 0.002307884997 0.02637924623)
(0.044375 0.002307884997 0.02637924623)
(0.045 0.002307884997 0.02637924623)
(0.045625 0.002307884997 0.02637924623)
(0.04625 0.002307884997 0.02637924623)
(0.046875 0.002307884997 0.02637924623)
(0.0475 0.002307884997 0.02637924623)
(0.048125 0.002307884997 0.02637924623)
(0.04875 0.002307884997 0.02637924623)
(0.049375 0.002307884997 0.02637924623)
(0.05 0.002307884997 0.02637924623)
(0 0.002342086982 0.02677017671)
(0.000625 0.002342086982 0.02677017671)
(0.00125 0.002342086982 0.02677017671)
(0.001875 0.002342086982 0.02677017671)
(0.0025 0.002342086982 0.02677017671)
(0.003125 0.002342086982 0.02677017671)
(0.00375 0.002342086982 0.02677017671)
(0.004375 0.002342086982 0.02677017671)
(0.005 0.002342086982 0.02677017671)
(0.005625 0.002342086982 0.02677017671)
(0.00625 0.002342086982 0.02677017671)
(0.006875 0.002342086982 0.02677017671)
(0.0075 0.002342086982 0.02677017671)
(0.008125 0.002342086982 0.02677017671)
(0.00875 0.002342086982 0.02677017671)
(0.009375 0.002342086982 0.02677017671)
(0.01 0.002342086982 0.02677017671)
(0.010625 0.002342086982 0.02677017671)
(0.01125 0.002342086982 0.02677017671)
(0.011875 0.002342086982 0.02677017671)
(0.0125 0.002342086982 0.02677017671)
(0.013125 0.002342086982 0.02677017671)
(0.01375 0.002342086982 0.02677017671)
(0.014375 0.002342086982 0.02677017671)
(0.015 0.002342086982 0.02677017671)
(0.015625 0.002342086982 0.02677017671)
(0.01625 0.002342086982 0.02677017671)
(0.016875 0.002342086982 0.02677017671)
(0.0175 0.002342086982 0.02677017671)
(0.018125 0.002342086982 0.02677017671)
(0.01875 0.002342086982 0.02677017671)
(0.019375 0.002342086982 0.02677017671)
(0.02 0.002342086982 0.02677017671)
(0.020625 0.002342086982 0.02677017671)
(0.02125 0.002342086982 0.02677017671)
(0.021875 0.002342086982 0.02677017671)
(0.0225 0.002342086982 0.02677017671)
(0.023125 0.002342086982 0.02677017671)
(0.02375 0.002342086982 0.02677017671)
(0.024375 0.002342086982 0.02677017671)
(0.025 0.002342086982 0.02677017671)
(0.025625 0.002342086982 0.02677017671)
(0.02625 0.002342086982 0.02677017671)
(0.026875 0.002342086982 0.02677017671)
(0.0275 0.002342086982 0.02677017671)
(0.028125 0.002342086982 0.02677017671)
(0.02875 0.002342086982 0.02677017671)
(0.029375 0.002342086982 0.02677017671)
(0.03 0.002342086982 0.02677017671)
(0.030625 0.002342086982 0.02677017671)
(0.03125 0.002342086982 0.02677017671)
(0.031875 0.002342086982 0.02677017671)
(0.0325 0.002342086982 0.02677017671)
(0.033125 0.002342086982 0.02677017671)
(0.03375 0.002342086982 0.02677017671)
(0.034375 0.002342086982 0.02677017671)
(0.035 0.002342086982 0.02677017671)
(0.035625 0.002342086982 0.02677017671)
(0.03625 0.002342086982 0.02677017671)
(0.036875 0.002342086982 0.02677017671)
(0.0375 0.002342086982 0.02677017671)
(0.038125 0.002342086982 0.02677017671)
(0.03875 0.002342086982 0.02677017671)
(0.039375 0.002342086982 0.02677017671)
(0.04 0.002342086982 0.02677017671)
(0.040625 0.002342086982 0.02677017671)
(0.04125 0.002342086982 0.02677017671)
(0.041875 0.002342086982 0.02677017671)
(0.0425 0.002342086982 0.02677017671)
(0.043125 0.002342086982 0.02677017671)
(0.04375 0.002342086982 0.02677017671)
(0.044375 0.002342086982 0.02677017671)
(0.045 0.002342086982 0.02677017671)
(0.045625 0.002342086982 0.02677017671)
(0.04625 0.002342086982 0.02677017671)
(0.046875 0.002342086982 0.02677017671)
(0.0475 0.002342086982 0.02677017671)
(0.048125 0.002342086982 0.02677017671)
(0.04875 0.002342086982 0.02677017671)
(0.049375 0.002342086982 0.02677017671)
(0.05 0.002342086982 0.02677017671)
(0 0.002374070598 0.02713575111)
(0.000625 0.002374070598 0.02713575111)
(0.00125 0.002374070598 0.02713575111)
(0.001875 0.002374070598 0.02713575111)
(0.0025 0.002374070598 0.02713575111)
(0.003125 0.002374070598 0.02713575111)
(0.00375 0.002374070598 0.02713575111)
(0.004375 0.002374070598 0.02713575111)
(0.005 0.002374070598 0.02713575111)
(0.005625 0.002374070598 0.02713575111)
(0.00625 0.002374070598 0.02713575111)
(0.006875 0.002374070598 0.02713575111)
(0.0075 0.002374070598 0.02713575111)
(0.008125 0.002374070598 0.02713575111)
(0.00875 0.002374070598 0.02713575111)
(0.009375 0.002374070598 0.02713575111)
(0.01 0.002374070598 0.02713575111)
(0.010625 0.002374070598 0.02713575111)
(0.01125 0.002374070598 0.02713575111)
(0.011875 0.002374070598 0.02713575111)
(0.0125 0.002374070598 0.02713575111)
(0.013125 0.002374070598 0.02713575111)
(0.01375 0.002374070598 0.02713575111)
(0.014375 0.002374070598 0.02713575111)
(0.015 0.002374070598 0.02713575111)
(0.015625 0.002374070598 0.02713575111)
(0.01625 0.002374070598 0.02713575111)
(0.016875 0.002374070598 0.02713575111)
(0.0175 0.002374070598 0.02713575111)
(0.018125 0.002374070598 0.02713575111)
(0.01875 0.002374070598 0.02713575111)
(0.019375 0.002374070598 0.02713575111)
(0.02 0.002374070598 0.02713575111)
(0.020625 0.002374070598 0.02713575111)
(0.02125 0.002374070598 0.02713575111)
(0.021875 0.002374070598 0.02713575111)
(0.0225 0.002374070598 0.02713575111)
(0.023125 0.002374070598 0.02713575111)
(0.02375 0.002374070598 0.02713575111)
(0.024375 0.002374070598 0.02713575111)
(0.025 0.002374070598 0.02713575111)
(0.025625 0.002374070598 0.02713575111)
(0.02625 0.002374070598 0.02713575111)
(0.026875 0.002374070598 0.02713575111)
(0.0275 0.002374070598 0.02713575111)
(0.028125 0.002374070598 0.02713575111)
(0.02875 0.002374070598 0.02713575111)
(0.029375 0.002374070598 0.02713575111)
(0.03 0.002374070598 0.02713575111)
(0.030625 0.002374070598 0.02713575111)
(0.03125 0.002374070598 0.02713575111)
(0.031875 0.002374070598 0.02713575111)
(0.0325 0.002374070598 0.02713575111)
(0.033125 0.002374070598 0.02713575111)
(0.03375 0.002374070598 0.02713575111)
(0.034375 0.002374070598 0.02713575111)
(0.035 0.002374070598 0.02713575111)
(0.035625 0.002374070598 0.02713575111)
(0.03625 0.002374070598 0.02713575111)
(0.036875 0.002374070598 0.02713575111)
(0.0375 0.002374070598 0.02713575111)
(0.038125 0.002374070598 0.02713575111)
(0.03875 0.002374070598 0.02713575111)
(0.039375 0.002374070598 0.02713575111)
(0.04 0.002374070598 0.02713575111)
(0.040625 0.002374070598 0.02713575111)
(0.04125 0.002374070598 0.02713575111)
(0.041875 0.002374070598 0.02713575111)
(0.0425 0.002374070598 0.02713575111)
(0.043125 0.002374070598 0.02713575111)
(0.04375 0.002374070598 0.02713575111)
(0.044375 0.002374070598 0.02713575111)
(0.045 0.002374070598 0.02713575111)
(0.045625 0.002374070598 0.02713575111)
(0.04625 0.002374070598 0.02713575111)
(0.046875 0.002374070598 0.02713575111)
(0.0475 0.002374070598 0.02713575111)
(0.048125 0.002374070598 0.02713575111)
(0.04875 0.002374070598 0.02713575111)
(0.049375 0.002374070598 0.02713575111)
(0.05 0.002374070598 0.02713575111)
(0 0.002403979731 0.02747761406)
(0.000625 0.002403979731 0.02747761406)
(0.00125 0.002403979731 0.02747761406)
(0.001875 0.002403979731 0.02747761406)
(0.0025 0.002403979731 0.02747761406)
(0.003125 0.002403979731 0.02747761406)
(0.00375 0.002403979731 0.02747761406)
(0.004375 0.002403979731 0.02747761406)
(0.005 0.002403979731 0.02747761406)
(0.005625 0.002403979731 0.02747761406)
(0.00625 0.002403979731 0.02747761406)
(0.006875 0.002403979731 0.02747761406)
(0.0075 0.002403979731 0.02747761406)
(0.008125 0.002403979731 0.02747761406)
(0.00875 0.002403979731 0.02747761406)
(0.009375 0.002403979731 0.02747761406)
(0.01 0.002403979731 0.02747761406)
(0.010625 0.002403979731 0.02747761406)
(0.01125 0.002403979731 0.02747761406)
(0.011875 0.002403979731 0.02747761406)
(0.0125 0.002403979731 0.02747761406)
(0.013125 0.002403979731 0.02747761406)
(0.01375 0.002403979731 0.02747761406)
(0.014375 0.002403979731 0.02747761406)
(0.015 0.002403979731 0.02747761406)
(0.015625 0.002403979731 0.02747761406)
(0.01625 0.002403979731 0.02747761406)
(0.016875 0.002403979731 0.02747761406)
(0.0175 0.002403979731 0.02747761406)
(0.018125 0.002403979731 0.02747761406)
(0.01875 0.002403979731 0.02747761406)
(0.019375 0.002403979731 0.02747761406)
(0.02 0.002403979731 0.02747761406)
(0.020625 0.002403979731 0.02747761406)
(0.02125 0.002403979731 0.02747761406)
(0.021875 0.002403979731 0.02747761406)
(0.0225 0.002403979731 0.02747761406)
(0.023125 0.002403979731 0.02747761406)
(0.02375 0.002403979731 0.02747761406)
(0.024375 0.002403979731 0.02747761406)
(0.025 0.002403979731 0.02747761406)
(0.025625 0.002403979731 0.02747761406)
(0.02625 0.002403979731 0.02747761406)
(0.026875 0.002403979731 0.02747761406)
(0.0275 0.002403979731 0.02747761406)
(0.028125 0.002403979731 0.02747761406)
(0.02875 0.002403979731 0.02747761406)
(0.029375 0.002403979731 0.02747761406)
(0.03 0.002403979731 0.02747761406)
(0.030625 0.002403979731 0.02747761406)
(0.03125 0.002403979731 0.02747761406)
(0.031875 0.002403979731 0.02747761406)
(0.0325 0.002403979731 0.02747761406)
(0.033125 0.002403979731 0.02747761406)
(0.03375 0.002403979731 0.02747761406)
(0.034375 0.002403979731 0.02747761406)
(0.035 0.002403979731 0.02747761406)
(0.035625 0.002403979731 0.02747761406)
(0.03625 0.002403979731 0.02747761406)
(0.036875 0.002403979731 0.02747761406)
(0.0375 0.002403979731 0.02747761406)
(0.038125 0.002403979731 0.02747761406)
(0.03875 0.002403979731 0.02747761406)
(0.039375 0.002403979731 0.02747761406)
(0.04 0.002403979731 0.02747761406)
(0.040625 0.002403979731 0.02747761406)
(0.04125 0.002403979731 0.02747761406)
(0.041875 0.002403979731 0.02747761406)
(0.0425 0.002403979731 0.02747761406)
(0.043125 0.002403979731 0.02747761406)
(0.04375 0.002403979731 0.02747761406)
(0.044375 0.002403979731 0.02747761406)
(0.045 0.002403979731 0.02747761406)
(0.045625 0.002403979731 0.02747761406)
(0.04625 0.002403979731 0.02747761406)
(0.046875 0.002403979731 0.02747761406)
(0.0475 0.002403979731 0.02747761406)
(0.048125 0.002403979731 0.02747761406)
(0.04875 0.002403979731 0.02747761406)
(0.049375 0.002403979731 0.02747761406)
(0.05 0.002403979731 0.02747761406)
(0 0.002431948932 0.02779730349)
(0.000625 0.002431948932 0.02779730349)
(0.00125 0.002431948932 0.02779730349)
(0.001875 0.002431948932 0.02779730349)
(0.0025 0.002431948932 0.02779730349)
(0.003125 0.002431948932 0.02779730349)
(0.00375 0.002431948932 0.02779730349)
(0.004375 0.002431948932 0.02779730349)
(0.005 0.002431948932 0.02779730349)
(0.005625 0.002431948932 0.02779730349)
(0.00625 0.002431948932 0.02779730349)
(0.006875 0.002431948932 0.02779730349)
(0.0075 0.002431948932 0.02779730349)
(0.008125 0.002431948932 0.02779730349)
(0.00875 0.002431948932 0.02779730349)
(0.009375 0.002431948932 0.02779730349)
(0.01 0.002431948932 0.02779730349)
(0.010625 0.002431948932 0.02779730349)
(0.01125 0.002431948932 0.02779730349)
(0.011875 0.002431948932 0.02779730349)
(0.0125 0.002431948932 0.02779730349)
(0.013125 0.002431948932 0.02779730349)
(0.01375 0.002431948932 0.02779730349)
(0.014375 0.002431948932 0.02779730349)
(0.015 0.002431948932 0.02779730349)
(0.015625 0.002431948932 0.02779730349)
(0.01625 0.002431948932 0.02779730349)
(0.016875 0.002431948932 0.02779730349)
(0.0175 0.002431948932 0.02779730349)
(0.018125 0.002431948932 0.02779730349)
(0.01875 0.002431948932 0.02779730349)
(0.019375 0.002431948932 0.02779730349)
(0.02 0.002431948932 0.02779730349)
(0.020625 0.002431948932 0.02779730349)
(0.02125 0.002431948932 0.02779730349)
(0.021875 0.002431948932 0.02779730349)
(0.0225 0.002431948932 0.02779730349)
(0.023125 0.002431948932 0.02779730349)
(0.02375 0.002431948932 0.02779730349)
(0.024375 0.002431948932 0.02779730349)
(0.025 0.002431948932 0.02779730349)
(0.025625 0.002431948932 0.02779730349)
(0.02625 0.002431948932 0.02779730349)
(0.026875 0.002431948932 0.02779730349)
(0.0275 0.002431948932 0.02779730349)
(0.028125 0.002431948932 0.02779730349)
(0.02875 0.002431948932 0.02779730349)
(0.029375 0.002431948932 0.02779730349)
(0.03 0.002431948932 0.02779730349)
(0.030625 0.002431948932 0.02779730349)
(0.03125 0.002431948932 0.02779730349)
(0.031875 0.002431948932 0.02779730349)
(0.0325 0.002431948932 0.02779730349)
(0.033125 0.002431948932 0.02779730349)
(0.03375 0.002431948932 0.02779730349)
(0.034375 0.002431948932 0.02779730349)
(0.035 0.002431948932 0.02779730349)
(0.035625 0.002431948932 0.02779730349)
(0.03625 0.002431948932 0.02779730349)
(0.036875 0.002431948932 0.02779730349)
(0.0375 0.002431948932 0.02779730349)
(0.038125 0.002431948932 0.02779730349)
(0.03875 0.002431948932 0.02779730349)
(0.039375 0.002431948932 0.02779730349)
(0.04 0.002431948932 0.02779730349)
(0.040625 0.002431948932 0.02779730349)
(0.04125 0.002431948932 0.02779730349)
(0.041875 0.002431948932 0.02779730349)
(0.0425 0.002431948932 0.02779730349)
(0.043125 0.002431948932 0.02779730349)
(0.04375 0.002431948932 0.02779730349)
(0.044375 0.002431948932 0.02779730349)
(0.045 0.002431948932 0.02779730349)
(0.045625 0.002431948932 0.02779730349)
(0.04625 0.002431948932 0.02779730349)
(0.046875 0.002431948932 0.02779730349)
(0.0475 0.002431948932 0.02779730349)
(0.048125 0.002431948932 0.02779730349)
(0.04875 0.002431948932 0.02779730349)
(0.049375 0.002431948932 0.02779730349)
(0.05 0.002431948932 0.02779730349)
(0 0.002458104027 0.0280962576)
(0.000625 0.002458104027 0.0280962576)
(0.00125 0.002458104027 0.0280962576)
(0.001875 0.002458104027 0.0280962576)
(0.0025 0.002458104027 0.0280962576)
(0.003125 0.002458104027 0.0280962576)
(0.00375 0.002458104027 0.0280962576)
(0.004375 0.002458104027 0.0280962576)
(0.005 0.002458104027 0.0280962576)
(0.005625 0.002458104027 0.0280962576)
(0.00625 0.002458104027 0.0280962576)
(0.006875 0.002458104027 0.0280962576)
(0.0075 0.002458104027 0.0280962576)
(0.008125 0.002458104027 0.0280962576)
(0.00875 0.002458104027 0.0280962576)
(0.009375 0.002458104027 0.0280962576)
(0.01 0.002458104027 0.0280962576)
(0.010625 0.002458104027 0.0280962576)
(0.01125 0.002458104027 0.0280962576)
(0.011875 0.002458104027 0.0280962576)
(0.0125 0.002458104027 0.0280962576)
(0.013125 0.002458104027 0.0280962576)
(0.01375 0.002458104027 0.0280962576)
(0.014375 0.002458104027 0.0280962576)
(0.015 0.002458104027 0.0280962576)
(0.015625 0.002458104027 0.0280962576)
(0.01625 0.002458104027 0.0280962576)
(0.016875 0.002458104027 0.0280962576)
(0.0175 0.002458104027 0.0280962576)
(0.018125 0.002458104027 0.0280962576)
(0.01875 0.002458104027 0.0280962576)
(0.019375 0.002458104027 0.0280962576)
(0.02 0.002458104027 0.0280962576)
(0.020625 0.002458104027 0.0280962576)
(0.02125 0.002458104027 0.0280962576)
(0.021875 0.002458104027 0.0280962576)
(0.0225 0.002458104027 0.0280962576)
(0.023125 0.002458104027 0.0280962576)
(0.02375 0.002458104027 0.0280962576)
(0.024375 0.002458104027 0.0280962576)
(0.025 0.002458104027 0.0280962576)
(0.025625 0.002458104027 0.0280962576)
(0.02625 0.002458104027 0.0280962576)
(0.026875 0.002458104027 0.0280962576)
(0.0275 0.002458104027 0.0280962576)
(0.028125 0.002458104027 0.0280962576)
(0.02875 0.002458104027 0.0280962576)
(0.029375 0.002458104027 0.0280962576)
(0.03 0.002458104027 0.0280962576)
(0.030625 0.002458104027 0.0280962576)
(0.03125 0.002458104027 0.0280962576)
(0.031875 0.002458104027 0.0280962576)
(0.0325 0.002458104027 0.0280962576)
(0.033125 0.002458104027 0.0280962576)
(0.03375 0.002458104027 0.0280962576)
(0.034375 0.002458104027 0.0280962576)
(0.035 0.002458104027 0.0280962576)
(0.035625 0.002458104027 0.0280962576)
(0.03625 0.002458104027 0.0280962576)
(0.036875 0.002458104027 0.0280962576)
(0.0375 0.002458104027 0.0280962576)
(0.038125 0.002458104027 0.0280962576)
(0.03875 0.002458104027 0.0280962576)
(0.039375 0.002458104027 0.0280962576)
(0.04 0.002458104027 0.0280962576)
(0.040625 0.002458104027 0.0280962576)
(0.04125 0.002458104027 0.0280962576)
(0.041875 0.002458104027 0.0280962576)
(0.0425 0.002458104027 0.0280962576)
(0.043125 0.002458104027 0.0280962576)
(0.04375 0.002458104027 0.0280962576)
(0.044375 0.002458104027 0.0280962576)
(0.045 0.002458104027 0.0280962576)
(0.045625 0.002458104027 0.0280962576)
(0.04625 0.002458104027 0.0280962576)
(0.046875 0.002458104027 0.0280962576)
(0.0475 0.002458104027 0.0280962576)
(0.048125 0.002458104027 0.0280962576)
(0.04875 0.002458104027 0.0280962576)
(0.049375 0.002458104027 0.0280962576)
(0.05 0.002458104027 0.0280962576)
(0 0.002482562682 0.0283758213)
(0.000625 0.002482562682 0.0283758213)
(0.00125 0.002482562682 0.0283758213)
(0.001875 0.002482562682 0.0283758213)
(0.0025 0.002482562682 0.0283758213)
(0.003125 0.002482562682 0.0283758213)
(0.00375 0.002482562682 0.0283758213)
(0.004375 0.002482562682 0.0283758213)
(0.005 0.002482562682 0.0283758213)
(0.005625 0.002482562682 0.0283758213)
(0.00625 0.002482562682 0.0283758213)
(0.006875 0.002482562682 0.0283758213)
(0.0075 0.002482562682 0.0283758213)
(0.008125 0.002482562682 0.0283758213)
(0.00875 0.002482562682 0.0283758213)
(0.009375 0.002482562682 0.0283758213)
(0.01 0.002482562682 0.0283758213)
(0.010625 0.002482562682 0.0283758213)
(0.01125 0.002482562682 0.0283758213)
(0.011875 0.002482562682 0.0283758213)
(0.0125 0.002482562682 0.0283758213)
(0.013125 0.002482562682 0.0283758213)
(0.01375 0.002482562682 0.0283758213)
(0.014375 0.002482562682 0.0283758213)
(0.015 0.002482562682 0.0283758213)
(0.015625 0.002482562682 0.0283758213)
(0.01625 0.002482562682 0.0283758213)
(0.016875 0.002482562682 0.0283758213)
(0.0175 0.002482562682 0.0283758213)
(0.018125 0.002482562682 0.0283758213)
(0.01875 0.002482562682 0.0283758213)
(0.019375 0.002482562682 0.0283758213)
(0.02 0.002482562682 0.0283758213)
(0.020625 0.002482562682 0.0283758213)
(0.02125 0.002482562682 0.0283758213)
(0.021875 0.002482562682 0.0283758213)
(0.0225 0.002482562682 0.0283758213)
(0.023125 0.002482562682 0.0283758213)
(0.02375 0.002482562682 0.0283758213)
(0.024375 0.002482562682 0.0283758213)
(0.025 0.002482562682 0.0283758213)
(0.025625 0.002482562682 0.0283758213)
(0.02625 0.002482562682 0.0283758213)
(0.026875 0.002482562682 0.0283758213)
(0.0275 0.002482562682 0.0283758213)
(0.028125 0.002482562682 0.0283758213)
(0.02875 0.002482562682 0.0283758213)
(0.029375 0.002482562682 0.0283758213)
(0.03 0.002482562682 0.0283758213)
(0.030625 0.002482562682 0.0283758213)
(0.03125 0.002482562682 0.0283758213)
(0.031875 0.002482562682 0.0283758213)
(0.0325 0.002482562682 0.0283758213)
(0.033125 0.002482562682 0.0283758213)
(0.03375 0.002482562682 0.0283758213)
(0.034375 0.002482562682 0.0283758213)
(0.035 0.002482562682 0.0283758213)
(0.035625 0.002482562682 0.0283758213)
(0.03625 0.002482562682 0.0283758213)
(0.036875 0.002482562682 0.0283758213)
(0.0375 0.002482562682 0.0283758213)
(0.038125 0.002482562682 0.0283758213)
(0.03875 0.002482562682 0.0283758213)
(0.039375 0.002482562682 0.0283758213)
(0.04 0.002482562682 0.0283758213)
(0.040625 0.002482562682 0.0283758213)
(0.04125 0.002482562682 0.0283758213)
(0.041875 0.002482562682 0.0283758213)
(0.0425 0.002482562682 0.0283758213)
(0.043125 0.002482562682 0.0283758213)
(0.04375 0.002482562682 0.0283758213)
(0.044375 0.002482562682 0.0283758213)
(0.045 0.002482562682 0.0283758213)
(0.045625 0.002482562682 0.0283758213)
(0.04625 0.002482562682 0.0283758213)
(0.046875 0.002482562682 0.0283758213)
(0.0475 0.002482562682 0.0283758213)
(0.048125 0.002482562682 0.0283758213)
(0.04875 0.002482562682 0.0283758213)
(0.049375 0.002482562682 0.0283758213)
(0.05 0.002482562682 0.0283758213)
(0 0.002505434928 0.02863725226)
(0.000625 0.002505434928 0.02863725226)
(0.00125 0.002505434928 0.02863725226)
(0.001875 0.002505434928 0.02863725226)
(0.0025 0.002505434928 0.02863725226)
(0.003125 0.002505434928 0.02863725226)
(0.00375 0.002505434928 0.02863725226)
(0.004375 0.002505434928 0.02863725226)
(0.005 0.002505434928 0.02863725226)
(0.005625 0.002505434928 0.02863725226)
(0.00625 0.002505434928 0.02863725226)
(0.006875 0.002505434928 0.02863725226)
(0.0075 0.002505434928 0.02863725226)
(0.008125 0.002505434928 0.02863725226)
(0.00875 0.002505434928 0.02863725226)
(0.009375 0.002505434928 0.02863725226)
(0.01 0.002505434928 0.02863725226)
(0.010625 0.002505434928 0.02863725226)
(0.01125 0.002505434928 0.02863725226)
(0.011875 0.002505434928 0.02863725226)
(0.0125 0.002505434928 0.02863725226)
(0.013125 0.002505434928 0.02863725226)
(0.01375 0.002505434928 0.02863725226)
(0.014375 0.002505434928 0.02863725226)
(0.015 0.002505434928 0.02863725226)
(0.015625 0.002505434928 0.02863725226)
(0.01625 0.002505434928 0.02863725226)
(0.016875 0.002505434928 0.02863725226)
(0.0175 0.002505434928 0.02863725226)
(0.018125 0.002505434928 0.02863725226)
(0.01875 0.002505434928 0.02863725226)
(0.019375 0.002505434928 0.02863725226)
(0.02 0.002505434928 0.02863725226)
(0.020625 0.002505434928 0.02863725226)
(0.02125 0.002505434928 0.02863725226)
(0.021875 0.002505434928 0.02863725226)
(0.0225 0.002505434928 0.02863725226)
(0.023125 0.002505434928 0.02863725226)
(0.02375 0.002505434928 0.02863725226)
(0.024375 0.002505434928 0.02863725226)
(0.025 0.002505434928 0.02863725226)
(0.025625 0.002505434928 0.02863725226)
(0.02625 0.002505434928 0.02863725226)
(0.026875 0.002505434928 0.02863725226)
(0.0275 0.002505434928 0.02863725226)
(0.028125 0.002505434928 0.02863725226)
(0.02875 0.002505434928 0.02863725226)
(0.029375 0.002505434928 0.02863725226)
(0.03 0.002505434928 0.02863725226)
(0.030625 0.002505434928 0.02863725226)
(0.03125 0.002505434928 0.02863725226)
(0.031875 0.002505434928 0.02863725226)
(0.0325 0.002505434928 0.02863725226)
(0.033125 0.002505434928 0.02863725226)
(0.03375 0.002505434928 0.02863725226)
(0.034375 0.002505434928 0.02863725226)
(0.035 0.002505434928 0.02863725226)
(0.035625 0.002505434928 0.02863725226)
(0.03625 0.002505434928 0.02863725226)
(0.036875 0.002505434928 0.02863725226)
(0.0375 0.002505434928 0.02863725226)
(0.038125 0.002505434928 0.02863725226)
(0.03875 0.002505434928 0.02863725226)
(0.039375 0.002505434928 0.02863725226)
(0.04 0.002505434928 0.02863725226)
(0.040625 0.002505434928 0.02863725226)
(0.04125 0.002505434928 0.02863725226)
(0.041875 0.002505434928 0.02863725226)
(0.0425 0.002505434928 0.02863725226)
(0.043125 0.002505434928 0.02863725226)
(0.04375 0.002505434928 0.02863725226)
(0.044375 0.002505434928 0.02863725226)
(0.045 0.002505434928 0.02863725226)
(0.045625 0.002505434928 0.02863725226)
(0.04625 0.002505434928 0.02863725226)
(0.046875 0.002505434928 0.02863725226)
(0.0475 0.002505434928 0.02863725226)
(0.048125 0.002505434928 0.02863725226)
(0.04875 0.002505434928 0.02863725226)
(0.049375 0.002505434928 0.02863725226)
(0.05 0.002505434928 0.02863725226)
(0 0.002526823661 0.0288817266)
(0.000625 0.002526823661 0.0288817266)
(0.00125 0.002526823661 0.0288817266)
(0.001875 0.002526823661 0.0288817266)
(0.0025 0.002526823661 0.0288817266)
(0.003125 0.002526823661 0.0288817266)
(0.00375 0.002526823661 0.0288817266)
(0.004375 0.002526823661 0.0288817266)
(0.005 0.002526823661 0.0288817266)
(0.005625 0.002526823661 0.0288817266)
(0.00625 0.002526823661 0.0288817266)
(0.006875 0.002526823661 0.0288817266)
(0.0075 0.002526823661 0.0288817266)
(0.008125 0.002526823661 0.0288817266)
(0.00875 0.002526823661 0.0288817266)
(0.009375 0.002526823661 0.0288817266)
(0.01 0.002526823661 0.0288817266)
(0.010625 0.002526823661 0.0288817266)
(0.01125 0.002526823661 0.0288817266)
(0.011875 0.002526823661 0.0288817266)
(0.0125 0.002526823661 0.0288817266)
(0.013125 0.002526823661 0.0288817266)
(0.01375 0.002526823661 0.0288817266)
(0.014375 0.002526823661 0.0288817266)
(0.015 0.002526823661 0.0288817266)
(0.015625 0.002526823661 0.0288817266)
(0.01625 0.002526823661 0.0288817266)
(0.016875 0.002526823661 0.0288817266)
(0.0175 0.002526823661 0.0288817266)
(0.018125 0.002526823661 0.0288817266)
(0.01875 0.002526823661 0.0288817266)
(0.019375 0.002526823661 0.0288817266)
(0.02 0.002526823661 0.0288817266)
(0.020625 0.002526823661 0.0288817266)
(0.02125 0.002526823661 0.0288817266)
(0.021875 0.002526823661 0.0288817266)
(0.0225 0.002526823661 0.0288817266)
(0.023125 0.002526823661 0.0288817266)
(0.02375 0.002526823661 0.0288817266)
(0.024375 0.002526823661 0.0288817266)
(0.025 0.002526823661 0.0288817266)
(0.025625 0.002526823661 0.0288817266)
(0.02625 0.002526823661 0.0288817266)
(0.026875 0.002526823661 0.0288817266)
(0.0275 0.002526823661 0.0288817266)
(0.028125 0.002526823661 0.0288817266)
(0.02875 0.002526823661 0.0288817266)
(0.029375 0.002526823661 0.0288817266)
(0.03 0.002526823661 0.0288817266)
(0.030625 0.002526823661 0.0288817266)
(0.03125 0.002526823661 0.0288817266)
(0.031875 0.002526823661 0.0288817266)
(0.0325 0.002526823661 0.0288817266)
(0.033125 0.002526823661 0.0288817266)
(0.03375 0.002526823661 0.0288817266)
(0.034375 0.002526823661 0.0288817266)
(0.035 0.002526823661 0.0288817266)
(0.035625 0.002526823661 0.0288817266)
(0.03625 0.002526823661 0.0288817266)
(0.036875 0.002526823661 0.0288817266)
(0.0375 0.002526823661 0.0288817266)
(0.038125 0.002526823661 0.0288817266)
(0.03875 0.002526823661 0.0288817266)
(0.039375 0.002526823661 0.0288817266)
(0.04 0.002526823661 0.0288817266)
(0.040625 0.002526823661 0.0288817266)
(0.04125 0.002526823661 0.0288817266)
(0.041875 0.002526823661 0.0288817266)
(0.0425 0.002526823661 0.0288817266)
(0.043125 0.002526823661 0.0288817266)
(0.04375 0.002526823661 0.0288817266)
(0.044375 0.002526823661 0.0288817266)
(0.045 0.002526823661 0.0288817266)
(0.045625 0.002526823661 0.0288817266)
(0.04625 0.002526823661 0.0288817266)
(0.046875 0.002526823661 0.0288817266)
(0.0475 0.002526823661 0.0288817266)
(0.048125 0.002526823661 0.0288817266)
(0.04875 0.002526823661 0.0288817266)
(0.049375 0.002526823661 0.0288817266)
(0.05 0.002526823661 0.0288817266)
(0 0.002546825103 0.02911034413)
(0.000625 0.002546825103 0.02911034413)
(0.00125 0.002546825103 0.02911034413)
(0.001875 0.002546825103 0.02911034413)
(0.0025 0.002546825103 0.02911034413)
(0.003125 0.002546825103 0.02911034413)
(0.00375 0.002546825103 0.02911034413)
(0.004375 0.002546825103 0.02911034413)
(0.005 0.002546825103 0.02911034413)
(0.005625 0.002546825103 0.02911034413)
(0.00625 0.002546825103 0.02911034413)
(0.006875 0.002546825103 0.02911034413)
(0.0075 0.002546825103 0.02911034413)
(0.008125 0.002546825103 0.02911034413)
(0.00875 0.002546825103 0.02911034413)
(0.009375 0.002546825103 0.02911034413)
(0.01 0.002546825103 0.02911034413)
(0.010625 0.002546825103 0.02911034413)
(0.01125 0.002546825103 0.02911034413)
(0.011875 0.002546825103 0.02911034413)
(0.0125 0.002546825103 0.02911034413)
(0.013125 0.002546825103 0.02911034413)
(0.01375 0.002546825103 0.02911034413)
(0.014375 0.002546825103 0.02911034413)
(0.015 0.002546825103 0.02911034413)
(0.015625 0.002546825103 0.02911034413)
(0.01625 0.002546825103 0.02911034413)
(0.016875 0.002546825103 0.02911034413)
(0.0175 0.002546825103 0.02911034413)
(0.018125 0.002546825103 0.02911034413)
(0.01875 0.002546825103 0.02911034413)
(0.019375 0.002546825103 0.02911034413)
(0.02 0.002546825103 0.02911034413)
(0.020625 0.002546825103 0.02911034413)
(0.02125 0.002546825103 0.02911034413)
(0.021875 0.002546825103 0.02911034413)
(0.0225 0.002546825103 0.02911034413)
(0.023125 0.002546825103 0.02911034413)
(0.02375 0.002546825103 0.02911034413)
(0.024375 0.002546825103 0.02911034413)
(0.025 0.002546825103 0.02911034413)
(0.025625 0.002546825103 0.02911034413)
(0.02625 0.002546825103 0.02911034413)
(0.026875 0.002546825103 0.02911034413)
(0.0275 0.002546825103 0.02911034413)
(0.028125 0.002546825103 0.02911034413)
(0.02875 0.002546825103 0.02911034413)
(0.029375 0.002546825103 0.02911034413)
(0.03 0.002546825103 0.02911034413)
(0.030625 0.002546825103 0.02911034413)
(0.03125 0.002546825103 0.02911034413)
(0.031875 0.002546825103 0.02911034413)
(0.0325 0.002546825103 0.02911034413)
(0.033125 0.002546825103 0.02911034413)
(0.03375 0.002546825103 0.02911034413)
(0.034375 0.002546825103 0.02911034413)
(0.035 0.002546825103 0.02911034413)
(0.035625 0.002546825103 0.02911034413)
(0.03625 0.002546825103 0.02911034413)
(0.036875 0.002546825103 0.02911034413)
(0.0375 0.002546825103 0.02911034413)
(0.038125 0.002546825103 0.02911034413)
(0.03875 0.002546825103 0.02911034413)
(0.039375 0.002546825103 0.02911034413)
(0.04 0.002546825103 0.02911034413)
(0.040625 0.002546825103 0.02911034413)
(0.04125 0.002546825103 0.02911034413)
(0.041875 0.002546825103 0.02911034413)
(0.0425 0.002546825103 0.02911034413)
(0.043125 0.002546825103 0.02911034413)
(0.04375 0.002546825103 0.02911034413)
(0.044375 0.002546825103 0.02911034413)
(0.045 0.002546825103 0.02911034413)
(0.045625 0.002546825103 0.02911034413)
(0.04625 0.002546825103 0.02911034413)
(0.046875 0.002546825103 0.02911034413)
(0.0475 0.002546825103 0.02911034413)
(0.048125 0.002546825103 0.02911034413)
(0.04875 0.002546825103 0.02911034413)
(0.049375 0.002546825103 0.02911034413)
(0.05 0.002546825103 0.02911034413)
(0 0.002565529235 0.02932413334)
(0.000625 0.002565529235 0.02932413334)
(0.00125 0.002565529235 0.02932413334)
(0.001875 0.002565529235 0.02932413334)
(0.0025 0.002565529235 0.02932413334)
(0.003125 0.002565529235 0.02932413334)
(0.00375 0.002565529235 0.02932413334)
(0.004375 0.002565529235 0.02932413334)
(0.005 0.002565529235 0.02932413334)
(0.005625 0.002565529235 0.02932413334)
(0.00625 0.002565529235 0.02932413334)
(0.006875 0.002565529235 0.02932413334)
(0.0075 0.002565529235 0.02932413334)
(0.008125 0.002565529235 0.02932413334)
(0.00875 0.002565529235 0.02932413334)
(0.009375 0.002565529235 0.02932413334)
(0.01 0.002565529235 0.02932413334)
(0.010625 0.002565529235 0.02932413334)
(0.01125 0.002565529235 0.02932413334)
(0.011875 0.002565529235 0.02932413334)
(0.0125 0.002565529235 0.02932413334)
(0.013125 0.002565529235 0.02932413334)
(0.01375 0.002565529235 0.02932413334)
(0.014375 0.002565529235 0.02932413334)
(0.015 0.002565529235 0.02932413334)
(0.015625 0.002565529235 0.02932413334)
(0.01625 0.002565529235 0.02932413334)
(0.016875 0.002565529235 0.02932413334)
(0.0175 0.002565529235 0.02932413334)
(0.018125 0.002565529235 0.02932413334)
(0.01875 0.002565529235 0.02932413334)
(0.019375 0.002565529235 0.02932413334)
(0.02 0.002565529235 0.02932413334)
(0.020625 0.002565529235 0.02932413334)
(0.02125 0.002565529235 0.02932413334)
(0.021875 0.002565529235 0.02932413334)
(0.0225 0.002565529235 0.02932413334)
(0.023125 0.002565529235 0.02932413334)
(0.02375 0.002565529235 0.02932413334)
(0.024375 0.002565529235 0.02932413334)
(0.025 0.002565529235 0.02932413334)
(0.025625 0.002565529235 0.02932413334)
(0.02625 0.002565529235 0.02932413334)
(0.026875 0.002565529235 0.02932413334)
(0.0275 0.002565529235 0.02932413334)
(0.028125 0.002565529235 0.02932413334)
(0.02875 0.002565529235 0.02932413334)
(0.029375 0.002565529235 0.02932413334)
(0.03 0.002565529235 0.02932413334)
(0.030625 0.002565529235 0.02932413334)
(0.03125 0.002565529235 0.02932413334)
(0.031875 0.002565529235 0.02932413334)
(0.0325 0.002565529235 0.02932413334)
(0.033125 0.002565529235 0.02932413334)
(0.03375 0.002565529235 0.02932413334)
(0.034375 0.002565529235 0.02932413334)
(0.035 0.002565529235 0.02932413334)
(0.035625 0.002565529235 0.02932413334)
(0.03625 0.002565529235 0.02932413334)
(0.036875 0.002565529235 0.02932413334)
(0.0375 0.002565529235 0.02932413334)
(0.038125 0.002565529235 0.02932413334)
(0.03875 0.002565529235 0.02932413334)
(0.039375 0.002565529235 0.02932413334)
(0.04 0.002565529235 0.02932413334)
(0.040625 0.002565529235 0.02932413334)
(0.04125 0.002565529235 0.02932413334)
(0.041875 0.002565529235 0.02932413334)
(0.0425 0.002565529235 0.02932413334)
(0.043125 0.002565529235 0.02932413334)
(0.04375 0.002565529235 0.02932413334)
(0.044375 0.002565529235 0.02932413334)
(0.045 0.002565529235 0.02932413334)
(0.045625 0.002565529235 0.02932413334)
(0.04625 0.002565529235 0.02932413334)
(0.046875 0.002565529235 0.02932413334)
(0.0475 0.002565529235 0.02932413334)
(0.048125 0.002565529235 0.02932413334)
(0.04875 0.002565529235 0.02932413334)
(0.049375 0.002565529235 0.02932413334)
(0.05 0.002565529235 0.02932413334)
(0 0.002583020202 0.029524056)
(0.000625 0.002583020202 0.029524056)
(0.00125 0.002583020202 0.029524056)
(0.001875 0.002583020202 0.029524056)
(0.0025 0.002583020202 0.029524056)
(0.003125 0.002583020202 0.029524056)
(0.00375 0.002583020202 0.029524056)
(0.004375 0.002583020202 0.029524056)
(0.005 0.002583020202 0.029524056)
(0.005625 0.002583020202 0.029524056)
(0.00625 0.002583020202 0.029524056)
(0.006875 0.002583020202 0.029524056)
(0.0075 0.002583020202 0.029524056)
(0.008125 0.002583020202 0.029524056)
(0.00875 0.002583020202 0.029524056)
(0.009375 0.002583020202 0.029524056)
(0.01 0.002583020202 0.029524056)
(0.010625 0.002583020202 0.029524056)
(0.01125 0.002583020202 0.029524056)
(0.011875 0.002583020202 0.029524056)
(0.0125 0.002583020202 0.029524056)
(0.013125 0.002583020202 0.029524056)
(0.01375 0.002583020202 0.029524056)
(0.014375 0.002583020202 0.029524056)
(0.015 0.002583020202 0.029524056)
(0.015625 0.002583020202 0.029524056)
(0.01625 0.002583020202 0.029524056)
(0.016875 0.002583020202 0.029524056)
(0.0175 0.002583020202 0.029524056)
(0.018125 0.002583020202 0.029524056)
(0.01875 0.002583020202 0.029524056)
(0.019375 0.002583020202 0.029524056)
(0.02 0.002583020202 0.029524056)
(0.020625 0.002583020202 0.029524056)
(0.02125 0.002583020202 0.029524056)
(0.021875 0.002583020202 0.029524056)
(0.0225 0.002583020202 0.029524056)
(0.023125 0.002583020202 0.029524056)
(0.02375 0.002583020202 0.029524056)
(0.024375 0.002583020202 0.029524056)
(0.025 0.002583020202 0.029524056)
(0.025625 0.002583020202 0.029524056)
(0.02625 0.002583020202 0.029524056)
(0.026875 0.002583020202 0.029524056)
(0.0275 0.002583020202 0.029524056)
(0.028125 0.002583020202 0.029524056)
(0.02875 0.002583020202 0.029524056)
(0.029375 0.002583020202 0.029524056)
(0.03 0.002583020202 0.029524056)
(0.030625 0.002583020202 0.029524056)
(0.03125 0.002583020202 0.029524056)
(0.031875 0.002583020202 0.029524056)
(0.0325 0.002583020202 0.029524056)
(0.033125 0.002583020202 0.029524056)
(0.03375 0.002583020202 0.029524056)
(0.034375 0.002583020202 0.029524056)
(0.035 0.002583020202 0.029524056)
(0.035625 0.002583020202 0.029524056)
(0.03625 0.002583020202 0.029524056)
(0.036875 0.002583020202 0.029524056)
(0.0375 0.002583020202 0.029524056)
(0.038125 0.002583020202 0.029524056)
(0.03875 0.002583020202 0.029524056)
(0.039375 0.002583020202 0.029524056)
(0.04 0.002583020202 0.029524056)
(0.040625 0.002583020202 0.029524056)
(0.04125 0.002583020202 0.029524056)
(0.041875 0.002583020202 0.029524056)
(0.0425 0.002583020202 0.029524056)
(0.043125 0.002583020202 0.029524056)
(0.04375 0.002583020202 0.029524056)
(0.044375 0.002583020202 0.029524056)
(0.045 0.002583020202 0.029524056)
(0.045625 0.002583020202 0.029524056)
(0.04625 0.002583020202 0.029524056)
(0.046875 0.002583020202 0.029524056)
(0.0475 0.002583020202 0.029524056)
(0.048125 0.002583020202 0.029524056)
(0.04875 0.002583020202 0.029524056)
(0.049375 0.002583020202 0.029524056)
(0.05 0.002583020202 0.029524056)
(0 0.00259937669 0.02971101152)
(0.000625 0.00259937669 0.02971101152)
(0.00125 0.00259937669 0.02971101152)
(0.001875 0.00259937669 0.02971101152)
(0.0025 0.00259937669 0.02971101152)
(0.003125 0.00259937669 0.02971101152)
(0.00375 0.00259937669 0.02971101152)
(0.004375 0.00259937669 0.02971101152)
(0.005 0.00259937669 0.02971101152)
(0.005625 0.00259937669 0.02971101152)
(0.00625 0.00259937669 0.02971101152)
(0.006875 0.00259937669 0.02971101152)
(0.0075 0.00259937669 0.02971101152)
(0.008125 0.00259937669 0.02971101152)
(0.00875 0.00259937669 0.02971101152)
(0.009375 0.00259937669 0.02971101152)
(0.01 0.00259937669 0.02971101152)
(0.010625 0.00259937669 0.02971101152)
(0.01125 0.00259937669 0.02971101152)
(0.011875 0.00259937669 0.02971101152)
(0.0125 0.00259937669 0.02971101152)
(0.013125 0.00259937669 0.02971101152)
(0.01375 0.00259937669 0.02971101152)
(0.014375 0.00259937669 0.02971101152)
(0.015 0.00259937669 0.02971101152)
(0.015625 0.00259937669 0.02971101152)
(0.01625 0.00259937669 0.02971101152)
(0.016875 0.00259937669 0.02971101152)
(0.0175 0.00259937669 0.02971101152)
(0.018125 0.00259937669 0.02971101152)
(0.01875 0.00259937669 0.02971101152)
(0.019375 0.00259937669 0.02971101152)
(0.02 0.00259937669 0.02971101152)
(0.020625 0.00259937669 0.02971101152)
(0.02125 0.00259937669 0.02971101152)
(0.021875 0.00259937669 0.02971101152)
(0.0225 0.00259937669 0.02971101152)
(0.023125 0.00259937669 0.02971101152)
(0.02375 0.00259937669 0.02971101152)
(0.024375 0.00259937669 0.02971101152)
(0.025 0.00259937669 0.02971101152)
(0.025625 0.00259937669 0.02971101152)
(0.02625 0.00259937669 0.02971101152)
(0.026875 0.00259937669 0.02971101152)
(0.0275 0.00259937669 0.02971101152)
(0.028125 0.00259937669 0.02971101152)
(0.02875 0.00259937669 0.02971101152)
(0.029375 0.00259937669 0.02971101152)
(0.03 0.00259937669 0.02971101152)
(0.030625 0.00259937669 0.02971101152)
(0.03125 0.00259937669 0.02971101152)
(0.031875 0.00259937669 0.02971101152)
(0.0325 0.00259937669 0.02971101152)
(0.033125 0.00259937669 0.02971101152)
(0.03375 0.00259937669 0.02971101152)
(0.034375 0.00259937669 0.02971101152)
(0.035 0.00259937669 0.02971101152)
(0.035625 0.00259937669 0.02971101152)
(0.03625 0.00259937669 0.02971101152)
(0.036875 0.00259937669 0.02971101152)
(0.0375 0.00259937669 0.02971101152)
(0.038125 0.00259937669 0.02971101152)
(0.03875 0.00259937669 0.02971101152)
(0.039375 0.00259937669 0.02971101152)
(0.04 0.00259937669 0.02971101152)
(0.040625 0.00259937669 0.02971101152)
(0.04125 0.00259937669 0.02971101152)
(0.041875 0.00259937669 0.02971101152)
(0.0425 0.00259937669 0.02971101152)
(0.043125 0.00259937669 0.02971101152)
(0.04375 0.00259937669 0.02971101152)
(0.044375 0.00259937669 0.02971101152)
(0.045 0.00259937669 0.02971101152)
(0.045625 0.00259937669 0.02971101152)
(0.04625 0.00259937669 0.02971101152)
(0.046875 0.00259937669 0.02971101152)
(0.0475 0.00259937669 0.02971101152)
(0.048125 0.00259937669 0.02971101152)
(0.04875 0.00259937669 0.02971101152)
(0.049375 0.00259937669 0.02971101152)
(0.05 0.00259937669 0.02971101152)
(0 0.002614672282 0.02988584094)
(0.000625 0.002614672282 0.02988584094)
(0.00125 0.002614672282 0.02988584094)
(0.001875 0.002614672282 0.02988584094)
(0.0025 0.002614672282 0.02988584094)
(0.003125 0.002614672282 0.02988584094)
(0.00375 0.002614672282 0.02988584094)
(0.004375 0.002614672282 0.02988584094)
(0.005 0.002614672282 0.02988584094)
(0.005625 0.002614672282 0.02988584094)
(0.00625 0.002614672282 0.02988584094)
(0.006875 0.002614672282 0.02988584094)
(0.0075 0.002614672282 0.02988584094)
(0.008125 0.002614672282 0.02988584094)
(0.00875 0.002614672282 0.02988584094)
(0.009375 0.002614672282 0.02988584094)
(0.01 0.002614672282 0.02988584094)
(0.010625 0.002614672282 0.02988584094)
(0.01125 0.002614672282 0.02988584094)
(0.011875 0.002614672282 0.02988584094)
(0.0125 0.002614672282 0.02988584094)
(0.013125 0.002614672282 0.02988584094)
(0.01375 0.002614672282 0.02988584094)
(0.014375 0.002614672282 0.02988584094)
(0.015 0.002614672282 0.02988584094)
(0.015625 0.002614672282 0.02988584094)
(0.01625 0.002614672282 0.02988584094)
(0.016875 0.002614672282 0.02988584094)
(0.0175 0.002614672282 0.02988584094)
(0.018125 0.002614672282 0.02988584094)
(0.01875 0.002614672282 0.02988584094)
(0.019375 0.002614672282 0.02988584094)
(0.02 0.002614672282 0.02988584094)
(0.020625 0.002614672282 0.02988584094)
(0.02125 0.002614672282 0.02988584094)
(0.021875 0.002614672282 0.02988584094)
(0.0225 0.002614672282 0.02988584094)
(0.023125 0.002614672282 0.02988584094)
(0.02375 0.002614672282 0.02988584094)
(0.024375 0.002614672282 0.02988584094)
(0.025 0.002614672282 0.02988584094)
(0.025625 0.002614672282 0.02988584094)
(0.02625 0.002614672282 0.02988584094)
(0.026875 0.002614672282 0.02988584094)
(0.0275 0.002614672282 0.02988584094)
(0.028125 0.002614672282 0.02988584094)
(0.02875 0.002614672282 0.02988584094)
(0.029375 0.002614672282 0.02988584094)
(0.03 0.002614672282 0.02988584094)
(0.030625 0.002614672282 0.02988584094)
(0.03125 0.002614672282 0.02988584094)
(0.031875 0.002614672282 0.02988584094)
(0.0325 0.002614672282 0.02988584094)
(0.033125 0.002614672282 0.02988584094)
(0.03375 0.002614672282 0.02988584094)
(0.034375 0.002614672282 0.02988584094)
(0.035 0.002614672282 0.02988584094)
(0.035625 0.002614672282 0.02988584094)
(0.03625 0.002614672282 0.02988584094)
(0.036875 0.002614672282 0.02988584094)
(0.0375 0.002614672282 0.02988584094)
(0.038125 0.002614672282 0.02988584094)
(0.03875 0.002614672282 0.02988584094)
(0.039375 0.002614672282 0.02988584094)
(0.04 0.002614672282 0.02988584094)
(0.040625 0.002614672282 0.02988584094)
(0.04125 0.002614672282 0.02988584094)
(0.041875 0.002614672282 0.02988584094)
(0.0425 0.002614672282 0.02988584094)
(0.043125 0.002614672282 0.02988584094)
(0.04375 0.002614672282 0.02988584094)
(0.044375 0.002614672282 0.02988584094)
(0.045 0.002614672282 0.02988584094)
(0.045625 0.002614672282 0.02988584094)
(0.04625 0.002614672282 0.02988584094)
(0.046875 0.002614672282 0.02988584094)
(0.0475 0.002614672282 0.02988584094)
(0.048125 0.002614672282 0.02988584094)
(0.04875 0.002614672282 0.02988584094)
(0.049375 0.002614672282 0.02988584094)
(0.05 0.002614672282 0.02988584094)
(0 -0.001732567722 0.01980333968)
(0.000625 -0.001732567722 0.01980333968)
(0.00125 -0.001732567722 0.01980333968)
(0.001875 -0.001732567722 0.01980333968)
(0.0025 -0.001732567722 0.01980333968)
(0.003125 -0.001732567722 0.01980333968)
(0.00375 -0.001732567722 0.01980333968)
(0.004375 -0.001732567722 0.01980333968)
(0.005 -0.001732567722 0.01980333968)
(0.005625 -0.001732567722 0.01980333968)
(0.00625 -0.001732567722 0.01980333968)
(0.006875 -0.001732567722 0.01980333968)
(0.0075 -0.001732567722 0.01980333968)
(0.008125 -0.001732567722 0.01980333968)
(0.00875 -0.001732567722 0.01980333968)
(0.009375 -0.001732567722 0.01980333968)
(0.01 -0.001732567722 0.01980333968)
(0.010625 -0.001732567722 0.01980333968)
(0.01125 -0.001732567722 0.01980333968)
(0.011875 -0.001732567722 0.01980333968)
(0.0125 -0.001732567722 0.01980333968)
(0.013125 -0.001732567722 0.01980333968)
(0.01375 -0.001732567722 0.01980333968)
(0.014375 -0.001732567722 0.01980333968)
(0.015 -0.001732567722 0.01980333968)
(0.015625 -0.001732567722 0.01980333968)
(0.01625 -0.001732567722 0.01980333968)
(0.016875 -0.001732567722 0.01980333968)
(0.0175 -0.001732567722 0.01980333968)
(0.018125 -0.001732567722 0.01980333968)
(0.01875 -0.001732567722 0.01980333968)
(0.019375 -0.001732567722 0.01980333968)
(0.02 -0.001732567722 0.01980333968)
(0.020625 -0.001732567722 0.01980333968)
(0.02125 -0.001732567722 0.01980333968)
(0.021875 -0.001732567722 0.01980333968)
(0.0225 -0.001732567722 0.01980333968)
(0.023125 -0.001732567722 0.01980333968)
(0.02375 -0.001732567722 0.01980333968)
(0.024375 -0.001732567722 0.01980333968)
(0.025 -0.001732567722 0.01980333968)
(0.025625 -0.001732567722 0.01980333968)
(0.02625 -0.001732567722 0.01980333968)
(0.026875 -0.001732567722 0.01980333968)
(0.0275 -0.001732567722 0.01980333968)
(0.028125 -0.001732567722 0.01980333968)
(0.02875 -0.001732567722 0.01980333968)
(0.029375 -0.001732567722 0.01980333968)
(0.03 -0.001732567722 0.01980333968)
(0.030625 -0.001732567722 0.01980333968)
(0.03125 -0.001732567722 0.01980333968)
(0.031875 -0.001732567722 0.01980333968)
(0.0325 -0.001732567722 0.01980333968)
(0.033125 -0.001732567722 0.01980333968)
(0.03375 -0.001732567722 0.01980333968)
(0.034375 -0.001732567722 0.01980333968)
(0.035 -0.001732567722 0.01980333968)
(0.035625 -0.001732567722 0.01980333968)
(0.03625 -0.001732567722 0.01980333968)
(0.036875 -0.001732567722 0.01980333968)
(0.0375 -0.001732567722 0.01980333968)
(0.038125 -0.001732567722 0.01980333968)
(0.03875 -0.001732567722 0.01980333968)
(0.039375 -0.001732567722 0.01980333968)
(0.04 -0.001732567722 0.01980333968)
(0.040625 -0.001732567722 0.01980333968)
(0.04125 -0.001732567722 0.01980333968)
(0.041875 -0.001732567722 0.01980333968)
(0.0425 -0.001732567722 0.01980333968)
(0.043125 -0.001732567722 0.01980333968)
(0.04375 -0.001732567722 0.01980333968)
(0.044375 -0.001732567722 0.01980333968)
(0.045 -0.001732567722 0.01980333968)
(0.045625 -0.001732567722 0.01980333968)
(0.04625 -0.001732567722 0.01980333968)
(0.046875 -0.001732567722 0.01980333968)
(0.0475 -0.001732567722 0.01980333968)
(0.048125 -0.001732567722 0.01980333968)
(0.04875 -0.001732567722 0.01980333968)
(0.049375 -0.001732567722 0.01980333968)
(0.05 -0.001732567722 0.01980333968)
(0 -0.001804085262 0.0206207889)
(0.000625 -0.001804085262 0.0206207889)
(0.00125 -0.001804085262 0.0206207889)
(0.001875 -0.001804085262 0.0206207889)
(0.0025 -0.001804085262 0.0206207889)
(0.003125 -0.001804085262 0.0206207889)
(0.00375 -0.001804085262 0.0206207889)
(0.004375 -0.001804085262 0.0206207889)
(0.005 -0.001804085262 0.0206207889)
(0.005625 -0.001804085262 0.0206207889)
(0.00625 -0.001804085262 0.0206207889)
(0.006875 -0.001804085262 0.0206207889)
(0.0075 -0.001804085262 0.0206207889)
(0.008125 -0.001804085262 0.0206207889)
(0.00875 -0.001804085262 0.0206207889)
(0.009375 -0.001804085262 0.0206207889)
(0.01 -0.001804085262 0.0206207889)
(0.010625 -0.001804085262 0.0206207889)
(0.01125 -0.001804085262 0.0206207889)
(0.011875 -0.001804085262 0.0206207889)
(0.0125 -0.001804085262 0.0206207889)
(0.013125 -0.001804085262 0.0206207889)
(0.01375 -0.001804085262 0.0206207889)
(0.014375 -0.001804085262 0.0206207889)
(0.015 -0.001804085262 0.0206207889)
(0.015625 -0.001804085262 0.0206207889)
(0.01625 -0.001804085262 0.0206207889)
(0.016875 -0.001804085262 0.0206207889)
(0.0175 -0.001804085262 0.0206207889)
(0.018125 -0.001804085262 0.0206207889)
(0.01875 -0.001804085262 0.0206207889)
(0.019375 -0.001804085262 0.0206207889)
(0.02 -0.001804085262 0.0206207889)
(0.020625 -0.001804085262 0.0206207889)
(0.02125 -0.001804085262 0.0206207889)
(0.021875 -0.001804085262 0.0206207889)
(0.0225 -0.001804085262 0.0206207889)
(0.023125 -0.001804085262 0.0206207889)
(0.02375 -0.001804085262 0.0206207889)
(0.024375 -0.001804085262 0.0206207889)
(0.025 -0.001804085262 0.0206207889)
(0.025625 -0.001804085262 0.0206207889)
(0.02625 -0.001804085262 0.0206207889)
(0.026875 -0.001804085262 0.0206207889)
(0.0275 -0.001804085262 0.0206207889)
(0.028125 -0.001804085262 0.0206207889)
(0.02875 -0.001804085262 0.0206207889)
(0.029375 -0.001804085262 0.0206207889)
(0.03 -0.001804085262 0.0206207889)
(0.030625 -0.001804085262 0.0206207889)
(0.03125 -0.001804085262 0.0206207889)
(0.031875 -0.001804085262 0.0206207889)
(0.0325 -0.001804085262 0.0206207889)
(0.033125 -0.001804085262 0.0206207889)
(0.03375 -0.001804085262 0.0206207889)
(0.034375 -0.001804085262 0.0206207889)
(0.035 -0.001804085262 0.0206207889)
(0.035625 -0.001804085262 0.0206207889)
(0.03625 -0.001804085262 0.0206207889)
(0.036875 -0.001804085262 0.0206207889)
(0.0375 -0.001804085262 0.0206207889)
(0.038125 -0.001804085262 0.0206207889)
(0.03875 -0.001804085262 0.0206207889)
(0.039375 -0.001804085262 0.0206207889)
(0.04 -0.001804085262 0.0206207889)
(0.040625 -0.001804085262 0.0206207889)
(0.04125 -0.001804085262 0.0206207889)
(0.041875 -0.001804085262 0.0206207889)
(0.0425 -0.001804085262 0.0206207889)
(0.043125 -0.001804085262 0.0206207889)
(0.04375 -0.001804085262 0.0206207889)
(0.044375 -0.001804085262 0.0206207889)
(0.045 -0.001804085262 0.0206207889)
(0.045625 -0.001804085262 0.0206207889)
(0.04625 -0.001804085262 0.0206207889)
(0.046875 -0.001804085262 0.0206207889)
(0.0475 -0.001804085262 0.0206207889)
(0.048125 -0.001804085262 0.0206207889)
(0.04875 -0.001804085262 0.0206207889)
(0.049375 -0.001804085262 0.0206207889)
(0.05 -0.001804085262 0.0206207889)
(0 -0.001870964114 0.02138521768)
(0.000625 -0.001870964114 0.02138521768)
(0.00125 -0.001870964114 0.02138521768)
(0.001875 -0.001870964114 0.02138521768)
(0.0025 -0.001870964114 0.02138521768)
(0.003125 -0.001870964114 0.02138521768)
(0.00375 -0.001870964114 0.02138521768)
(0.004375 -0.001870964114 0.02138521768)
(0.005 -0.001870964114 0.02138521768)
(0.005625 -0.001870964114 0.02138521768)
(0.00625 -0.001870964114 0.02138521768)
(0.006875 -0.001870964114 0.02138521768)
(0.0075 -0.001870964114 0.02138521768)
(0.008125 -0.001870964114 0.02138521768)
(0.00875 -0.001870964114 0.02138521768)
(0.009375 -0.001870964114 0.02138521768)
(0.01 -0.001870964114 0.02138521768)
(0.010625 -0.001870964114 0.02138521768)
(0.01125 -0.001870964114 0.02138521768)
(0.011875 -0.001870964114 0.02138521768)
(0.0125 -0.001870964114 0.02138521768)
(0.013125 -0.001870964114 0.02138521768)
(0.01375 -0.001870964114 0.02138521768)
(0.014375 -0.001870964114 0.02138521768)
(0.015 -0.001870964114 0.02138521768)
(0.015625 -0.001870964114 0.02138521768)
(0.01625 -0.001870964114 0.02138521768)
(0.016875 -0.001870964114 0.02138521768)
(0.0175 -0.001870964114 0.02138521768)
(0.018125 -0.001870964114 0.02138521768)
(0.01875 -0.001870964114 0.02138521768)
(0.019375 -0.001870964114 0.02138521768)
(0.02 -0.001870964114 0.02138521768)
(0.020625 -0.001870964114 0.02138521768)
(0.02125 -0.001870964114 0.02138521768)
(0.021875 -0.001870964114 0.02138521768)
(0.0225 -0.001870964114 0.02138521768)
(0.023125 -0.001870964114 0.02138521768)
(0.02375 -0.001870964114 0.02138521768)
(0.024375 -0.001870964114 0.02138521768)
(0.025 -0.001870964114 0.02138521768)
(0.025625 -0.001870964114 0.02138521768)
(0.02625 -0.001870964114 0.02138521768)
(0.026875 -0.001870964114 0.02138521768)
(0.0275 -0.001870964114 0.02138521768)
(0.028125 -0.001870964114 0.02138521768)
(0.02875 -0.001870964114 0.02138521768)
(0.029375 -0.001870964114 0.02138521768)
(0.03 -0.001870964114 0.02138521768)
(0.030625 -0.001870964114 0.02138521768)
(0.03125 -0.001870964114 0.02138521768)
(0.031875 -0.001870964114 0.02138521768)
(0.0325 -0.001870964114 0.02138521768)
(0.033125 -0.001870964114 0.02138521768)
(0.03375 -0.001870964114 0.02138521768)
(0.034375 -0.001870964114 0.02138521768)
(0.035 -0.001870964114 0.02138521768)
(0.035625 -0.001870964114 0.02138521768)
(0.03625 -0.001870964114 0.02138521768)
(0.036875 -0.001870964114 0.02138521768)
(0.0375 -0.001870964114 0.02138521768)
(0.038125 -0.001870964114 0.02138521768)
(0.03875 -0.001870964114 0.02138521768)
(0.039375 -0.001870964114 0.02138521768)
(0.04 -0.001870964114 0.02138521768)
(0.040625 -0.001870964114 0.02138521768)
(0.04125 -0.001870964114 0.02138521768)
(0.041875 -0.001870964114 0.02138521768)
(0.0425 -0.001870964114 0.02138521768)
(0.043125 -0.001870964114 0.02138521768)
(0.04375 -0.001870964114 0.02138521768)
(0.044375 -0.001870964114 0.02138521768)
(0.045 -0.001870964114 0.02138521768)
(0.045625 -0.001870964114 0.02138521768)
(0.04625 -0.001870964114 0.02138521768)
(0.046875 -0.001870964114 0.02138521768)
(0.0475 -0.001870964114 0.02138521768)
(0.048125 -0.001870964114 0.02138521768)
(0.04875 -0.001870964114 0.02138521768)
(0.049375 -0.001870964114 0.02138521768)
(0.05 -0.001870964114 0.02138521768)
(0 -0.001933505149 0.02210006498)
(0.000625 -0.001933505149 0.02210006498)
(0.00125 -0.001933505149 0.02210006498)
(0.001875 -0.001933505149 0.02210006498)
(0.0025 -0.001933505149 0.02210006498)
(0.003125 -0.001933505149 0.02210006498)
(0.00375 -0.001933505149 0.02210006498)
(0.004375 -0.001933505149 0.02210006498)
(0.005 -0.001933505149 0.02210006498)
(0.005625 -0.001933505149 0.02210006498)
(0.00625 -0.001933505149 0.02210006498)
(0.006875 -0.001933505149 0.02210006498)
(0.0075 -0.001933505149 0.02210006498)
(0.008125 -0.001933505149 0.02210006498)
(0.00875 -0.001933505149 0.02210006498)
(0.009375 -0.001933505149 0.02210006498)
(0.01 -0.001933505149 0.02210006498)
(0.010625 -0.001933505149 0.02210006498)
(0.01125 -0.001933505149 0.02210006498)
(0.011875 -0.001933505149 0.02210006498)
(0.0125 -0.001933505149 0.02210006498)
(0.013125 -0.001933505149 0.02210006498)
(0.01375 -0.001933505149 0.02210006498)
(0.014375 -0.001933505149 0.02210006498)
(0.015 -0.001933505149 0.02210006498)
(0.015625 -0.001933505149 0.02210006498)
(0.01625 -0.001933505149 0.02210006498)
(0.016875 -0.001933505149 0.02210006498)
(0.0175 -0.001933505149 0.02210006498)
(0.018125 -0.001933505149 0.02210006498)
(0.01875 -0.001933505149 0.02210006498)
(0.019375 -0.001933505149 0.02210006498)
(0.02 -0.001933505149 0.02210006498)
(0.020625 -0.001933505149 0.02210006498)
(0.02125 -0.001933505149 0.02210006498)
(0.021875 -0.001933505149 0.02210006498)
(0.0225 -0.001933505149 0.02210006498)
(0.023125 -0.001933505149 0.02210006498)
(0.02375 -0.001933505149 0.02210006498)
(0.024375 -0.001933505149 0.02210006498)
(0.025 -0.001933505149 0.02210006498)
(0.025625 -0.001933505149 0.02210006498)
(0.02625 -0.001933505149 0.02210006498)
(0.026875 -0.001933505149 0.02210006498)
(0.0275 -0.001933505149 0.02210006498)
(0.028125 -0.001933505149 0.02210006498)
(0.02875 -0.001933505149 0.02210006498)
(0.029375 -0.001933505149 0.02210006498)
(0.03 -0.001933505149 0.02210006498)
(0.030625 -0.001933505149 0.02210006498)
(0.03125 -0.001933505149 0.02210006498)
(0.031875 -0.001933505149 0.02210006498)
(0.0325 -0.001933505149 0.02210006498)
(0.033125 -0.001933505149 0.02210006498)
(0.03375 -0.001933505149 0.02210006498)
(0.034375 -0.001933505149 0.02210006498)
(0.035 -0.001933505149 0.02210006498)
(0.035625 -0.001933505149 0.02210006498)
(0.03625 -0.001933505149 0.02210006498)
(0.036875 -0.001933505149 0.02210006498)
(0.0375 -0.001933505149 0.02210006498)
(0.038125 -0.001933505149 0.02210006498)
(0.03875 -0.001933505149 0.02210006498)
(0.039375 -0.001933505149 0.02210006498)
(0.04 -0.001933505149 0.02210006498)
(0.040625 -0.001933505149 0.02210006498)
(0.04125 -0.001933505149 0.02210006498)
(0.041875 -0.001933505149 0.02210006498)
(0.0425 -0.001933505149 0.02210006498)
(0.043125 -0.001933505149 0.02210006498)
(0.04375 -0.001933505149 0.02210006498)
(0.044375 -0.001933505149 0.02210006498)
(0.045 -0.001933505149 0.02210006498)
(0.045625 -0.001933505149 0.02210006498)
(0.04625 -0.001933505149 0.02210006498)
(0.046875 -0.001933505149 0.02210006498)
(0.0475 -0.001933505149 0.02210006498)
(0.048125 -0.001933505149 0.02210006498)
(0.04875 -0.001933505149 0.02210006498)
(0.049375 -0.001933505149 0.02210006498)
(0.05 -0.001933505149 0.02210006498)
(0 -0.001991989721 0.0227685467)
(0.000625 -0.001991989721 0.0227685467)
(0.00125 -0.001991989721 0.0227685467)
(0.001875 -0.001991989721 0.0227685467)
(0.0025 -0.001991989721 0.0227685467)
(0.003125 -0.001991989721 0.0227685467)
(0.00375 -0.001991989721 0.0227685467)
(0.004375 -0.001991989721 0.0227685467)
(0.005 -0.001991989721 0.0227685467)
(0.005625 -0.001991989721 0.0227685467)
(0.00625 -0.001991989721 0.0227685467)
(0.006875 -0.001991989721 0.0227685467)
(0.0075 -0.001991989721 0.0227685467)
(0.008125 -0.001991989721 0.0227685467)
(0.00875 -0.001991989721 0.0227685467)
(0.009375 -0.001991989721 0.0227685467)
(0.01 -0.001991989721 0.0227685467)
(0.010625 -0.001991989721 0.0227685467)
(0.01125 -0.001991989721 0.0227685467)
(0.011875 -0.001991989721 0.0227685467)
(0.0125 -0.001991989721 0.0227685467)
(0.013125 -0.001991989721 0.0227685467)
(0.01375 -0.001991989721 0.0227685467)
(0.014375 -0.001991989721 0.0227685467)
(0.015 -0.001991989721 0.0227685467)
(0.015625 -0.001991989721 0.0227685467)
(0.01625 -0.001991989721 0.0227685467)
(0.016875 -0.001991989721 0.0227685467)
(0.0175 -0.001991989721 0.0227685467)
(0.018125 -0.001991989721 0.0227685467)
(0.01875 -0.001991989721 0.0227685467)
(0.019375 -0.001991989721 0.0227685467)
(0.02 -0.001991989721 0.0227685467)
(0.020625 -0.001991989721 0.0227685467)
(0.02125 -0.001991989721 0.0227685467)
(0.021875 -0.001991989721 0.0227685467)
(0.0225 -0.001991989721 0.0227685467)
(0.023125 -0.001991989721 0.0227685467)
(0.02375 -0.001991989721 0.0227685467)
(0.024375 -0.001991989721 0.0227685467)
(0.025 -0.001991989721 0.0227685467)
(0.025625 -0.001991989721 0.0227685467)
(0.02625 -0.001991989721 0.0227685467)
(0.026875 -0.001991989721 0.0227685467)
(0.0275 -0.001991989721 0.0227685467)
(0.028125 -0.001991989721 0.0227685467)
(0.02875 -0.001991989721 0.0227685467)
(0.029375 -0.001991989721 0.0227685467)
(0.03 -0.001991989721 0.0227685467)
(0.030625 -0.001991989721 0.0227685467)
(0.03125 -0.001991989721 0.0227685467)
(0.031875 -0.001991989721 0.0227685467)
(0.0325 -0.001991989721 0.0227685467)
(0.033125 -0.001991989721 0.0227685467)
(0.03375 -0.001991989721 0.0227685467)
(0.034375 -0.001991989721 0.0227685467)
(0.035 -0.001991989721 0.0227685467)
(0.035625 -0.001991989721 0.0227685467)
(0.03625 -0.001991989721 0.0227685467)
(0.036875 -0.001991989721 0.0227685467)
(0.0375 -0.001991989721 0.0227685467)
(0.038125 -0.001991989721 0.0227685467)
(0.03875 -0.001991989721 0.0227685467)
(0.039375 -0.001991989721 0.0227685467)
(0.04 -0.001991989721 0.0227685467)
(0.040625 -0.001991989721 0.0227685467)
(0.04125 -0.001991989721 0.0227685467)
(0.041875 -0.001991989721 0.0227685467)
(0.0425 -0.001991989721 0.0227685467)
(0.043125 -0.001991989721 0.0227685467)
(0.04375 -0.001991989721 0.0227685467)
(0.044375 -0.001991989721 0.0227685467)
(0.045 -0.001991989721 0.0227685467)
(0.045625 -0.001991989721 0.0227685467)
(0.04625 -0.001991989721 0.0227685467)
(0.046875 -0.001991989721 0.0227685467)
(0.0475 -0.001991989721 0.0227685467)
(0.048125 -0.001991989721 0.0227685467)
(0.04875 -0.001991989721 0.0227685467)
(0.049375 -0.001991989721 0.0227685467)
(0.05 -0.001991989721 0.0227685467)
(0 -0.002046680935 0.02339367013)
(0.000625 -0.002046680935 0.02339367013)
(0.00125 -0.002046680935 0.02339367013)
(0.001875 -0.002046680935 0.02339367013)
(0.0025 -0.002046680935 0.02339367013)
(0.003125 -0.002046680935 0.02339367013)
(0.00375 -0.002046680935 0.02339367013)
(0.004375 -0.002046680935 0.02339367013)
(0.005 -0.002046680935 0.02339367013)
(0.005625 -0.002046680935 0.02339367013)
(0.00625 -0.002046680935 0.02339367013)
(0.006875 -0.002046680935 0.02339367013)
(0.0075 -0.002046680935 0.02339367013)
(0.008125 -0.002046680935 0.02339367013)
(0.00875 -0.002046680935 0.02339367013)
(0.009375 -0.002046680935 0.02339367013)
(0.01 -0.002046680935 0.02339367013)
(0.010625 -0.002046680935 0.02339367013)
(0.01125 -0.002046680935 0.02339367013)
(0.011875 -0.002046680935 0.02339367013)
(0.0125 -0.002046680935 0.02339367013)
(0.013125 -0.002046680935 0.02339367013)
(0.01375 -0.002046680935 0.02339367013)
(0.014375 -0.002046680935 0.02339367013)
(0.015 -0.002046680935 0.02339367013)
(0.015625 -0.002046680935 0.02339367013)
(0.01625 -0.002046680935 0.02339367013)
(0.016875 -0.002046680935 0.02339367013)
(0.0175 -0.002046680935 0.02339367013)
(0.018125 -0.002046680935 0.02339367013)
(0.01875 -0.002046680935 0.02339367013)
(0.019375 -0.002046680935 0.02339367013)
(0.02 -0.002046680935 0.02339367013)
(0.020625 -0.002046680935 0.02339367013)
(0.02125 -0.002046680935 0.02339367013)
(0.021875 -0.002046680935 0.02339367013)
(0.0225 -0.002046680935 0.02339367013)
(0.023125 -0.002046680935 0.02339367013)
(0.02375 -0.002046680935 0.02339367013)
(0.024375 -0.002046680935 0.02339367013)
(0.025 -0.002046680935 0.02339367013)
(0.025625 -0.002046680935 0.02339367013)
(0.02625 -0.002046680935 0.02339367013)
(0.026875 -0.002046680935 0.02339367013)
(0.0275 -0.002046680935 0.02339367013)
(0.028125 -0.002046680935 0.02339367013)
(0.02875 -0.002046680935 0.02339367013)
(0.029375 -0.002046680935 0.02339367013)
(0.03 -0.002046680935 0.02339367013)
(0.030625 -0.002046680935 0.02339367013)
(0.03125 -0.002046680935 0.02339367013)
(0.031875 -0.002046680935 0.02339367013)
(0.0325 -0.002046680935 0.02339367013)
(0.033125 -0.002046680935 0.02339367013)
(0.03375 -0.002046680935 0.02339367013)
(0.034375 -0.002046680935 0.02339367013)
(0.035 -0.002046680935 0.02339367013)
(0.035625 -0.002046680935 0.02339367013)
(0.03625 -0.002046680935 0.02339367013)
(0.036875 -0.002046680935 0.02339367013)
(0.0375 -0.002046680935 0.02339367013)
(0.038125 -0.002046680935 0.02339367013)
(0.03875 -0.002046680935 0.02339367013)
(0.039375 -0.002046680935 0.02339367013)
(0.04 -0.002046680935 0.02339367013)
(0.040625 -0.002046680935 0.02339367013)
(0.04125 -0.002046680935 0.02339367013)
(0.041875 -0.002046680935 0.02339367013)
(0.0425 -0.002046680935 0.02339367013)
(0.043125 -0.002046680935 0.02339367013)
(0.04375 -0.002046680935 0.02339367013)
(0.044375 -0.002046680935 0.02339367013)
(0.045 -0.002046680935 0.02339367013)
(0.045625 -0.002046680935 0.02339367013)
(0.04625 -0.002046680935 0.02339367013)
(0.046875 -0.002046680935 0.02339367013)
(0.0475 -0.002046680935 0.02339367013)
(0.048125 -0.002046680935 0.02339367013)
(0.04875 -0.002046680935 0.02339367013)
(0.049375 -0.002046680935 0.02339367013)
(0.05 -0.002046680935 0.02339367013)
(0 -0.002097824832 0.02397824755)
(0.000625 -0.002097824832 0.02397824755)
(0.00125 -0.002097824832 0.02397824755)
(0.001875 -0.002097824832 0.02397824755)
(0.0025 -0.002097824832 0.02397824755)
(0.003125 -0.002097824832 0.02397824755)
(0.00375 -0.002097824832 0.02397824755)
(0.004375 -0.002097824832 0.02397824755)
(0.005 -0.002097824832 0.02397824755)
(0.005625 -0.002097824832 0.02397824755)
(0.00625 -0.002097824832 0.02397824755)
(0.006875 -0.002097824832 0.02397824755)
(0.0075 -0.002097824832 0.02397824755)
(0.008125 -0.002097824832 0.02397824755)
(0.00875 -0.002097824832 0.02397824755)
(0.009375 -0.002097824832 0.02397824755)
(0.01 -0.002097824832 0.02397824755)
(0.010625 -0.002097824832 0.02397824755)
(0.01125 -0.002097824832 0.02397824755)
(0.011875 -0.002097824832 0.02397824755)
(0.0125 -0.002097824832 0.02397824755)
(0.013125 -0.002097824832 0.02397824755)
(0.01375 -0.002097824832 0.02397824755)
(0.014375 -0.002097824832 0.02397824755)
(0.015 -0.002097824832 0.02397824755)
(0.015625 -0.002097824832 0.02397824755)
(0.01625 -0.002097824832 0.02397824755)
(0.016875 -0.002097824832 0.02397824755)
(0.0175 -0.002097824832 0.02397824755)
(0.018125 -0.002097824832 0.02397824755)
(0.01875 -0.002097824832 0.02397824755)
(0.019375 -0.002097824832 0.02397824755)
(0.02 -0.002097824832 0.02397824755)
(0.020625 -0.002097824832 0.02397824755)
(0.02125 -0.002097824832 0.02397824755)
(0.021875 -0.002097824832 0.02397824755)
(0.0225 -0.002097824832 0.02397824755)
(0.023125 -0.002097824832 0.02397824755)
(0.02375 -0.002097824832 0.02397824755)
(0.024375 -0.002097824832 0.02397824755)
(0.025 -0.002097824832 0.02397824755)
(0.025625 -0.002097824832 0.02397824755)
(0.02625 -0.002097824832 0.02397824755)
(0.026875 -0.002097824832 0.02397824755)
(0.0275 -0.002097824832 0.02397824755)
(0.028125 -0.002097824832 0.02397824755)
(0.02875 -0.002097824832 0.02397824755)
(0.029375 -0.002097824832 0.02397824755)
(0.03 -0.002097824832 0.02397824755)
(0.030625 -0.002097824832 0.02397824755)
(0.03125 -0.002097824832 0.02397824755)
(0.031875 -0.002097824832 0.02397824755)
(0.0325 -0.002097824832 0.02397824755)
(0.033125 -0.002097824832 0.02397824755)
(0.03375 -0.002097824832 0.02397824755)
(0.034375 -0.002097824832 0.02397824755)
(0.035 -0.002097824832 0.02397824755)
(0.035625 -0.002097824832 0.02397824755)
(0.03625 -0.002097824832 0.02397824755)
(0.036875 -0.002097824832 0.02397824755)
(0.0375 -0.002097824832 0.02397824755)
(0.038125 -0.002097824832 0.02397824755)
(0.03875 -0.002097824832 0.02397824755)
(0.039375 -0.002097824832 0.02397824755)
(0.04 -0.002097824832 0.02397824755)
(0.040625 -0.002097824832 0.02397824755)
(0.04125 -0.002097824832 0.02397824755)
(0.041875 -0.002097824832 0.02397824755)
(0.0425 -0.002097824832 0.02397824755)
(0.043125 -0.002097824832 0.02397824755)
(0.04375 -0.002097824832 0.02397824755)
(0.044375 -0.002097824832 0.02397824755)
(0.045 -0.002097824832 0.02397824755)
(0.045625 -0.002097824832 0.02397824755)
(0.04625 -0.002097824832 0.02397824755)
(0.046875 -0.002097824832 0.02397824755)
(0.0475 -0.002097824832 0.02397824755)
(0.048125 -0.002097824832 0.02397824755)
(0.04875 -0.002097824832 0.02397824755)
(0.049375 -0.002097824832 0.02397824755)
(0.05 -0.002097824832 0.02397824755)
(0 -0.002145651493 0.02452490879)
(0.000625 -0.002145651493 0.02452490879)
(0.00125 -0.002145651493 0.02452490879)
(0.001875 -0.002145651493 0.02452490879)
(0.0025 -0.002145651493 0.02452490879)
(0.003125 -0.002145651493 0.02452490879)
(0.00375 -0.002145651493 0.02452490879)
(0.004375 -0.002145651493 0.02452490879)
(0.005 -0.002145651493 0.02452490879)
(0.005625 -0.002145651493 0.02452490879)
(0.00625 -0.002145651493 0.02452490879)
(0.006875 -0.002145651493 0.02452490879)
(0.0075 -0.002145651493 0.02452490879)
(0.008125 -0.002145651493 0.02452490879)
(0.00875 -0.002145651493 0.02452490879)
(0.009375 -0.002145651493 0.02452490879)
(0.01 -0.002145651493 0.02452490879)
(0.010625 -0.002145651493 0.02452490879)
(0.01125 -0.002145651493 0.02452490879)
(0.011875 -0.002145651493 0.02452490879)
(0.0125 -0.002145651493 0.02452490879)
(0.013125 -0.002145651493 0.02452490879)
(0.01375 -0.002145651493 0.02452490879)
(0.014375 -0.002145651493 0.02452490879)
(0.015 -0.002145651493 0.02452490879)
(0.015625 -0.002145651493 0.02452490879)
(0.01625 -0.002145651493 0.02452490879)
(0.016875 -0.002145651493 0.02452490879)
(0.0175 -0.002145651493 0.02452490879)
(0.018125 -0.002145651493 0.02452490879)
(0.01875 -0.002145651493 0.02452490879)
(0.019375 -0.002145651493 0.02452490879)
(0.02 -0.002145651493 0.02452490879)
(0.020625 -0.002145651493 0.02452490879)
(0.02125 -0.002145651493 0.02452490879)
(0.021875 -0.002145651493 0.02452490879)
(0.0225 -0.002145651493 0.02452490879)
(0.023125 -0.002145651493 0.02452490879)
(0.02375 -0.002145651493 0.02452490879)
(0.024375 -0.002145651493 0.02452490879)
(0.025 -0.002145651493 0.02452490879)
(0.025625 -0.002145651493 0.02452490879)
(0.02625 -0.002145651493 0.02452490879)
(0.026875 -0.002145651493 0.02452490879)
(0.0275 -0.002145651493 0.02452490879)
(0.028125 -0.002145651493 0.02452490879)
(0.02875 -0.002145651493 0.02452490879)
(0.029375 -0.002145651493 0.02452490879)
(0.03 -0.002145651493 0.02452490879)
(0.030625 -0.002145651493 0.02452490879)
(0.03125 -0.002145651493 0.02452490879)
(0.031875 -0.002145651493 0.02452490879)
(0.0325 -0.002145651493 0.02452490879)
(0.033125 -0.002145651493 0.02452490879)
(0.03375 -0.002145651493 0.02452490879)
(0.034375 -0.002145651493 0.02452490879)
(0.035 -0.002145651493 0.02452490879)
(0.035625 -0.002145651493 0.02452490879)
(0.03625 -0.002145651493 0.02452490879)
(0.036875 -0.002145651493 0.02452490879)
(0.0375 -0.002145651493 0.02452490879)
(0.038125 -0.002145651493 0.02452490879)
(0.03875 -0.002145651493 0.02452490879)
(0.039375 -0.002145651493 0.02452490879)
(0.04 -0.002145651493 0.02452490879)
(0.040625 -0.002145651493 0.02452490879)
(0.04125 -0.002145651493 0.02452490879)
(0.041875 -0.002145651493 0.02452490879)
(0.0425 -0.002145651493 0.02452490879)
(0.043125 -0.002145651493 0.02452490879)
(0.04375 -0.002145651493 0.02452490879)
(0.044375 -0.002145651493 0.02452490879)
(0.045 -0.002145651493 0.02452490879)
(0.045625 -0.002145651493 0.02452490879)
(0.04625 -0.002145651493 0.02452490879)
(0.046875 -0.002145651493 0.02452490879)
(0.0475 -0.002145651493 0.02452490879)
(0.048125 -0.002145651493 0.02452490879)
(0.04875 -0.002145651493 0.02452490879)
(0.049375 -0.002145651493 0.02452490879)
(0.05 -0.002145651493 0.02452490879)
(0 -0.002190376077 0.02503611312)
(0.000625 -0.002190376077 0.02503611312)
(0.00125 -0.002190376077 0.02503611312)
(0.001875 -0.002190376077 0.02503611312)
(0.0025 -0.002190376077 0.02503611312)
(0.003125 -0.002190376077 0.02503611312)
(0.00375 -0.002190376077 0.02503611312)
(0.004375 -0.002190376077 0.02503611312)
(0.005 -0.002190376077 0.02503611312)
(0.005625 -0.002190376077 0.02503611312)
(0.00625 -0.002190376077 0.02503611312)
(0.006875 -0.002190376077 0.02503611312)
(0.0075 -0.002190376077 0.02503611312)
(0.008125 -0.002190376077 0.02503611312)
(0.00875 -0.002190376077 0.02503611312)
(0.009375 -0.002190376077 0.02503611312)
(0.01 -0.002190376077 0.02503611312)
(0.010625 -0.002190376077 0.02503611312)
(0.01125 -0.002190376077 0.02503611312)
(0.011875 -0.002190376077 0.02503611312)
(0.0125 -0.002190376077 0.02503611312)
(0.013125 -0.002190376077 0.02503611312)
(0.01375 -0.002190376077 0.02503611312)
(0.014375 -0.002190376077 0.02503611312)
(0.015 -0.002190376077 0.02503611312)
(0.015625 -0.002190376077 0.02503611312)
(0.01625 -0.002190376077 0.02503611312)
(0.016875 -0.002190376077 0.02503611312)
(0.0175 -0.002190376077 0.02503611312)
(0.018125 -0.002190376077 0.02503611312)
(0.01875 -0.002190376077 0.02503611312)
(0.019375 -0.002190376077 0.02503611312)
(0.02 -0.002190376077 0.02503611312)
(0.020625 -0.002190376077 0.02503611312)
(0.02125 -0.002190376077 0.02503611312)
(0.021875 -0.002190376077 0.02503611312)
(0.0225 -0.002190376077 0.02503611312)
(0.023125 -0.002190376077 0.02503611312)
(0.02375 -0.002190376077 0.02503611312)
(0.024375 -0.002190376077 0.02503611312)
(0.025 -0.002190376077 0.02503611312)
(0.025625 -0.002190376077 0.02503611312)
(0.02625 -0.002190376077 0.02503611312)
(0.026875 -0.002190376077 0.02503611312)
(0.0275 -0.002190376077 0.02503611312)
(0.028125 -0.002190376077 0.02503611312)
(0.02875 -0.002190376077 0.02503611312)
(0.029375 -0.002190376077 0.02503611312)
(0.03 -0.002190376077 0.02503611312)
(0.030625 -0.002190376077 0.02503611312)
(0.03125 -0.002190376077 0.02503611312)
(0.031875 -0.002190376077 0.02503611312)
(0.0325 -0.002190376077 0.02503611312)
(0.033125 -0.002190376077 0.02503611312)
(0.03375 -0.002190376077 0.02503611312)
(0.034375 -0.002190376077 0.02503611312)
(0.035 -0.002190376077 0.02503611312)
(0.035625 -0.002190376077 0.02503611312)
(0.03625 -0.002190376077 0.02503611312)
(0.036875 -0.002190376077 0.02503611312)
(0.0375 -0.002190376077 0.02503611312)
(0.038125 -0.002190376077 0.02503611312)
(0.03875 -0.002190376077 0.02503611312)
(0.039375 -0.002190376077 0.02503611312)
(0.04 -0.002190376077 0.02503611312)
(0.040625 -0.002190376077 0.02503611312)
(0.04125 -0.002190376077 0.02503611312)
(0.041875 -0.002190376077 0.02503611312)
(0.0425 -0.002190376077 0.02503611312)
(0.043125 -0.002190376077 0.02503611312)
(0.04375 -0.002190376077 0.02503611312)
(0.044375 -0.002190376077 0.02503611312)
(0.045 -0.002190376077 0.02503611312)
(0.045625 -0.002190376077 0.02503611312)
(0.04625 -0.002190376077 0.02503611312)
(0.046875 -0.002190376077 0.02503611312)
(0.0475 -0.002190376077 0.02503611312)
(0.048125 -0.002190376077 0.02503611312)
(0.04875 -0.002190376077 0.02503611312)
(0.049375 -0.002190376077 0.02503611312)
(0.05 -0.002190376077 0.02503611312)
(0 -0.002232199788 0.02551416033)
(0.000625 -0.002232199788 0.02551416033)
(0.00125 -0.002232199788 0.02551416033)
(0.001875 -0.002232199788 0.02551416033)
(0.0025 -0.002232199788 0.02551416033)
(0.003125 -0.002232199788 0.02551416033)
(0.00375 -0.002232199788 0.02551416033)
(0.004375 -0.002232199788 0.02551416033)
(0.005 -0.002232199788 0.02551416033)
(0.005625 -0.002232199788 0.02551416033)
(0.00625 -0.002232199788 0.02551416033)
(0.006875 -0.002232199788 0.02551416033)
(0.0075 -0.002232199788 0.02551416033)
(0.008125 -0.002232199788 0.02551416033)
(0.00875 -0.002232199788 0.02551416033)
(0.009375 -0.002232199788 0.02551416033)
(0.01 -0.002232199788 0.02551416033)
(0.010625 -0.002232199788 0.02551416033)
(0.01125 -0.002232199788 0.02551416033)
(0.011875 -0.002232199788 0.02551416033)
(0.0125 -0.002232199788 0.02551416033)
(0.013125 -0.002232199788 0.02551416033)
(0.01375 -0.002232199788 0.02551416033)
(0.014375 -0.002232199788 0.02551416033)
(0.015 -0.002232199788 0.02551416033)
(0.015625 -0.002232199788 0.02551416033)
(0.01625 -0.002232199788 0.02551416033)
(0.016875 -0.002232199788 0.02551416033)
(0.0175 -0.002232199788 0.02551416033)
(0.018125 -0.002232199788 0.02551416033)
(0.01875 -0.002232199788 0.02551416033)
(0.019375 -0.002232199788 0.02551416033)
(0.02 -0.002232199788 0.02551416033)
(0.020625 -0.002232199788 0.02551416033)
(0.02125 -0.002232199788 0.02551416033)
(0.021875 -0.002232199788 0.02551416033)
(0.0225 -0.002232199788 0.02551416033)
(0.023125 -0.002232199788 0.02551416033)
(0.02375 -0.002232199788 0.02551416033)
(0.024375 -0.002232199788 0.02551416033)
(0.025 -0.002232199788 0.02551416033)
(0.025625 -0.002232199788 0.02551416033)
(0.02625 -0.002232199788 0.02551416033)
(0.026875 -0.002232199788 0.02551416033)
(0.0275 -0.002232199788 0.02551416033)
(0.028125 -0.002232199788 0.02551416033)
(0.02875 -0.002232199788 0.02551416033)
(0.029375 -0.002232199788 0.02551416033)
(0.03 -0.002232199788 0.02551416033)
(0.030625 -0.002232199788 0.02551416033)
(0.03125 -0.002232199788 0.02551416033)
(0.031875 -0.002232199788 0.02551416033)
(0.0325 -0.002232199788 0.02551416033)
(0.033125 -0.002232199788 0.02551416033)
(0.03375 -0.002232199788 0.02551416033)
(0.034375 -0.002232199788 0.02551416033)
(0.035 -0.002232199788 0.02551416033)
(0.035625 -0.002232199788 0.02551416033)
(0.03625 -0.002232199788 0.02551416033)
(0.036875 -0.002232199788 0.02551416033)
(0.0375 -0.002232199788 0.02551416033)
(0.038125 -0.002232199788 0.02551416033)
(0.03875 -0.002232199788 0.02551416033)
(0.039375 -0.002232199788 0.02551416033)
(0.04 -0.002232199788 0.02551416033)
(0.040625 -0.002232199788 0.02551416033)
(0.04125 -0.002232199788 0.02551416033)
(0.041875 -0.002232199788 0.02551416033)
(0.0425 -0.002232199788 0.02551416033)
(0.043125 -0.002232199788 0.02551416033)
(0.04375 -0.002232199788 0.02551416033)
(0.044375 -0.002232199788 0.02551416033)
(0.045 -0.002232199788 0.02551416033)
(0.045625 -0.002232199788 0.02551416033)
(0.04625 -0.002232199788 0.02551416033)
(0.046875 -0.002232199788 0.02551416033)
(0.0475 -0.002232199788 0.02551416033)
(0.048125 -0.002232199788 0.02551416033)
(0.04875 -0.002232199788 0.02551416033)
(0.049375 -0.002232199788 0.02551416033)
(0.05 -0.002232199788 0.02551416033)
(0 -0.002271310778 0.02596120099)
(0.000625 -0.002271310778 0.02596120099)
(0.00125 -0.002271310778 0.02596120099)
(0.001875 -0.002271310778 0.02596120099)
(0.0025 -0.002271310778 0.02596120099)
(0.003125 -0.002271310778 0.02596120099)
(0.00375 -0.002271310778 0.02596120099)
(0.004375 -0.002271310778 0.02596120099)
(0.005 -0.002271310778 0.02596120099)
(0.005625 -0.002271310778 0.02596120099)
(0.00625 -0.002271310778 0.02596120099)
(0.006875 -0.002271310778 0.02596120099)
(0.0075 -0.002271310778 0.02596120099)
(0.008125 -0.002271310778 0.02596120099)
(0.00875 -0.002271310778 0.02596120099)
(0.009375 -0.002271310778 0.02596120099)
(0.01 -0.002271310778 0.02596120099)
(0.010625 -0.002271310778 0.02596120099)
(0.01125 -0.002271310778 0.02596120099)
(0.011875 -0.002271310778 0.02596120099)
(0.0125 -0.002271310778 0.02596120099)
(0.013125 -0.002271310778 0.02596120099)
(0.01375 -0.002271310778 0.02596120099)
(0.014375 -0.002271310778 0.02596120099)
(0.015 -0.002271310778 0.02596120099)
(0.015625 -0.002271310778 0.02596120099)
(0.01625 -0.002271310778 0.02596120099)
(0.016875 -0.002271310778 0.02596120099)
(0.0175 -0.002271310778 0.02596120099)
(0.018125 -0.002271310778 0.02596120099)
(0.01875 -0.002271310778 0.02596120099)
(0.019375 -0.002271310778 0.02596120099)
(0.02 -0.002271310778 0.02596120099)
(0.020625 -0.002271310778 0.02596120099)
(0.02125 -0.002271310778 0.02596120099)
(0.021875 -0.002271310778 0.02596120099)
(0.0225 -0.002271310778 0.02596120099)
(0.023125 -0.002271310778 0.02596120099)
(0.02375 -0.002271310778 0.02596120099)
(0.024375 -0.002271310778 0.02596120099)
(0.025 -0.002271310778 0.02596120099)
(0.025625 -0.002271310778 0.02596120099)
(0.02625 -0.002271310778 0.02596120099)
(0.026875 -0.002271310778 0.02596120099)
(0.0275 -0.002271310778 0.02596120099)
(0.028125 -0.002271310778 0.02596120099)
(0.02875 -0.002271310778 0.02596120099)
(0.029375 -0.002271310778 0.02596120099)
(0.03 -0.002271310778 0.02596120099)
(0.030625 -0.002271310778 0.02596120099)
(0.03125 -0.002271310778 0.02596120099)
(0.031875 -0.002271310778 0.02596120099)
(0.0325 -0.002271310778 0.02596120099)
(0.033125 -0.002271310778 0.02596120099)
(0.03375 -0.002271310778 0.02596120099)
(0.034375 -0.002271310778 0.02596120099)
(0.035 -0.002271310778 0.02596120099)
(0.035625 -0.002271310778 0.02596120099)
(0.03625 -0.002271310778 0.02596120099)
(0.036875 -0.002271310778 0.02596120099)
(0.0375 -0.002271310778 0.02596120099)
(0.038125 -0.002271310778 0.02596120099)
(0.03875 -0.002271310778 0.02596120099)
(0.039375 -0.002271310778 0.02596120099)
(0.04 -0.002271310778 0.02596120099)
(0.040625 -0.002271310778 0.02596120099)
(0.04125 -0.002271310778 0.02596120099)
(0.041875 -0.002271310778 0.02596120099)
(0.0425 -0.002271310778 0.02596120099)
(0.043125 -0.002271310778 0.02596120099)
(0.04375 -0.002271310778 0.02596120099)
(0.044375 -0.002271310778 0.02596120099)
(0.045 -0.002271310778 0.02596120099)
(0.045625 -0.002271310778 0.02596120099)
(0.04625 -0.002271310778 0.02596120099)
(0.046875 -0.002271310778 0.02596120099)
(0.0475 -0.002271310778 0.02596120099)
(0.048125 -0.002271310778 0.02596120099)
(0.04875 -0.002271310778 0.02596120099)
(0.049375 -0.002271310778 0.02596120099)
(0.05 -0.002271310778 0.02596120099)
(0 -0.002307884997 0.02637924623)
(0.000625 -0.002307884997 0.02637924623)
(0.00125 -0.002307884997 0.02637924623)
(0.001875 -0.002307884997 0.02637924623)
(0.0025 -0.002307884997 0.02637924623)
(0.003125 -0.002307884997 0.02637924623)
(0.00375 -0.002307884997 0.02637924623)
(0.004375 -0.002307884997 0.02637924623)
(0.005 -0.002307884997 0.02637924623)
(0.005625 -0.002307884997 0.02637924623)
(0.00625 -0.002307884997 0.02637924623)
(0.006875 -0.002307884997 0.02637924623)
(0.0075 -0.002307884997 0.02637924623)
(0.008125 -0.002307884997 0.02637924623)
(0.00875 -0.002307884997 0.02637924623)
(0.009375 -0.002307884997 0.02637924623)
(0.01 -0.002307884997 0.02637924623)
(0.010625 -0.002307884997 0.02637924623)
(0.01125 -0.002307884997 0.02637924623)
(0.011875 -0.002307884997 0.02637924623)
(0.0125 -0.002307884997 0.02637924623)
(0.013125 -0.002307884997 0.02637924623)
(0.01375 -0.002307884997 0.02637924623)
(0.014375 -0.002307884997 0.02637924623)
(0.015 -0.002307884997 0.02637924623)
(0.015625 -0.002307884997 0.02637924623)
(0.01625 -0.002307884997 0.02637924623)
(0.016875 -0.002307884997 0.02637924623)
(0.0175 -0.002307884997 0.02637924623)
(0.018125 -0.002307884997 0.02637924623)
(0.01875 -0.002307884997 0.02637924623)
(0.019375 -0.002307884997 0.02637924623)
(0.02 -0.002307884997 0.02637924623)
(0.020625 -0.002307884997 0.02637924623)
(0.02125 -0.002307884997 0.02637924623)
(0.021875 -0.002307884997 0.02637924623)
(0.0225 -0.002307884997 0.02637924623)
(0.023125 -0.002307884997 0.02637924623)
(0.02375 -0.002307884997 0.02637924623)
(0.024375 -0.002307884997 0.02637924623)
(0.025 -0.002307884997 0.02637924623)
(0.025625 -0.002307884997 0.02637924623)
(0.02625 -0.002307884997 0.02637924623)
(0.026875 -0.002307884997 0.02637924623)
(0.0275 -0.002307884997 0.02637924623)
(0.028125 -0.002307884997 0.02637924623)
(0.02875 -0.002307884997 0.02637924623)
(0.029375 -0.002307884997 0.02637924623)
(0.03 -0.002307884997 0.02637924623)
(0.030625 -0.002307884997 0.02637924623)
(0.03125 -0.002307884997 0.02637924623)
(0.031875 -0.002307884997 0.02637924623)
(0.0325 -0.002307884997 0.02637924623)
(0.033125 -0.002307884997 0.02637924623)
(0.03375 -0.002307884997 0.02637924623)
(0.034375 -0.002307884997 0.02637924623)
(0.035 -0.002307884997 0.02637924623)
(0.035625 -0.002307884997 0.02637924623)
(0.03625 -0.002307884997 0.02637924623)
(0.036875 -0.002307884997 0.02637924623)
(0.0375 -0.002307884997 0.02637924623)
(0.038125 -0.002307884997 0.02637924623)
(0.03875 -0.002307884997 0.02637924623)
(0.039375 -0.002307884997 0.02637924623)
(0.04 -0.002307884997 0.02637924623)
(0.040625 -0.002307884997 0.02637924623)
(0.04125 -0.002307884997 0.02637924623)
(0.041875 -0.002307884997 0.02637924623)
(0.0425 -0.002307884997 0.02637924623)
(0.043125 -0.002307884997 0.02637924623)
(0.04375 -0.002307884997 0.02637924623)
(0.044375 -0.002307884997 0.02637924623)
(0.045 -0.002307884997 0.02637924623)
(0.045625 -0.002307884997 0.02637924623)
(0.04625 -0.002307884997 0.02637924623)
(0.046875 -0.002307884997 0.02637924623)
(0.0475 -0.002307884997 0.02637924623)
(0.048125 -0.002307884997 0.02637924623)
(0.04875 -0.002307884997 0.02637924623)
(0.049375 -0.002307884997 0.02637924623)
(0.05 -0.002307884997 0.02637924623)
(0 -0.002342086982 0.02677017671)
(0.000625 -0.002342086982 0.02677017671)
(0.00125 -0.002342086982 0.02677017671)
(0.001875 -0.002342086982 0.02677017671)
(0.0025 -0.002342086982 0.02677017671)
(0.003125 -0.002342086982 0.02677017671)
(0.00375 -0.002342086982 0.02677017671)
(0.004375 -0.002342086982 0.02677017671)
(0.005 -0.002342086982 0.02677017671)
(0.005625 -0.002342086982 0.02677017671)
(0.00625 -0.002342086982 0.02677017671)
(0.006875 -0.002342086982 0.02677017671)
(0.0075 -0.002342086982 0.02677017671)
(0.008125 -0.002342086982 0.02677017671)
(0.00875 -0.002342086982 0.02677017671)
(0.009375 -0.002342086982 0.02677017671)
(0.01 -0.002342086982 0.02677017671)
(0.010625 -0.002342086982 0.02677017671)
(0.01125 -0.002342086982 0.02677017671)
(0.011875 -0.002342086982 0.02677017671)
(0.0125 -0.002342086982 0.02677017671)
(0.013125 -0.002342086982 0.02677017671)
(0.01375 -0.002342086982 0.02677017671)
(0.014375 -0.002342086982 0.02677017671)
(0.015 -0.002342086982 0.02677017671)
(0.015625 -0.002342086982 0.02677017671)
(0.01625 -0.002342086982 0.02677017671)
(0.016875 -0.002342086982 0.02677017671)
(0.0175 -0.002342086982 0.02677017671)
(0.018125 -0.002342086982 0.02677017671)
(0.01875 -0.002342086982 0.02677017671)
(0.019375 -0.002342086982 0.02677017671)
(0.02 -0.002342086982 0.02677017671)
(0.020625 -0.002342086982 0.02677017671)
(0.02125 -0.002342086982 0.02677017671)
(0.021875 -0.002342086982 0.02677017671)
(0.0225 -0.002342086982 0.02677017671)
(0.023125 -0.002342086982 0.02677017671)
(0.02375 -0.002342086982 0.02677017671)
(0.024375 -0.002342086982 0.02677017671)
(0.025 -0.002342086982 0.02677017671)
(0.025625 -0.002342086982 0.02677017671)
(0.02625 -0.002342086982 0.02677017671)
(0.026875 -0.002342086982 0.02677017671)
(0.0275 -0.002342086982 0.02677017671)
(0.028125 -0.002342086982 0.02677017671)
(0.02875 -0.002342086982 0.02677017671)
(0.029375 -0.002342086982 0.02677017671)
(0.03 -0.002342086982 0.02677017671)
(0.030625 -0.002342086982 0.02677017671)
(0.03125 -0.002342086982 0.02677017671)
(0.031875 -0.002342086982 0.02677017671)
(0.0325 -0.002342086982 0.02677017671)
(0.033125 -0.002342086982 0.02677017671)
(0.03375 -0.002342086982 0.02677017671)
(0.034375 -0.002342086982 0.02677017671)
(0.035 -0.002342086982 0.02677017671)
(0.035625 -0.002342086982 0.02677017671)
(0.03625 -0.002342086982 0.02677017671)
(0.036875 -0.002342086982 0.02677017671)
(0.0375 -0.002342086982 0.02677017671)
(0.038125 -0.002342086982 0.02677017671)
(0.03875 -0.002342086982 0.02677017671)
(0.039375 -0.002342086982 0.02677017671)
(0.04 -0.002342086982 0.02677017671)
(0.040625 -0.002342086982 0.02677017671)
(0.04125 -0.002342086982 0.02677017671)
(0.041875 -0.002342086982 0.02677017671)
(0.0425 -0.002342086982 0.02677017671)
(0.043125 -0.002342086982 0.02677017671)
(0.04375 -0.002342086982 0.02677017671)
(0.044375 -0.002342086982 0.02677017671)
(0.045 -0.002342086982 0.02677017671)
(0.045625 -0.002342086982 0.02677017671)
(0.04625 -0.002342086982 0.02677017671)
(0.046875 -0.002342086982 0.02677017671)
(0.0475 -0.002342086982 0.02677017671)
(0.048125 -0.002342086982 0.02677017671)
(0.04875 -0.002342086982 0.02677017671)
(0.049375 -0.002342086982 0.02677017671)
(0.05 -0.002342086982 0.02677017671)
(0 -0.002374070598 0.02713575111)
(0.000625 -0.002374070598 0.02713575111)
(0.00125 -0.002374070598 0.02713575111)
(0.001875 -0.002374070598 0.02713575111)
(0.0025 -0.002374070598 0.02713575111)
(0.003125 -0.002374070598 0.02713575111)
(0.00375 -0.002374070598 0.02713575111)
(0.004375 -0.002374070598 0.02713575111)
(0.005 -0.002374070598 0.02713575111)
(0.005625 -0.002374070598 0.02713575111)
(0.00625 -0.002374070598 0.02713575111)
(0.006875 -0.002374070598 0.02713575111)
(0.0075 -0.002374070598 0.02713575111)
(0.008125 -0.002374070598 0.02713575111)
(0.00875 -0.002374070598 0.02713575111)
(0.009375 -0.002374070598 0.02713575111)
(0.01 -0.002374070598 0.02713575111)
(0.010625 -0.002374070598 0.02713575111)
(0.01125 -0.002374070598 0.02713575111)
(0.011875 -0.002374070598 0.02713575111)
(0.0125 -0.002374070598 0.02713575111)
(0.013125 -0.002374070598 0.02713575111)
(0.01375 -0.002374070598 0.02713575111)
(0.014375 -0.002374070598 0.02713575111)
(0.015 -0.002374070598 0.02713575111)
(0.015625 -0.002374070598 0.02713575111)
(0.01625 -0.002374070598 0.02713575111)
(0.016875 -0.002374070598 0.02713575111)
(0.0175 -0.002374070598 0.02713575111)
(0.018125 -0.002374070598 0.02713575111)
(0.01875 -0.002374070598 0.02713575111)
(0.019375 -0.002374070598 0.02713575111)
(0.02 -0.002374070598 0.02713575111)
(0.020625 -0.002374070598 0.02713575111)
(0.02125 -0.002374070598 0.02713575111)
(0.021875 -0.002374070598 0.02713575111)
(0.0225 -0.002374070598 0.02713575111)
(0.023125 -0.002374070598 0.02713575111)
(0.02375 -0.002374070598 0.02713575111)
(0.024375 -0.002374070598 0.02713575111)
(0.025 -0.002374070598 0.02713575111)
(0.025625 -0.002374070598 0.02713575111)
(0.02625 -0.002374070598 0.02713575111)
(0.026875 -0.002374070598 0.02713575111)
(0.0275 -0.002374070598 0.02713575111)
(0.028125 -0.002374070598 0.02713575111)
(0.02875 -0.002374070598 0.02713575111)
(0.029375 -0.002374070598 0.02713575111)
(0.03 -0.002374070598 0.02713575111)
(0.030625 -0.002374070598 0.02713575111)
(0.03125 -0.002374070598 0.02713575111)
(0.031875 -0.002374070598 0.02713575111)
(0.0325 -0.002374070598 0.02713575111)
(0.033125 -0.002374070598 0.02713575111)
(0.03375 -0.002374070598 0.02713575111)
(0.034375 -0.002374070598 0.02713575111)
(0.035 -0.002374070598 0.02713575111)
(0.035625 -0.002374070598 0.02713575111)
(0.03625 -0.002374070598 0.02713575111)
(0.036875 -0.002374070598 0.02713575111)
(0.0375 -0.002374070598 0.02713575111)
(0.038125 -0.002374070598 0.02713575111)
(0.03875 -0.002374070598 0.02713575111)
(0.039375 -0.002374070598 0.02713575111)
(0.04 -0.002374070598 0.02713575111)
(0.040625 -0.002374070598 0.02713575111)
(0.04125 -0.002374070598 0.02713575111)
(0.041875 -0.002374070598 0.02713575111)
(0.0425 -0.002374070598 0.02713575111)
(0.043125 -0.002374070598 0.02713575111)
(0.04375 -0.002374070598 0.02713575111)
(0.044375 -0.002374070598 0.02713575111)
(0.045 -0.002374070598 0.02713575111)
(0.045625 -0.002374070598 0.02713575111)
(0.04625 -0.002374070598 0.02713575111)
(0.046875 -0.002374070598 0.02713575111)
(0.0475 -0.002374070598 0.02713575111)
(0.048125 -0.002374070598 0.02713575111)
(0.04875 -0.002374070598 0.02713575111)
(0.049375 -0.002374070598 0.02713575111)
(0.05 -0.002374070598 0.02713575111)
(0 -0.002403979731 0.02747761406)
(0.000625 -0.002403979731 0.02747761406)
(0.00125 -0.002403979731 0.02747761406)
(0.001875 -0.002403979731 0.02747761406)
(0.0025 -0.002403979731 0.02747761406)
(0.003125 -0.002403979731 0.02747761406)
(0.00375 -0.002403979731 0.02747761406)
(0.004375 -0.002403979731 0.02747761406)
(0.005 -0.002403979731 0.02747761406)
(0.005625 -0.002403979731 0.02747761406)
(0.00625 -0.002403979731 0.02747761406)
(0.006875 -0.002403979731 0.02747761406)
(0.0075 -0.002403979731 0.02747761406)
(0.008125 -0.002403979731 0.02747761406)
(0.00875 -0.002403979731 0.02747761406)
(0.009375 -0.002403979731 0.02747761406)
(0.01 -0.002403979731 0.02747761406)
(0.010625 -0.002403979731 0.02747761406)
(0.01125 -0.002403979731 0.02747761406)
(0.011875 -0.002403979731 0.02747761406)
(0.0125 -0.002403979731 0.02747761406)
(0.013125 -0.002403979731 0.02747761406)
(0.01375 -0.002403979731 0.02747761406)
(0.014375 -0.002403979731 0.02747761406)
(0.015 -0.002403979731 0.02747761406)
(0.015625 -0.002403979731 0.02747761406)
(0.01625 -0.002403979731 0.02747761406)
(0.016875 -0.002403979731 0.02747761406)
(0.0175 -0.002403979731 0.02747761406)
(0.018125 -0.002403979731 0.02747761406)
(0.01875 -0.002403979731 0.02747761406)
(0.019375 -0.002403979731 0.02747761406)
(0.02 -0.002403979731 0.02747761406)
(0.020625 -0.002403979731 0.02747761406)
(0.02125 -0.002403979731 0.02747761406)
(0.021875 -0.002403979731 0.02747761406)
(0.0225 -0.002403979731 0.02747761406)
(0.023125 -0.002403979731 0.02747761406)
(0.02375 -0.002403979731 0.02747761406)
(0.024375 -0.002403979731 0.02747761406)
(0.025 -0.002403979731 0.02747761406)
(0.025625 -0.002403979731 0.02747761406)
(0.02625 -0.002403979731 0.02747761406)
(0.026875 -0.002403979731 0.02747761406)
(0.0275 -0.002403979731 0.02747761406)
(0.028125 -0.002403979731 0.02747761406)
(0.02875 -0.002403979731 0.02747761406)
(0.029375 -0.002403979731 0.02747761406)
(0.03 -0.002403979731 0.02747761406)
(0.030625 -0.002403979731 0.02747761406)
(0.03125 -0.002403979731 0.02747761406)
(0.031875 -0.002403979731 0.02747761406)
(0.0325 -0.002403979731 0.02747761406)
(0.033125 -0.002403979731 0.02747761406)
(0.03375 -0.002403979731 0.02747761406)
(0.034375 -0.002403979731 0.02747761406)
(0.035 -0.002403979731 0.02747761406)
(0.035625 -0.002403979731 0.02747761406)
(0.03625 -0.002403979731 0.02747761406)
(0.036875 -0.002403979731 0.02747761406)
(0.0375 -0.002403979731 0.02747761406)
(0.038125 -0.002403979731 0.02747761406)
(0.03875 -0.002403979731 0.02747761406)
(0.039375 -0.002403979731 0.02747761406)
(0.04 -0.002403979731 0.02747761406)
(0.040625 -0.002403979731 0.02747761406)
(0.04125 -0.002403979731 0.02747761406)
(0.041875 -0.002403979731 0.02747761406)
(0.0425 -0.002403979731 0.02747761406)
(0.043125 -0.002403979731 0.02747761406)
(0.04375 -0.002403979731 0.02747761406)
(0.044375 -0.002403979731 0.02747761406)
(0.045 -0.002403979731 0.02747761406)
(0.045625 -0.002403979731 0.02747761406)
(0.04625 -0.002403979731 0.02747761406)
(0.046875 -0.002403979731 0.02747761406)
(0.0475 -0.002403979731 0.02747761406)
(0.048125 -0.002403979731 0.02747761406)
(0.04875 -0.002403979731 0.02747761406)
(0.049375 -0.002403979731 0.02747761406)
(0.05 -0.002403979731 0.02747761406)
(0 -0.002431948932 0.02779730349)
(0.000625 -0.002431948932 0.02779730349)
(0.00125 -0.002431948932 0.02779730349)
(0.001875 -0.002431948932 0.02779730349)
(0.0025 -0.002431948932 0.02779730349)
(0.003125 -0.002431948932 0.02779730349)
(0.00375 -0.002431948932 0.02779730349)
(0.004375 -0.002431948932 0.02779730349)
(0.005 -0.002431948932 0.02779730349)
(0.005625 -0.002431948932 0.02779730349)
(0.00625 -0.002431948932 0.02779730349)
(0.006875 -0.002431948932 0.02779730349)
(0.0075 -0.002431948932 0.02779730349)
(0.008125 -0.002431948932 0.02779730349)
(0.00875 -0.002431948932 0.02779730349)
(0.009375 -0.002431948932 0.02779730349)
(0.01 -0.002431948932 0.02779730349)
(0.010625 -0.002431948932 0.02779730349)
(0.01125 -0.002431948932 0.02779730349)
(0.011875 -0.002431948932 0.02779730349)
(0.0125 -0.002431948932 0.02779730349)
(0.013125 -0.002431948932 0.02779730349)
(0.01375 -0.002431948932 0.02779730349)
(0.014375 -0.002431948932 0.02779730349)
(0.015 -0.002431948932 0.02779730349)
(0.015625 -0.002431948932 0.02779730349)
(0.01625 -0.002431948932 0.02779730349)
(0.016875 -0.002431948932 0.02779730349)
(0.0175 -0.002431948932 0.02779730349)
(0.018125 -0.002431948932 0.02779730349)
(0.01875 -0.002431948932 0.02779730349)
(0.019375 -0.002431948932 0.02779730349)
(0.02 -0.002431948932 0.02779730349)
(0.020625 -0.002431948932 0.02779730349)
(0.02125 -0.002431948932 0.02779730349)
(0.021875 -0.002431948932 0.02779730349)
(0.0225 -0.002431948932 0.02779730349)
(0.023125 -0.002431948932 0.02779730349)
(0.02375 -0.002431948932 0.02779730349)
(0.024375 -0.002431948932 0.02779730349)
(0.025 -0.002431948932 0.02779730349)
(0.025625 -0.002431948932 0.02779730349)
(0.02625 -0.002431948932 0.02779730349)
(0.026875 -0.002431948932 0.02779730349)
(0.0275 -0.002431948932 0.02779730349)
(0.028125 -0.002431948932 0.02779730349)
(0.02875 -0.002431948932 0.02779730349)
(0.029375 -0.002431948932 0.02779730349)
(0.03 -0.002431948932 0.02779730349)
(0.030625 -0.002431948932 0.02779730349)
(0.03125 -0.002431948932 0.02779730349)
(0.031875 -0.002431948932 0.02779730349)
(0.0325 -0.002431948932 0.02779730349)
(0.033125 -0.002431948932 0.02779730349)
(0.03375 -0.002431948932 0.02779730349)
(0.034375 -0.002431948932 0.02779730349)
(0.035 -0.002431948932 0.02779730349)
(0.035625 -0.002431948932 0.02779730349)
(0.03625 -0.002431948932 0.02779730349)
(0.036875 -0.002431948932 0.02779730349)
(0.0375 -0.002431948932 0.02779730349)
(0.038125 -0.002431948932 0.02779730349)
(0.03875 -0.002431948932 0.02779730349)
(0.039375 -0.002431948932 0.02779730349)
(0.04 -0.002431948932 0.02779730349)
(0.040625 -0.002431948932 0.02779730349)
(0.04125 -0.002431948932 0.02779730349)
(0.041875 -0.002431948932 0.02779730349)
(0.0425 -0.002431948932 0.02779730349)
(0.043125 -0.002431948932 0.02779730349)
(0.04375 -0.002431948932 0.02779730349)
(0.044375 -0.002431948932 0.02779730349)
(0.045 -0.002431948932 0.02779730349)
(0.045625 -0.002431948932 0.02779730349)
(0.04625 -0.002431948932 0.02779730349)
(0.046875 -0.002431948932 0.02779730349)
(0.0475 -0.002431948932 0.02779730349)
(0.048125 -0.002431948932 0.02779730349)
(0.04875 -0.002431948932 0.02779730349)
(0.049375 -0.002431948932 0.02779730349)
(0.05 -0.002431948932 0.02779730349)
(0 -0.002458104027 0.0280962576)
(0.000625 -0.002458104027 0.0280962576)
(0.00125 -0.002458104027 0.0280962576)
(0.001875 -0.002458104027 0.0280962576)
(0.0025 -0.002458104027 0.0280962576)
(0.003125 -0.002458104027 0.0280962576)
(0.00375 -0.002458104027 0.0280962576)
(0.004375 -0.002458104027 0.0280962576)
(0.005 -0.002458104027 0.0280962576)
(0.005625 -0.002458104027 0.0280962576)
(0.00625 -0.002458104027 0.0280962576)
(0.006875 -0.002458104027 0.0280962576)
(0.0075 -0.002458104027 0.0280962576)
(0.008125 -0.002458104027 0.0280962576)
(0.00875 -0.002458104027 0.0280962576)
(0.009375 -0.002458104027 0.0280962576)
(0.01 -0.002458104027 0.0280962576)
(0.010625 -0.002458104027 0.0280962576)
(0.01125 -0.002458104027 0.0280962576)
(0.011875 -0.002458104027 0.0280962576)
(0.0125 -0.002458104027 0.0280962576)
(0.013125 -0.002458104027 0.0280962576)
(0.01375 -0.002458104027 0.0280962576)
(0.014375 -0.002458104027 0.0280962576)
(0.015 -0.002458104027 0.0280962576)
(0.015625 -0.002458104027 0.0280962576)
(0.01625 -0.002458104027 0.0280962576)
(0.016875 -0.002458104027 0.0280962576)
(0.0175 -0.002458104027 0.0280962576)
(0.018125 -0.002458104027 0.0280962576)
(0.01875 -0.002458104027 0.0280962576)
(0.019375 -0.002458104027 0.0280962576)
(0.02 -0.002458104027 0.0280962576)
(0.020625 -0.002458104027 0.0280962576)
(0.02125 -0.002458104027 0.0280962576)
(0.021875 -0.002458104027 0.0280962576)
(0.0225 -0.002458104027 0.0280962576)
(0.023125 -0.002458104027 0.0280962576)
(0.02375 -0.002458104027 0.0280962576)
(0.024375 -0.002458104027 0.0280962576)
(0.025 -0.002458104027 0.0280962576)
(0.025625 -0.002458104027 0.0280962576)
(0.02625 -0.002458104027 0.0280962576)
(0.026875 -0.002458104027 0.0280962576)
(0.0275 -0.002458104027 0.0280962576)
(0.028125 -0.002458104027 0.0280962576)
(0.02875 -0.002458104027 0.0280962576)
(0.029375 -0.002458104027 0.0280962576)
(0.03 -0.002458104027 0.0280962576)
(0.030625 -0.002458104027 0.0280962576)
(0.03125 -0.002458104027 0.0280962576)
(0.031875 -0.002458104027 0.0280962576)
(0.0325 -0.002458104027 0.0280962576)
(0.033125 -0.002458104027 0.0280962576)
(0.03375 -0.002458104027 0.0280962576)
(0.034375 -0.002458104027 0.0280962576)
(0.035 -0.002458104027 0.0280962576)
(0.035625 -0.002458104027 0.0280962576)
(0.03625 -0.002458104027 0.0280962576)
(0.036875 -0.002458104027 0.0280962576)
(0.0375 -0.002458104027 0.0280962576)
(0.038125 -0.002458104027 0.0280962576)
(0.03875 -0.002458104027 0.0280962576)
(0.039375 -0.002458104027 0.0280962576)
(0.04 -0.002458104027 0.0280962576)
(0.040625 -0.002458104027 0.0280962576)
(0.04125 -0.002458104027 0.0280962576)
(0.041875 -0.002458104027 0.0280962576)
(0.0425 -0.002458104027 0.0280962576)
(0.043125 -0.002458104027 0.0280962576)
(0.04375 -0.002458104027 0.0280962576)
(0.044375 -0.002458104027 0.0280962576)
(0.045 -0.002458104027 0.0280962576)
(0.045625 -0.002458104027 0.0280962576)
(0.04625 -0.002458104027 0.0280962576)
(0.046875 -0.002458104027 0.0280962576)
(0.0475 -0.002458104027 0.0280962576)
(0.048125 -0.002458104027 0.0280962576)
(0.04875 -0.002458104027 0.0280962576)
(0.049375 -0.002458104027 0.0280962576)
(0.05 -0.002458104027 0.0280962576)
(0 -0.002482562682 0.0283758213)
(0.000625 -0.002482562682 0.0283758213)
(0.00125 -0.002482562682 0.0283758213)
(0.001875 -0.002482562682 0.0283758213)
(0.0025 -0.002482562682 0.0283758213)
(0.003125 -0.002482562682 0.0283758213)
(0.00375 -0.002482562682 0.0283758213)
(0.004375 -0.002482562682 0.0283758213)
(0.005 -0.002482562682 0.0283758213)
(0.005625 -0.002482562682 0.0283758213)
(0.00625 -0.002482562682 0.0283758213)
(0.006875 -0.002482562682 0.0283758213)
(0.0075 -0.002482562682 0.0283758213)
(0.008125 -0.002482562682 0.0283758213)
(0.00875 -0.002482562682 0.0283758213)
(0.009375 -0.002482562682 0.0283758213)
(0.01 -0.002482562682 0.0283758213)
(0.010625 -0.002482562682 0.0283758213)
(0.01125 -0.002482562682 0.0283758213)
(0.011875 -0.002482562682 0.0283758213)
(0.0125 -0.002482562682 0.0283758213)
(0.013125 -0.002482562682 0.0283758213)
(0.01375 -0.002482562682 0.0283758213)
(0.014375 -0.002482562682 0.0283758213)
(0.015 -0.002482562682 0.0283758213)
(0.015625 -0.002482562682 0.0283758213)
(0.01625 -0.002482562682 0.0283758213)
(0.016875 -0.002482562682 0.0283758213)
(0.0175 -0.002482562682 0.0283758213)
(0.018125 -0.002482562682 0.0283758213)
(0.01875 -0.002482562682 0.0283758213)
(0.019375 -0.002482562682 0.0283758213)
(0.02 -0.002482562682 0.0283758213)
(0.020625 -0.002482562682 0.0283758213)
(0.02125 -0.002482562682 0.0283758213)
(0.021875 -0.002482562682 0.0283758213)
(0.0225 -0.002482562682 0.0283758213)
(0.023125 -0.002482562682 0.0283758213)
(0.02375 -0.002482562682 0.0283758213)
(0.024375 -0.002482562682 0.0283758213)
(0.025 -0.002482562682 0.0283758213)
(0.025625 -0.002482562682 0.0283758213)
(0.02625 -0.002482562682 0.0283758213)
(0.026875 -0.002482562682 0.0283758213)
(0.0275 -0.002482562682 0.0283758213)
(0.028125 -0.002482562682 0.0283758213)
(0.02875 -0.002482562682 0.0283758213)
(0.029375 -0.002482562682 0.0283758213)
(0.03 -0.002482562682 0.0283758213)
(0.030625 -0.002482562682 0.0283758213)
(0.03125 -0.002482562682 0.0283758213)
(0.031875 -0.002482562682 0.0283758213)
(0.0325 -0.002482562682 0.0283758213)
(0.033125 -0.002482562682 0.0283758213)
(0.03375 -0.002482562682 0.0283758213)
(0.034375 -0.002482562682 0.0283758213)
(0.035 -0.002482562682 0.0283758213)
(0.035625 -0.002482562682 0.0283758213)
(0.03625 -0.002482562682 0.0283758213)
(0.036875 -0.002482562682 0.0283758213)
(0.0375 -0.002482562682 0.0283758213)
(0.038125 -0.002482562682 0.0283758213)
(0.03875 -0.002482562682 0.0283758213)
(0.039375 -0.002482562682 0.0283758213)
(0.04 -0.002482562682 0.0283758213)
(0.040625 -0.002482562682 0.0283758213)
(0.04125 -0.002482562682 0.0283758213)
(0.041875 -0.002482562682 0.0283758213)
(0.0425 -0.002482562682 0.0283758213)
(0.043125 -0.002482562682 0.0283758213)
(0.04375 -0.002482562682 0.0283758213)
(0.044375 -0.002482562682 0.0283758213)
(0.045 -0.002482562682 0.0283758213)
(0.045625 -0.002482562682 0.0283758213)
(0.04625 -0.002482562682 0.0283758213)
(0.046875 -0.002482562682 0.0283758213)
(0.0475 -0.002482562682 0.0283758213)
(0.048125 -0.002482562682 0.0283758213)
(0.04875 -0.002482562682 0.0283758213)
(0.049375 -0.002482562682 0.0283758213)
(0.05 -0.002482562682 0.0283758213)
(0 -0.002505434928 0.02863725226)
(0.000625 -0.002505434928 0.02863725226)
(0.00125 -0.002505434928 0.02863725226)
(0.001875 -0.002505434928 0.02863725226)
(0.0025 -0.002505434928 0.02863725226)
(0.003125 -0.002505434928 0.02863725226)
(0.00375 -0.002505434928 0.02863725226)
(0.004375 -0.002505434928 0.02863725226)
(0.005 -0.002505434928 0.02863725226)
(0.005625 -0.002505434928 0.02863725226)
(0.00625 -0.002505434928 0.02863725226)
(0.006875 -0.002505434928 0.02863725226)
(0.0075 -0.002505434928 0.02863725226)
(0.008125 -0.002505434928 0.02863725226)
(0.00875 -0.002505434928 0.02863725226)
(0.009375 -0.002505434928 0.02863725226)
(0.01 -0.002505434928 0.02863725226)
(0.010625 -0.002505434928 0.02863725226)
(0.01125 -0.002505434928 0.02863725226)
(0.011875 -0.002505434928 0.02863725226)
(0.0125 -0.002505434928 0.02863725226)
(0.013125 -0.002505434928 0.02863725226)
(0.01375 -0.002505434928 0.02863725226)
(0.014375 -0.002505434928 0.02863725226)
(0.015 -0.002505434928 0.02863725226)
(0.015625 -0.002505434928 0.02863725226)
(0.01625 -0.002505434928 0.02863725226)
(0.016875 -0.002505434928 0.02863725226)
(0.0175 -0.002505434928 0.02863725226)
(0.018125 -0.002505434928 0.02863725226)
(0.01875 -0.002505434928 0.02863725226)
(0.019375 -0.002505434928 0.02863725226)
(0.02 -0.002505434928 0.02863725226)
(0.020625 -0.002505434928 0.02863725226)
(0.02125 -0.002505434928 0.02863725226)
(0.021875 -0.002505434928 0.02863725226)
(0.0225 -0.002505434928 0.02863725226)
(0.023125 -0.002505434928 0.02863725226)
(0.02375 -0.002505434928 0.02863725226)
(0.024375 -0.002505434928 0.02863725226)
(0.025 -0.002505434928 0.02863725226)
(0.025625 -0.002505434928 0.02863725226)
(0.02625 -0.002505434928 0.02863725226)
(0.026875 -0.002505434928 0.02863725226)
(0.0275 -0.002505434928 0.02863725226)
(0.028125 -0.002505434928 0.02863725226)
(0.02875 -0.002505434928 0.02863725226)
(0.029375 -0.002505434928 0.02863725226)
(0.03 -0.002505434928 0.02863725226)
(0.030625 -0.002505434928 0.02863725226)
(0.03125 -0.002505434928 0.02863725226)
(0.031875 -0.002505434928 0.02863725226)
(0.0325 -0.002505434928 0.02863725226)
(0.033125 -0.002505434928 0.02863725226)
(0.03375 -0.002505434928 0.02863725226)
(0.034375 -0.002505434928 0.02863725226)
(0.035 -0.002505434928 0.02863725226)
(0.035625 -0.002505434928 0.02863725226)
(0.03625 -0.002505434928 0.02863725226)
(0.036875 -0.002505434928 0.02863725226)
(0.0375 -0.002505434928 0.02863725226)
(0.038125 -0.002505434928 0.02863725226)
(0.03875 -0.002505434928 0.02863725226)
(0.039375 -0.002505434928 0.02863725226)
(0.04 -0.002505434928 0.02863725226)
(0.040625 -0.002505434928 0.02863725226)
(0.04125 -0.002505434928 0.02863725226)
(0.041875 -0.002505434928 0.02863725226)
(0.0425 -0.002505434928 0.02863725226)
(0.043125 -0.002505434928 0.02863725226)
(0.04375 -0.002505434928 0.02863725226)
(0.044375 -0.002505434928 0.02863725226)
(0.045 -0.002505434928 0.02863725226)
(0.045625 -0.002505434928 0.02863725226)
(0.04625 -0.002505434928 0.02863725226)
(0.046875 -0.002505434928 0.02863725226)
(0.0475 -0.002505434928 0.02863725226)
(0.048125 -0.002505434928 0.02863725226)
(0.04875 -0.002505434928 0.02863725226)
(0.049375 -0.002505434928 0.02863725226)
(0.05 -0.002505434928 0.02863725226)
(0 -0.002526823661 0.0288817266)
(0.000625 -0.002526823661 0.0288817266)
(0.00125 -0.002526823661 0.0288817266)
(0.001875 -0.002526823661 0.0288817266)
(0.0025 -0.002526823661 0.0288817266)
(0.003125 -0.002526823661 0.0288817266)
(0.00375 -0.002526823661 0.0288817266)
(0.004375 -0.002526823661 0.0288817266)
(0.005 -0.002526823661 0.0288817266)
(0.005625 -0.002526823661 0.0288817266)
(0.00625 -0.002526823661 0.0288817266)
(0.006875 -0.002526823661 0.0288817266)
(0.0075 -0.002526823661 0.0288817266)
(0.008125 -0.002526823661 0.0288817266)
(0.00875 -0.002526823661 0.0288817266)
(0.009375 -0.002526823661 0.0288817266)
(0.01 -0.002526823661 0.0288817266)
(0.010625 -0.002526823661 0.0288817266)
(0.01125 -0.002526823661 0.0288817266)
(0.011875 -0.002526823661 0.0288817266)
(0.0125 -0.002526823661 0.0288817266)
(0.013125 -0.002526823661 0.0288817266)
(0.01375 -0.002526823661 0.0288817266)
(0.014375 -0.002526823661 0.0288817266)
(0.015 -0.002526823661 0.0288817266)
(0.015625 -0.002526823661 0.0288817266)
(0.01625 -0.002526823661 0.0288817266)
(0.016875 -0.002526823661 0.0288817266)
(0.0175 -0.002526823661 0.0288817266)
(0.018125 -0.002526823661 0.0288817266)
(0.01875 -0.002526823661 0.0288817266)
(0.019375 -0.002526823661 0.0288817266)
(0.02 -0.002526823661 0.0288817266)
(0.020625 -0.002526823661 0.0288817266)
(0.02125 -0.002526823661 0.0288817266)
(0.021875 -0.002526823661 0.0288817266)
(0.0225 -0.002526823661 0.0288817266)
(0.023125 -0.002526823661 0.0288817266)
(0.02375 -0.002526823661 0.0288817266)
(0.024375 -0.002526823661 0.0288817266)
(0.025 -0.002526823661 0.0288817266)
(0.025625 -0.002526823661 0.0288817266)
(0.02625 -0.002526823661 0.0288817266)
(0.026875 -0.002526823661 0.0288817266)
(0.0275 -0.002526823661 0.0288817266)
(0.028125 -0.002526823661 0.0288817266)
(0.02875 -0.002526823661 0.0288817266)
(0.029375 -0.002526823661 0.0288817266)
(0.03 -0.002526823661 0.0288817266)
(0.030625 -0.002526823661 0.0288817266)
(0.03125 -0.002526823661 0.0288817266)
(0.031875 -0.002526823661 0.0288817266)
(0.0325 -0.002526823661 0.0288817266)
(0.033125 -0.002526823661 0.0288817266)
(0.03375 -0.002526823661 0.0288817266)
(0.034375 -0.002526823661 0.0288817266)
(0.035 -0.002526823661 0.0288817266)
(0.035625 -0.002526823661 0.0288817266)
(0.03625 -0.002526823661 0.0288817266)
(0.036875 -0.002526823661 0.0288817266)
(0.0375 -0.002526823661 0.0288817266)
(0.038125 -0.002526823661 0.0288817266)
(0.03875 -0.002526823661 0.0288817266)
(0.039375 -0.002526823661 0.0288817266)
(0.04 -0.002526823661 0.0288817266)
(0.040625 -0.002526823661 0.0288817266)
(0.04125 -0.002526823661 0.0288817266)
(0.041875 -0.002526823661 0.0288817266)
(0.0425 -0.002526823661 0.0288817266)
(0.043125 -0.002526823661 0.0288817266)
(0.04375 -0.002526823661 0.0288817266)
(0.044375 -0.002526823661 0.0288817266)
(0.045 -0.002526823661 0.0288817266)
(0.045625 -0.002526823661 0.0288817266)
(0.04625 -0.002526823661 0.0288817266)
(0.046875 -0.002526823661 0.0288817266)
(0.0475 -0.002526823661 0.0288817266)
(0.048125 -0.002526823661 0.0288817266)
(0.04875 -0.002526823661 0.0288817266)
(0.049375 -0.002526823661 0.0288817266)
(0.05 -0.002526823661 0.0288817266)
(0 -0.002546825103 0.02911034413)
(0.000625 -0.002546825103 0.02911034413)
(0.00125 -0.002546825103 0.02911034413)
(0.001875 -0.002546825103 0.02911034413)
(0.0025 -0.002546825103 0.02911034413)
(0.003125 -0.002546825103 0.02911034413)
(0.00375 -0.002546825103 0.02911034413)
(0.004375 -0.002546825103 0.02911034413)
(0.005 -0.002546825103 0.02911034413)
(0.005625 -0.002546825103 0.02911034413)
(0.00625 -0.002546825103 0.02911034413)
(0.006875 -0.002546825103 0.02911034413)
(0.0075 -0.002546825103 0.02911034413)
(0.008125 -0.002546825103 0.02911034413)
(0.00875 -0.002546825103 0.02911034413)
(0.009375 -0.002546825103 0.02911034413)
(0.01 -0.002546825103 0.02911034413)
(0.010625 -0.002546825103 0.02911034413)
(0.01125 -0.002546825103 0.02911034413)
(0.011875 -0.002546825103 0.02911034413)
(0.0125 -0.002546825103 0.02911034413)
(0.013125 -0.002546825103 0.02911034413)
(0.01375 -0.002546825103 0.02911034413)
(0.014375 -0.002546825103 0.02911034413)
(0.015 -0.002546825103 0.02911034413)
(0.015625 -0.002546825103 0.02911034413)
(0.01625 -0.002546825103 0.02911034413)
(0.016875 -0.002546825103 0.02911034413)
(0.0175 -0.002546825103 0.02911034413)
(0.018125 -0.002546825103 0.02911034413)
(0.01875 -0.002546825103 0.02911034413)
(0.019375 -0.002546825103 0.02911034413)
(0.02 -0.002546825103 0.02911034413)
(0.020625 -0.002546825103 0.02911034413)
(0.02125 -0.002546825103 0.02911034413)
(0.021875 -0.002546825103 0.02911034413)
(0.0225 -0.002546825103 0.02911034413)
(0.023125 -0.002546825103 0.02911034413)
(0.02375 -0.002546825103 0.02911034413)
(0.024375 -0.002546825103 0.02911034413)
(0.025 -0.002546825103 0.02911034413)
(0.025625 -0.002546825103 0.02911034413)
(0.02625 -0.002546825103 0.02911034413)
(0.026875 -0.002546825103 0.02911034413)
(0.0275 -0.002546825103 0.02911034413)
(0.028125 -0.002546825103 0.02911034413)
(0.02875 -0.002546825103 0.02911034413)
(0.029375 -0.002546825103 0.02911034413)
(0.03 -0.002546825103 0.02911034413)
(0.030625 -0.002546825103 0.02911034413)
(0.03125 -0.002546825103 0.02911034413)
(0.031875 -0.002546825103 0.02911034413)
(0.0325 -0.002546825103 0.02911034413)
(0.033125 -0.002546825103 0.02911034413)
(0.03375 -0.002546825103 0.02911034413)
(0.034375 -0.002546825103 0.02911034413)
(0.035 -0.002546825103 0.02911034413)
(0.035625 -0.002546825103 0.02911034413)
(0.03625 -0.002546825103 0.02911034413)
(0.036875 -0.002546825103 0.02911034413)
(0.0375 -0.002546825103 0.02911034413)
(0.038125 -0.002546825103 0.02911034413)
(0.03875 -0.002546825103 0.02911034413)
(0.039375 -0.002546825103 0.02911034413)
(0.04 -0.002546825103 0.02911034413)
(0.040625 -0.002546825103 0.02911034413)
(0.04125 -0.002546825103 0.02911034413)
(0.041875 -0.002546825103 0.02911034413)
(0.0425 -0.002546825103 0.02911034413)
(0.043125 -0.002546825103 0.02911034413)
(0.04375 -0.002546825103 0.02911034413)
(0.044375 -0.002546825103 0.02911034413)
(0.045 -0.002546825103 0.02911034413)
(0.045625 -0.002546825103 0.02911034413)
(0.04625 -0.002546825103 0.02911034413)
(0.046875 -0.002546825103 0.02911034413)
(0.0475 -0.002546825103 0.02911034413)
(0.048125 -0.002546825103 0.02911034413)
(0.04875 -0.002546825103 0.02911034413)
(0.049375 -0.002546825103 0.02911034413)
(0.05 -0.002546825103 0.02911034413)
(0 -0.002565529235 0.02932413334)
(0.000625 -0.002565529235 0.02932413334)
(0.00125 -0.002565529235 0.02932413334)
(0.001875 -0.002565529235 0.02932413334)
(0.0025 -0.002565529235 0.02932413334)
(0.003125 -0.002565529235 0.02932413334)
(0.00375 -0.002565529235 0.02932413334)
(0.004375 -0.002565529235 0.02932413334)
(0.005 -0.002565529235 0.02932413334)
(0.005625 -0.002565529235 0.02932413334)
(0.00625 -0.002565529235 0.02932413334)
(0.006875 -0.002565529235 0.02932413334)
(0.0075 -0.002565529235 0.02932413334)
(0.008125 -0.002565529235 0.02932413334)
(0.00875 -0.002565529235 0.02932413334)
(0.009375 -0.002565529235 0.02932413334)
(0.01 -0.002565529235 0.02932413334)
(0.010625 -0.002565529235 0.02932413334)
(0.01125 -0.002565529235 0.02932413334)
(0.011875 -0.002565529235 0.02932413334)
(0.0125 -0.002565529235 0.02932413334)
(0.013125 -0.002565529235 0.02932413334)
(0.01375 -0.002565529235 0.02932413334)
(0.014375 -0.002565529235 0.02932413334)
(0.015 -0.002565529235 0.02932413334)
(0.015625 -0.002565529235 0.02932413334)
(0.01625 -0.002565529235 0.02932413334)
(0.016875 -0.002565529235 0.02932413334)
(0.0175 -0.002565529235 0.02932413334)
(0.018125 -0.002565529235 0.02932413334)
(0.01875 -0.002565529235 0.02932413334)
(0.019375 -0.002565529235 0.02932413334)
(0.02 -0.002565529235 0.02932413334)
(0.020625 -0.002565529235 0.02932413334)
(0.02125 -0.002565529235 0.02932413334)
(0.021875 -0.002565529235 0.02932413334)
(0.0225 -0.002565529235 0.02932413334)
(0.023125 -0.002565529235 0.02932413334)
(0.02375 -0.002565529235 0.02932413334)
(0.024375 -0.002565529235 0.02932413334)
(0.025 -0.002565529235 0.02932413334)
(0.025625 -0.002565529235 0.02932413334)
(0.02625 -0.002565529235 0.02932413334)
(0.026875 -0.002565529235 0.02932413334)
(0.0275 -0.002565529235 0.02932413334)
(0.028125 -0.002565529235 0.02932413334)
(0.02875 -0.002565529235 0.02932413334)
(0.029375 -0.002565529235 0.02932413334)
(0.03 -0.002565529235 0.02932413334)
(0.030625 -0.002565529235 0.02932413334)
(0.03125 -0.002565529235 0.02932413334)
(0.031875 -0.002565529235 0.02932413334)
(0.0325 -0.002565529235 0.02932413334)
(0.033125 -0.002565529235 0.02932413334)
(0.03375 -0.002565529235 0.02932413334)
(0.034375 -0.002565529235 0.02932413334)
(0.035 -0.002565529235 0.02932413334)
(0.035625 -0.002565529235 0.02932413334)
(0.03625 -0.002565529235 0.02932413334)
(0.036875 -0.002565529235 0.02932413334)
(0.0375 -0.002565529235 0.02932413334)
(0.038125 -0.002565529235 0.02932413334)
(0.03875 -0.002565529235 0.02932413334)
(0.039375 -0.002565529235 0.02932413334)
(0.04 -0.002565529235 0.02932413334)
(0.040625 -0.002565529235 0.02932413334)
(0.04125 -0.002565529235 0.02932413334)
(0.041875 -0.002565529235 0.02932413334)
(0.0425 -0.002565529235 0.02932413334)
(0.043125 -0.002565529235 0.02932413334)
(0.04375 -0.002565529235 0.02932413334)
(0.044375 -0.002565529235 0.02932413334)
(0.045 -0.002565529235 0.02932413334)
(0.045625 -0.002565529235 0.02932413334)
(0.04625 -0.002565529235 0.02932413334)
(0.046875 -0.002565529235 0.02932413334)
(0.0475 -0.002565529235 0.02932413334)
(0.048125 -0.002565529235 0.02932413334)
(0.04875 -0.002565529235 0.02932413334)
(0.049375 -0.002565529235 0.02932413334)
(0.05 -0.002565529235 0.02932413334)
(0 -0.002583020202 0.029524056)
(0.000625 -0.002583020202 0.029524056)
(0.00125 -0.002583020202 0.029524056)
(0.001875 -0.002583020202 0.029524056)
(0.0025 -0.002583020202 0.029524056)
(0.003125 -0.002583020202 0.029524056)
(0.00375 -0.002583020202 0.029524056)
(0.004375 -0.002583020202 0.029524056)
(0.005 -0.002583020202 0.029524056)
(0.005625 -0.002583020202 0.029524056)
(0.00625 -0.002583020202 0.029524056)
(0.006875 -0.002583020202 0.029524056)
(0.0075 -0.002583020202 0.029524056)
(0.008125 -0.002583020202 0.029524056)
(0.00875 -0.002583020202 0.029524056)
(0.009375 -0.002583020202 0.029524056)
(0.01 -0.002583020202 0.029524056)
(0.010625 -0.002583020202 0.029524056)
(0.01125 -0.002583020202 0.029524056)
(0.011875 -0.002583020202 0.029524056)
(0.0125 -0.002583020202 0.029524056)
(0.013125 -0.002583020202 0.029524056)
(0.01375 -0.002583020202 0.029524056)
(0.014375 -0.002583020202 0.029524056)
(0.015 -0.002583020202 0.029524056)
(0.015625 -0.002583020202 0.029524056)
(0.01625 -0.002583020202 0.029524056)
(0.016875 -0.002583020202 0.029524056)
(0.0175 -0.002583020202 0.029524056)
(0.018125 -0.002583020202 0.029524056)
(0.01875 -0.002583020202 0.029524056)
(0.019375 -0.002583020202 0.029524056)
(0.02 -0.002583020202 0.029524056)
(0.020625 -0.002583020202 0.029524056)
(0.02125 -0.002583020202 0.029524056)
(0.021875 -0.002583020202 0.029524056)
(0.0225 -0.002583020202 0.029524056)
(0.023125 -0.002583020202 0.029524056)
(0.02375 -0.002583020202 0.029524056)
(0.024375 -0.002583020202 0.029524056)
(0.025 -0.002583020202 0.029524056)
(0.025625 -0.002583020202 0.029524056)
(0.02625 -0.002583020202 0.029524056)
(0.026875 -0.002583020202 0.029524056)
(0.0275 -0.002583020202 0.029524056)
(0.028125 -0.002583020202 0.029524056)
(0.02875 -0.002583020202 0.029524056)
(0.029375 -0.002583020202 0.029524056)
(0.03 -0.002583020202 0.029524056)
(0.030625 -0.002583020202 0.029524056)
(0.03125 -0.002583020202 0.029524056)
(0.031875 -0.002583020202 0.029524056)
(0.0325 -0.002583020202 0.029524056)
(0.033125 -0.002583020202 0.029524056)
(0.03375 -0.002583020202 0.029524056)
(0.034375 -0.002583020202 0.029524056)
(0.035 -0.002583020202 0.029524056)
(0.035625 -0.002583020202 0.029524056)
(0.03625 -0.002583020202 0.029524056)
(0.036875 -0.002583020202 0.029524056)
(0.0375 -0.002583020202 0.029524056)
(0.038125 -0.002583020202 0.029524056)
(0.03875 -0.002583020202 0.029524056)
(0.039375 -0.002583020202 0.029524056)
(0.04 -0.002583020202 0.029524056)
(0.040625 -0.002583020202 0.029524056)
(0.04125 -0.002583020202 0.029524056)
(0.041875 -0.002583020202 0.029524056)
(0.0425 -0.002583020202 0.029524056)
(0.043125 -0.002583020202 0.029524056)
(0.04375 -0.002583020202 0.029524056)
(0.044375 -0.002583020202 0.029524056)
(0.045 -0.002583020202 0.029524056)
(0.045625 -0.002583020202 0.029524056)
(0.04625 -0.002583020202 0.029524056)
(0.046875 -0.002583020202 0.029524056)
(0.0475 -0.002583020202 0.029524056)
(0.048125 -0.002583020202 0.029524056)
(0.04875 -0.002583020202 0.029524056)
(0.049375 -0.002583020202 0.029524056)
(0.05 -0.002583020202 0.029524056)
(0 -0.00259937669 0.02971101152)
(0.000625 -0.00259937669 0.02971101152)
(0.00125 -0.00259937669 0.02971101152)
(0.001875 -0.00259937669 0.02971101152)
(0.0025 -0.00259937669 0.02971101152)
(0.003125 -0.00259937669 0.02971101152)
(0.00375 -0.00259937669 0.02971101152)
(0.004375 -0.00259937669 0.02971101152)
(0.005 -0.00259937669 0.02971101152)
(0.005625 -0.00259937669 0.02971101152)
(0.00625 -0.00259937669 0.02971101152)
(0.006875 -0.00259937669 0.02971101152)
(0.0075 -0.00259937669 0.02971101152)
(0.008125 -0.00259937669 0.02971101152)
(0.00875 -0.00259937669 0.02971101152)
(0.009375 -0.00259937669 0.02971101152)
(0.01 -0.00259937669 0.02971101152)
(0.010625 -0.00259937669 0.02971101152)
(0.01125 -0.00259937669 0.02971101152)
(0.011875 -0.00259937669 0.02971101152)
(0.0125 -0.00259937669 0.02971101152)
(0.013125 -0.00259937669 0.02971101152)
(0.01375 -0.00259937669 0.02971101152)
(0.014375 -0.00259937669 0.02971101152)
(0.015 -0.00259937669 0.02971101152)
(0.015625 -0.00259937669 0.02971101152)
(0.01625 -0.00259937669 0.02971101152)
(0.016875 -0.00259937669 0.02971101152)
(0.0175 -0.00259937669 0.02971101152)
(0.018125 -0.00259937669 0.02971101152)
(0.01875 -0.00259937669 0.02971101152)
(0.019375 -0.00259937669 0.02971101152)
(0.02 -0.00259937669 0.02971101152)
(0.020625 -0.00259937669 0.02971101152)
(0.02125 -0.00259937669 0.02971101152)
(0.021875 -0.00259937669 0.02971101152)
(0.0225 -0.00259937669 0.02971101152)
(0.023125 -0.00259937669 0.02971101152)
(0.02375 -0.00259937669 0.02971101152)
(0.024375 -0.00259937669 0.02971101152)
(0.025 -0.00259937669 0.02971101152)
(0.025625 -0.00259937669 0.02971101152)
(0.02625 -0.00259937669 0.02971101152)
(0.026875 -0.00259937669 0.02971101152)
(0.0275 -0.00259937669 0.02971101152)
(0.028125 -0.00259937669 0.02971101152)
(0.02875 -0.00259937669 0.02971101152)
(0.029375 -0.00259937669 0.02971101152)
(0.03 -0.00259937669 0.02971101152)
(0.030625 -0.00259937669 0.02971101152)
(0.03125 -0.00259937669 0.02971101152)
(0.031875 -0.00259937669 0.02971101152)
(0.0325 -0.00259937669 0.02971101152)
(0.033125 -0.00259937669 0.02971101152)
(0.03375 -0.00259937669 0.02971101152)
(0.034375 -0.00259937669 0.02971101152)
(0.035 -0.00259937669 0.02971101152)
(0.035625 -0.00259937669 0.02971101152)
(0.03625 -0.00259937669 0.02971101152)
(0.036875 -0.00259937669 0.02971101152)
(0.0375 -0.00259937669 0.02971101152)
(0.038125 -0.00259937669 0.02971101152)
(0.03875 -0.00259937669 0.02971101152)
(0.039375 -0.00259937669 0.02971101152)
(0.04 -0.00259937669 0.02971101152)
(0.040625 -0.00259937669 0.02971101152)
(0.04125 -0.00259937669 0.02971101152)
(0.041875 -0.00259937669 0.02971101152)
(0.0425 -0.00259937669 0.02971101152)
(0.043125 -0.00259937669 0.02971101152)
(0.04375 -0.00259937669 0.02971101152)
(0.044375 -0.00259937669 0.02971101152)
(0.045 -0.00259937669 0.02971101152)
(0.045625 -0.00259937669 0.02971101152)
(0.04625 -0.00259937669 0.02971101152)
(0.046875 -0.00259937669 0.02971101152)
(0.0475 -0.00259937669 0.02971101152)
(0.048125 -0.00259937669 0.02971101152)
(0.04875 -0.00259937669 0.02971101152)
(0.049375 -0.00259937669 0.02971101152)
(0.05 -0.00259937669 0.02971101152)
(0 -0.002614672282 0.02988584094)
(0.000625 -0.002614672282 0.02988584094)
(0.00125 -0.002614672282 0.02988584094)
(0.001875 -0.002614672282 0.02988584094)
(0.0025 -0.002614672282 0.02988584094)
(0.003125 -0.002614672282 0.02988584094)
(0.00375 -0.002614672282 0.02988584094)
(0.004375 -0.002614672282 0.02988584094)
(0.005 -0.002614672282 0.02988584094)
(0.005625 -0.002614672282 0.02988584094)
(0.00625 -0.002614672282 0.02988584094)
(0.006875 -0.002614672282 0.02988584094)
(0.0075 -0.002614672282 0.02988584094)
(0.008125 -0.002614672282 0.02988584094)
(0.00875 -0.002614672282 0.02988584094)
(0.009375 -0.002614672282 0.02988584094)
(0.01 -0.002614672282 0.02988584094)
(0.010625 -0.002614672282 0.02988584094)
(0.01125 -0.002614672282 0.02988584094)
(0.011875 -0.002614672282 0.02988584094)
(0.0125 -0.002614672282 0.02988584094)
(0.013125 -0.002614672282 0.02988584094)
(0.01375 -0.002614672282 0.02988584094)
(0.014375 -0.002614672282 0.02988584094)
(0.015 -0.002614672282 0.02988584094)
(0.015625 -0.002614672282 0.02988584094)
(0.01625 -0.002614672282 0.02988584094)
(0.016875 -0.002614672282 0.02988584094)
(0.0175 -0.002614672282 0.02988584094)
(0.018125 -0.002614672282 0.02988584094)
(0.01875 -0.002614672282 0.02988584094)
(0.019375 -0.002614672282 0.02988584094)
(0.02 -0.002614672282 0.02988584094)
(0.020625 -0.002614672282 0.02988584094)
(0.02125 -0.002614672282 0.02988584094)
(0.021875 -0.002614672282 0.02988584094)
(0.0225 -0.002614672282 0.02988584094)
(0.023125 -0.002614672282 0.02988584094)
(0.02375 -0.002614672282 0.02988584094)
(0.024375 -0.002614672282 0.02988584094)
(0.025 -0.002614672282 0.02988584094)
(0.025625 -0.002614672282 0.02988584094)
(0.02625 -0.002614672282 0.02988584094)
(0.026875 -0.002614672282 0.02988584094)
(0.0275 -0.002614672282 0.02988584094)
(0.028125 -0.002614672282 0.02988584094)
(0.02875 -0.002614672282 0.02988584094)
(0.029375 -0.002614672282 0.02988584094)
(0.03 -0.002614672282 0.02988584094)
(0.030625 -0.002614672282 0.02988584094)
(0.03125 -0.002614672282 0.02988584094)
(0.031875 -0.002614672282 0.02988584094)
(0.0325 -0.002614672282 0.02988584094)
(0.033125 -0.002614672282 0.02988584094)
(0.03375 -0.002614672282 0.02988584094)
(0.034375 -0.002614672282 0.02988584094)
(0.035 -0.002614672282 0.02988584094)
(0.035625 -0.002614672282 0.02988584094)
(0.03625 -0.002614672282 0.02988584094)
(0.036875 -0.002614672282 0.02988584094)
(0.0375 -0.002614672282 0.02988584094)
(0.038125 -0.002614672282 0.02988584094)
(0.03875 -0.002614672282 0.02988584094)
(0.039375 -0.002614672282 0.02988584094)
(0.04 -0.002614672282 0.02988584094)
(0.040625 -0.002614672282 0.02988584094)
(0.04125 -0.002614672282 0.02988584094)
(0.041875 -0.002614672282 0.02988584094)
(0.0425 -0.002614672282 0.02988584094)
(0.043125 -0.002614672282 0.02988584094)
(0.04375 -0.002614672282 0.02988584094)
(0.044375 -0.002614672282 0.02988584094)
(0.045 -0.002614672282 0.02988584094)
(0.045625 -0.002614672282 0.02988584094)
(0.04625 -0.002614672282 0.02988584094)
(0.046875 -0.002614672282 0.02988584094)
(0.0475 -0.002614672282 0.02988584094)
(0.048125 -0.002614672282 0.02988584094)
(0.04875 -0.002614672282 0.02988584094)
(0.049375 -0.002614672282 0.02988584094)
(0.05 -0.002614672282 0.02988584094)
(0 -0.005145059973 0.01920162523)
(0.000625 -0.005145059973 0.01920162523)
(0.00125 -0.005145059973 0.01920162523)
(0.001875 -0.005145059973 0.01920162523)
(0.0025 -0.005145059973 0.01920162523)
(0.003125 -0.005145059973 0.01920162523)
(0.00375 -0.005145059973 0.01920162523)
(0.004375 -0.005145059973 0.01920162523)
(0.005 -0.005145059973 0.01920162523)
(0.005625 -0.005145059973 0.01920162523)
(0.00625 -0.005145059973 0.01920162523)
(0.006875 -0.005145059973 0.01920162523)
(0.0075 -0.005145059973 0.01920162523)
(0.008125 -0.005145059973 0.01920162523)
(0.00875 -0.005145059973 0.01920162523)
(0.009375 -0.005145059973 0.01920162523)
(0.01 -0.005145059973 0.01920162523)
(0.010625 -0.005145059973 0.01920162523)
(0.01125 -0.005145059973 0.01920162523)
(0.011875 -0.005145059973 0.01920162523)
(0.0125 -0.005145059973 0.01920162523)
(0.013125 -0.005145059973 0.01920162523)
(0.01375 -0.005145059973 0.01920162523)
(0.014375 -0.005145059973 0.01920162523)
(0.015 -0.005145059973 0.01920162523)
(0.015625 -0.005145059973 0.01920162523)
(0.01625 -0.005145059973 0.01920162523)
(0.016875 -0.005145059973 0.01920162523)
(0.0175 -0.005145059973 0.01920162523)
(0.018125 -0.005145059973 0.01920162523)
(0.01875 -0.005145059973 0.01920162523)
(0.019375 -0.005145059973 0.01920162523)
(0.02 -0.005145059973 0.01920162523)
(0.020625 -0.005145059973 0.01920162523)
(0.02125 -0.005145059973 0.01920162523)
(0.021875 -0.005145059973 0.01920162523)
(0.0225 -0.005145059973 0.01920162523)
(0.023125 -0.005145059973 0.01920162523)
(0.02375 -0.005145059973 0.01920162523)
(0.024375 -0.005145059973 0.01920162523)
(0.025 -0.005145059973 0.01920162523)
(0.025625 -0.005145059973 0.01920162523)
(0.02625 -0.005145059973 0.01920162523)
(0.026875 -0.005145059973 0.01920162523)
(0.0275 -0.005145059973 0.01920162523)
(0.028125 -0.005145059973 0.01920162523)
(0.02875 -0.005145059973 0.01920162523)
(0.029375 -0.005145059973 0.01920162523)
(0.03 -0.005145059973 0.01920162523)
(0.030625 -0.005145059973 0.01920162523)
(0.03125 -0.005145059973 0.01920162523)
(0.031875 -0.005145059973 0.01920162523)
(0.0325 -0.005145059973 0.01920162523)
(0.033125 -0.005145059973 0.01920162523)
(0.03375 -0.005145059973 0.01920162523)
(0.034375 -0.005145059973 0.01920162523)
(0.035 -0.005145059973 0.01920162523)
(0.035625 -0.005145059973 0.01920162523)
(0.03625 -0.005145059973 0.01920162523)
(0.036875 -0.005145059973 0.01920162523)
(0.0375 -0.005145059973 0.01920162523)
(0.038125 -0.005145059973 0.01920162523)
(0.03875 -0.005145059973 0.01920162523)
(0.039375 -0.005145059973 0.01920162523)
(0.04 -0.005145059973 0.01920162523)
(0.040625 -0.005145059973 0.01920162523)
(0.04125 -0.005145059973 0.01920162523)
(0.041875 -0.005145059973 0.01920162523)
(0.0425 -0.005145059973 0.01920162523)
(0.043125 -0.005145059973 0.01920162523)
(0.04375 -0.005145059973 0.01920162523)
(0.044375 -0.005145059973 0.01920162523)
(0.045 -0.005145059973 0.01920162523)
(0.045625 -0.005145059973 0.01920162523)
(0.04625 -0.005145059973 0.01920162523)
(0.046875 -0.005145059973 0.01920162523)
(0.0475 -0.005145059973 0.01920162523)
(0.048125 -0.005145059973 0.01920162523)
(0.04875 -0.005145059973 0.01920162523)
(0.049375 -0.005145059973 0.01920162523)
(0.05 -0.005145059973 0.01920162523)
(0 -0.005357439567 0.01999423666)
(0.000625 -0.005357439567 0.01999423666)
(0.00125 -0.005357439567 0.01999423666)
(0.001875 -0.005357439567 0.01999423666)
(0.0025 -0.005357439567 0.01999423666)
(0.003125 -0.005357439567 0.01999423666)
(0.00375 -0.005357439567 0.01999423666)
(0.004375 -0.005357439567 0.01999423666)
(0.005 -0.005357439567 0.01999423666)
(0.005625 -0.005357439567 0.01999423666)
(0.00625 -0.005357439567 0.01999423666)
(0.006875 -0.005357439567 0.01999423666)
(0.0075 -0.005357439567 0.01999423666)
(0.008125 -0.005357439567 0.01999423666)
(0.00875 -0.005357439567 0.01999423666)
(0.009375 -0.005357439567 0.01999423666)
(0.01 -0.005357439567 0.01999423666)
(0.010625 -0.005357439567 0.01999423666)
(0.01125 -0.005357439567 0.01999423666)
(0.011875 -0.005357439567 0.01999423666)
(0.0125 -0.005357439567 0.01999423666)
(0.013125 -0.005357439567 0.01999423666)
(0.01375 -0.005357439567 0.01999423666)
(0.014375 -0.005357439567 0.01999423666)
(0.015 -0.005357439567 0.01999423666)
(0.015625 -0.005357439567 0.01999423666)
(0.01625 -0.005357439567 0.01999423666)
(0.016875 -0.005357439567 0.01999423666)
(0.0175 -0.005357439567 0.01999423666)
(0.018125 -0.005357439567 0.01999423666)
(0.01875 -0.005357439567 0.01999423666)
(0.019375 -0.005357439567 0.01999423666)
(0.02 -0.005357439567 0.01999423666)
(0.020625 -0.005357439567 0.01999423666)
(0.02125 -0.005357439567 0.01999423666)
(0.021875 -0.005357439567 0.01999423666)
(0.0225 -0.005357439567 0.01999423666)
(0.023125 -0.005357439567 0.01999423666)
(0.02375 -0.005357439567 0.01999423666)
(0.024375 -0.005357439567 0.01999423666)
(0.025 -0.005357439567 0.01999423666)
(0.025625 -0.005357439567 0.01999423666)
(0.02625 -0.005357439567 0.01999423666)
(0.026875 -0.005357439567 0.01999423666)
(0.0275 -0.005357439567 0.01999423666)
(0.028125 -0.005357439567 0.01999423666)
(0.02875 -0.005357439567 0.01999423666)
(0.029375 -0.005357439567 0.01999423666)
(0.03 -0.005357439567 0.01999423666)
(0.030625 -0.005357439567 0.01999423666)
(0.03125 -0.005357439567 0.01999423666)
(0.031875 -0.005357439567 0.01999423666)
(0.0325 -0.005357439567 0.01999423666)
(0.033125 -0.005357439567 0.01999423666)
(0.03375 -0.005357439567 0.01999423666)
(0.034375 -0.005357439567 0.01999423666)
(0.035 -0.005357439567 0.01999423666)
(0.035625 -0.005357439567 0.01999423666)
(0.03625 -0.005357439567 0.01999423666)
(0.036875 -0.005357439567 0.01999423666)
(0.0375 -0.005357439567 0.01999423666)
(0.038125 -0.005357439567 0.01999423666)
(0.03875 -0.005357439567 0.01999423666)
(0.039375 -0.005357439567 0.01999423666)
(0.04 -0.005357439567 0.01999423666)
(0.040625 -0.005357439567 0.01999423666)
(0.04125 -0.005357439567 0.01999423666)
(0.041875 -0.005357439567 0.01999423666)
(0.0425 -0.005357439567 0.01999423666)
(0.043125 -0.005357439567 0.01999423666)
(0.04375 -0.005357439567 0.01999423666)
(0.044375 -0.005357439567 0.01999423666)
(0.045 -0.005357439567 0.01999423666)
(0.045625 -0.005357439567 0.01999423666)
(0.04625 -0.005357439567 0.01999423666)
(0.046875 -0.005357439567 0.01999423666)
(0.0475 -0.005357439567 0.01999423666)
(0.048125 -0.005357439567 0.01999423666)
(0.04875 -0.005357439567 0.01999423666)
(0.049375 -0.005357439567 0.01999423666)
(0.05 -0.005357439567 0.01999423666)
(0 -0.005556044045 0.02073543867)
(0.000625 -0.005556044045 0.02073543867)
(0.00125 -0.005556044045 0.02073543867)
(0.001875 -0.005556044045 0.02073543867)
(0.0025 -0.005556044045 0.02073543867)
(0.003125 -0.005556044045 0.02073543867)
(0.00375 -0.005556044045 0.02073543867)
(0.004375 -0.005556044045 0.02073543867)
(0.005 -0.005556044045 0.02073543867)
(0.005625 -0.005556044045 0.02073543867)
(0.00625 -0.005556044045 0.02073543867)
(0.006875 -0.005556044045 0.02073543867)
(0.0075 -0.005556044045 0.02073543867)
(0.008125 -0.005556044045 0.02073543867)
(0.00875 -0.005556044045 0.02073543867)
(0.009375 -0.005556044045 0.02073543867)
(0.01 -0.005556044045 0.02073543867)
(0.010625 -0.005556044045 0.02073543867)
(0.01125 -0.005556044045 0.02073543867)
(0.011875 -0.005556044045 0.02073543867)
(0.0125 -0.005556044045 0.02073543867)
(0.013125 -0.005556044045 0.02073543867)
(0.01375 -0.005556044045 0.02073543867)
(0.014375 -0.005556044045 0.02073543867)
(0.015 -0.005556044045 0.02073543867)
(0.015625 -0.005556044045 0.02073543867)
(0.01625 -0.005556044045 0.02073543867)
(0.016875 -0.005556044045 0.02073543867)
(0.0175 -0.005556044045 0.02073543867)
(0.018125 -0.005556044045 0.02073543867)
(0.01875 -0.005556044045 0.02073543867)
(0.019375 -0.005556044045 0.02073543867)
(0.02 -0.005556044045 0.02073543867)
(0.020625 -0.005556044045 0.02073543867)
(0.02125 -0.005556044045 0.02073543867)
(0.021875 -0.005556044045 0.02073543867)
(0.0225 -0.005556044045 0.02073543867)
(0.023125 -0.005556044045 0.02073543867)
(0.02375 -0.005556044045 0.02073543867)
(0.024375 -0.005556044045 0.02073543867)
(0.025 -0.005556044045 0.02073543867)
(0.025625 -0.005556044045 0.02073543867)
(0.02625 -0.005556044045 0.02073543867)
(0.026875 -0.005556044045 0.02073543867)
(0.0275 -0.005556044045 0.02073543867)
(0.028125 -0.005556044045 0.02073543867)
(0.02875 -0.005556044045 0.02073543867)
(0.029375 -0.005556044045 0.02073543867)
(0.03 -0.005556044045 0.02073543867)
(0.030625 -0.005556044045 0.02073543867)
(0.03125 -0.005556044045 0.02073543867)
(0.031875 -0.005556044045 0.02073543867)
(0.0325 -0.005556044045 0.02073543867)
(0.033125 -0.005556044045 0.02073543867)
(0.03375 -0.005556044045 0.02073543867)
(0.034375 -0.005556044045 0.02073543867)
(0.035 -0.005556044045 0.02073543867)
(0.035625 -0.005556044045 0.02073543867)
(0.03625 -0.005556044045 0.02073543867)
(0.036875 -0.005556044045 0.02073543867)
(0.0375 -0.005556044045 0.02073543867)
(0.038125 -0.005556044045 0.02073543867)
(0.03875 -0.005556044045 0.02073543867)
(0.039375 -0.005556044045 0.02073543867)
(0.04 -0.005556044045 0.02073543867)
(0.040625 -0.005556044045 0.02073543867)
(0.04125 -0.005556044045 0.02073543867)
(0.041875 -0.005556044045 0.02073543867)
(0.0425 -0.005556044045 0.02073543867)
(0.043125 -0.005556044045 0.02073543867)
(0.04375 -0.005556044045 0.02073543867)
(0.044375 -0.005556044045 0.02073543867)
(0.045 -0.005556044045 0.02073543867)
(0.045625 -0.005556044045 0.02073543867)
(0.04625 -0.005556044045 0.02073543867)
(0.046875 -0.005556044045 0.02073543867)
(0.0475 -0.005556044045 0.02073543867)
(0.048125 -0.005556044045 0.02073543867)
(0.04875 -0.005556044045 0.02073543867)
(0.049375 -0.005556044045 0.02073543867)
(0.05 -0.005556044045 0.02073543867)
(0 -0.005741766872 0.02142856569)
(0.000625 -0.005741766872 0.02142856569)
(0.00125 -0.005741766872 0.02142856569)
(0.001875 -0.005741766872 0.02142856569)
(0.0025 -0.005741766872 0.02142856569)
(0.003125 -0.005741766872 0.02142856569)
(0.00375 -0.005741766872 0.02142856569)
(0.004375 -0.005741766872 0.02142856569)
(0.005 -0.005741766872 0.02142856569)
(0.005625 -0.005741766872 0.02142856569)
(0.00625 -0.005741766872 0.02142856569)
(0.006875 -0.005741766872 0.02142856569)
(0.0075 -0.005741766872 0.02142856569)
(0.008125 -0.005741766872 0.02142856569)
(0.00875 -0.005741766872 0.02142856569)
(0.009375 -0.005741766872 0.02142856569)
(0.01 -0.005741766872 0.02142856569)
(0.010625 -0.005741766872 0.02142856569)
(0.01125 -0.005741766872 0.02142856569)
(0.011875 -0.005741766872 0.02142856569)
(0.0125 -0.005741766872 0.02142856569)
(0.013125 -0.005741766872 0.02142856569)
(0.01375 -0.005741766872 0.02142856569)
(0.014375 -0.005741766872 0.02142856569)
(0.015 -0.005741766872 0.02142856569)
(0.015625 -0.005741766872 0.02142856569)
(0.01625 -0.005741766872 0.02142856569)
(0.016875 -0.005741766872 0.02142856569)
(0.0175 -0.005741766872 0.02142856569)
(0.018125 -0.005741766872 0.02142856569)
(0.01875 -0.005741766872 0.02142856569)
(0.019375 -0.005741766872 0.02142856569)
(0.02 -0.005741766872 0.02142856569)
(0.020625 -0.005741766872 0.02142856569)
(0.02125 -0.005741766872 0.02142856569)
(0.021875 -0.005741766872 0.02142856569)
(0.0225 -0.005741766872 0.02142856569)
(0.023125 -0.005741766872 0.02142856569)
(0.02375 -0.005741766872 0.02142856569)
(0.024375 -0.005741766872 0.02142856569)
(0.025 -0.005741766872 0.02142856569)
(0.025625 -0.005741766872 0.02142856569)
(0.02625 -0.005741766872 0.02142856569)
(0.026875 -0.005741766872 0.02142856569)
(0.0275 -0.005741766872 0.02142856569)
(0.028125 -0.005741766872 0.02142856569)
(0.02875 -0.005741766872 0.02142856569)
(0.029375 -0.005741766872 0.02142856569)
(0.03 -0.005741766872 0.02142856569)
(0.030625 -0.005741766872 0.02142856569)
(0.03125 -0.005741766872 0.02142856569)
(0.031875 -0.005741766872 0.02142856569)
(0.0325 -0.005741766872 0.02142856569)
(0.033125 -0.005741766872 0.02142856569)
(0.03375 -0.005741766872 0.02142856569)
(0.034375 -0.005741766872 0.02142856569)
(0.035 -0.005741766872 0.02142856569)
(0.035625 -0.005741766872 0.02142856569)
(0.03625 -0.005741766872 0.02142856569)
(0.036875 -0.005741766872 0.02142856569)
(0.0375 -0.005741766872 0.02142856569)
(0.038125 -0.005741766872 0.02142856569)
(0.03875 -0.005741766872 0.02142856569)
(0.039375 -0.005741766872 0.02142856569)
(0.04 -0.005741766872 0.02142856569)
(0.040625 -0.005741766872 0.02142856569)
(0.04125 -0.005741766872 0.02142856569)
(0.041875 -0.005741766872 0.02142856569)
(0.0425 -0.005741766872 0.02142856569)
(0.043125 -0.005741766872 0.02142856569)
(0.04375 -0.005741766872 0.02142856569)
(0.044375 -0.005741766872 0.02142856569)
(0.045 -0.005741766872 0.02142856569)
(0.045625 -0.005741766872 0.02142856569)
(0.04625 -0.005741766872 0.02142856569)
(0.046875 -0.005741766872 0.02142856569)
(0.0475 -0.005741766872 0.02142856569)
(0.048125 -0.005741766872 0.02142856569)
(0.04875 -0.005741766872 0.02142856569)
(0.049375 -0.005741766872 0.02142856569)
(0.05 -0.005741766872 0.02142856569)
(0 -0.005915443563 0.02207673593)
(0.000625 -0.005915443563 0.02207673593)
(0.00125 -0.005915443563 0.02207673593)
(0.001875 -0.005915443563 0.02207673593)
(0.0025 -0.005915443563 0.02207673593)
(0.003125 -0.005915443563 0.02207673593)
(0.00375 -0.005915443563 0.02207673593)
(0.004375 -0.005915443563 0.02207673593)
(0.005 -0.005915443563 0.02207673593)
(0.005625 -0.005915443563 0.02207673593)
(0.00625 -0.005915443563 0.02207673593)
(0.006875 -0.005915443563 0.02207673593)
(0.0075 -0.005915443563 0.02207673593)
(0.008125 -0.005915443563 0.02207673593)
(0.00875 -0.005915443563 0.02207673593)
(0.009375 -0.005915443563 0.02207673593)
(0.01 -0.005915443563 0.02207673593)
(0.010625 -0.005915443563 0.02207673593)
(0.01125 -0.005915443563 0.02207673593)
(0.011875 -0.005915443563 0.02207673593)
(0.0125 -0.005915443563 0.02207673593)
(0.013125 -0.005915443563 0.02207673593)
(0.01375 -0.005915443563 0.02207673593)
(0.014375 -0.005915443563 0.02207673593)
(0.015 -0.005915443563 0.02207673593)
(0.015625 -0.005915443563 0.02207673593)
(0.01625 -0.005915443563 0.02207673593)
(0.016875 -0.005915443563 0.02207673593)
(0.0175 -0.005915443563 0.02207673593)
(0.018125 -0.005915443563 0.02207673593)
(0.01875 -0.005915443563 0.02207673593)
(0.019375 -0.005915443563 0.02207673593)
(0.02 -0.005915443563 0.02207673593)
(0.020625 -0.005915443563 0.02207673593)
(0.02125 -0.005915443563 0.02207673593)
(0.021875 -0.005915443563 0.02207673593)
(0.0225 -0.005915443563 0.02207673593)
(0.023125 -0.005915443563 0.02207673593)
(0.02375 -0.005915443563 0.02207673593)
(0.024375 -0.005915443563 0.02207673593)
(0.025 -0.005915443563 0.02207673593)
(0.025625 -0.005915443563 0.02207673593)
(0.02625 -0.005915443563 0.02207673593)
(0.026875 -0.005915443563 0.02207673593)
(0.0275 -0.005915443563 0.02207673593)
(0.028125 -0.005915443563 0.02207673593)
(0.02875 -0.005915443563 0.02207673593)
(0.029375 -0.005915443563 0.02207673593)
(0.03 -0.005915443563 0.02207673593)
(0.030625 -0.005915443563 0.02207673593)
(0.03125 -0.005915443563 0.02207673593)
(0.031875 -0.005915443563 0.02207673593)
(0.0325 -0.005915443563 0.02207673593)
(0.033125 -0.005915443563 0.02207673593)
(0.03375 -0.005915443563 0.02207673593)
(0.034375 -0.005915443563 0.02207673593)
(0.035 -0.005915443563 0.02207673593)
(0.035625 -0.005915443563 0.02207673593)
(0.03625 -0.005915443563 0.02207673593)
(0.036875 -0.005915443563 0.02207673593)
(0.0375 -0.005915443563 0.02207673593)
(0.038125 -0.005915443563 0.02207673593)
(0.03875 -0.005915443563 0.02207673593)
(0.039375 -0.005915443563 0.02207673593)
(0.04 -0.005915443563 0.02207673593)
(0.040625 -0.005915443563 0.02207673593)
(0.04125 -0.005915443563 0.02207673593)
(0.041875 -0.005915443563 0.02207673593)
(0.0425 -0.005915443563 0.02207673593)
(0.043125 -0.005915443563 0.02207673593)
(0.04375 -0.005915443563 0.02207673593)
(0.044375 -0.005915443563 0.02207673593)
(0.045 -0.005915443563 0.02207673593)
(0.045625 -0.005915443563 0.02207673593)
(0.04625 -0.005915443563 0.02207673593)
(0.046875 -0.005915443563 0.02207673593)
(0.0475 -0.005915443563 0.02207673593)
(0.048125 -0.005915443563 0.02207673593)
(0.04875 -0.005915443563 0.02207673593)
(0.049375 -0.005915443563 0.02207673593)
(0.05 -0.005915443563 0.02207673593)
(0 -0.006077855441 0.02268286531)
(0.000625 -0.006077855441 0.02268286531)
(0.00125 -0.006077855441 0.02268286531)
(0.001875 -0.006077855441 0.02268286531)
(0.0025 -0.006077855441 0.02268286531)
(0.003125 -0.006077855441 0.02268286531)
(0.00375 -0.006077855441 0.02268286531)
(0.004375 -0.006077855441 0.02268286531)
(0.005 -0.006077855441 0.02268286531)
(0.005625 -0.006077855441 0.02268286531)
(0.00625 -0.006077855441 0.02268286531)
(0.006875 -0.006077855441 0.02268286531)
(0.0075 -0.006077855441 0.02268286531)
(0.008125 -0.006077855441 0.02268286531)
(0.00875 -0.006077855441 0.02268286531)
(0.009375 -0.006077855441 0.02268286531)
(0.01 -0.006077855441 0.02268286531)
(0.010625 -0.006077855441 0.02268286531)
(0.01125 -0.006077855441 0.02268286531)
(0.011875 -0.006077855441 0.02268286531)
(0.0125 -0.006077855441 0.02268286531)
(0.013125 -0.006077855441 0.02268286531)
(0.01375 -0.006077855441 0.02268286531)
(0.014375 -0.006077855441 0.02268286531)
(0.015 -0.006077855441 0.02268286531)
(0.015625 -0.006077855441 0.02268286531)
(0.01625 -0.006077855441 0.02268286531)
(0.016875 -0.006077855441 0.02268286531)
(0.0175 -0.006077855441 0.02268286531)
(0.018125 -0.006077855441 0.02268286531)
(0.01875 -0.006077855441 0.02268286531)
(0.019375 -0.006077855441 0.02268286531)
(0.02 -0.006077855441 0.02268286531)
(0.020625 -0.006077855441 0.02268286531)
(0.02125 -0.006077855441 0.02268286531)
(0.021875 -0.006077855441 0.02268286531)
(0.0225 -0.006077855441 0.02268286531)
(0.023125 -0.006077855441 0.02268286531)
(0.02375 -0.006077855441 0.02268286531)
(0.024375 -0.006077855441 0.02268286531)
(0.025 -0.006077855441 0.02268286531)
(0.025625 -0.006077855441 0.02268286531)
(0.02625 -0.006077855441 0.02268286531)
(0.026875 -0.006077855441 0.02268286531)
(0.0275 -0.006077855441 0.02268286531)
(0.028125 -0.006077855441 0.02268286531)
(0.02875 -0.006077855441 0.02268286531)
(0.029375 -0.006077855441 0.02268286531)
(0.03 -0.006077855441 0.02268286531)
(0.030625 -0.006077855441 0.02268286531)
(0.03125 -0.006077855441 0.02268286531)
(0.031875 -0.006077855441 0.02268286531)
(0.0325 -0.006077855441 0.02268286531)
(0.033125 -0.006077855441 0.02268286531)
(0.03375 -0.006077855441 0.02268286531)
(0.034375 -0.006077855441 0.02268286531)
(0.035 -0.006077855441 0.02268286531)
(0.035625 -0.006077855441 0.02268286531)
(0.03625 -0.006077855441 0.02268286531)
(0.036875 -0.006077855441 0.02268286531)
(0.0375 -0.006077855441 0.02268286531)
(0.038125 -0.006077855441 0.02268286531)
(0.03875 -0.006077855441 0.02268286531)
(0.039375 -0.006077855441 0.02268286531)
(0.04 -0.006077855441 0.02268286531)
(0.040625 -0.006077855441 0.02268286531)
(0.04125 -0.006077855441 0.02268286531)
(0.041875 -0.006077855441 0.02268286531)
(0.0425 -0.006077855441 0.02268286531)
(0.043125 -0.006077855441 0.02268286531)
(0.04375 -0.006077855441 0.02268286531)
(0.044375 -0.006077855441 0.02268286531)
(0.045 -0.006077855441 0.02268286531)
(0.045625 -0.006077855441 0.02268286531)
(0.04625 -0.006077855441 0.02268286531)
(0.046875 -0.006077855441 0.02268286531)
(0.0475 -0.006077855441 0.02268286531)
(0.048125 -0.006077855441 0.02268286531)
(0.04875 -0.006077855441 0.02268286531)
(0.049375 -0.006077855441 0.02268286531)
(0.05 -0.006077855441 0.02268286531)
(0 -0.006229733149 0.02324968063)
(0.000625 -0.006229733149 0.02324968063)
(0.00125 -0.006229733149 0.02324968063)
(0.001875 -0.006229733149 0.02324968063)
(0.0025 -0.006229733149 0.02324968063)
(0.003125 -0.006229733149 0.02324968063)
(0.00375 -0.006229733149 0.02324968063)
(0.004375 -0.006229733149 0.02324968063)
(0.005 -0.006229733149 0.02324968063)
(0.005625 -0.006229733149 0.02324968063)
(0.00625 -0.006229733149 0.02324968063)
(0.006875 -0.006229733149 0.02324968063)
(0.0075 -0.006229733149 0.02324968063)
(0.008125 -0.006229733149 0.02324968063)
(0.00875 -0.006229733149 0.02324968063)
(0.009375 -0.006229733149 0.02324968063)
(0.01 -0.006229733149 0.02324968063)
(0.010625 -0.006229733149 0.02324968063)
(0.01125 -0.006229733149 0.02324968063)
(0.011875 -0.006229733149 0.02324968063)
(0.0125 -0.006229733149 0.02324968063)
(0.013125 -0.006229733149 0.02324968063)
(0.01375 -0.006229733149 0.02324968063)
(0.014375 -0.006229733149 0.02324968063)
(0.015 -0.006229733149 0.02324968063)
(0.015625 -0.006229733149 0.02324968063)
(0.01625 -0.006229733149 0.02324968063)
(0.016875 -0.006229733149 0.02324968063)
(0.0175 -0.006229733149 0.02324968063)
(0.018125 -0.006229733149 0.02324968063)
(0.01875 -0.006229733149 0.02324968063)
(0.019375 -0.006229733149 0.02324968063)
(0.02 -0.006229733149 0.02324968063)
(0.020625 -0.006229733149 0.02324968063)
(0.02125 -0.006229733149 0.02324968063)
(0.021875 -0.006229733149 0.02324968063)
(0.0225 -0.006229733149 0.02324968063)
(0.023125 -0.006229733149 0.02324968063)
(0.02375 -0.006229733149 0.02324968063)
(0.024375 -0.006229733149 0.02324968063)
(0.025 -0.006229733149 0.02324968063)
(0.025625 -0.006229733149 0.02324968063)
(0.02625 -0.006229733149 0.02324968063)
(0.026875 -0.006229733149 0.02324968063)
(0.0275 -0.006229733149 0.02324968063)
(0.028125 -0.006229733149 0.02324968063)
(0.02875 -0.006229733149 0.02324968063)
(0.029375 -0.006229733149 0.02324968063)
(0.03 -0.006229733149 0.02324968063)
(0.030625 -0.006229733149 0.02324968063)
(0.03125 -0.006229733149 0.02324968063)
(0.031875 -0.006229733149 0.02324968063)
(0.0325 -0.006229733149 0.02324968063)
(0.033125 -0.006229733149 0.02324968063)
(0.03375 -0.006229733149 0.02324968063)
(0.034375 -0.006229733149 0.02324968063)
(0.035 -0.006229733149 0.02324968063)
(0.035625 -0.006229733149 0.02324968063)
(0.03625 -0.006229733149 0.02324968063)
(0.036875 -0.006229733149 0.02324968063)
(0.0375 -0.006229733149 0.02324968063)
(0.038125 -0.006229733149 0.02324968063)
(0.03875 -0.006229733149 0.02324968063)
(0.039375 -0.006229733149 0.02324968063)
(0.04 -0.006229733149 0.02324968063)
(0.040625 -0.006229733149 0.02324968063)
(0.04125 -0.006229733149 0.02324968063)
(0.041875 -0.006229733149 0.02324968063)
(0.0425 -0.006229733149 0.02324968063)
(0.043125 -0.006229733149 0.02324968063)
(0.04375 -0.006229733149 0.02324968063)
(0.044375 -0.006229733149 0.02324968063)
(0.045 -0.006229733149 0.02324968063)
(0.045625 -0.006229733149 0.02324968063)
(0.04625 -0.006229733149 0.02324968063)
(0.046875 -0.006229733149 0.02324968063)
(0.0475 -0.006229733149 0.02324968063)
(0.048125 -0.006229733149 0.02324968063)
(0.04875 -0.006229733149 0.02324968063)
(0.049375 -0.006229733149 0.02324968063)
(0.05 -0.006229733149 0.02324968063)
(0 -0.006371759944 0.02377973184)
(0.000625 -0.006371759944 0.02377973184)
(0.00125 -0.006371759944 0.02377973184)
(0.001875 -0.006371759944 0.02377973184)
(0.0025 -0.006371759944 0.02377973184)
(0.003125 -0.006371759944 0.02377973184)
(0.00375 -0.006371759944 0.02377973184)
(0.004375 -0.006371759944 0.02377973184)
(0.005 -0.006371759944 0.02377973184)
(0.005625 -0.006371759944 0.02377973184)
(0.00625 -0.006371759944 0.02377973184)
(0.006875 -0.006371759944 0.02377973184)
(0.0075 -0.006371759944 0.02377973184)
(0.008125 -0.006371759944 0.02377973184)
(0.00875 -0.006371759944 0.02377973184)
(0.009375 -0.006371759944 0.02377973184)
(0.01 -0.006371759944 0.02377973184)
(0.010625 -0.006371759944 0.02377973184)
(0.01125 -0.006371759944 0.02377973184)
(0.011875 -0.006371759944 0.02377973184)
(0.0125 -0.006371759944 0.02377973184)
(0.013125 -0.006371759944 0.02377973184)
(0.01375 -0.006371759944 0.02377973184)
(0.014375 -0.006371759944 0.02377973184)
(0.015 -0.006371759944 0.02377973184)
(0.015625 -0.006371759944 0.02377973184)
(0.01625 -0.006371759944 0.02377973184)
(0.016875 -0.006371759944 0.02377973184)
(0.0175 -0.006371759944 0.02377973184)
(0.018125 -0.006371759944 0.02377973184)
(0.01875 -0.006371759944 0.02377973184)
(0.019375 -0.006371759944 0.02377973184)
(0.02 -0.006371759944 0.02377973184)
(0.020625 -0.006371759944 0.02377973184)
(0.02125 -0.006371759944 0.02377973184)
(0.021875 -0.006371759944 0.02377973184)
(0.0225 -0.006371759944 0.02377973184)
(0.023125 -0.006371759944 0.02377973184)
(0.02375 -0.006371759944 0.02377973184)
(0.024375 -0.006371759944 0.02377973184)
(0.025 -0.006371759944 0.02377973184)
(0.025625 -0.006371759944 0.02377973184)
(0.02625 -0.006371759944 0.02377973184)
(0.026875 -0.006371759944 0.02377973184)
(0.0275 -0.006371759944 0.02377973184)
(0.028125 -0.006371759944 0.02377973184)
(0.02875 -0.006371759944 0.02377973184)
(0.029375 -0.006371759944 0.02377973184)
(0.03 -0.006371759944 0.02377973184)
(0.030625 -0.006371759944 0.02377973184)
(0.03125 -0.006371759944 0.02377973184)
(0.031875 -0.006371759944 0.02377973184)
(0.0325 -0.006371759944 0.02377973184)
(0.033125 -0.006371759944 0.02377973184)
(0.03375 -0.006371759944 0.02377973184)
(0.034375 -0.006371759944 0.02377973184)
(0.035 -0.006371759944 0.02377973184)
(0.035625 -0.006371759944 0.02377973184)
(0.03625 -0.006371759944 0.02377973184)
(0.036875 -0.006371759944 0.02377973184)
(0.0375 -0.006371759944 0.02377973184)
(0.038125 -0.006371759944 0.02377973184)
(0.03875 -0.006371759944 0.02377973184)
(0.039375 -0.006371759944 0.02377973184)
(0.04 -0.006371759944 0.02377973184)
(0.040625 -0.006371759944 0.02377973184)
(0.04125 -0.006371759944 0.02377973184)
(0.041875 -0.006371759944 0.02377973184)
(0.0425 -0.006371759944 0.02377973184)
(0.043125 -0.006371759944 0.02377973184)
(0.04375 -0.006371759944 0.02377973184)
(0.044375 -0.006371759944 0.02377973184)
(0.045 -0.006371759944 0.02377973184)
(0.045625 -0.006371759944 0.02377973184)
(0.04625 -0.006371759944 0.02377973184)
(0.046875 -0.006371759944 0.02377973184)
(0.0475 -0.006371759944 0.02377973184)
(0.048125 -0.006371759944 0.02377973184)
(0.04875 -0.006371759944 0.02377973184)
(0.049375 -0.006371759944 0.02377973184)
(0.05 -0.006371759944 0.02377973184)
(0 -0.006504574763 0.0242754035)
(0.000625 -0.006504574763 0.0242754035)
(0.00125 -0.006504574763 0.0242754035)
(0.001875 -0.006504574763 0.0242754035)
(0.0025 -0.006504574763 0.0242754035)
(0.003125 -0.006504574763 0.0242754035)
(0.00375 -0.006504574763 0.0242754035)
(0.004375 -0.006504574763 0.0242754035)
(0.005 -0.006504574763 0.0242754035)
(0.005625 -0.006504574763 0.0242754035)
(0.00625 -0.006504574763 0.0242754035)
(0.006875 -0.006504574763 0.0242754035)
(0.0075 -0.006504574763 0.0242754035)
(0.008125 -0.006504574763 0.0242754035)
(0.00875 -0.006504574763 0.0242754035)
(0.009375 -0.006504574763 0.0242754035)
(0.01 -0.006504574763 0.0242754035)
(0.010625 -0.006504574763 0.0242754035)
(0.01125 -0.006504574763 0.0242754035)
(0.011875 -0.006504574763 0.0242754035)
(0.0125 -0.006504574763 0.0242754035)
(0.013125 -0.006504574763 0.0242754035)
(0.01375 -0.006504574763 0.0242754035)
(0.014375 -0.006504574763 0.0242754035)
(0.015 -0.006504574763 0.0242754035)
(0.015625 -0.006504574763 0.0242754035)
(0.01625 -0.006504574763 0.0242754035)
(0.016875 -0.006504574763 0.0242754035)
(0.0175 -0.006504574763 0.0242754035)
(0.018125 -0.006504574763 0.0242754035)
(0.01875 -0.006504574763 0.0242754035)
(0.019375 -0.006504574763 0.0242754035)
(0.02 -0.006504574763 0.0242754035)
(0.020625 -0.006504574763 0.0242754035)
(0.02125 -0.006504574763 0.0242754035)
(0.021875 -0.006504574763 0.0242754035)
(0.0225 -0.006504574763 0.0242754035)
(0.023125 -0.006504574763 0.0242754035)
(0.02375 -0.006504574763 0.0242754035)
(0.024375 -0.006504574763 0.0242754035)
(0.025 -0.006504574763 0.0242754035)
(0.025625 -0.006504574763 0.0242754035)
(0.02625 -0.006504574763 0.0242754035)
(0.026875 -0.006504574763 0.0242754035)
(0.0275 -0.006504574763 0.0242754035)
(0.028125 -0.006504574763 0.0242754035)
(0.02875 -0.006504574763 0.0242754035)
(0.029375 -0.006504574763 0.0242754035)
(0.03 -0.006504574763 0.0242754035)
(0.030625 -0.006504574763 0.0242754035)
(0.03125 -0.006504574763 0.0242754035)
(0.031875 -0.006504574763 0.0242754035)
(0.0325 -0.006504574763 0.0242754035)
(0.033125 -0.006504574763 0.0242754035)
(0.03375 -0.006504574763 0.0242754035)
(0.034375 -0.006504574763 0.0242754035)
(0.035 -0.006504574763 0.0242754035)
(0.035625 -0.006504574763 0.0242754035)
(0.03625 -0.006504574763 0.0242754035)
(0.036875 -0.006504574763 0.0242754035)
(0.0375 -0.006504574763 0.0242754035)
(0.038125 -0.006504574763 0.0242754035)
(0.03875 -0.006504574763 0.0242754035)
(0.039375 -0.006504574763 0.0242754035)
(0.04 -0.006504574763 0.0242754035)
(0.040625 -0.006504574763 0.0242754035)
(0.04125 -0.006504574763 0.0242754035)
(0.041875 -0.006504574763 0.0242754035)
(0.0425 -0.006504574763 0.0242754035)
(0.043125 -0.006504574763 0.0242754035)
(0.04375 -0.006504574763 0.0242754035)
(0.044375 -0.006504574763 0.0242754035)
(0.045 -0.006504574763 0.0242754035)
(0.045625 -0.006504574763 0.0242754035)
(0.04625 -0.006504574763 0.0242754035)
(0.046875 -0.006504574763 0.0242754035)
(0.0475 -0.006504574763 0.0242754035)
(0.048125 -0.006504574763 0.0242754035)
(0.04875 -0.006504574763 0.0242754035)
(0.049375 -0.006504574763 0.0242754035)
(0.05 -0.006504574763 0.0242754035)
(0 -0.006628775103 0.02473892548)
(0.000625 -0.006628775103 0.02473892548)
(0.00125 -0.006628775103 0.02473892548)
(0.001875 -0.006628775103 0.02473892548)
(0.0025 -0.006628775103 0.02473892548)
(0.003125 -0.006628775103 0.02473892548)
(0.00375 -0.006628775103 0.02473892548)
(0.004375 -0.006628775103 0.02473892548)
(0.005 -0.006628775103 0.02473892548)
(0.005625 -0.006628775103 0.02473892548)
(0.00625 -0.006628775103 0.02473892548)
(0.006875 -0.006628775103 0.02473892548)
(0.0075 -0.006628775103 0.02473892548)
(0.008125 -0.006628775103 0.02473892548)
(0.00875 -0.006628775103 0.02473892548)
(0.009375 -0.006628775103 0.02473892548)
(0.01 -0.006628775103 0.02473892548)
(0.010625 -0.006628775103 0.02473892548)
(0.01125 -0.006628775103 0.02473892548)
(0.011875 -0.006628775103 0.02473892548)
(0.0125 -0.006628775103 0.02473892548)
(0.013125 -0.006628775103 0.02473892548)
(0.01375 -0.006628775103 0.02473892548)
(0.014375 -0.006628775103 0.02473892548)
(0.015 -0.006628775103 0.02473892548)
(0.015625 -0.006628775103 0.02473892548)
(0.01625 -0.006628775103 0.02473892548)
(0.016875 -0.006628775103 0.02473892548)
(0.0175 -0.006628775103 0.02473892548)
(0.018125 -0.006628775103 0.02473892548)
(0.01875 -0.006628775103 0.02473892548)
(0.019375 -0.006628775103 0.02473892548)
(0.02 -0.006628775103 0.02473892548)
(0.020625 -0.006628775103 0.02473892548)
(0.02125 -0.006628775103 0.02473892548)
(0.021875 -0.006628775103 0.02473892548)
(0.0225 -0.006628775103 0.02473892548)
(0.023125 -0.006628775103 0.02473892548)
(0.02375 -0.006628775103 0.02473892548)
(0.024375 -0.006628775103 0.02473892548)
(0.025 -0.006628775103 0.02473892548)
(0.025625 -0.006628775103 0.02473892548)
(0.02625 -0.006628775103 0.02473892548)
(0.026875 -0.006628775103 0.02473892548)
(0.0275 -0.006628775103 0.02473892548)
(0.028125 -0.006628775103 0.02473892548)
(0.02875 -0.006628775103 0.02473892548)
(0.029375 -0.006628775103 0.02473892548)
(0.03 -0.006628775103 0.02473892548)
(0.030625 -0.006628775103 0.02473892548)
(0.03125 -0.006628775103 0.02473892548)
(0.031875 -0.006628775103 0.02473892548)
(0.0325 -0.006628775103 0.02473892548)
(0.033125 -0.006628775103 0.02473892548)
(0.03375 -0.006628775103 0.02473892548)
(0.034375 -0.006628775103 0.02473892548)
(0.035 -0.006628775103 0.02473892548)
(0.035625 -0.006628775103 0.02473892548)
(0.03625 -0.006628775103 0.02473892548)
(0.036875 -0.006628775103 0.02473892548)
(0.0375 -0.006628775103 0.02473892548)
(0.038125 -0.006628775103 0.02473892548)
(0.03875 -0.006628775103 0.02473892548)
(0.039375 -0.006628775103 0.02473892548)
(0.04 -0.006628775103 0.02473892548)
(0.040625 -0.006628775103 0.02473892548)
(0.04125 -0.006628775103 0.02473892548)
(0.041875 -0.006628775103 0.02473892548)
(0.0425 -0.006628775103 0.02473892548)
(0.043125 -0.006628775103 0.02473892548)
(0.04375 -0.006628775103 0.02473892548)
(0.044375 -0.006628775103 0.02473892548)
(0.045 -0.006628775103 0.02473892548)
(0.045625 -0.006628775103 0.02473892548)
(0.04625 -0.006628775103 0.02473892548)
(0.046875 -0.006628775103 0.02473892548)
(0.0475 -0.006628775103 0.02473892548)
(0.048125 -0.006628775103 0.02473892548)
(0.04875 -0.006628775103 0.02473892548)
(0.049375 -0.006628775103 0.02473892548)
(0.05 -0.006628775103 0.02473892548)
(0 -0.006744919706 0.02517238304)
(0.000625 -0.006744919706 0.02517238304)
(0.00125 -0.006744919706 0.02517238304)
(0.001875 -0.006744919706 0.02517238304)
(0.0025 -0.006744919706 0.02517238304)
(0.003125 -0.006744919706 0.02517238304)
(0.00375 -0.006744919706 0.02517238304)
(0.004375 -0.006744919706 0.02517238304)
(0.005 -0.006744919706 0.02517238304)
(0.005625 -0.006744919706 0.02517238304)
(0.00625 -0.006744919706 0.02517238304)
(0.006875 -0.006744919706 0.02517238304)
(0.0075 -0.006744919706 0.02517238304)
(0.008125 -0.006744919706 0.02517238304)
(0.00875 -0.006744919706 0.02517238304)
(0.009375 -0.006744919706 0.02517238304)
(0.01 -0.006744919706 0.02517238304)
(0.010625 -0.006744919706 0.02517238304)
(0.01125 -0.006744919706 0.02517238304)
(0.011875 -0.006744919706 0.02517238304)
(0.0125 -0.006744919706 0.02517238304)
(0.013125 -0.006744919706 0.02517238304)
(0.01375 -0.006744919706 0.02517238304)
(0.014375 -0.006744919706 0.02517238304)
(0.015 -0.006744919706 0.02517238304)
(0.015625 -0.006744919706 0.02517238304)
(0.01625 -0.006744919706 0.02517238304)
(0.016875 -0.006744919706 0.02517238304)
(0.0175 -0.006744919706 0.02517238304)
(0.018125 -0.006744919706 0.02517238304)
(0.01875 -0.006744919706 0.02517238304)
(0.019375 -0.006744919706 0.02517238304)
(0.02 -0.006744919706 0.02517238304)
(0.020625 -0.006744919706 0.02517238304)
(0.02125 -0.006744919706 0.02517238304)
(0.021875 -0.006744919706 0.02517238304)
(0.0225 -0.006744919706 0.02517238304)
(0.023125 -0.006744919706 0.02517238304)
(0.02375 -0.006744919706 0.02517238304)
(0.024375 -0.006744919706 0.02517238304)
(0.025 -0.006744919706 0.02517238304)
(0.025625 -0.006744919706 0.02517238304)
(0.02625 -0.006744919706 0.02517238304)
(0.026875 -0.006744919706 0.02517238304)
(0.0275 -0.006744919706 0.02517238304)
(0.028125 -0.006744919706 0.02517238304)
(0.02875 -0.006744919706 0.02517238304)
(0.029375 -0.006744919706 0.02517238304)
(0.03 -0.006744919706 0.02517238304)
(0.030625 -0.006744919706 0.02517238304)
(0.03125 -0.006744919706 0.02517238304)
(0.031875 -0.006744919706 0.02517238304)
(0.0325 -0.006744919706 0.02517238304)
(0.033125 -0.006744919706 0.02517238304)
(0.03375 -0.006744919706 0.02517238304)
(0.034375 -0.006744919706 0.02517238304)
(0.035 -0.006744919706 0.02517238304)
(0.035625 -0.006744919706 0.02517238304)
(0.03625 -0.006744919706 0.02517238304)
(0.036875 -0.006744919706 0.02517238304)
(0.0375 -0.006744919706 0.02517238304)
(0.038125 -0.006744919706 0.02517238304)
(0.03875 -0.006744919706 0.02517238304)
(0.039375 -0.006744919706 0.02517238304)
(0.04 -0.006744919706 0.02517238304)
(0.040625 -0.006744919706 0.02517238304)
(0.04125 -0.006744919706 0.02517238304)
(0.041875 -0.006744919706 0.02517238304)
(0.0425 -0.006744919706 0.02517238304)
(0.043125 -0.006744919706 0.02517238304)
(0.04375 -0.006744919706 0.02517238304)
(0.044375 -0.006744919706 0.02517238304)
(0.045 -0.006744919706 0.02517238304)
(0.045625 -0.006744919706 0.02517238304)
(0.04625 -0.006744919706 0.02517238304)
(0.046875 -0.006744919706 0.02517238304)
(0.0475 -0.006744919706 0.02517238304)
(0.048125 -0.006744919706 0.02517238304)
(0.04875 -0.006744919706 0.02517238304)
(0.049375 -0.006744919706 0.02517238304)
(0.05 -0.006744919706 0.02517238304)
(0 -0.006853531075 0.02557772618)
(0.000625 -0.006853531075 0.02557772618)
(0.00125 -0.006853531075 0.02557772618)
(0.001875 -0.006853531075 0.02557772618)
(0.0025 -0.006853531075 0.02557772618)
(0.003125 -0.006853531075 0.02557772618)
(0.00375 -0.006853531075 0.02557772618)
(0.004375 -0.006853531075 0.02557772618)
(0.005 -0.006853531075 0.02557772618)
(0.005625 -0.006853531075 0.02557772618)
(0.00625 -0.006853531075 0.02557772618)
(0.006875 -0.006853531075 0.02557772618)
(0.0075 -0.006853531075 0.02557772618)
(0.008125 -0.006853531075 0.02557772618)
(0.00875 -0.006853531075 0.02557772618)
(0.009375 -0.006853531075 0.02557772618)
(0.01 -0.006853531075 0.02557772618)
(0.010625 -0.006853531075 0.02557772618)
(0.01125 -0.006853531075 0.02557772618)
(0.011875 -0.006853531075 0.02557772618)
(0.0125 -0.006853531075 0.02557772618)
(0.013125 -0.006853531075 0.02557772618)
(0.01375 -0.006853531075 0.02557772618)
(0.014375 -0.006853531075 0.02557772618)
(0.015 -0.006853531075 0.02557772618)
(0.015625 -0.006853531075 0.02557772618)
(0.01625 -0.006853531075 0.02557772618)
(0.016875 -0.006853531075 0.02557772618)
(0.0175 -0.006853531075 0.02557772618)
(0.018125 -0.006853531075 0.02557772618)
(0.01875 -0.006853531075 0.02557772618)
(0.019375 -0.006853531075 0.02557772618)
(0.02 -0.006853531075 0.02557772618)
(0.020625 -0.006853531075 0.02557772618)
(0.02125 -0.006853531075 0.02557772618)
(0.021875 -0.006853531075 0.02557772618)
(0.0225 -0.006853531075 0.02557772618)
(0.023125 -0.006853531075 0.02557772618)
(0.02375 -0.006853531075 0.02557772618)
(0.024375 -0.006853531075 0.02557772618)
(0.025 -0.006853531075 0.02557772618)
(0.025625 -0.006853531075 0.02557772618)
(0.02625 -0.006853531075 0.02557772618)
(0.026875 -0.006853531075 0.02557772618)
(0.0275 -0.006853531075 0.02557772618)
(0.028125 -0.006853531075 0.02557772618)
(0.02875 -0.006853531075 0.02557772618)
(0.029375 -0.006853531075 0.02557772618)
(0.03 -0.006853531075 0.02557772618)
(0.030625 -0.006853531075 0.02557772618)
(0.03125 -0.006853531075 0.02557772618)
(0.031875 -0.006853531075 0.02557772618)
(0.0325 -0.006853531075 0.02557772618)
(0.033125 -0.006853531075 0.02557772618)
(0.03375 -0.006853531075 0.02557772618)
(0.034375 -0.006853531075 0.02557772618)
(0.035 -0.006853531075 0.02557772618)
(0.035625 -0.006853531075 0.02557772618)
(0.03625 -0.006853531075 0.02557772618)
(0.036875 -0.006853531075 0.02557772618)
(0.0375 -0.006853531075 0.02557772618)
(0.038125 -0.006853531075 0.02557772618)
(0.03875 -0.006853531075 0.02557772618)
(0.039375 -0.006853531075 0.02557772618)
(0.04 -0.006853531075 0.02557772618)
(0.040625 -0.006853531075 0.02557772618)
(0.04125 -0.006853531075 0.02557772618)
(0.041875 -0.006853531075 0.02557772618)
(0.0425 -0.006853531075 0.02557772618)
(0.043125 -0.006853531075 0.02557772618)
(0.04375 -0.006853531075 0.02557772618)
(0.044375 -0.006853531075 0.02557772618)
(0.045 -0.006853531075 0.02557772618)
(0.045625 -0.006853531075 0.02557772618)
(0.04625 -0.006853531075 0.02557772618)
(0.046875 -0.006853531075 0.02557772618)
(0.0475 -0.006853531075 0.02557772618)
(0.048125 -0.006853531075 0.02557772618)
(0.04875 -0.006853531075 0.02557772618)
(0.049375 -0.006853531075 0.02557772618)
(0.05 -0.006853531075 0.02557772618)
(0 -0.00695509782 0.02595677843)
(0.000625 -0.00695509782 0.02595677843)
(0.00125 -0.00695509782 0.02595677843)
(0.001875 -0.00695509782 0.02595677843)
(0.0025 -0.00695509782 0.02595677843)
(0.003125 -0.00695509782 0.02595677843)
(0.00375 -0.00695509782 0.02595677843)
(0.004375 -0.00695509782 0.02595677843)
(0.005 -0.00695509782 0.02595677843)
(0.005625 -0.00695509782 0.02595677843)
(0.00625 -0.00695509782 0.02595677843)
(0.006875 -0.00695509782 0.02595677843)
(0.0075 -0.00695509782 0.02595677843)
(0.008125 -0.00695509782 0.02595677843)
(0.00875 -0.00695509782 0.02595677843)
(0.009375 -0.00695509782 0.02595677843)
(0.01 -0.00695509782 0.02595677843)
(0.010625 -0.00695509782 0.02595677843)
(0.01125 -0.00695509782 0.02595677843)
(0.011875 -0.00695509782 0.02595677843)
(0.0125 -0.00695509782 0.02595677843)
(0.013125 -0.00695509782 0.02595677843)
(0.01375 -0.00695509782 0.02595677843)
(0.014375 -0.00695509782 0.02595677843)
(0.015 -0.00695509782 0.02595677843)
(0.015625 -0.00695509782 0.02595677843)
(0.01625 -0.00695509782 0.02595677843)
(0.016875 -0.00695509782 0.02595677843)
(0.0175 -0.00695509782 0.02595677843)
(0.018125 -0.00695509782 0.02595677843)
(0.01875 -0.00695509782 0.02595677843)
(0.019375 -0.00695509782 0.02595677843)
(0.02 -0.00695509782 0.02595677843)
(0.020625 -0.00695509782 0.02595677843)
(0.02125 -0.00695509782 0.02595677843)
(0.021875 -0.00695509782 0.02595677843)
(0.0225 -0.00695509782 0.02595677843)
(0.023125 -0.00695509782 0.02595677843)
(0.02375 -0.00695509782 0.02595677843)
(0.024375 -0.00695509782 0.02595677843)
(0.025 -0.00695509782 0.02595677843)
(0.025625 -0.00695509782 0.02595677843)
(0.02625 -0.00695509782 0.02595677843)
(0.026875 -0.00695509782 0.02595677843)
(0.0275 -0.00695509782 0.02595677843)
(0.028125 -0.00695509782 0.02595677843)
(0.02875 -0.00695509782 0.02595677843)
(0.029375 -0.00695509782 0.02595677843)
(0.03 -0.00695509782 0.02595677843)
(0.030625 -0.00695509782 0.02595677843)
(0.03125 -0.00695509782 0.02595677843)
(0.031875 -0.00695509782 0.02595677843)
(0.0325 -0.00695509782 0.02595677843)
(0.033125 -0.00695509782 0.02595677843)
(0.03375 -0.00695509782 0.02595677843)
(0.034375 -0.00695509782 0.02595677843)
(0.035 -0.00695509782 0.02595677843)
(0.035625 -0.00695509782 0.02595677843)
(0.03625 -0.00695509782 0.02595677843)
(0.036875 -0.00695509782 0.02595677843)
(0.0375 -0.00695509782 0.02595677843)
(0.038125 -0.00695509782 0.02595677843)
(0.03875 -0.00695509782 0.02595677843)
(0.039375 -0.00695509782 0.02595677843)
(0.04 -0.00695509782 0.02595677843)
(0.040625 -0.00695509782 0.02595677843)
(0.04125 -0.00695509782 0.02595677843)
(0.041875 -0.00695509782 0.02595677843)
(0.0425 -0.00695509782 0.02595677843)
(0.043125 -0.00695509782 0.02595677843)
(0.04375 -0.00695509782 0.02595677843)
(0.044375 -0.00695509782 0.02595677843)
(0.045 -0.00695509782 0.02595677843)
(0.045625 -0.00695509782 0.02595677843)
(0.04625 -0.00695509782 0.02595677843)
(0.046875 -0.00695509782 0.02595677843)
(0.0475 -0.00695509782 0.02595677843)
(0.048125 -0.00695509782 0.02595677843)
(0.04875 -0.00695509782 0.02595677843)
(0.049375 -0.00695509782 0.02595677843)
(0.05 -0.00695509782 0.02595677843)
(0 -0.007050076862 0.02631124504)
(0.000625 -0.007050076862 0.02631124504)
(0.00125 -0.007050076862 0.02631124504)
(0.001875 -0.007050076862 0.02631124504)
(0.0025 -0.007050076862 0.02631124504)
(0.003125 -0.007050076862 0.02631124504)
(0.00375 -0.007050076862 0.02631124504)
(0.004375 -0.007050076862 0.02631124504)
(0.005 -0.007050076862 0.02631124504)
(0.005625 -0.007050076862 0.02631124504)
(0.00625 -0.007050076862 0.02631124504)
(0.006875 -0.007050076862 0.02631124504)
(0.0075 -0.007050076862 0.02631124504)
(0.008125 -0.007050076862 0.02631124504)
(0.00875 -0.007050076862 0.02631124504)
(0.009375 -0.007050076862 0.02631124504)
(0.01 -0.007050076862 0.02631124504)
(0.010625 -0.007050076862 0.02631124504)
(0.01125 -0.007050076862 0.02631124504)
(0.011875 -0.007050076862 0.02631124504)
(0.0125 -0.007050076862 0.02631124504)
(0.013125 -0.007050076862 0.02631124504)
(0.01375 -0.007050076862 0.02631124504)
(0.014375 -0.007050076862 0.02631124504)
(0.015 -0.007050076862 0.02631124504)
(0.015625 -0.007050076862 0.02631124504)
(0.01625 -0.007050076862 0.02631124504)
(0.016875 -0.007050076862 0.02631124504)
(0.0175 -0.007050076862 0.02631124504)
(0.018125 -0.007050076862 0.02631124504)
(0.01875 -0.007050076862 0.02631124504)
(0.019375 -0.007050076862 0.02631124504)
(0.02 -0.007050076862 0.02631124504)
(0.020625 -0.007050076862 0.02631124504)
(0.02125 -0.007050076862 0.02631124504)
(0.021875 -0.007050076862 0.02631124504)
(0.0225 -0.007050076862 0.02631124504)
(0.023125 -0.007050076862 0.02631124504)
(0.02375 -0.007050076862 0.02631124504)
(0.024375 -0.007050076862 0.02631124504)
(0.025 -0.007050076862 0.02631124504)
(0.025625 -0.007050076862 0.02631124504)
(0.02625 -0.007050076862 0.02631124504)
(0.026875 -0.007050076862 0.02631124504)
(0.0275 -0.007050076862 0.02631124504)
(0.028125 -0.007050076862 0.02631124504)
(0.02875 -0.007050076862 0.02631124504)
(0.029375 -0.007050076862 0.02631124504)
(0.03 -0.007050076862 0.02631124504)
(0.030625 -0.007050076862 0.02631124504)
(0.03125 -0.007050076862 0.02631124504)
(0.031875 -0.007050076862 0.02631124504)
(0.0325 -0.007050076862 0.02631124504)
(0.033125 -0.007050076862 0.02631124504)
(0.03375 -0.007050076862 0.02631124504)
(0.034375 -0.007050076862 0.02631124504)
(0.035 -0.007050076862 0.02631124504)
(0.035625 -0.007050076862 0.02631124504)
(0.03625 -0.007050076862 0.02631124504)
(0.036875 -0.007050076862 0.02631124504)
(0.0375 -0.007050076862 0.02631124504)
(0.038125 -0.007050076862 0.02631124504)
(0.03875 -0.007050076862 0.02631124504)
(0.039375 -0.007050076862 0.02631124504)
(0.04 -0.007050076862 0.02631124504)
(0.040625 -0.007050076862 0.02631124504)
(0.04125 -0.007050076862 0.02631124504)
(0.041875 -0.007050076862 0.02631124504)
(0.0425 -0.007050076862 0.02631124504)
(0.043125 -0.007050076862 0.02631124504)
(0.04375 -0.007050076862 0.02631124504)
(0.044375 -0.007050076862 0.02631124504)
(0.045 -0.007050076862 0.02631124504)
(0.045625 -0.007050076862 0.02631124504)
(0.04625 -0.007050076862 0.02631124504)
(0.046875 -0.007050076862 0.02631124504)
(0.0475 -0.007050076862 0.02631124504)
(0.048125 -0.007050076862 0.02631124504)
(0.04875 -0.007050076862 0.02631124504)
(0.049375 -0.007050076862 0.02631124504)
(0.05 -0.007050076862 0.02631124504)
(0 -0.007138895484 0.02664272066)
(0.000625 -0.007138895484 0.02664272066)
(0.00125 -0.007138895484 0.02664272066)
(0.001875 -0.007138895484 0.02664272066)
(0.0025 -0.007138895484 0.02664272066)
(0.003125 -0.007138895484 0.02664272066)
(0.00375 -0.007138895484 0.02664272066)
(0.004375 -0.007138895484 0.02664272066)
(0.005 -0.007138895484 0.02664272066)
(0.005625 -0.007138895484 0.02664272066)
(0.00625 -0.007138895484 0.02664272066)
(0.006875 -0.007138895484 0.02664272066)
(0.0075 -0.007138895484 0.02664272066)
(0.008125 -0.007138895484 0.02664272066)
(0.00875 -0.007138895484 0.02664272066)
(0.009375 -0.007138895484 0.02664272066)
(0.01 -0.007138895484 0.02664272066)
(0.010625 -0.007138895484 0.02664272066)
(0.01125 -0.007138895484 0.02664272066)
(0.011875 -0.007138895484 0.02664272066)
(0.0125 -0.007138895484 0.02664272066)
(0.013125 -0.007138895484 0.02664272066)
(0.01375 -0.007138895484 0.02664272066)
(0.014375 -0.007138895484 0.02664272066)
(0.015 -0.007138895484 0.02664272066)
(0.015625 -0.007138895484 0.02664272066)
(0.01625 -0.007138895484 0.02664272066)
(0.016875 -0.007138895484 0.02664272066)
(0.0175 -0.007138895484 0.02664272066)
(0.018125 -0.007138895484 0.02664272066)
(0.01875 -0.007138895484 0.02664272066)
(0.019375 -0.007138895484 0.02664272066)
(0.02 -0.007138895484 0.02664272066)
(0.020625 -0.007138895484 0.02664272066)
(0.02125 -0.007138895484 0.02664272066)
(0.021875 -0.007138895484 0.02664272066)
(0.0225 -0.007138895484 0.02664272066)
(0.023125 -0.007138895484 0.02664272066)
(0.02375 -0.007138895484 0.02664272066)
(0.024375 -0.007138895484 0.02664272066)
(0.025 -0.007138895484 0.02664272066)
(0.025625 -0.007138895484 0.02664272066)
(0.02625 -0.007138895484 0.02664272066)
(0.026875 -0.007138895484 0.02664272066)
(0.0275 -0.007138895484 0.02664272066)
(0.028125 -0.007138895484 0.02664272066)
(0.02875 -0.007138895484 0.02664272066)
(0.029375 -0.007138895484 0.02664272066)
(0.03 -0.007138895484 0.02664272066)
(0.030625 -0.007138895484 0.02664272066)
(0.03125 -0.007138895484 0.02664272066)
(0.031875 -0.007138895484 0.02664272066)
(0.0325 -0.007138895484 0.02664272066)
(0.033125 -0.007138895484 0.02664272066)
(0.03375 -0.007138895484 0.02664272066)
(0.034375 -0.007138895484 0.02664272066)
(0.035 -0.007138895484 0.02664272066)
(0.035625 -0.007138895484 0.02664272066)
(0.03625 -0.007138895484 0.02664272066)
(0.036875 -0.007138895484 0.02664272066)
(0.0375 -0.007138895484 0.02664272066)
(0.038125 -0.007138895484 0.02664272066)
(0.03875 -0.007138895484 0.02664272066)
(0.039375 -0.007138895484 0.02664272066)
(0.04 -0.007138895484 0.02664272066)
(0.040625 -0.007138895484 0.02664272066)
(0.04125 -0.007138895484 0.02664272066)
(0.041875 -0.007138895484 0.02664272066)
(0.0425 -0.007138895484 0.02664272066)
(0.043125 -0.007138895484 0.02664272066)
(0.04375 -0.007138895484 0.02664272066)
(0.044375 -0.007138895484 0.02664272066)
(0.045 -0.007138895484 0.02664272066)
(0.045625 -0.007138895484 0.02664272066)
(0.04625 -0.007138895484 0.02664272066)
(0.046875 -0.007138895484 0.02664272066)
(0.0475 -0.007138895484 0.02664272066)
(0.048125 -0.007138895484 0.02664272066)
(0.04875 -0.007138895484 0.02664272066)
(0.049375 -0.007138895484 0.02664272066)
(0.05 -0.007138895484 0.02664272066)
(0 -0.007221953258 0.02695269649)
(0.000625 -0.007221953258 0.02695269649)
(0.00125 -0.007221953258 0.02695269649)
(0.001875 -0.007221953258 0.02695269649)
(0.0025 -0.007221953258 0.02695269649)
(0.003125 -0.007221953258 0.02695269649)
(0.00375 -0.007221953258 0.02695269649)
(0.004375 -0.007221953258 0.02695269649)
(0.005 -0.007221953258 0.02695269649)
(0.005625 -0.007221953258 0.02695269649)
(0.00625 -0.007221953258 0.02695269649)
(0.006875 -0.007221953258 0.02695269649)
(0.0075 -0.007221953258 0.02695269649)
(0.008125 -0.007221953258 0.02695269649)
(0.00875 -0.007221953258 0.02695269649)
(0.009375 -0.007221953258 0.02695269649)
(0.01 -0.007221953258 0.02695269649)
(0.010625 -0.007221953258 0.02695269649)
(0.01125 -0.007221953258 0.02695269649)
(0.011875 -0.007221953258 0.02695269649)
(0.0125 -0.007221953258 0.02695269649)
(0.013125 -0.007221953258 0.02695269649)
(0.01375 -0.007221953258 0.02695269649)
(0.014375 -0.007221953258 0.02695269649)
(0.015 -0.007221953258 0.02695269649)
(0.015625 -0.007221953258 0.02695269649)
(0.01625 -0.007221953258 0.02695269649)
(0.016875 -0.007221953258 0.02695269649)
(0.0175 -0.007221953258 0.02695269649)
(0.018125 -0.007221953258 0.02695269649)
(0.01875 -0.007221953258 0.02695269649)
(0.019375 -0.007221953258 0.02695269649)
(0.02 -0.007221953258 0.02695269649)
(0.020625 -0.007221953258 0.02695269649)
(0.02125 -0.007221953258 0.02695269649)
(0.021875 -0.007221953258 0.02695269649)
(0.0225 -0.007221953258 0.02695269649)
(0.023125 -0.007221953258 0.02695269649)
(0.02375 -0.007221953258 0.02695269649)
(0.024375 -0.007221953258 0.02695269649)
(0.025 -0.007221953258 0.02695269649)
(0.025625 -0.007221953258 0.02695269649)
(0.02625 -0.007221953258 0.02695269649)
(0.026875 -0.007221953258 0.02695269649)
(0.0275 -0.007221953258 0.02695269649)
(0.028125 -0.007221953258 0.02695269649)
(0.02875 -0.007221953258 0.02695269649)
(0.029375 -0.007221953258 0.02695269649)
(0.03 -0.007221953258 0.02695269649)
(0.030625 -0.007221953258 0.02695269649)
(0.03125 -0.007221953258 0.02695269649)
(0.031875 -0.007221953258 0.02695269649)
(0.0325 -0.007221953258 0.02695269649)
(0.033125 -0.007221953258 0.02695269649)
(0.03375 -0.007221953258 0.02695269649)
(0.034375 -0.007221953258 0.02695269649)
(0.035 -0.007221953258 0.02695269649)
(0.035625 -0.007221953258 0.02695269649)
(0.03625 -0.007221953258 0.02695269649)
(0.036875 -0.007221953258 0.02695269649)
(0.0375 -0.007221953258 0.02695269649)
(0.038125 -0.007221953258 0.02695269649)
(0.03875 -0.007221953258 0.02695269649)
(0.039375 -0.007221953258 0.02695269649)
(0.04 -0.007221953258 0.02695269649)
(0.040625 -0.007221953258 0.02695269649)
(0.04125 -0.007221953258 0.02695269649)
(0.041875 -0.007221953258 0.02695269649)
(0.0425 -0.007221953258 0.02695269649)
(0.043125 -0.007221953258 0.02695269649)
(0.04375 -0.007221953258 0.02695269649)
(0.044375 -0.007221953258 0.02695269649)
(0.045 -0.007221953258 0.02695269649)
(0.045625 -0.007221953258 0.02695269649)
(0.04625 -0.007221953258 0.02695269649)
(0.046875 -0.007221953258 0.02695269649)
(0.0475 -0.007221953258 0.02695269649)
(0.048125 -0.007221953258 0.02695269649)
(0.04875 -0.007221953258 0.02695269649)
(0.049375 -0.007221953258 0.02695269649)
(0.05 -0.007221953258 0.02695269649)
(0 -0.007299623835 0.02724256703)
(0.000625 -0.007299623835 0.02724256703)
(0.00125 -0.007299623835 0.02724256703)
(0.001875 -0.007299623835 0.02724256703)
(0.0025 -0.007299623835 0.02724256703)
(0.003125 -0.007299623835 0.02724256703)
(0.00375 -0.007299623835 0.02724256703)
(0.004375 -0.007299623835 0.02724256703)
(0.005 -0.007299623835 0.02724256703)
(0.005625 -0.007299623835 0.02724256703)
(0.00625 -0.007299623835 0.02724256703)
(0.006875 -0.007299623835 0.02724256703)
(0.0075 -0.007299623835 0.02724256703)
(0.008125 -0.007299623835 0.02724256703)
(0.00875 -0.007299623835 0.02724256703)
(0.009375 -0.007299623835 0.02724256703)
(0.01 -0.007299623835 0.02724256703)
(0.010625 -0.007299623835 0.02724256703)
(0.01125 -0.007299623835 0.02724256703)
(0.011875 -0.007299623835 0.02724256703)
(0.0125 -0.007299623835 0.02724256703)
(0.013125 -0.007299623835 0.02724256703)
(0.01375 -0.007299623835 0.02724256703)
(0.014375 -0.007299623835 0.02724256703)
(0.015 -0.007299623835 0.02724256703)
(0.015625 -0.007299623835 0.02724256703)
(0.01625 -0.007299623835 0.02724256703)
(0.016875 -0.007299623835 0.02724256703)
(0.0175 -0.007299623835 0.02724256703)
(0.018125 -0.007299623835 0.02724256703)
(0.01875 -0.007299623835 0.02724256703)
(0.019375 -0.007299623835 0.02724256703)
(0.02 -0.007299623835 0.02724256703)
(0.020625 -0.007299623835 0.02724256703)
(0.02125 -0.007299623835 0.02724256703)
(0.021875 -0.007299623835 0.02724256703)
(0.0225 -0.007299623835 0.02724256703)
(0.023125 -0.007299623835 0.02724256703)
(0.02375 -0.007299623835 0.02724256703)
(0.024375 -0.007299623835 0.02724256703)
(0.025 -0.007299623835 0.02724256703)
(0.025625 -0.007299623835 0.02724256703)
(0.02625 -0.007299623835 0.02724256703)
(0.026875 -0.007299623835 0.02724256703)
(0.0275 -0.007299623835 0.02724256703)
(0.028125 -0.007299623835 0.02724256703)
(0.02875 -0.007299623835 0.02724256703)
(0.029375 -0.007299623835 0.02724256703)
(0.03 -0.007299623835 0.02724256703)
(0.030625 -0.007299623835 0.02724256703)
(0.03125 -0.007299623835 0.02724256703)
(0.031875 -0.007299623835 0.02724256703)
(0.0325 -0.007299623835 0.02724256703)
(0.033125 -0.007299623835 0.02724256703)
(0.03375 -0.007299623835 0.02724256703)
(0.034375 -0.007299623835 0.02724256703)
(0.035 -0.007299623835 0.02724256703)
(0.035625 -0.007299623835 0.02724256703)
(0.03625 -0.007299623835 0.02724256703)
(0.036875 -0.007299623835 0.02724256703)
(0.0375 -0.007299623835 0.02724256703)
(0.038125 -0.007299623835 0.02724256703)
(0.03875 -0.007299623835 0.02724256703)
(0.039375 -0.007299623835 0.02724256703)
(0.04 -0.007299623835 0.02724256703)
(0.040625 -0.007299623835 0.02724256703)
(0.04125 -0.007299623835 0.02724256703)
(0.041875 -0.007299623835 0.02724256703)
(0.0425 -0.007299623835 0.02724256703)
(0.043125 -0.007299623835 0.02724256703)
(0.04375 -0.007299623835 0.02724256703)
(0.044375 -0.007299623835 0.02724256703)
(0.045 -0.007299623835 0.02724256703)
(0.045625 -0.007299623835 0.02724256703)
(0.04625 -0.007299623835 0.02724256703)
(0.046875 -0.007299623835 0.02724256703)
(0.0475 -0.007299623835 0.02724256703)
(0.048125 -0.007299623835 0.02724256703)
(0.04875 -0.007299623835 0.02724256703)
(0.049375 -0.007299623835 0.02724256703)
(0.05 -0.007299623835 0.02724256703)
(0 -0.007372256635 0.02751363633)
(0.000625 -0.007372256635 0.02751363633)
(0.00125 -0.007372256635 0.02751363633)
(0.001875 -0.007372256635 0.02751363633)
(0.0025 -0.007372256635 0.02751363633)
(0.003125 -0.007372256635 0.02751363633)
(0.00375 -0.007372256635 0.02751363633)
(0.004375 -0.007372256635 0.02751363633)
(0.005 -0.007372256635 0.02751363633)
(0.005625 -0.007372256635 0.02751363633)
(0.00625 -0.007372256635 0.02751363633)
(0.006875 -0.007372256635 0.02751363633)
(0.0075 -0.007372256635 0.02751363633)
(0.008125 -0.007372256635 0.02751363633)
(0.00875 -0.007372256635 0.02751363633)
(0.009375 -0.007372256635 0.02751363633)
(0.01 -0.007372256635 0.02751363633)
(0.010625 -0.007372256635 0.02751363633)
(0.01125 -0.007372256635 0.02751363633)
(0.011875 -0.007372256635 0.02751363633)
(0.0125 -0.007372256635 0.02751363633)
(0.013125 -0.007372256635 0.02751363633)
(0.01375 -0.007372256635 0.02751363633)
(0.014375 -0.007372256635 0.02751363633)
(0.015 -0.007372256635 0.02751363633)
(0.015625 -0.007372256635 0.02751363633)
(0.01625 -0.007372256635 0.02751363633)
(0.016875 -0.007372256635 0.02751363633)
(0.0175 -0.007372256635 0.02751363633)
(0.018125 -0.007372256635 0.02751363633)
(0.01875 -0.007372256635 0.02751363633)
(0.019375 -0.007372256635 0.02751363633)
(0.02 -0.007372256635 0.02751363633)
(0.020625 -0.007372256635 0.02751363633)
(0.02125 -0.007372256635 0.02751363633)
(0.021875 -0.007372256635 0.02751363633)
(0.0225 -0.007372256635 0.02751363633)
(0.023125 -0.007372256635 0.02751363633)
(0.02375 -0.007372256635 0.02751363633)
(0.024375 -0.007372256635 0.02751363633)
(0.025 -0.007372256635 0.02751363633)
(0.025625 -0.007372256635 0.02751363633)
(0.02625 -0.007372256635 0.02751363633)
(0.026875 -0.007372256635 0.02751363633)
(0.0275 -0.007372256635 0.02751363633)
(0.028125 -0.007372256635 0.02751363633)
(0.02875 -0.007372256635 0.02751363633)
(0.029375 -0.007372256635 0.02751363633)
(0.03 -0.007372256635 0.02751363633)
(0.030625 -0.007372256635 0.02751363633)
(0.03125 -0.007372256635 0.02751363633)
(0.031875 -0.007372256635 0.02751363633)
(0.0325 -0.007372256635 0.02751363633)
(0.033125 -0.007372256635 0.02751363633)
(0.03375 -0.007372256635 0.02751363633)
(0.034375 -0.007372256635 0.02751363633)
(0.035 -0.007372256635 0.02751363633)
(0.035625 -0.007372256635 0.02751363633)
(0.03625 -0.007372256635 0.02751363633)
(0.036875 -0.007372256635 0.02751363633)
(0.0375 -0.007372256635 0.02751363633)
(0.038125 -0.007372256635 0.02751363633)
(0.03875 -0.007372256635 0.02751363633)
(0.039375 -0.007372256635 0.02751363633)
(0.04 -0.007372256635 0.02751363633)
(0.040625 -0.007372256635 0.02751363633)
(0.04125 -0.007372256635 0.02751363633)
(0.041875 -0.007372256635 0.02751363633)
(0.0425 -0.007372256635 0.02751363633)
(0.043125 -0.007372256635 0.02751363633)
(0.04375 -0.007372256635 0.02751363633)
(0.044375 -0.007372256635 0.02751363633)
(0.045 -0.007372256635 0.02751363633)
(0.045625 -0.007372256635 0.02751363633)
(0.04625 -0.007372256635 0.02751363633)
(0.046875 -0.007372256635 0.02751363633)
(0.0475 -0.007372256635 0.02751363633)
(0.048125 -0.007372256635 0.02751363633)
(0.04875 -0.007372256635 0.02751363633)
(0.049375 -0.007372256635 0.02751363633)
(0.05 -0.007372256635 0.02751363633)
(0 -0.007440178411 0.02776712385)
(0.000625 -0.007440178411 0.02776712385)
(0.00125 -0.007440178411 0.02776712385)
(0.001875 -0.007440178411 0.02776712385)
(0.0025 -0.007440178411 0.02776712385)
(0.003125 -0.007440178411 0.02776712385)
(0.00375 -0.007440178411 0.02776712385)
(0.004375 -0.007440178411 0.02776712385)
(0.005 -0.007440178411 0.02776712385)
(0.005625 -0.007440178411 0.02776712385)
(0.00625 -0.007440178411 0.02776712385)
(0.006875 -0.007440178411 0.02776712385)
(0.0075 -0.007440178411 0.02776712385)
(0.008125 -0.007440178411 0.02776712385)
(0.00875 -0.007440178411 0.02776712385)
(0.009375 -0.007440178411 0.02776712385)
(0.01 -0.007440178411 0.02776712385)
(0.010625 -0.007440178411 0.02776712385)
(0.01125 -0.007440178411 0.02776712385)
(0.011875 -0.007440178411 0.02776712385)
(0.0125 -0.007440178411 0.02776712385)
(0.013125 -0.007440178411 0.02776712385)
(0.01375 -0.007440178411 0.02776712385)
(0.014375 -0.007440178411 0.02776712385)
(0.015 -0.007440178411 0.02776712385)
(0.015625 -0.007440178411 0.02776712385)
(0.01625 -0.007440178411 0.02776712385)
(0.016875 -0.007440178411 0.02776712385)
(0.0175 -0.007440178411 0.02776712385)
(0.018125 -0.007440178411 0.02776712385)
(0.01875 -0.007440178411 0.02776712385)
(0.019375 -0.007440178411 0.02776712385)
(0.02 -0.007440178411 0.02776712385)
(0.020625 -0.007440178411 0.02776712385)
(0.02125 -0.007440178411 0.02776712385)
(0.021875 -0.007440178411 0.02776712385)
(0.0225 -0.007440178411 0.02776712385)
(0.023125 -0.007440178411 0.02776712385)
(0.02375 -0.007440178411 0.02776712385)
(0.024375 -0.007440178411 0.02776712385)
(0.025 -0.007440178411 0.02776712385)
(0.025625 -0.007440178411 0.02776712385)
(0.02625 -0.007440178411 0.02776712385)
(0.026875 -0.007440178411 0.02776712385)
(0.0275 -0.007440178411 0.02776712385)
(0.028125 -0.007440178411 0.02776712385)
(0.02875 -0.007440178411 0.02776712385)
(0.029375 -0.007440178411 0.02776712385)
(0.03 -0.007440178411 0.02776712385)
(0.030625 -0.007440178411 0.02776712385)
(0.03125 -0.007440178411 0.02776712385)
(0.031875 -0.007440178411 0.02776712385)
(0.0325 -0.007440178411 0.02776712385)
(0.033125 -0.007440178411 0.02776712385)
(0.03375 -0.007440178411 0.02776712385)
(0.034375 -0.007440178411 0.02776712385)
(0.035 -0.007440178411 0.02776712385)
(0.035625 -0.007440178411 0.02776712385)
(0.03625 -0.007440178411 0.02776712385)
(0.036875 -0.007440178411 0.02776712385)
(0.0375 -0.007440178411 0.02776712385)
(0.038125 -0.007440178411 0.02776712385)
(0.03875 -0.007440178411 0.02776712385)
(0.039375 -0.007440178411 0.02776712385)
(0.04 -0.007440178411 0.02776712385)
(0.040625 -0.007440178411 0.02776712385)
(0.04125 -0.007440178411 0.02776712385)
(0.041875 -0.007440178411 0.02776712385)
(0.0425 -0.007440178411 0.02776712385)
(0.043125 -0.007440178411 0.02776712385)
(0.04375 -0.007440178411 0.02776712385)
(0.044375 -0.007440178411 0.02776712385)
(0.045 -0.007440178411 0.02776712385)
(0.045625 -0.007440178411 0.02776712385)
(0.04625 -0.007440178411 0.02776712385)
(0.046875 -0.007440178411 0.02776712385)
(0.0475 -0.007440178411 0.02776712385)
(0.048125 -0.007440178411 0.02776712385)
(0.04875 -0.007440178411 0.02776712385)
(0.049375 -0.007440178411 0.02776712385)
(0.05 -0.007440178411 0.02776712385)
(0 -0.007503694724 0.02800416996)
(0.000625 -0.007503694724 0.02800416996)
(0.00125 -0.007503694724 0.02800416996)
(0.001875 -0.007503694724 0.02800416996)
(0.0025 -0.007503694724 0.02800416996)
(0.003125 -0.007503694724 0.02800416996)
(0.00375 -0.007503694724 0.02800416996)
(0.004375 -0.007503694724 0.02800416996)
(0.005 -0.007503694724 0.02800416996)
(0.005625 -0.007503694724 0.02800416996)
(0.00625 -0.007503694724 0.02800416996)
(0.006875 -0.007503694724 0.02800416996)
(0.0075 -0.007503694724 0.02800416996)
(0.008125 -0.007503694724 0.02800416996)
(0.00875 -0.007503694724 0.02800416996)
(0.009375 -0.007503694724 0.02800416996)
(0.01 -0.007503694724 0.02800416996)
(0.010625 -0.007503694724 0.02800416996)
(0.01125 -0.007503694724 0.02800416996)
(0.011875 -0.007503694724 0.02800416996)
(0.0125 -0.007503694724 0.02800416996)
(0.013125 -0.007503694724 0.02800416996)
(0.01375 -0.007503694724 0.02800416996)
(0.014375 -0.007503694724 0.02800416996)
(0.015 -0.007503694724 0.02800416996)
(0.015625 -0.007503694724 0.02800416996)
(0.01625 -0.007503694724 0.02800416996)
(0.016875 -0.007503694724 0.02800416996)
(0.0175 -0.007503694724 0.02800416996)
(0.018125 -0.007503694724 0.02800416996)
(0.01875 -0.007503694724 0.02800416996)
(0.019375 -0.007503694724 0.02800416996)
(0.02 -0.007503694724 0.02800416996)
(0.020625 -0.007503694724 0.02800416996)
(0.02125 -0.007503694724 0.02800416996)
(0.021875 -0.007503694724 0.02800416996)
(0.0225 -0.007503694724 0.02800416996)
(0.023125 -0.007503694724 0.02800416996)
(0.02375 -0.007503694724 0.02800416996)
(0.024375 -0.007503694724 0.02800416996)
(0.025 -0.007503694724 0.02800416996)
(0.025625 -0.007503694724 0.02800416996)
(0.02625 -0.007503694724 0.02800416996)
(0.026875 -0.007503694724 0.02800416996)
(0.0275 -0.007503694724 0.02800416996)
(0.028125 -0.007503694724 0.02800416996)
(0.02875 -0.007503694724 0.02800416996)
(0.029375 -0.007503694724 0.02800416996)
(0.03 -0.007503694724 0.02800416996)
(0.030625 -0.007503694724 0.02800416996)
(0.03125 -0.007503694724 0.02800416996)
(0.031875 -0.007503694724 0.02800416996)
(0.0325 -0.007503694724 0.02800416996)
(0.033125 -0.007503694724 0.02800416996)
(0.03375 -0.007503694724 0.02800416996)
(0.034375 -0.007503694724 0.02800416996)
(0.035 -0.007503694724 0.02800416996)
(0.035625 -0.007503694724 0.02800416996)
(0.03625 -0.007503694724 0.02800416996)
(0.036875 -0.007503694724 0.02800416996)
(0.0375 -0.007503694724 0.02800416996)
(0.038125 -0.007503694724 0.02800416996)
(0.03875 -0.007503694724 0.02800416996)
(0.039375 -0.007503694724 0.02800416996)
(0.04 -0.007503694724 0.02800416996)
(0.040625 -0.007503694724 0.02800416996)
(0.04125 -0.007503694724 0.02800416996)
(0.041875 -0.007503694724 0.02800416996)
(0.0425 -0.007503694724 0.02800416996)
(0.043125 -0.007503694724 0.02800416996)
(0.04375 -0.007503694724 0.02800416996)
(0.044375 -0.007503694724 0.02800416996)
(0.045 -0.007503694724 0.02800416996)
(0.045625 -0.007503694724 0.02800416996)
(0.04625 -0.007503694724 0.02800416996)
(0.046875 -0.007503694724 0.02800416996)
(0.0475 -0.007503694724 0.02800416996)
(0.048125 -0.007503694724 0.02800416996)
(0.04875 -0.007503694724 0.02800416996)
(0.049375 -0.007503694724 0.02800416996)
(0.05 -0.007503694724 0.02800416996)
(0 -0.007563091317 0.02822584106)
(0.000625 -0.007563091317 0.02822584106)
(0.00125 -0.007563091317 0.02822584106)
(0.001875 -0.007563091317 0.02822584106)
(0.0025 -0.007563091317 0.02822584106)
(0.003125 -0.007563091317 0.02822584106)
(0.00375 -0.007563091317 0.02822584106)
(0.004375 -0.007563091317 0.02822584106)
(0.005 -0.007563091317 0.02822584106)
(0.005625 -0.007563091317 0.02822584106)
(0.00625 -0.007563091317 0.02822584106)
(0.006875 -0.007563091317 0.02822584106)
(0.0075 -0.007563091317 0.02822584106)
(0.008125 -0.007563091317 0.02822584106)
(0.00875 -0.007563091317 0.02822584106)
(0.009375 -0.007563091317 0.02822584106)
(0.01 -0.007563091317 0.02822584106)
(0.010625 -0.007563091317 0.02822584106)
(0.01125 -0.007563091317 0.02822584106)
(0.011875 -0.007563091317 0.02822584106)
(0.0125 -0.007563091317 0.02822584106)
(0.013125 -0.007563091317 0.02822584106)
(0.01375 -0.007563091317 0.02822584106)
(0.014375 -0.007563091317 0.02822584106)
(0.015 -0.007563091317 0.02822584106)
(0.015625 -0.007563091317 0.02822584106)
(0.01625 -0.007563091317 0.02822584106)
(0.016875 -0.007563091317 0.02822584106)
(0.0175 -0.007563091317 0.02822584106)
(0.018125 -0.007563091317 0.02822584106)
(0.01875 -0.007563091317 0.02822584106)
(0.019375 -0.007563091317 0.02822584106)
(0.02 -0.007563091317 0.02822584106)
(0.020625 -0.007563091317 0.02822584106)
(0.02125 -0.007563091317 0.02822584106)
(0.021875 -0.007563091317 0.02822584106)
(0.0225 -0.007563091317 0.02822584106)
(0.023125 -0.007563091317 0.02822584106)
(0.02375 -0.007563091317 0.02822584106)
(0.024375 -0.007563091317 0.02822584106)
(0.025 -0.007563091317 0.02822584106)
(0.025625 -0.007563091317 0.02822584106)
(0.02625 -0.007563091317 0.02822584106)
(0.026875 -0.007563091317 0.02822584106)
(0.0275 -0.007563091317 0.02822584106)
(0.028125 -0.007563091317 0.02822584106)
(0.02875 -0.007563091317 0.02822584106)
(0.029375 -0.007563091317 0.02822584106)
(0.03 -0.007563091317 0.02822584106)
(0.030625 -0.007563091317 0.02822584106)
(0.03125 -0.007563091317 0.02822584106)
(0.031875 -0.007563091317 0.02822584106)
(0.0325 -0.007563091317 0.02822584106)
(0.033125 -0.007563091317 0.02822584106)
(0.03375 -0.007563091317 0.02822584106)
(0.034375 -0.007563091317 0.02822584106)
(0.035 -0.007563091317 0.02822584106)
(0.035625 -0.007563091317 0.02822584106)
(0.03625 -0.007563091317 0.02822584106)
(0.036875 -0.007563091317 0.02822584106)
(0.0375 -0.007563091317 0.02822584106)
(0.038125 -0.007563091317 0.02822584106)
(0.03875 -0.007563091317 0.02822584106)
(0.039375 -0.007563091317 0.02822584106)
(0.04 -0.007563091317 0.02822584106)
(0.040625 -0.007563091317 0.02822584106)
(0.04125 -0.007563091317 0.02822584106)
(0.041875 -0.007563091317 0.02822584106)
(0.0425 -0.007563091317 0.02822584106)
(0.043125 -0.007563091317 0.02822584106)
(0.04375 -0.007563091317 0.02822584106)
(0.044375 -0.007563091317 0.02822584106)
(0.045 -0.007563091317 0.02822584106)
(0.045625 -0.007563091317 0.02822584106)
(0.04625 -0.007563091317 0.02822584106)
(0.046875 -0.007563091317 0.02822584106)
(0.0475 -0.007563091317 0.02822584106)
(0.048125 -0.007563091317 0.02822584106)
(0.04875 -0.007563091317 0.02822584106)
(0.049375 -0.007563091317 0.02822584106)
(0.05 -0.007563091317 0.02822584106)
(0 -0.007618635398 0.02843313439)
(0.000625 -0.007618635398 0.02843313439)
(0.00125 -0.007618635398 0.02843313439)
(0.001875 -0.007618635398 0.02843313439)
(0.0025 -0.007618635398 0.02843313439)
(0.003125 -0.007618635398 0.02843313439)
(0.00375 -0.007618635398 0.02843313439)
(0.004375 -0.007618635398 0.02843313439)
(0.005 -0.007618635398 0.02843313439)
(0.005625 -0.007618635398 0.02843313439)
(0.00625 -0.007618635398 0.02843313439)
(0.006875 -0.007618635398 0.02843313439)
(0.0075 -0.007618635398 0.02843313439)
(0.008125 -0.007618635398 0.02843313439)
(0.00875 -0.007618635398 0.02843313439)
(0.009375 -0.007618635398 0.02843313439)
(0.01 -0.007618635398 0.02843313439)
(0.010625 -0.007618635398 0.02843313439)
(0.01125 -0.007618635398 0.02843313439)
(0.011875 -0.007618635398 0.02843313439)
(0.0125 -0.007618635398 0.02843313439)
(0.013125 -0.007618635398 0.02843313439)
(0.01375 -0.007618635398 0.02843313439)
(0.014375 -0.007618635398 0.02843313439)
(0.015 -0.007618635398 0.02843313439)
(0.015625 -0.007618635398 0.02843313439)
(0.01625 -0.007618635398 0.02843313439)
(0.016875 -0.007618635398 0.02843313439)
(0.0175 -0.007618635398 0.02843313439)
(0.018125 -0.007618635398 0.02843313439)
(0.01875 -0.007618635398 0.02843313439)
(0.019375 -0.007618635398 0.02843313439)
(0.02 -0.007618635398 0.02843313439)
(0.020625 -0.007618635398 0.02843313439)
(0.02125 -0.007618635398 0.02843313439)
(0.021875 -0.007618635398 0.02843313439)
(0.0225 -0.007618635398 0.02843313439)
(0.023125 -0.007618635398 0.02843313439)
(0.02375 -0.007618635398 0.02843313439)
(0.024375 -0.007618635398 0.02843313439)
(0.025 -0.007618635398 0.02843313439)
(0.025625 -0.007618635398 0.02843313439)
(0.02625 -0.007618635398 0.02843313439)
(0.026875 -0.007618635398 0.02843313439)
(0.0275 -0.007618635398 0.02843313439)
(0.028125 -0.007618635398 0.02843313439)
(0.02875 -0.007618635398 0.02843313439)
(0.029375 -0.007618635398 0.02843313439)
(0.03 -0.007618635398 0.02843313439)
(0.030625 -0.007618635398 0.02843313439)
(0.03125 -0.007618635398 0.02843313439)
(0.031875 -0.007618635398 0.02843313439)
(0.0325 -0.007618635398 0.02843313439)
(0.033125 -0.007618635398 0.02843313439)
(0.03375 -0.007618635398 0.02843313439)
(0.034375 -0.007618635398 0.02843313439)
(0.035 -0.007618635398 0.02843313439)
(0.035625 -0.007618635398 0.02843313439)
(0.03625 -0.007618635398 0.02843313439)
(0.036875 -0.007618635398 0.02843313439)
(0.0375 -0.007618635398 0.02843313439)
(0.038125 -0.007618635398 0.02843313439)
(0.03875 -0.007618635398 0.02843313439)
(0.039375 -0.007618635398 0.02843313439)
(0.04 -0.007618635398 0.02843313439)
(0.040625 -0.007618635398 0.02843313439)
(0.04125 -0.007618635398 0.02843313439)
(0.041875 -0.007618635398 0.02843313439)
(0.0425 -0.007618635398 0.02843313439)
(0.043125 -0.007618635398 0.02843313439)
(0.04375 -0.007618635398 0.02843313439)
(0.044375 -0.007618635398 0.02843313439)
(0.045 -0.007618635398 0.02843313439)
(0.045625 -0.007618635398 0.02843313439)
(0.04625 -0.007618635398 0.02843313439)
(0.046875 -0.007618635398 0.02843313439)
(0.0475 -0.007618635398 0.02843313439)
(0.048125 -0.007618635398 0.02843313439)
(0.04875 -0.007618635398 0.02843313439)
(0.049375 -0.007618635398 0.02843313439)
(0.05 -0.007618635398 0.02843313439)
(0 -0.007670576843 0.0286269825)
(0.000625 -0.007670576843 0.0286269825)
(0.00125 -0.007670576843 0.0286269825)
(0.001875 -0.007670576843 0.0286269825)
(0.0025 -0.007670576843 0.0286269825)
(0.003125 -0.007670576843 0.0286269825)
(0.00375 -0.007670576843 0.0286269825)
(0.004375 -0.007670576843 0.0286269825)
(0.005 -0.007670576843 0.0286269825)
(0.005625 -0.007670576843 0.0286269825)
(0.00625 -0.007670576843 0.0286269825)
(0.006875 -0.007670576843 0.0286269825)
(0.0075 -0.007670576843 0.0286269825)
(0.008125 -0.007670576843 0.0286269825)
(0.00875 -0.007670576843 0.0286269825)
(0.009375 -0.007670576843 0.0286269825)
(0.01 -0.007670576843 0.0286269825)
(0.010625 -0.007670576843 0.0286269825)
(0.01125 -0.007670576843 0.0286269825)
(0.011875 -0.007670576843 0.0286269825)
(0.0125 -0.007670576843 0.0286269825)
(0.013125 -0.007670576843 0.0286269825)
(0.01375 -0.007670576843 0.0286269825)
(0.014375 -0.007670576843 0.0286269825)
(0.015 -0.007670576843 0.0286269825)
(0.015625 -0.007670576843 0.0286269825)
(0.01625 -0.007670576843 0.0286269825)
(0.016875 -0.007670576843 0.0286269825)
(0.0175 -0.007670576843 0.0286269825)
(0.018125 -0.007670576843 0.0286269825)
(0.01875 -0.007670576843 0.0286269825)
(0.019375 -0.007670576843 0.0286269825)
(0.02 -0.007670576843 0.0286269825)
(0.020625 -0.007670576843 0.0286269825)
(0.02125 -0.007670576843 0.0286269825)
(0.021875 -0.007670576843 0.0286269825)
(0.0225 -0.007670576843 0.0286269825)
(0.023125 -0.007670576843 0.0286269825)
(0.02375 -0.007670576843 0.0286269825)
(0.024375 -0.007670576843 0.0286269825)
(0.025 -0.007670576843 0.0286269825)
(0.025625 -0.007670576843 0.0286269825)
(0.02625 -0.007670576843 0.0286269825)
(0.026875 -0.007670576843 0.0286269825)
(0.0275 -0.007670576843 0.0286269825)
(0.028125 -0.007670576843 0.0286269825)
(0.02875 -0.007670576843 0.0286269825)
(0.029375 -0.007670576843 0.0286269825)
(0.03 -0.007670576843 0.0286269825)
(0.030625 -0.007670576843 0.0286269825)
(0.03125 -0.007670576843 0.0286269825)
(0.031875 -0.007670576843 0.0286269825)
(0.0325 -0.007670576843 0.0286269825)
(0.033125 -0.007670576843 0.0286269825)
(0.03375 -0.007670576843 0.0286269825)
(0.034375 -0.007670576843 0.0286269825)
(0.035 -0.007670576843 0.0286269825)
(0.035625 -0.007670576843 0.0286269825)
(0.03625 -0.007670576843 0.0286269825)
(0.036875 -0.007670576843 0.0286269825)
(0.0375 -0.007670576843 0.0286269825)
(0.038125 -0.007670576843 0.0286269825)
(0.03875 -0.007670576843 0.0286269825)
(0.039375 -0.007670576843 0.0286269825)
(0.04 -0.007670576843 0.0286269825)
(0.040625 -0.007670576843 0.0286269825)
(0.04125 -0.007670576843 0.0286269825)
(0.041875 -0.007670576843 0.0286269825)
(0.0425 -0.007670576843 0.0286269825)
(0.043125 -0.007670576843 0.0286269825)
(0.04375 -0.007670576843 0.0286269825)
(0.044375 -0.007670576843 0.0286269825)
(0.045 -0.007670576843 0.0286269825)
(0.045625 -0.007670576843 0.0286269825)
(0.04625 -0.007670576843 0.0286269825)
(0.046875 -0.007670576843 0.0286269825)
(0.0475 -0.007670576843 0.0286269825)
(0.048125 -0.007670576843 0.0286269825)
(0.04875 -0.007670576843 0.0286269825)
(0.049375 -0.007670576843 0.0286269825)
(0.05 -0.007670576843 0.0286269825)
(0 -0.007719149324 0.02880825747)
(0.000625 -0.007719149324 0.02880825747)
(0.00125 -0.007719149324 0.02880825747)
(0.001875 -0.007719149324 0.02880825747)
(0.0025 -0.007719149324 0.02880825747)
(0.003125 -0.007719149324 0.02880825747)
(0.00375 -0.007719149324 0.02880825747)
(0.004375 -0.007719149324 0.02880825747)
(0.005 -0.007719149324 0.02880825747)
(0.005625 -0.007719149324 0.02880825747)
(0.00625 -0.007719149324 0.02880825747)
(0.006875 -0.007719149324 0.02880825747)
(0.0075 -0.007719149324 0.02880825747)
(0.008125 -0.007719149324 0.02880825747)
(0.00875 -0.007719149324 0.02880825747)
(0.009375 -0.007719149324 0.02880825747)
(0.01 -0.007719149324 0.02880825747)
(0.010625 -0.007719149324 0.02880825747)
(0.01125 -0.007719149324 0.02880825747)
(0.011875 -0.007719149324 0.02880825747)
(0.0125 -0.007719149324 0.02880825747)
(0.013125 -0.007719149324 0.02880825747)
(0.01375 -0.007719149324 0.02880825747)
(0.014375 -0.007719149324 0.02880825747)
(0.015 -0.007719149324 0.02880825747)
(0.015625 -0.007719149324 0.02880825747)
(0.01625 -0.007719149324 0.02880825747)
(0.016875 -0.007719149324 0.02880825747)
(0.0175 -0.007719149324 0.02880825747)
(0.018125 -0.007719149324 0.02880825747)
(0.01875 -0.007719149324 0.02880825747)
(0.019375 -0.007719149324 0.02880825747)
(0.02 -0.007719149324 0.02880825747)
(0.020625 -0.007719149324 0.02880825747)
(0.02125 -0.007719149324 0.02880825747)
(0.021875 -0.007719149324 0.02880825747)
(0.0225 -0.007719149324 0.02880825747)
(0.023125 -0.007719149324 0.02880825747)
(0.02375 -0.007719149324 0.02880825747)
(0.024375 -0.007719149324 0.02880825747)
(0.025 -0.007719149324 0.02880825747)
(0.025625 -0.007719149324 0.02880825747)
(0.02625 -0.007719149324 0.02880825747)
(0.026875 -0.007719149324 0.02880825747)
(0.0275 -0.007719149324 0.02880825747)
(0.028125 -0.007719149324 0.02880825747)
(0.02875 -0.007719149324 0.02880825747)
(0.029375 -0.007719149324 0.02880825747)
(0.03 -0.007719149324 0.02880825747)
(0.030625 -0.007719149324 0.02880825747)
(0.03125 -0.007719149324 0.02880825747)
(0.031875 -0.007719149324 0.02880825747)
(0.0325 -0.007719149324 0.02880825747)
(0.033125 -0.007719149324 0.02880825747)
(0.03375 -0.007719149324 0.02880825747)
(0.034375 -0.007719149324 0.02880825747)
(0.035 -0.007719149324 0.02880825747)
(0.035625 -0.007719149324 0.02880825747)
(0.03625 -0.007719149324 0.02880825747)
(0.036875 -0.007719149324 0.02880825747)
(0.0375 -0.007719149324 0.02880825747)
(0.038125 -0.007719149324 0.02880825747)
(0.03875 -0.007719149324 0.02880825747)
(0.039375 -0.007719149324 0.02880825747)
(0.04 -0.007719149324 0.02880825747)
(0.040625 -0.007719149324 0.02880825747)
(0.04125 -0.007719149324 0.02880825747)
(0.041875 -0.007719149324 0.02880825747)
(0.0425 -0.007719149324 0.02880825747)
(0.043125 -0.007719149324 0.02880825747)
(0.04375 -0.007719149324 0.02880825747)
(0.044375 -0.007719149324 0.02880825747)
(0.045 -0.007719149324 0.02880825747)
(0.045625 -0.007719149324 0.02880825747)
(0.04625 -0.007719149324 0.02880825747)
(0.046875 -0.007719149324 0.02880825747)
(0.0475 -0.007719149324 0.02880825747)
(0.048125 -0.007719149324 0.02880825747)
(0.04875 -0.007719149324 0.02880825747)
(0.049375 -0.007719149324 0.02880825747)
(0.05 -0.007719149324 0.02880825747)
(0 -0.007764571353 0.02897777479)
(0.000625 -0.007764571353 0.02897777479)
(0.00125 -0.007764571353 0.02897777479)
(0.001875 -0.007764571353 0.02897777479)
(0.0025 -0.007764571353 0.02897777479)
(0.003125 -0.007764571353 0.02897777479)
(0.00375 -0.007764571353 0.02897777479)
(0.004375 -0.007764571353 0.02897777479)
(0.005 -0.007764571353 0.02897777479)
(0.005625 -0.007764571353 0.02897777479)
(0.00625 -0.007764571353 0.02897777479)
(0.006875 -0.007764571353 0.02897777479)
(0.0075 -0.007764571353 0.02897777479)
(0.008125 -0.007764571353 0.02897777479)
(0.00875 -0.007764571353 0.02897777479)
(0.009375 -0.007764571353 0.02897777479)
(0.01 -0.007764571353 0.02897777479)
(0.010625 -0.007764571353 0.02897777479)
(0.01125 -0.007764571353 0.02897777479)
(0.011875 -0.007764571353 0.02897777479)
(0.0125 -0.007764571353 0.02897777479)
(0.013125 -0.007764571353 0.02897777479)
(0.01375 -0.007764571353 0.02897777479)
(0.014375 -0.007764571353 0.02897777479)
(0.015 -0.007764571353 0.02897777479)
(0.015625 -0.007764571353 0.02897777479)
(0.01625 -0.007764571353 0.02897777479)
(0.016875 -0.007764571353 0.02897777479)
(0.0175 -0.007764571353 0.02897777479)
(0.018125 -0.007764571353 0.02897777479)
(0.01875 -0.007764571353 0.02897777479)
(0.019375 -0.007764571353 0.02897777479)
(0.02 -0.007764571353 0.02897777479)
(0.020625 -0.007764571353 0.02897777479)
(0.02125 -0.007764571353 0.02897777479)
(0.021875 -0.007764571353 0.02897777479)
(0.0225 -0.007764571353 0.02897777479)
(0.023125 -0.007764571353 0.02897777479)
(0.02375 -0.007764571353 0.02897777479)
(0.024375 -0.007764571353 0.02897777479)
(0.025 -0.007764571353 0.02897777479)
(0.025625 -0.007764571353 0.02897777479)
(0.02625 -0.007764571353 0.02897777479)
(0.026875 -0.007764571353 0.02897777479)
(0.0275 -0.007764571353 0.02897777479)
(0.028125 -0.007764571353 0.02897777479)
(0.02875 -0.007764571353 0.02897777479)
(0.029375 -0.007764571353 0.02897777479)
(0.03 -0.007764571353 0.02897777479)
(0.030625 -0.007764571353 0.02897777479)
(0.03125 -0.007764571353 0.02897777479)
(0.031875 -0.007764571353 0.02897777479)
(0.0325 -0.007764571353 0.02897777479)
(0.033125 -0.007764571353 0.02897777479)
(0.03375 -0.007764571353 0.02897777479)
(0.034375 -0.007764571353 0.02897777479)
(0.035 -0.007764571353 0.02897777479)
(0.035625 -0.007764571353 0.02897777479)
(0.03625 -0.007764571353 0.02897777479)
(0.036875 -0.007764571353 0.02897777479)
(0.0375 -0.007764571353 0.02897777479)
(0.038125 -0.007764571353 0.02897777479)
(0.03875 -0.007764571353 0.02897777479)
(0.039375 -0.007764571353 0.02897777479)
(0.04 -0.007764571353 0.02897777479)
(0.040625 -0.007764571353 0.02897777479)
(0.04125 -0.007764571353 0.02897777479)
(0.041875 -0.007764571353 0.02897777479)
(0.0425 -0.007764571353 0.02897777479)
(0.043125 -0.007764571353 0.02897777479)
(0.04375 -0.007764571353 0.02897777479)
(0.044375 -0.007764571353 0.02897777479)
(0.045 -0.007764571353 0.02897777479)
(0.045625 -0.007764571353 0.02897777479)
(0.04625 -0.007764571353 0.02897777479)
(0.046875 -0.007764571353 0.02897777479)
(0.0475 -0.007764571353 0.02897777479)
(0.048125 -0.007764571353 0.02897777479)
(0.04875 -0.007764571353 0.02897777479)
(0.049375 -0.007764571353 0.02897777479)
(0.05 -0.007764571353 0.02897777479)
)


// ************************************************************************* //
